cancellation,no_delivery,delivery_delay,delivery_time,late_delivery_flag,avg_installments,total_payment,freight_value,product_description_length,product_photos_qty,is_dissatisfied
0.0,0.0,-8.0,13.0,0.0,6.0,196.89,16.89,794.0,3.0,0
0.0,0.0,-10.0,16.0,0.0,3.0,348.95500000000004,37.18,190.0,1.0,1
0.0,0.0,-16.0,4.0,0.0,4.0,257.44,27.64,177.5,1.0,1
0.0,0.0,-14.0,8.0,0.0,1.0,348.95500000000004,38.94,347.0,1.0,0
0.0,0.0,-19.0,14.0,0.0,10.0,325.93,26.93,744.0,1.0,1
0.0,0.0,-13.0,18.0,0.0,10.0,297.14,28.14,278.0,1.0,0
0.0,0.0,-6.0,23.0,0.0,1.0,348.95500000000004,38.94,92.0,2.0,0
0.0,0.0,-8.0,12.0,0.0,1.0,257.87,20.08,865.0,4.0,0
0.0,0.0,29.0,58.0,1.0,3.0,217.74,17.84,339.0,1.0,1
0.0,0.0,-14.0,11.0,0.0,4.0,218.66,38.94,354.0,1.5,0
0.0,0.0,14.0,30.0,1.0,10.0,228.67,31.68,1128.0,1.0,1
0.0,0.0,-10.0,9.0,0.0,10.0,348.95500000000004,21.7,179.0,1.0,0
0.0,0.0,-18.0,10.0,0.0,1.0,348.95500000000004,38.94,874.0,1.0,0
0.0,0.0,-12.0,5.0,0.0,1.0,348.95500000000004,38.94,452.0,2.0,0
0.0,0.0,-26.0,16.0,0.0,1.0,237.0,22.0,516.0,1.0,0
0.0,0.0,-7.0,31.0,0.0,2.0,348.95500000000004,18.73,406.0,1.0,0
0.0,0.0,-10.0,5.0,0.0,10.0,348.95500000000004,17.76,556.0,1.0,0
0.0,0.0,-29.0,18.0,0.0,1.0,348.95500000000004,38.94,1128.0,1.0,1
0.0,0.0,-7.0,12.0,0.0,1.0,259.15,14.15,1019.0,3.0,0
0.0,0.0,-21.0,10.0,0.0,10.0,348.95500000000004,38.94,558.0,2.0,0
0.0,0.0,-19.0,5.0,0.0,10.0,348.95500000000004,38.94,122.0,1.0,0
0.0,0.0,-22.0,12.0,0.0,1.0,348.95500000000004,36.75,3469.0,5.0,0
0.0,0.0,-12.0,11.0,0.0,4.0,258.38,37.74,919.0,1.0,0
0.0,0.0,-2.0,14.0,0.0,8.0,348.95500000000004,38.94,378.0,2.0,0
0.0,0.0,-21.0,5.0,0.0,4.0,272.04,38.94,287.0,1.0,0
0.0,0.0,-4.0,12.0,0.0,4.0,236.81,36.91,2261.0,1.0,0
0.0,0.0,-6.0,12.0,0.0,1.0,269.2,38.94,366.0,2.0,0
0.0,0.0,12.0,52.0,1.0,3.0,300.6,33.4,175.0,1.0,1
0.0,0.0,-20.0,3.0,0.0,2.0,199.79,9.89,1885.0,1.0,0
0.0,0.0,-1.0,31.0,0.0,3.0,211.01,16.11,570.0,2.0,0
0.0,0.0,-7.0,22.0,0.0,10.0,348.95500000000004,25.9,966.0,1.0,0
0.0,0.0,-12.0,3.0,0.0,1.0,233.93,14.93,1505.0,1.0,0
0.0,0.0,-3.0,12.0,0.0,4.0,321.57,26.58,526.0,2.0,0
0.0,0.0,0.0,31.0,0.0,6.0,348.95500000000004,24.92,283.0,3.0,0
0.0,0.0,-6.0,16.0,0.0,5.0,348.95500000000004,38.599999999999994,2290.3333333333335,1.0,1
0.0,0.0,-10.0,15.0,0.0,8.0,348.95500000000004,19.53,2644.0,6.0,0
0.0,0.0,-11.0,2.0,0.0,10.0,260.55,10.56,1193.0,3.0,0
0.0,0.0,-28.0,19.0,0.0,1.0,336.56,26.66,574.0,1.0,0
0.0,0.0,-13.0,7.0,0.0,8.0,348.95500000000004,38.94,1912.0,5.0,1
0.0,0.0,-17.0,2.0,0.0,10.0,227.63,38.94,1373.142857142857,1.7142857142857142,1
0.0,0.0,-35.0,6.0,0.0,1.0,259.4,21.4,330.0,1.0,0
0.0,0.0,-21.0,7.0,0.0,10.0,348.95500000000004,38.94,526.0,5.0,1
0.0,0.0,-20.0,6.0,0.0,4.0,276.11,38.94,294.8,3.2,1
0.0,0.0,-17.0,10.0,0.0,1.0,348.95500000000004,18.24,2599.0,4.0,0
0.0,0.0,-22.0,10.0,0.0,10.0,226.14,18.52,1224.0,3.0,1
0.0,0.0,-12.0,11.0,0.0,5.0,283.54,33.55,1158.0,4.0,0
0.0,0.0,-18.0,8.0,0.0,1.0,223.88,23.98,1129.0,2.0,0
0.0,0.0,-8.0,12.0,0.0,1.0,348.95500000000004,38.94,698.0,3.0,0
0.0,0.0,-14.0,14.0,0.0,10.0,348.95500000000004,38.94,2222.0,1.0,0
0.0,0.0,-13.0,20.0,0.0,10.0,348.95500000000004,34.06,261.0,1.0,0
0.0,0.0,-22.0,2.0,0.0,8.0,348.95500000000004,37.94,2206.0,1.0,0
0.0,0.0,-13.0,10.0,0.0,1.0,284.23,14.33,501.0,1.0,0
0.0,0.0,-19.0,7.0,0.0,1.0,280.65,38.94,1149.0,8.0,0
0.0,0.0,-22.0,10.0,0.0,3.0,246.38,26.38,313.0,1.0,1
0.0,0.0,-9.0,7.0,0.0,1.0,348.95500000000004,32.69,875.0,5.0,0
0.0,0.0,-3.0,5.0,0.0,2.0,246.99,37.29,903.0,6.0,0
0.0,0.0,-15.0,4.0,0.0,10.0,348.95500000000004,16.43,582.0,5.0,0
0.0,0.0,-15.0,13.0,0.0,3.0,292.22,31.32,834.0,2.0,1
0.0,0.0,-16.0,8.0,0.0,8.0,348.95500000000004,38.94,204.0,1.0,0
0.0,0.0,-3.0,21.0,0.0,1.0,274.39,27.159999999999997,382.6666666666667,1.3333333333333333,1
0.0,0.0,-21.0,4.0,0.0,1.0,213.43,13.53,547.0,3.0,0
0.0,0.0,-8.0,18.0,0.0,2.0,227.27,22.27,162.0,5.0,0
0.0,0.0,-20.0,4.0,0.0,10.0,273.25,14.25,547.0,1.0,0
0.0,0.0,-4.0,21.0,0.0,4.0,348.95500000000004,38.94,489.0,2.0,0
0.0,0.0,-7.0,41.0,0.0,10.0,220.54,38.94,1360.0,1.0,0
0.0,0.0,-14.0,7.0,0.0,7.0,346.45,28.55,1058.0,1.0,0
0.0,0.0,-19.0,11.0,0.0,3.0,189.84,38.94,1893.0,1.0,0
0.0,0.0,-10.0,5.0,0.0,8.0,348.95500000000004,17.01,1773.0,2.0,0
0.0,0.0,-14.0,8.0,0.0,10.0,261.9,31.91,1157.0,1.0,0
0.0,0.0,-8.0,4.0,0.0,2.0,348.95500000000004,19.22,1552.0,3.0,0
0.0,0.0,-8.0,10.0,0.0,5.0,348.95500000000004,38.94,1069.0,2.0,0
0.0,0.0,-14.0,7.0,0.0,1.0,348.95500000000004,38.94,527.5,1.5,0
0.0,0.0,-14.0,11.0,0.0,1.0,323.7,38.94,614.0,1.0,0
0.0,0.0,-1.0,16.0,0.0,10.0,348.95500000000004,38.94,1176.0,3.0,0
0.0,0.0,-11.0,4.0,0.0,3.0,348.95500000000004,38.94,1609.0,2.0,0
0.0,0.0,-5.0,7.0,0.0,10.0,348.95500000000004,18.81,1447.0,5.0,0
0.0,0.0,-21.0,13.0,0.0,1.0,241.25,38.94,842.0,1.0,0
0.0,0.0,-12.0,14.0,0.0,1.0,348.95500000000004,38.94,2424.0,7.0,0
0.0,0.0,-7.0,9.0,0.0,1.0,241.48,21.58,563.0,7.0,0
0.0,0.0,-24.0,8.0,0.0,2.0,211.6,18.6,2558.0,1.0,0
0.0,0.0,-9.0,14.0,0.0,5.0,308.64,19.64,727.0,2.0,0
0.0,0.0,-9.0,13.0,0.0,3.0,261.8,31.82,901.0,1.0,0
0.0,0.0,-13.0,7.0,0.0,1.0,261.24,13.24,750.0,1.0,0
0.0,0.0,-13.0,3.0,0.0,1.0,209.95,20.05,902.0,3.0,0
0.0,0.0,-18.0,9.0,0.0,1.0,317.35,38.94,502.0,2.0,0
0.0,0.0,-4.0,5.0,0.0,10.0,348.95500000000004,38.94,998.0,3.0,0
0.0,0.0,-14.0,10.0,0.0,1.0,337.38,38.94,511.0,1.0,0
0.0,0.0,-20.0,5.0,0.0,1.0,304.56,38.94,637.3333333333334,1.0,0
0.0,0.0,-10.0,13.0,0.0,1.0,238.44,28.45,708.0,2.0,0
0.0,0.0,16.0,42.0,1.0,1.0,348.95500000000004,38.94,1098.0,4.0,0
0.0,0.0,-16.0,11.0,0.0,10.0,305.7,15.8,537.0,3.0,1
0.0,0.0,-6.0,12.0,0.0,8.0,230.86,13.86,684.0,1.0,0
0.0,0.0,-5.0,30.0,0.0,3.0,266.86,26.96,1715.0,4.0,0
0.0,0.0,-4.0,9.0,0.0,4.0,348.95500000000004,13.42,1800.0,7.0,0
0.0,0.0,-30.0,38.0,0.0,8.0,219.28,38.94,1287.0,1.0,0
0.0,0.0,1.0,9.0,1.0,8.0,348.95500000000004,38.94,1005.0,1.0,0
0.0,0.0,-4.0,19.0,0.0,6.0,206.99,16.09,232.0,1.0,0
0.0,0.0,-12.0,6.0,0.0,1.0,213.09,13.1,386.0,5.0,0
0.0,0.0,-13.0,10.0,0.0,6.0,282.52,22.62,2789.0,1.0,0
0.0,0.0,-25.0,3.0,0.0,3.0,197.0,18.0,1212.0,1.0,0
0.0,0.0,-25.0,4.0,0.0,5.0,348.95500000000004,18.93,2151.0,1.0,0
0.0,0.0,-11.0,12.0,0.0,1.0,348.95500000000004,38.94,315.0,1.0,0
0.0,0.0,-11.0,11.0,0.0,3.0,348.95500000000004,16.34,505.0,1.0,0
0.0,0.0,-4.0,3.0,0.0,5.0,348.95500000000004,38.94,428.0,2.0,0
0.0,0.0,-9.0,21.0,0.0,5.0,344.28,32.379999999999995,569.5,3.0,1
0.0,0.0,-16.0,5.0,0.0,5.0,302.54,12.64,616.0,1.0,0
0.0,0.0,-15.0,12.0,0.0,3.0,348.95500000000004,38.7,2352.0,3.0,0
0.0,0.0,-33.0,8.0,0.0,8.0,348.95500000000004,38.94,1946.0,4.0,0
0.0,0.0,-11.0,9.0,0.0,1.0,310.21,38.94,147.0,6.0,0
0.0,0.0,-12.0,13.0,0.0,10.0,236.16,17.16,216.0,3.0,0
0.0,0.0,-2.0,1.0,0.0,10.0,301.8,26.9,344.0,3.0,0
0.0,0.0,-18.0,7.0,0.0,8.0,348.95500000000004,21.36,380.0,1.0,0
0.0,0.0,-4.0,42.0,0.0,1.0,314.04,38.94,1177.0,1.0,0
0.0,0.0,-5.0,13.0,0.0,10.0,348.95500000000004,20.69,439.0,5.0,0
0.0,0.0,-22.0,11.0,0.0,2.0,237.0,22.0,516.0,1.0,0
0.0,0.0,-16.0,36.0,0.0,7.0,348.95500000000004,20.08,555.0,2.0,0
0.0,0.0,-27.0,10.0,0.0,1.0,348.95500000000004,38.94,977.0,1.0,0
0.0,0.0,-12.0,7.0,0.0,10.0,348.95500000000004,38.94,606.0,2.0,0
0.0,0.0,-6.0,8.0,0.0,5.0,348.95500000000004,38.94,1716.0,1.0,0
0.0,0.0,19.0,40.0,1.0,8.0,207.2,19.2,111.0,1.0,1
0.0,0.0,-12.0,22.0,0.0,4.0,237.88,17.98,499.0,2.0,0
0.0,0.0,-46.0,7.0,0.0,10.0,348.95500000000004,38.94,910.0,2.0,0
0.0,0.0,-4.0,16.0,0.0,5.0,270.67,24.05,1246.0,1.0,0
0.0,0.0,-16.0,15.0,0.0,8.0,348.95500000000004,23.43,606.0,2.0,0
0.0,0.0,-4.0,5.0,0.0,3.0,251.33,31.34,606.0,2.0,0
0.0,0.0,-18.0,4.0,0.0,1.0,257.79,17.44,2518.0,2.0,0
0.0,0.0,31.0,56.0,1.0,10.0,249.08,17.38,594.0,1.0,1
0.0,0.0,-20.0,6.0,0.0,5.0,238.41,13.91,386.0,1.0,0
0.0,0.0,-29.0,5.0,0.0,3.0,348.95500000000004,18.83,383.0,1.0,0
0.0,0.0,-19.0,10.0,0.0,2.0,348.95500000000004,38.94,400.3333333333333,1.8333333333333333,0
0.0,0.0,-2.0,13.0,0.0,1.0,348.95500000000004,12.86,2579.0,3.0,0
0.0,0.0,12.0,48.0,1.0,10.0,348.95500000000004,38.94,982.0,3.0,1
0.0,0.0,-21.0,18.0,0.0,15.0,213.74,38.94,1177.0,1.0,0
0.0,0.0,-13.0,3.0,0.0,3.0,348.95500000000004,13.45,1387.0,3.0,0
0.0,0.0,-17.0,16.0,0.0,10.0,348.95500000000004,38.94,286.0,4.0,0
0.0,0.0,-11.0,8.0,0.0,10.0,348.95500000000004,37.54,1176.0,3.0,0
0.0,0.0,-13.0,8.0,0.0,8.0,248.81,18.82,729.0,2.0,0
0.0,0.0,-15.0,5.0,0.0,8.0,215.38,15.49,279.0,1.0,0
0.0,0.0,-33.0,2.0,0.0,10.0,307.8,18.0,1693.0,2.0,0
0.0,0.0,-6.0,15.0,0.0,2.0,248.08,16.38,594.0,1.0,0
0.0,0.0,-7.0,7.0,0.0,9.0,348.95500000000004,38.94,1190.0,2.0,0
0.0,0.0,40.0,67.0,1.0,4.0,199.47,38.94,1190.0,1.0,1
0.0,0.0,-22.0,16.0,0.0,1.0,207.79,27.8,3745.0,6.0,0
0.0,0.0,-16.0,8.0,0.0,1.0,348.95500000000004,32.84,528.0,2.0,0
0.0,0.0,-25.0,3.0,0.0,8.0,348.95500000000004,38.94,84.0,1.0,0
0.0,0.0,-14.0,19.0,0.0,7.0,348.95500000000004,38.94,1093.0,2.0,0
0.0,0.0,-19.0,5.0,0.0,10.0,348.95500000000004,37.86,578.0,1.0,0
0.0,0.0,-18.0,12.0,0.0,10.0,236.21,23.81,1304.0,4.0,0
0.0,0.0,-12.0,19.0,0.0,1.0,343.5,38.94,2049.0,3.0,0
0.0,0.0,0.0,12.0,0.0,2.0,267.5,27.5,1030.0,5.0,0
0.0,0.0,-23.0,6.0,0.0,6.0,348.95500000000004,23.08,3839.0,4.0,0
0.0,0.0,-17.0,2.0,0.0,10.0,348.95500000000004,33.41,1726.0,5.0,0
0.0,0.0,-12.0,9.0,0.0,8.0,215.83,16.83,864.0,7.0,0
0.0,0.0,-12.0,20.0,0.0,4.0,348.95500000000004,38.94,871.0,4.0,0
0.0,0.0,-35.0,9.0,0.0,3.0,249.89,19.99,1128.0,2.0,0
0.0,0.0,-16.0,18.0,0.0,3.0,348.95500000000004,21.62,535.0,1.0,0
0.0,0.0,-17.0,27.0,0.0,5.0,235.18,35.2,447.0,2.0,0
0.0,0.0,-11.0,4.0,0.0,1.0,282.07,16.17,1558.0,4.0,0
0.0,0.0,-7.0,2.0,0.0,5.0,246.99,37.29,903.0,6.0,0
0.0,0.0,-10.0,1.0,0.0,5.0,348.95500000000004,15.03,1459.0,9.0,0
0.0,0.0,-16.0,15.0,0.0,1.0,348.95500000000004,38.94,589.0,3.0,0
0.0,0.0,-6.0,25.0,0.0,1.0,268.18,18.19,289.0,1.0,0
0.0,0.0,-10.0,14.0,0.0,1.0,221.39,26.4,408.0,1.0,1
0.0,0.0,-14.0,10.0,0.0,1.0,275.5,38.94,658.0,4.0,0
0.0,0.0,-9.0,6.0,0.0,1.0,348.95500000000004,38.94,1910.0,4.0,0
0.0,0.0,-8.0,30.0,0.0,10.0,348.95500000000004,38.94,1392.0,3.0,0
0.0,0.0,-20.0,10.0,0.0,2.0,315.33,26.33,500.0,1.0,0
0.0,0.0,-14.0,19.0,0.0,10.0,321.38,38.94,458.5,3.5,0
0.0,0.0,-48.0,6.0,0.0,3.0,348.95500000000004,35.17,872.0,2.0,0
0.0,0.0,-15.0,6.0,0.0,10.0,348.95500000000004,23.63,320.0,1.0,0
0.0,0.0,-29.0,3.0,0.0,6.0,348.95500000000004,38.94,402.0,1.0,0
0.0,0.0,-6.0,17.0,0.0,10.0,348.95500000000004,19.33,1809.0,5.0,0
0.0,0.0,-15.0,16.0,0.0,3.0,285.7,24.7,789.0,1.0,0
0.0,0.0,-28.0,15.0,0.0,7.0,348.95500000000004,38.94,756.0,1.0,0
0.0,0.0,-7.0,10.0,0.0,10.0,259.46,38.94,503.0,1.0,1
0.0,0.0,-21.0,6.0,0.0,1.0,268.4,38.94,414.0,1.0,1
0.0,0.0,-12.0,16.0,0.0,1.0,348.95500000000004,38.94,1138.8,1.0,0
0.0,0.0,-20.0,3.0,0.0,7.0,348.95500000000004,32.97,1105.0,1.0,0
0.0,0.0,-12.0,31.0,0.0,1.0,348.95500000000004,38.94,606.0,2.0,1
0.0,0.0,3.0,24.0,1.0,10.0,223.93,38.94,128.0,1.5,1
0.0,0.0,-28.0,6.0,0.0,4.0,294.98,18.98,1288.0,1.0,0
0.0,0.0,-21.0,7.0,0.0,6.0,348.95500000000004,25.95,686.0,2.0,0
0.0,0.0,-7.0,14.0,0.0,10.0,348.95500000000004,23.23,1064.0,1.0,0
0.0,0.0,-7.0,5.0,0.0,1.0,285.59,38.94,1132.0,8.0,0
0.0,0.0,-12.0,12.0,0.0,8.0,348.95500000000004,38.94,316.0,1.0,0
0.0,0.0,-20.0,11.0,0.0,5.0,245.51,27.61,1505.0,1.0,0
0.0,0.0,-17.0,4.0,0.0,1.0,348.95500000000004,19.18,528.0,3.0,0
0.0,0.0,-11.0,1.0,0.0,3.0,348.95500000000004,38.94,494.0,2.0,0
0.0,0.0,-9.0,18.0,0.0,1.0,348.95500000000004,26.07,973.0,1.0,0
0.0,0.0,-17.0,4.0,0.0,8.0,270.66,38.94,798.6666666666666,1.6666666666666667,0
0.0,0.0,-6.0,24.0,0.0,8.0,348.95500000000004,20.75,765.0,3.0,0
0.0,0.0,-11.0,12.0,0.0,5.0,348.95500000000004,27.0,698.0,1.0,0
0.0,0.0,-10.0,11.0,0.0,4.0,308.12,20.12,344.0,3.0,1
0.0,0.0,-23.0,6.0,0.0,8.0,348.95500000000004,25.33,876.0,2.0,0
0.0,0.0,-27.0,8.0,0.0,3.0,335.48,38.94,500.0,1.0,1
0.0,0.0,-9.0,11.0,0.0,10.0,348.95500000000004,13.13,3498.0,1.0,0
0.0,0.0,-20.0,7.0,0.0,1.0,241.22,31.22,2381.0,3.0,0
0.0,0.0,-15.0,2.0,0.0,6.0,315.08,20.08,92.0,1.0,0
0.0,0.0,-27.0,5.0,0.0,3.0,348.95500000000004,38.94,282.0,2.0,0
0.0,0.0,-20.0,11.0,0.0,10.0,230.19,31.19,487.0,3.0,0
0.0,0.0,-4.0,2.0,0.0,4.0,238.67,8.87,566.0,2.0,0
0.0,0.0,-15.0,7.0,0.0,1.0,348.95500000000004,38.94,1265.0,7.0,0
0.0,0.0,-43.0,15.0,0.0,1.0,348.95500000000004,38.94,326.0,1.0,0
0.0,0.0,-15.0,19.0,0.0,10.0,221.79,21.89,298.0,1.0,0
0.0,0.0,-11.0,2.0,0.0,1.0,308.79,13.09,665.0,7.0,0
0.0,0.0,-15.0,15.0,0.0,8.0,298.79,38.94,1502.5714285714287,1.4285714285714286,0
0.0,0.0,-16.0,17.0,0.0,4.0,338.85,37.85,380.0,1.0,1
0.0,0.0,-13.0,2.0,0.0,5.0,264.52,24.62,1505.0,1.0,0
0.0,0.0,-34.0,6.0,0.0,7.0,348.95500000000004,20.73,862.0,1.0,0
0.0,0.0,-21.0,9.0,0.0,1.0,348.95500000000004,22.38,465.0,2.0,0
0.0,0.0,-14.0,13.0,0.0,8.0,195.12,38.94,1893.0,1.0,0
0.0,0.0,-11.0,3.0,0.0,1.0,348.95500000000004,18.02,686.0,2.0,0
0.0,0.0,-10.0,25.0,0.0,3.0,253.79,18.89,225.0,1.0,0
0.0,0.0,-14.0,6.0,0.0,1.0,290.3,38.94,987.0,1.0,0
0.0,0.0,-14.0,6.0,0.0,10.0,269.21,24.21,1885.0,1.0,0
0.0,0.0,13.0,31.0,1.0,3.0,200.55,23.56,1456.0,1.0,1
0.0,0.0,-20.0,11.0,0.0,3.0,348.95500000000004,24.18,1024.0,1.0,0
0.0,0.0,-18.0,8.0,0.0,6.0,337.83,38.94,423.0,1.0,0
0.0,0.0,-17.0,14.0,0.0,1.0,348.95500000000004,38.94,271.0,1.0,0
0.0,0.0,-10.0,11.0,0.0,8.0,293.75,10.55,1258.0,4.0,0
0.0,0.0,-14.0,10.0,0.0,10.0,348.95500000000004,38.94,553.6666666666666,1.6666666666666667,1
0.0,0.0,-15.0,2.0,0.0,4.0,348.95500000000004,18.16,673.0,4.0,0
0.0,0.0,-10.0,12.0,0.0,10.0,348.95500000000004,38.94,864.0,3.0,0
0.0,0.0,14.0,42.0,1.0,15.0,218.8,38.94,210.5,1.0,1
0.0,0.0,-27.0,7.0,0.0,1.0,247.99,19.99,771.0,1.0,0
0.0,0.0,6.0,19.0,1.0,10.0,348.95500000000004,26.55,3896.0,7.0,1
0.0,0.0,-6.0,8.0,0.0,3.0,199.73,25.73,1901.0,1.0,0
0.0,0.0,7.0,26.0,1.0,5.0,348.95500000000004,38.94,1404.0,4.0,1
0.0,0.0,-8.0,21.0,0.0,1.0,348.95500000000004,18.5,875.0,1.0,0
0.0,0.0,-12.0,10.0,0.0,2.0,348.95500000000004,17.14,773.0,1.0,0
0.0,0.0,8.0,23.0,1.0,8.0,346.76,16.76,2644.0,6.0,0
0.0,0.0,-22.0,7.0,0.0,8.0,347.31,17.41,561.0,1.0,1
0.0,0.0,-3.0,14.0,0.0,10.0,258.29,18.39,646.0,1.0,0
0.0,0.0,-3.0,21.0,0.0,6.0,228.62,18.72,236.0,1.0,0
0.0,0.0,18.0,39.0,1.0,8.0,211.14,16.24,641.0,1.0,1
0.0,0.0,-4.0,20.0,0.0,1.0,271.35,35.45,1892.0,4.0,0
0.0,0.0,-17.0,16.0,0.0,10.0,348.95500000000004,38.94,747.0,1.0,0
0.0,0.0,-21.0,10.0,0.0,10.0,348.95500000000004,32.0,1726.0,5.0,0
0.0,0.0,-5.0,4.0,0.0,1.0,319.43,9.43,1266.0,1.0,0
0.0,0.0,-6.0,13.0,0.0,8.0,348.95500000000004,38.94,270.0,5.0,0
0.0,0.0,-26.0,3.0,0.0,1.0,298.43,38.94,994.5,2.0,1
0.0,0.0,33.0,47.0,1.0,5.0,348.95500000000004,38.94,2638.0,6.0,1
0.0,0.0,16.0,45.0,1.0,8.0,348.95500000000004,31.34,3839.0,4.0,1
0.0,0.0,-47.0,21.0,0.0,2.0,249.02,31.02,1201.0,1.0,0
0.0,0.0,-13.0,4.0,0.0,8.0,348.95500000000004,16.86,765.0,3.0,0
0.0,0.0,-8.0,15.0,0.0,10.0,348.95500000000004,38.94,594.0,1.0,0
0.0,0.0,-20.0,7.0,0.0,1.0,243.95,19.45,309.0,1.0,0
0.0,0.0,-15.0,8.0,0.0,8.0,241.15,38.94,993.0,5.0,0
0.0,0.0,-17.0,30.0,0.0,1.0,348.95500000000004,38.94,1745.0,1.0,0
0.0,0.0,-8.0,9.0,0.0,1.0,348.95500000000004,38.94,597.0,1.0,0
0.0,0.0,-31.0,20.0,0.0,4.0,347.79,38.94,293.0,1.0,0
0.0,0.0,-25.0,31.0,0.0,8.0,348.95500000000004,38.94,1099.0,3.0,0
0.0,0.0,-8.0,14.0,0.0,10.0,285.64,16.64,499.0,1.0,1
0.0,0.0,-6.0,14.0,0.0,10.0,348.95500000000004,38.94,610.0,2.0,0
0.0,0.0,-10.0,1.0,0.0,3.0,241.81,12.81,518.0,2.0,0
0.0,0.0,-14.0,10.0,0.0,1.0,221.47,22.47,487.0,3.0,0
0.0,0.0,-8.0,18.0,0.0,2.0,348.95500000000004,38.94,452.0,1.0,0
0.0,0.0,-15.0,8.0,0.0,1.0,348.95500000000004,16.54,1209.0,1.0,0
0.0,0.0,-3.0,19.0,0.0,4.0,315.4,35.5,270.0,1.0,0
0.0,0.0,-5.0,2.0,0.0,1.0,348.95500000000004,38.94,3436.0,1.0,0
0.0,0.0,-12.0,6.0,0.0,4.0,348.95500000000004,16.93,404.0,3.0,0
0.0,0.0,-16.0,10.0,0.0,8.0,288.46,38.94,503.0,3.0,0
0.0,0.0,-8.0,9.0,0.0,10.0,348.95500000000004,38.94,867.0,3.0,0
0.0,0.0,0.0,16.0,0.0,7.0,348.95500000000004,16.42,468.0,1.0,0
0.0,0.0,-21.0,13.0,0.0,8.0,348.95500000000004,23.16,786.0,2.0,0
0.0,0.0,-16.0,15.0,0.0,5.0,259.82,38.94,235.0,1.5,0
0.0,0.0,-14.0,5.0,0.0,6.0,200.13,10.14,289.0,1.0,0
0.0,0.0,-14.0,10.0,0.0,5.0,289.22,19.77,1377.0,1.0,0
0.0,0.0,32.0,51.0,1.0,10.0,304.67,19.87,449.0,2.0,1
0.0,0.0,-21.0,16.0,0.0,10.0,348.95500000000004,38.94,2685.0,2.0,0
0.0,0.0,-6.0,4.0,0.0,4.0,308.28,9.28,1081.0,2.0,0
0.0,0.0,-15.0,11.0,0.0,8.0,215.14,16.14,1680.0,1.0,0
0.0,0.0,-29.0,4.0,0.0,1.0,262.59,23.0,626.0,3.0,0
0.0,0.0,-10.0,14.0,0.0,8.0,342.02,17.02,2644.0,6.0,0
0.0,0.0,-7.0,4.0,0.0,10.0,269.52,38.94,3571.0,1.0,0
0.0,0.0,-10.0,9.0,0.0,4.0,220.89,20.89,1358.0,7.0,0
0.0,0.0,-19.0,10.0,0.0,1.0,348.95500000000004,38.94,432.0,1.0,0
0.0,0.0,-13.0,18.0,0.0,1.0,207.27,38.94,1893.0,1.0,0
0.0,0.0,-14.0,10.0,0.0,9.0,226.86,32.88,433.0,1.0,1
0.0,0.0,8.0,32.0,1.0,3.0,245.45,35.46,516.0,1.0,1
0.0,0.0,-8.0,10.0,0.0,5.0,348.95500000000004,21.47,2141.0,1.0,0
0.0,0.0,-15.0,21.0,0.0,10.0,227.38,27.48,298.0,1.0,0
0.0,0.0,-8.0,5.0,0.0,2.0,348.95500000000004,12.26,536.0,3.0,0
0.0,0.0,-8.0,14.0,0.0,5.0,265.6,28.61,1249.0,3.0,0
0.0,0.0,-16.0,20.0,0.0,10.0,236.0,21.0,708.0,2.0,0
0.0,0.0,-12.0,8.0,0.0,10.0,192.0,38.94,1235.0,3.3333333333333335,0
0.0,0.0,-6.0,7.0,0.0,1.0,279.7,10.7,498.0,1.0,1
0.0,0.0,-22.0,2.0,0.0,10.0,348.95500000000004,16.96,1384.0,3.0,1
0.0,0.0,20.0,41.0,1.0,2.0,261.16,21.17,1001.0,1.0,1
0.0,0.0,-14.0,8.0,0.0,6.0,333.51,38.94,266.0,3.0,0
0.0,0.0,-22.0,13.0,0.0,5.0,220.81,30.91,497.0,2.0,0
0.0,0.0,-24.0,7.0,0.0,5.0,348.95500000000004,14.67,374.0,1.0,0
0.0,0.0,-15.0,8.0,0.0,1.0,246.36,16.37,1193.0,3.0,0
0.0,0.0,-10.0,4.0,0.0,4.0,242.8,12.81,933.0,1.0,0
0.0,0.0,-17.0,5.0,0.0,1.0,348.95500000000004,38.94,860.0,2.0,0
0.0,0.0,-12.0,14.0,0.0,1.0,206.74,28.74,671.0,5.0,0
0.0,0.0,-16.0,11.0,0.0,1.0,266.3,16.5,492.0,3.0,1
0.0,0.0,-12.0,8.0,0.0,2.0,348.95500000000004,38.94,1246.0,1.0,0
0.0,0.0,-21.0,8.0,0.0,1.0,348.95500000000004,38.94,532.5,2.0,0
0.0,0.0,-7.0,9.0,0.0,5.0,348.95500000000004,19.15,3156.0,1.0,0
0.0,0.0,-8.0,4.0,0.0,8.0,348.95500000000004,14.34,352.0,1.0,0
0.0,0.0,-7.0,3.0,0.0,10.0,286.9,21.9,582.0,1.0,0
0.0,0.0,-10.0,23.0,0.0,2.0,203.06,17.06,1077.0,1.0,0
0.0,0.0,-18.0,12.0,0.0,1.0,319.11,38.94,266.0,3.0,1
0.0,0.0,-8.0,15.0,0.0,1.0,348.95500000000004,38.94,257.0,1.0,1
0.0,0.0,-20.0,4.0,0.0,1.0,203.67,12.84,1116.0,1.0,0
0.0,0.0,-8.0,10.0,0.0,1.0,284.63,15.63,638.0,4.0,1
0.0,0.0,-1.0,26.0,0.0,1.0,214.14,17.14,261.0,1.0,0
0.0,0.0,-6.0,16.0,0.0,1.0,253.08,13.18,1715.0,4.0,1
0.0,0.0,-17.0,2.0,0.0,7.0,348.95500000000004,16.38,1792.0,6.0,0
0.0,0.0,1.0,22.0,1.0,3.0,286.64,17.64,498.0,1.0,0
0.0,0.0,-3.0,25.0,0.0,1.0,348.95500000000004,38.94,591.0,3.0,0
0.0,0.0,-8.0,6.0,0.0,5.0,264.07,16.19,1051.0,1.0,0
0.0,0.0,-22.0,9.0,0.0,1.0,250.87,21.87,1745.0,1.0,0
0.0,0.0,-45.0,12.0,0.0,7.0,348.95500000000004,38.94,862.0,1.0,0
0.0,0.0,3.0,31.0,1.0,8.0,310.65,17.75,355.0,1.0,0
0.0,0.0,-6.0,19.0,0.0,3.0,348.95500000000004,20.85,1198.0,2.0,0
0.0,0.0,-1.0,22.0,0.0,7.0,209.01,20.01,781.0,3.0,0
0.0,0.0,-8.0,18.0,0.0,1.0,252.74,23.74,807.0,1.0,0
0.0,0.0,-5.0,4.0,0.0,10.0,348.95500000000004,22.39,2984.0,3.0,0
0.0,0.0,-15.0,12.0,0.0,10.0,348.95500000000004,38.94,1279.0,4.0,0
0.0,0.0,-11.0,17.0,0.0,1.0,348.95500000000004,38.94,427.0,1.0,0
0.0,0.0,-10.0,5.0,0.0,7.0,348.95500000000004,11.26,368.0,4.0,0
0.0,0.0,5.0,16.0,1.0,2.0,348.95500000000004,20.94,268.0,5.0,1
0.0,0.0,-7.0,3.0,0.0,8.0,236.7,16.06,919.0,1.0,0
0.0,0.0,-18.0,17.0,0.0,1.0,214.61,38.94,270.0,1.0,0
0.0,0.0,-18.0,10.0,0.0,1.0,348.95500000000004,16.57,361.0,1.0,0
0.0,0.0,-8.0,15.0,0.0,1.0,279.98,38.94,756.0,1.0,0
0.5,0.5,12.0,24.0,0.5,10.0,697.9100000000001,53.1,3896.0,7.0,1
0.0,0.0,-7.0,6.0,0.0,1.0,348.95500000000004,38.94,224.0,1.0,0
0.0,0.0,-19.0,3.0,0.0,4.0,348.95500000000004,19.5,1310.0,2.0,0
0.0,0.0,-15.0,9.0,0.0,10.0,235.81,25.82,516.0,1.0,0
0.0,0.0,-14.0,7.0,0.0,6.0,345.18,12.94,668.0,3.0,0
0.0,0.0,-12.0,7.0,0.0,6.0,348.95500000000004,33.68,1363.0,2.0,0
0.0,0.0,-25.0,8.0,0.0,8.0,263.25,13.25,255.0,1.0,0
0.0,0.0,-15.0,9.0,0.0,10.0,348.95500000000004,33.72,3632.0,4.0,0
0.0,0.0,-34.0,13.0,0.0,4.0,240.53,38.94,408.0,2.0,0
0.0,0.0,3.0,24.0,1.0,1.0,265.55,15.65,1351.0,1.0,1
0.0,0.0,-19.0,8.0,0.0,4.0,222.48,22.48,635.0,1.0,0
0.0,0.0,-15.0,6.0,0.0,10.0,222.04,37.06,1147.0,1.0,0
0.0,0.0,-4.0,9.0,0.0,1.0,348.95500000000004,21.55,535.0,2.0,1
0.0,0.0,-29.0,7.0,0.0,6.0,348.95500000000004,36.06,2122.0,2.0,1
0.0,0.0,-17.0,11.0,0.0,2.0,224.9,38.94,678.0,1.0,0
0.0,0.0,-18.0,14.0,0.0,3.0,205.26,20.26,858.0,1.0,0
0.0,0.0,-10.0,18.0,0.0,1.0,348.95500000000004,38.94,1345.0,6.0,0
0.0,0.0,-7.0,30.0,0.0,1.0,348.95500000000004,32.59,1346.0,3.0,0
0.0,0.0,-11.0,16.0,0.0,4.0,224.02,24.12,278.0,1.0,0
0.0,0.0,-10.0,1.0,0.0,5.0,348.95500000000004,11.26,174.0,2.0,0
0.0,0.0,-2.0,19.0,0.0,10.0,348.95500000000004,38.94,1135.0,5.0,0
0.0,0.0,-17.0,10.0,0.0,1.0,348.95500000000004,17.97,1165.0,1.0,0
0.0,0.0,-30.0,11.0,0.0,9.0,348.95500000000004,27.04,868.0,2.0,0
0.0,0.0,-19.0,7.0,0.0,2.0,213.14,15.14,1258.0,4.0,0
0.0,0.0,-27.0,5.0,0.0,10.0,348.95500000000004,38.94,1275.0,1.0,1
0.0,0.0,15.0,39.0,1.0,8.0,348.95500000000004,38.94,506.0,1.0,1
0.0,0.0,-13.0,16.0,0.0,1.0,194.92,34.92,924.0,5.0,0
0.0,0.0,-20.0,30.0,0.0,3.0,298.3,38.94,798.0,1.0,0
0.0,0.0,-8.0,14.0,0.0,2.0,296.61,16.71,527.0,1.0,0
0.0,0.0,-11.0,3.0,0.0,3.0,335.47,10.47,2644.0,6.0,0
0.0,0.0,-3.0,6.0,0.0,2.0,329.98,10.98,1914.0,5.0,0
0.0,0.0,-14.0,8.0,0.0,6.0,348.95500000000004,38.12,902.0,2.0,0
0.0,0.0,-8.0,5.0,0.0,3.0,348.95500000000004,19.78,750.0,1.0,0
0.0,0.0,-14.0,16.0,0.0,1.0,348.95500000000004,38.94,143.0,3.0,0
0.0,0.0,-7.0,6.0,0.0,3.0,280.87,30.87,771.0,1.0,0
0.0,0.0,3.0,15.0,1.0,1.0,348.95500000000004,16.66,155.0,2.0,1
0.0,0.0,-20.0,7.0,0.0,8.0,320.18,21.28,1919.0,5.0,0
0.0,0.0,-5.0,16.0,0.0,5.0,348.95500000000004,38.94,2005.0,1.0,0
0.0,0.0,-1.0,33.0,0.0,1.0,346.51,21.51,472.0,2.0,0
0.0,0.0,-9.0,14.0,0.0,4.0,318.17,28.17,2021.0,4.0,0
0.0,0.0,-7.0,26.0,0.0,1.0,227.16,38.94,1128.0,1.0,0
0.0,0.0,-8.0,10.0,0.0,3.0,348.95500000000004,30.56,255.0,1.0,1
0.0,0.0,-24.0,6.0,0.0,1.0,269.55,38.94,3858.0,3.0,0
0.0,0.0,-11.0,13.0,0.0,10.0,348.95500000000004,38.94,3109.0,6.0,0
0.0,0.0,-17.0,9.0,0.0,8.0,286.76,38.94,1034.0,2.0,0
0.0,0.0,-7.0,6.0,0.0,2.0,348.95500000000004,38.52,2083.0,3.0,0
0.0,0.0,-44.0,9.0,0.0,10.0,348.95500000000004,21.97,1099.0,2.0,0
0.0,0.0,-23.0,9.0,0.0,6.0,294.37,18.37,391.0,3.0,0
0.0,0.0,13.0,28.0,1.0,1.0,260.06,38.94,674.0,2.0,1
0.0,0.0,-26.0,7.0,0.0,10.0,348.95500000000004,38.94,3436.0,1.0,1
0.0,0.0,-41.0,9.0,0.0,1.0,348.95500000000004,27.14,1517.0,1.0,0
0.0,0.0,-8.0,10.0,0.0,3.0,286.05,21.05,1168.0,2.0,0
0.0,0.0,-23.0,13.0,0.0,4.0,217.64,18.64,2066.0,1.0,0
0.0,0.0,-6.0,14.0,0.0,3.0,348.95500000000004,38.94,1527.0,4.0,0
0.0,0.0,-10.0,3.0,0.0,10.0,327.38,31.58,608.0,1.0,0
0.0,0.0,-28.0,5.0,0.0,10.0,348.95500000000004,34.98,111.0,1.0,0
0.0,0.0,-15.0,10.0,0.0,8.0,348.95500000000004,38.94,111.0,1.0,0
0.0,0.0,-17.0,10.0,0.0,10.0,348.95500000000004,18.2,500.0,1.0,0
0.0,0.0,-20.0,3.0,0.0,1.0,324.08,24.28,268.0,1.0,0
0.0,0.0,-12.0,10.0,0.0,1.0,348.95500000000004,38.94,603.1666666666666,2.0,1
0.0,0.0,-18.0,7.0,0.0,10.0,348.95500000000004,38.94,298.3333333333333,1.0,1
0.0,0.0,-8.0,7.0,0.0,8.0,276.22,16.32,298.0,1.0,0
0.0,0.0,-21.0,8.0,0.0,3.0,218.04,38.94,892.0,1.0,0
0.0,0.0,-9.0,15.0,0.0,3.0,213.77,38.94,487.5,2.0,1
0.0,0.0,-7.0,24.0,0.0,1.0,348.95500000000004,19.83,738.0,5.0,0
0.0,0.0,-17.0,7.0,0.0,8.0,216.15,16.15,783.0,1.0,0
0.0,0.0,-13.0,19.0,0.0,3.0,265.94,25.94,901.0,1.0,0
0.0,0.0,-8.0,12.0,0.0,3.0,315.26,16.26,725.0,2.0,0
0.0,0.0,-1.0,9.0,0.0,1.0,348.95500000000004,27.63,688.0,1.0,0
0.0,0.0,-19.0,13.0,0.0,1.0,348.95500000000004,38.94,1066.0,1.0,0
0.0,0.0,-14.0,11.0,0.0,4.5,319.97,19.98,67.0,3.0,0
0.0,0.0,25.0,49.0,1.0,10.0,348.95500000000004,38.94,860.0,2.0,1
0.0,0.0,-10.0,10.0,0.0,1.0,348.95500000000004,16.57,361.0,1.0,0
0.0,0.0,-5.0,14.0,0.0,1.0,231.34,21.44,731.0,5.0,0
0.0,0.0,-19.0,6.0,0.0,10.0,348.95500000000004,38.94,1202.0,2.0,0
0.0,0.0,-16.0,7.0,0.0,4.0,348.95500000000004,38.94,3610.0,4.0,0
0.0,0.0,-4.0,18.0,0.0,5.0,348.95500000000004,19.6,404.0,3.0,0
0.0,0.0,-15.0,5.0,0.0,10.0,348.95500000000004,25.69,1507.0,4.0,0
0.0,0.0,-14.0,2.0,0.0,4.0,348.95500000000004,13.83,650.0,1.0,0
0.0,0.0,-9.0,3.0,0.0,10.0,348.95500000000004,22.0,2378.0,6.0,0
0.0,0.0,-7.0,16.0,0.0,10.0,348.95500000000004,38.94,1247.0,7.0,0
0.0,0.0,-18.0,11.0,0.0,2.0,256.43,16.44,1199.0,3.0,0
0.0,0.0,3.0,26.0,1.0,10.0,348.95500000000004,38.94,961.0,1.0,0
0.0,0.0,-23.0,6.0,0.0,1.0,348.95500000000004,38.94,270.0,1.0,0
0.0,0.0,-22.0,5.0,0.0,1.0,348.95500000000004,13.06,388.0,1.0,0
0.0,0.0,-18.0,4.0,0.0,1.0,268.99,19.0,1380.0,3.0,0
0.0,0.0,-15.0,11.0,0.0,4.0,348.95500000000004,16.76,1470.0,2.0,0
0.0,0.0,-18.0,7.0,0.0,10.0,348.95500000000004,17.57,521.0,4.0,0
0.0,0.0,-37.0,9.0,0.0,10.0,348.95500000000004,38.94,67.0,1.0,0
0.0,0.0,-16.0,7.0,0.0,4.0,348.95500000000004,38.94,597.0,1.0,0
0.0,0.0,-5.0,22.0,0.0,1.0,216.15,16.15,608.0,1.0,0
0.0,0.0,-18.0,9.0,0.0,4.0,348.95500000000004,38.94,430.0,1.0,0
0.0,0.0,-13.0,4.0,0.0,1.0,348.95500000000004,27.7,1791.0,4.0,0
0.0,0.0,-14.0,5.0,0.0,2.0,348.95500000000004,18.22,1339.0,4.0,0
0.0,0.0,18.0,42.0,1.0,1.0,254.73,14.83,1222.0,9.0,1
0.0,0.0,-28.0,7.0,0.0,3.0,348.95500000000004,31.36,503.0,1.0,1
0.0,0.0,-8.0,17.0,0.0,1.0,256.0,38.94,2526.0,1.0,1
0.0,0.0,6.0,33.0,1.0,8.0,297.48,20.48,647.0,2.0,1
0.0,0.0,-18.0,11.0,0.0,1.0,348.95500000000004,38.94,1101.0,1.0,0
0.0,0.0,-16.0,6.0,0.0,1.0,348.95500000000004,35.18,582.0,1.0,0
0.0,0.0,-15.0,10.0,0.0,4.0,348.95500000000004,38.94,1246.0,1.0,1
0.0,0.0,-10.0,8.0,0.0,1.0,348.95500000000004,20.83,956.0,3.0,0
0.0,0.0,-12.0,14.0,0.0,3.0,292.26,38.26,286.0,1.0,0
0.0,0.0,-13.0,10.0,0.0,1.0,329.16,38.94,831.0,1.0,0
0.0,0.0,-24.0,10.0,0.0,1.0,275.66,18.24,327.0,1.0,0
0.0,0.0,-13.0,49.0,0.0,10.0,348.95500000000004,38.94,630.0,2.0,0
0.0,0.0,-26.0,8.0,0.0,6.0,348.95500000000004,21.28,509.0,1.0,0
0.0,0.0,-17.0,12.0,0.0,6.0,348.95500000000004,19.21,1267.0,1.0,0
0.0,0.0,-18.0,7.0,0.0,10.0,348.95500000000004,38.94,1294.0,1.0,1
0.0,0.0,-12.0,6.0,0.0,8.0,259.78,19.78,561.0,1.0,0
0.0,0.0,-11.0,8.0,0.0,1.0,348.95500000000004,19.24,724.0,1.0,0
0.0,0.0,-23.0,6.0,0.0,10.0,348.95500000000004,17.17,732.0,1.0,0
0.0,0.0,-20.0,13.0,0.0,5.0,348.95500000000004,38.94,642.0,1.0,0
0.0,0.0,-7.0,12.0,0.0,3.0,334.68,14.68,561.0,1.0,0
0.0,0.0,-12.0,2.0,0.0,10.0,345.91,10.91,1115.0,3.0,0
0.0,0.0,-9.0,7.0,0.0,6.0,348.95500000000004,17.1,719.0,6.0,0
0.0,0.0,-5.0,14.0,0.0,1.0,233.98,13.98,463.0,2.0,0
0.0,0.0,-14.0,10.0,0.0,3.0,320.04,38.94,188.0,1.0,0
0.0,0.0,-30.0,7.0,0.0,4.0,295.4,38.94,420.0,1.0,1
0.0,0.0,-16.0,13.0,0.0,1.0,348.95500000000004,38.94,2004.0,1.0,0
0.0,0.0,-15.0,20.0,0.0,6.0,253.09,18.09,1885.0,1.0,0
0.0,0.0,-27.0,2.0,0.0,18.0,348.95500000000004,38.94,448.75,1.25,1
0.0,0.0,19.0,46.0,1.0,10.0,348.95500000000004,36.06,916.0,2.0,1
0.0,0.0,9.0,48.0,1.0,1.0,219.28,38.94,527.0,1.0,1
0.0,0.0,5.0,22.0,1.0,1.0,229.14,31.14,3530.0,4.0,1
0.0,0.0,-15.0,12.0,0.0,6.0,217.16,17.16,466.0,1.0,0
0.0,0.0,-17.0,6.0,0.0,6.0,348.95500000000004,24.92,372.0,4.0,0
0.0,0.0,2.0,24.0,1.0,10.0,202.0,22.1,786.0,2.0,1
0.0,0.0,-13.0,26.0,0.0,1.0,241.89000000000001,38.94,2188.0,2.0,0
0.0,0.0,-21.0,9.0,0.0,3.0,206.92,16.09,1116.0,1.0,0
0.0,0.0,-10.0,6.0,0.0,5.0,348.95500000000004,13.35,1335.0,1.0,0
0.0,0.0,-27.0,10.0,0.0,7.0,348.95500000000004,38.94,313.0,1.0,1
0.0,0.0,-13.0,13.0,0.0,1.0,255.42,15.43,232.0,1.0,0
0.0,0.0,4.0,32.0,1.0,1.0,348.95500000000004,38.94,2761.0,4.0,1
0.0,0.0,-2.0,8.0,0.0,9.0,275.52,38.94,1149.0,8.0,0
0.0,0.0,-16.0,19.0,0.0,7.0,348.95500000000004,21.98,328.0,1.0,0
0.0,0.0,7.0,35.0,1.0,6.0,321.58,22.58,2043.0,5.0,1
0.0,0.0,-15.0,5.0,0.0,2.0,262.13,13.13,232.0,1.0,1
0.0,0.0,-30.0,4.0,0.0,6.0,209.79,20.3,872.0,2.0,0
0.0,0.0,-17.0,5.0,0.0,4.0,219.38,19.48,813.0,2.0,0
0.0,0.0,-2.0,9.0,0.0,10.0,348.95500000000004,38.94,606.0,2.0,0
0.0,0.0,-19.0,5.0,0.0,4.0,206.03,17.03,1993.0,3.0,0
0.0,0.0,-14.0,21.0,0.0,8.0,348.95500000000004,38.94,1131.0,3.0,0
0.0,0.0,-6.0,19.0,0.0,6.0,327.55,31.57,837.0,1.0,0
0.0,0.0,-23.0,12.0,0.0,8.0,348.95500000000004,24.96,608.0,3.0,0
0.0,0.0,-12.0,19.0,0.0,8.0,348.95500000000004,26.7,1882.0,4.0,0
0.0,0.0,-13.0,5.0,0.0,1.0,348.95500000000004,25.81,1063.0,5.0,0
0.0,0.0,-8.0,31.0,0.0,6.0,315.75,38.94,1128.0,1.0,1
0.0,0.0,-8.0,11.0,0.0,6.0,348.95500000000004,18.8,2496.0,1.0,0
0.0,0.0,-10.0,19.0,0.0,10.0,348.95500000000004,38.94,1747.0,7.0,0
0.0,0.0,-5.0,27.0,0.0,4.0,234.34,24.34,3760.0,1.0,0
0.0,0.0,-14.0,3.0,0.0,1.0,247.06,26.42,919.0,1.0,0
0.0,0.0,-8.0,6.0,0.0,1.0,348.95500000000004,35.79,1031.0,6.0,0
0.0,0.0,-20.0,10.0,0.0,4.0,247.83,19.84,736.0,2.0,1
0.0,0.0,-7.0,16.0,0.0,2.0,204.34,14.35,926.0,3.0,1
0.0,0.0,-3.0,26.0,0.0,1.0,348.95500000000004,23.63,1670.0,5.0,0
0.0,0.0,-4.0,18.0,0.0,1.0,266.86,36.86,771.0,1.0,0
0.0,0.0,-13.0,11.0,0.0,1.0,241.69,38.94,902.0,3.0,0
0.0,0.0,-6.0,13.0,0.0,10.0,242.22,12.23,1039.0,1.0,0
0.0,0.0,-16.0,8.0,0.0,1.0,322.56,38.94,3703.0,1.0,0
0.0,0.0,-8.0,27.0,0.0,5.0,274.02,38.94,673.0,1.0,0
0.0,0.0,-7.0,25.0,0.0,5.5,348.95500000000004,38.94,912.0,2.0,1
0.0,0.0,-13.0,4.0,0.0,5.0,231.38,12.16,428.0,3.0,0
0.0,0.0,-28.0,9.0,0.0,1.0,283.0,34.0,408.0,1.0,0
0.0,0.0,0.0,28.0,0.0,3.0,235.9,38.94,801.0,1.0,0
0.0,0.0,-14.0,11.0,0.0,2.0,196.36,25.46,477.5,1.0,1
0.0,0.0,-22.0,7.0,0.0,7.0,348.95500000000004,22.29,1388.0,2.0,0
0.0,0.0,-10.0,6.0,0.0,8.0,218.21,18.31,852.0,1.0,0
0.0,0.0,-1.0,25.0,0.0,1.0,309.12,16.22,355.0,1.0,0
0.0,0.0,-3.0,19.0,0.0,6.0,348.95500000000004,24.15,801.0,4.0,0
0.0,0.0,-15.0,18.0,0.0,8.0,348.95500000000004,38.94,554.0,1.0,0
0.0,0.0,-28.0,9.0,0.0,6.0,348.95500000000004,23.04,1931.0,1.0,0
0.0,0.0,-22.0,10.0,0.0,7.0,348.95500000000004,38.94,444.0,4.0,0
0.0,0.0,-19.0,10.0,0.0,1.0,225.71,38.94,2188.0,2.0,0
0.0,0.0,-14.0,7.0,0.0,6.0,224.8,18.69,1224.0,3.0,0
0.0,0.0,-7.0,14.0,0.0,8.0,348.95500000000004,38.94,606.0,2.0,0
0.0,0.0,-9.0,14.0,0.0,2.0,348.95500000000004,38.94,3330.0,3.0,0
0.0,0.0,6.0,25.0,1.0,5.0,348.95500000000004,21.1,72.0,4.0,1
0.0,0.0,-9.0,6.0,0.0,10.0,310.01,20.11,1351.0,7.0,0
0.0,0.0,-14.0,8.0,0.0,10.0,292.45,13.45,680.0,1.0,0
0.0,0.0,-11.0,15.0,0.0,1.0,246.37,26.38,162.0,5.0,1
0.0,0.0,-19.0,20.0,0.0,5.0,348.95500000000004,38.94,556.0,1.0,0
0.0,0.0,-15.0,11.0,0.0,6.0,220.02,38.94,341.0,2.0,0
0.0,0.0,-20.0,11.0,0.0,1.0,348.95500000000004,38.94,925.0,5.0,0
0.0,0.0,-32.0,9.0,0.0,12.0,240.47,24.09,544.0,2.0,0
0.0,0.0,-13.0,22.0,0.0,1.0,237.61,38.94,2455.0,2.0,0
0.0,0.0,-13.0,3.0,0.0,10.0,348.95500000000004,38.94,805.0,1.0,0
0.0,0.0,-18.0,7.0,0.0,1.0,244.22,35.22,1139.0,3.0,0
0.0,0.0,-16.0,15.0,0.0,8.0,348.95500000000004,18.21,874.0,1.0,0
0.0,0.0,-13.0,14.0,0.0,3.0,295.71,16.71,289.0,5.0,0
0.0,0.0,4.0,32.0,1.0,3.0,250.89,38.94,897.0,4.0,0
0.0,0.0,-19.0,10.0,0.0,8.0,348.95500000000004,38.94,2043.0,4.0,0
0.0,0.0,-10.0,4.0,0.0,10.0,348.95500000000004,38.94,728.0,1.0,1
0.0,0.0,-7.0,12.0,0.0,8.0,348.95500000000004,17.69,381.0,4.0,1
0.0,0.0,-16.0,18.0,0.0,8.0,328.16,38.94,246.0,3.0,0
0.0,0.0,-19.0,11.0,0.0,5.5,348.95500000000004,33.58,650.0,2.0,0
0.0,0.0,-5.0,5.0,0.0,1.0,236.86,8.86,2724.0,1.0,0
0.0,0.0,-18.0,4.0,0.0,10.0,348.95500000000004,38.94,872.0,2.0,0
0.0,0.0,-14.0,18.0,0.0,8.0,313.4,34.4,1053.0,2.0,0
0.0,0.0,-29.0,6.0,0.0,9.0,348.95500000000004,18.0,463.0,2.0,0
0.0,0.0,-7.0,20.0,0.0,3.0,348.95500000000004,32.61,389.5,1.0,1
0.0,0.0,6.0,26.0,1.0,5.0,188.58,13.57,729.0,1.0,1
0.0,0.0,-13.0,5.0,0.0,8.0,348.95500000000004,15.15,1792.0,2.0,0
0.0,0.0,-12.0,6.0,0.0,2.0,231.73,38.94,577.0,2.0,0
0.0,0.0,-25.0,6.0,0.0,5.0,321.51,22.51,257.0,1.0,0
0.0,0.0,-3.0,21.0,0.0,8.0,348.95500000000004,22.36,383.0,1.0,1
0.0,0.0,-9.0,1.0,0.0,4.0,348.95500000000004,18.62,888.0,1.5,0
0.0,0.0,-13.0,6.0,0.0,8.0,314.53,14.54,476.0,2.0,0
0.0,0.0,-13.0,16.0,0.0,2.0,253.93,18.93,1885.0,1.0,0
0.0,0.0,-35.0,14.0,0.0,1.0,348.95500000000004,38.94,423.0,1.0,0
0.0,0.0,-30.0,5.0,0.0,9.0,226.28,38.94,224.0,2.0,0
0.0,0.0,-18.0,4.0,0.0,2.0,244.5,14.6,2583.0,4.0,0
0.0,0.0,-20.0,14.0,0.0,1.0,289.34,38.94,613.0,1.0,0
0.0,0.0,-14.0,13.0,0.0,5.0,348.95500000000004,38.94,382.0,2.0,0
0.0,0.0,-16.0,7.0,0.0,5.0,286.04,38.94,678.0,2.0,0
0.0,0.0,-10.0,18.0,0.0,4.0,235.31,19.75,3758.0,1.0,0
0.0,0.0,-10.0,8.0,0.0,3.0,222.38,24.38,233.0,5.0,0
0.0,0.0,-22.0,9.0,0.0,4.0,313.86,23.96,1061.0,2.0,0
0.0,0.0,-21.0,9.0,0.0,8.0,348.95500000000004,21.88,802.0,1.0,0
0.0,0.0,-14.0,9.0,0.0,5.0,308.82,38.94,2367.0,3.0,0
0.0,0.0,-14.0,15.0,0.0,10.0,348.95500000000004,38.94,2419.0,1.0,0
0.0,0.0,17.0,45.0,1.0,5.0,269.12,38.94,2188.0,2.0,1
0.0,0.0,-14.0,7.0,0.0,8.0,348.95500000000004,24.73,1330.0,4.0,0
0.0,0.0,-16.0,19.0,0.0,1.0,204.97,38.94,545.0,1.0,0
0.0,0.0,-13.0,15.0,0.0,8.0,348.95500000000004,38.94,1194.0,1.0,0
0.0,0.0,-7.0,16.0,0.0,10.0,348.95500000000004,38.94,1829.0,1.0,0
0.0,0.0,-6.0,3.0,0.0,10.0,348.95500000000004,38.94,1368.0,4.0,0
0.0,0.0,-4.0,22.0,0.0,2.0,329.09000000000003,20.09,1186.0,2.0,0
0.0,0.0,-7.0,6.0,0.0,8.0,229.2,9.3,309.0,1.0,0
0.0,0.0,-14.0,7.0,0.0,1.0,348.95500000000004,17.2,179.0,1.0,0
0.5,0.5,-21.0,6.0,0.0,2.5,697.9100000000001,56.099999999999994,1393.0,2.5,1
0.0,0.0,-5.0,16.0,0.0,5.0,348.95500000000004,38.94,510.2,2.0,0
0.0,0.0,-15.0,9.0,0.0,10.0,265.49,15.5,2238.0,6.0,0
0.0,0.0,-12.0,12.0,0.0,1.0,317.04,38.94,650.0,1.0,0
0.0,0.0,-14.0,10.0,0.0,4.0,348.95500000000004,24.18,1387.0,1.0,0
0.0,0.0,-10.0,13.0,0.0,2.0,292.47,12.57,584.0,2.0,0
0.0,0.0,-23.0,17.0,0.0,2.0,348.95500000000004,38.94,1653.0,3.0,0
0.0,0.0,-13.0,12.0,0.0,2.0,226.87,16.91,1808.0,3.0,0
0.0,0.0,-8.0,25.0,0.0,1.0,318.13,38.94,2071.0,1.0,0
0.0,0.0,-21.0,6.0,0.0,1.0,348.95500000000004,21.82,359.0,4.0,0
0.0,0.0,-4.0,18.0,0.0,7.0,348.95500000000004,17.69,553.0,1.0,0
0.0,0.0,-7.0,18.0,0.0,1.0,348.95500000000004,23.92,983.0,2.0,0
0.0,0.0,-17.0,9.0,0.0,10.0,348.95500000000004,38.94,720.0,1.0,0
0.0,0.0,-16.0,14.0,0.0,7.0,348.95500000000004,31.96,625.0,1.0,0
0.0,0.0,-22.0,11.0,0.0,3.0,305.34,38.94,540.0,3.0,0
0.0,0.0,20.0,45.0,1.0,5.0,187.39,38.94,729.0,1.0,1
0.0,0.0,-19.0,6.0,0.0,1.0,348.95500000000004,16.5,673.0,1.0,0
0.0,0.0,-8.0,14.0,0.0,3.0,287.38,17.65,1199.0,2.0,0
0.0,0.0,-7.0,5.0,0.0,1.0,284.49,15.49,217.0,3.0,0
0.0,0.0,-9.0,9.0,0.0,1.0,209.2,19.22,779.0,1.0,0
0.0,0.0,-21.0,12.0,0.0,1.0,348.95500000000004,20.12,874.0,1.0,0
0.0,0.0,-15.0,8.0,0.0,8.0,274.63,19.66,961.0,1.0,0
0.0,0.0,-15.0,3.0,0.0,1.0,240.58,21.58,419.0,3.0,0
0.0,0.0,-23.0,14.0,0.0,23.0,236.48,20.48,838.0,2.0,0
0.0,0.0,-14.0,9.0,0.0,10.0,348.95500000000004,38.94,803.0,1.0,0
0.0,0.0,-23.0,16.0,0.0,10.0,336.9,27.9,1026.0,3.0,0
0.0,0.0,11.0,42.0,1.0,1.0,197.64,38.94,621.0,1.0,1
0.0,0.0,-10.0,13.0,0.0,10.0,348.95500000000004,18.79,142.0,1.0,0
0.0,0.0,-1.0,18.0,0.0,1.0,280.12,30.12,756.0,1.0,0
0.0,0.0,-12.0,1.0,0.0,3.0,348.95500000000004,16.65,1947.0,1.0,0
0.0,0.0,-8.0,32.0,0.0,15.0,250.89,38.94,162.0,1.0,0
0.0,0.0,-20.0,7.0,0.0,8.0,242.1,13.1,582.0,1.0,0
0.0,0.0,-8.0,14.0,0.0,1.0,251.06,38.94,512.5,1.0,0
0.0,0.0,-21.0,6.0,0.0,1.0,234.61,19.61,1153.0,1.0,0
0.0,0.0,-20.0,18.0,0.0,3.0,348.95500000000004,18.82,874.0,1.0,0
0.0,0.0,-14.0,5.0,0.0,13.0,278.0,18.01,1487.0,1.0,0
0.0,0.0,-11.0,16.0,0.0,5.0,264.48,15.49,2025.0,2.0,1
0.0,0.0,-3.0,19.0,0.0,4.0,348.95500000000004,19.91,2242.0,2.0,0
0.0,0.0,-14.0,21.0,0.0,4.0,184.75,34.85,1105.0,3.0,0
0.0,0.0,-9.0,26.0,0.0,8.0,193.47,33.57,1687.0,2.0,0
0.0,0.0,-8.0,10.0,0.0,10.0,348.95500000000004,27.61,2201.0,4.0,0
0.0,0.0,-27.0,9.0,0.0,10.0,348.95500000000004,38.94,509.0,2.5,1
0.0,0.0,14.0,34.0,1.0,4.0,187.34,27.44,784.0,2.0,1
0.0,0.0,-15.0,13.0,0.0,10.0,316.26,36.46,241.0,1.0,0
0.0,0.0,-7.0,16.0,0.0,8.0,348.95500000000004,38.94,3632.0,4.0,0
0.0,0.0,-19.0,15.0,0.0,4.5,348.95500000000004,21.38,644.0,1.0,0
0.0,0.0,-12.0,10.0,0.0,10.0,228.72,18.72,3760.0,1.0,0
0.0,0.0,-18.0,4.0,0.0,2.0,348.95500000000004,24.830000000000002,448.0,1.0,0
0.0,0.0,-21.0,13.0,0.0,1.0,218.87,18.97,906.0,2.0,0
0.0,0.0,1.0,20.0,1.0,5.0,293.36,13.46,820.0,1.0,1
0.0,0.0,-1.0,4.0,0.0,3.0,246.42,26.52,332.0,2.0,0
0.0,0.0,-10.0,3.0,0.0,10.0,348.95500000000004,16.45,686.0,2.0,0
0.0,0.0,1.0,21.0,1.0,8.0,215.14,15.15,247.0,1.0,0
0.0,0.0,-15.0,14.0,0.0,8.0,263.29,23.39,155.0,1.0,0
0.0,0.0,-14.0,4.0,0.0,10.0,259.82,29.92,1132.0,8.0,0
0.0,0.0,-7.0,5.0,0.0,1.0,243.92,23.94,3189.0,7.0,0
0.0,0.0,-12.0,8.0,0.0,1.0,348.95500000000004,38.94,300.0,1.0,1
0.0,0.0,-20.0,6.0,0.0,1.0,317.85,17.86,915.0,2.0,0
0.0,0.0,-14.0,23.0,0.0,1.0,348.95500000000004,38.94,1094.0,1.0,1
0.0,0.0,-20.0,12.0,0.0,8.0,348.95500000000004,38.94,2795.0,5.0,1
0.0,0.0,-10.0,12.0,0.0,3.0,238.24,18.25,377.0,5.0,0
0.0,0.0,-20.0,7.0,0.0,3.0,291.8,33.8,269.5,2.5,0
0.0,0.0,-18.0,7.0,0.0,3.0,201.37,15.38,1176.0,1.0,0
0.0,0.0,-30.0,1.0,0.0,5.0,348.95500000000004,22.77,507.0,1.0,0
0.0,0.0,-18.0,11.0,0.0,1.0,225.71,38.94,2188.0,2.0,0
0.0,0.0,-19.0,27.0,0.0,1.0,263.79,38.94,2280.0,1.0,1
0.0,0.0,-22.0,8.0,0.0,1.0,276.21,17.57,3382.0,6.0,0
0.0,0.0,-7.0,15.0,0.0,4.0,348.95500000000004,27.22,985.0,2.0,0
0.0,0.0,-6.0,18.0,0.0,1.0,348.95500000000004,38.94,2493.0,3.0,1
0.0,0.0,-14.0,3.0,0.0,1.0,302.03,32.04,1733.5,5.0,0
0.0,0.0,-13.0,10.0,0.0,1.0,348.95500000000004,31.56,1209.0,1.0,0
0.0,0.0,-11.0,7.0,0.0,1.0,312.91,38.94,956.0,1.0,0
0.0,0.0,-14.0,12.0,0.0,1.0,348.95500000000004,18.11,501.0,1.0,0
0.0,0.0,-9.0,7.0,0.0,8.0,289.11,9.21,709.0,2.0,0
0.0,0.0,-5.0,30.0,0.0,6.0,348.95500000000004,38.94,327.0,1.0,0
0.0,0.0,-10.0,9.0,0.0,8.0,284.49,15.49,217.0,3.0,0
0.0,0.0,-15.0,18.0,0.0,1.0,348.95500000000004,38.94,1969.0,1.0,0
0.0,0.0,-19.0,10.0,0.0,4.0,348.95500000000004,37.7,638.0,1.0,0
0.0,0.0,-25.0,3.0,0.0,1.0,208.08,15.08,2558.0,1.0,0
0.0,0.0,-13.0,5.0,0.0,1.0,286.12,13.12,618.0,3.0,0
0.0,0.0,-10.0,4.0,0.0,1.0,345.38,20.38,1748.0,2.0,0
0.0,0.0,-17.0,4.0,0.0,4.0,348.95500000000004,11.1,1115.0,3.0,0
0.0,0.0,-14.0,10.0,0.0,6.0,338.88,38.94,874.6666666666666,2.0,0
0.0,0.0,-11.0,25.0,0.0,1.0,348.95500000000004,21.18,617.0,2.0,0
0.0,0.0,-14.0,8.0,0.0,3.0,348.95500000000004,38.94,1404.0,4.0,0
0.0,0.0,-20.0,11.0,0.0,10.0,348.95500000000004,24.15,1009.0,2.0,0
0.0,0.0,-22.0,7.0,0.0,8.0,323.39,23.4,1139.0,3.0,0
0.0,0.0,-17.0,6.0,0.0,1.0,339.74,38.94,724.0,1.0,0
0.0,0.0,-7.0,6.0,0.0,10.0,348.95500000000004,12.15,553.0,1.0,0
0.0,0.0,11.0,37.0,1.0,8.0,207.33,17.58,606.0,2.0,1
0.0,0.0,-18.0,5.0,0.0,10.0,348.95500000000004,38.94,2312.0,1.0,0
0.0,0.0,6.0,44.0,1.0,2.0,215.14,16.14,640.0,1.0,0
0.0,0.0,-11.0,2.0,0.0,10.0,348.95500000000004,24.96,350.0,2.0,0
0.0,0.0,-14.0,11.0,0.0,1.0,264.31,14.41,2165.0,2.0,0
0.0,0.0,-14.0,18.0,0.0,6.0,215.56,38.94,497.0,2.6666666666666665,0
0.0,0.0,-14.0,6.0,0.0,3.0,348.95500000000004,37.1,319.0,4.0,0
0.0,0.0,-13.0,15.0,0.0,3.0,343.9,38.94,422.0,1.0,0
0.0,0.0,7.0,21.0,1.0,1.0,308.95,28.96,1800.0,1.0,1
0.0,0.0,-22.0,7.0,0.0,4.0,348.95500000000004,27.59,1457.0,5.0,0
0.0,0.0,-11.0,24.0,0.0,7.0,348.95500000000004,38.94,1131.0,3.0,0
0.0,0.0,-14.0,20.0,0.0,8.0,348.95500000000004,38.94,554.0,1.0,0
0.0,0.0,-9.0,13.0,0.0,1.0,348.95500000000004,38.94,503.0,1.0,0
0.0,0.0,-10.0,9.0,0.0,10.0,348.95500000000004,38.94,1107.0,1.0,0
0.0,0.0,-8.0,19.0,0.0,10.0,348.95500000000004,38.94,2716.0,1.0,0
0.0,0.0,-16.0,4.0,0.0,5.0,348.95500000000004,15.37,1605.0,1.0,0
0.0,0.0,-14.0,6.0,0.0,4.0,348.95500000000004,15.96,606.0,2.0,1
0.0,0.0,-7.0,5.0,0.0,10.0,348.95500000000004,19.57,267.0,3.0,0
0.0,0.0,16.0,34.0,1.0,1.0,246.36,16.37,719.0,3.0,1
0.0,0.0,-4.0,6.0,0.0,5.0,255.36,38.94,616.0,2.0,0
0.0,0.0,-20.0,4.0,0.0,3.0,348.95500000000004,21.23,796.0,1.0,0
0.0,0.0,-15.0,9.0,0.0,4.0,197.69,12.79,420.0,3.0,1
0.0,0.0,-12.0,29.0,0.0,9.0,261.42,38.94,2188.0,2.0,0
0.0,0.0,-10.0,11.0,0.0,4.0,335.89,15.99,752.0,2.0,0
0.0,0.0,17.0,31.0,1.0,1.0,235.06,35.16,236.0,2.0,1
0.0,0.0,-20.0,14.0,0.0,9.0,307.3,33.32,1292.0,1.0,1
0.0,0.0,-18.0,8.0,0.0,10.0,183.04,13.14,325.0,1.0,0
0.0,0.0,-21.0,17.0,0.0,1.0,225.15,26.15,330.0,1.0,0
0.0,0.0,-16.0,39.0,0.0,10.0,203.57,23.58,3745.0,6.0,0
0.0,0.0,-11.0,10.0,0.0,6.0,348.95500000000004,38.94,678.0,5.0,0
0.0,0.0,-14.0,5.0,0.0,3.0,315.25,10.25,1122.0,3.0,0
0.0,0.0,-13.0,2.0,0.0,2.0,209.21,10.21,234.0,1.0,0
0.0,0.0,6.0,32.0,1.0,1.0,307.14,17.24,305.0,1.0,1
0.0,0.0,-7.0,13.0,0.0,4.0,348.95500000000004,14.79,139.0,1.0,0
0.0,0.0,-16.0,15.0,0.0,1.0,348.95500000000004,38.94,2868.0,3.0,0
0.0,0.0,-8.0,8.0,0.0,4.0,348.95500000000004,16.88,1944.0,1.0,0
0.0,0.0,-28.0,7.0,0.0,1.0,252.53,23.53,1153.0,1.0,0
0.0,0.0,-6.0,25.0,0.0,1.0,207.27,38.94,1893.0,1.0,0
0.0,0.0,-22.0,11.0,0.0,1.0,280.84,38.94,756.0,1.0,1
0.0,0.0,-13.0,11.0,0.0,10.0,303.17,16.18,591.0,2.0,0
0.0,0.0,6.0,28.0,1.0,4.0,348.95500000000004,20.47,542.0,2.0,1
0.0,0.0,-13.0,4.0,0.0,2.0,182.29,12.39,919.0,5.0,0
0.0,0.0,-21.0,14.0,0.0,10.0,348.95500000000004,38.94,926.0,3.25,1
0.0,0.0,-19.0,23.0,0.0,5.0,266.5,16.5,255.0,1.0,0
0.0,0.0,-8.0,13.0,0.0,8.0,348.95500000000004,21.08,816.0,1.0,0
0.0,0.0,0.0,31.0,0.0,10.0,348.95500000000004,38.94,1602.0,4.0,0
0.0,0.0,-19.0,24.0,0.0,6.0,348.95500000000004,38.94,1500.0,4.0,1
0.0,0.0,-6.0,22.0,0.0,4.0,256.22,38.94,710.0,7.0,0
0.0,0.0,-26.0,5.0,0.0,6.0,300.06,20.06,1128.0,3.0,0
0.0,0.0,-16.0,11.0,0.0,1.0,348.95500000000004,28.08,850.0,1.0,0
0.0,0.0,-1.0,4.0,0.0,5.0,264.04,14.05,989.0,1.0,0
0.0,0.0,-17.0,20.0,0.0,5.0,233.81,28.81,162.0,4.0,0
0.0,0.0,-19.0,12.0,0.0,10.0,348.95500000000004,17.12,150.0,1.0,0
0.0,0.0,-27.0,8.0,0.0,10.0,348.95500000000004,21.34,438.0,1.0,0
0.0,0.0,-10.0,11.0,0.0,1.0,348.95500000000004,31.759999999999998,264.5,1.0,0
0.0,0.0,-11.0,4.0,0.0,1.0,198.4,28.4,851.0,1.0,1
0.0,0.0,-12.0,10.0,0.0,1.0,348.95500000000004,38.94,481.0,4.0,0
0.0,0.0,-13.0,11.0,0.0,8.0,348.95500000000004,38.94,490.0,4.0,0
0.0,0.0,-13.0,7.0,0.0,9.0,348.95500000000004,38.94,1140.0,4.0,1
0.0,0.0,-16.0,11.0,0.0,3.0,271.69,16.89,332.0,1.0,0
0.0,0.0,-18.0,7.0,0.0,1.0,348.95500000000004,20.31,2883.0,4.0,0
0.0,0.0,-21.0,9.0,0.0,3.0,194.92,38.94,1141.0,2.0,1
0.0,0.0,-12.0,10.0,0.0,8.0,321.82,26.82,408.0,2.0,0
0.0,0.0,-14.0,14.0,0.0,10.0,227.93,27.94,833.0,1.0,0
0.0,0.0,-6.0,18.0,0.0,8.0,348.95500000000004,17.01,694.0,1.0,0
0.0,0.0,-23.0,9.0,0.0,3.0,348.95500000000004,38.94,1472.0,3.5,1
0.0,0.0,-11.0,9.0,0.0,10.0,348.95500000000004,38.94,758.0,1.5,0
0.0,0.0,-18.0,17.0,0.0,8.0,348.95500000000004,38.94,599.0,2.0,0
0.0,0.0,-9.0,8.0,0.0,1.0,205.11,38.94,341.0,2.0,0
0.0,0.0,-19.0,6.0,0.0,5.0,195.0,20.1,830.0,4.0,0
0.0,0.0,-30.0,8.0,0.0,6.0,257.18,24.43,46.0,2.0,0
0.0,0.0,-18.0,6.0,0.0,10.0,222.67,27.68,408.0,1.0,0
0.0,0.0,-16.0,8.0,0.0,1.0,348.95500000000004,18.45,378.0,2.0,0
0.0,0.0,-19.0,10.0,0.0,9.0,190.86,31.86,273.0,1.0,0
0.0,0.0,-8.0,10.0,0.0,6.0,333.43,13.44,288.0,6.0,0
0.0,0.0,-7.0,12.0,0.0,3.0,283.32,14.32,439.0,1.0,0
0.0,0.0,-26.0,7.0,0.0,5.0,348.95500000000004,22.18,625.0,1.0,0
0.0,0.0,-20.0,12.0,0.0,1.0,348.95500000000004,32.07,3319.0,6.0,0
0.0,0.0,-10.0,2.0,0.0,1.75,203.51999999999998,8.62,734.0,2.0,0
0.0,0.0,-15.0,17.0,0.0,6.0,348.95500000000004,38.94,606.0,2.0,0
0.0,0.0,-16.0,7.0,0.0,10.0,348.95500000000004,22.69,1447.0,5.0,0
0.0,0.0,-4.0,31.0,0.0,10.0,348.95500000000004,38.94,353.0,2.0,1
0.0,0.0,-27.0,5.0,0.0,3.0,348.95500000000004,37.04,683.0,3.0,1
0.0,0.0,-11.0,16.0,0.0,8.0,348.95500000000004,15.69,1654.0,3.0,0
0.0,0.0,-26.0,19.0,0.0,2.0,268.5,34.52,1296.0,1.0,0
0.0,0.0,-14.0,11.0,0.0,6.0,348.95500000000004,38.94,1500.0,4.0,0
0.0,0.0,-22.0,10.0,0.0,3.0,208.48,18.58,190.0,1.0,0
0.0,0.0,-16.0,5.0,0.0,3.0,329.33,17.39,630.0,1.0,0
0.0,0.0,-6.0,14.0,0.0,1.0,348.95500000000004,38.94,1297.0,3.0,0
0.0,0.0,-14.0,19.0,0.0,5.0,348.95500000000004,38.94,452.0,1.0,1
0.0,0.0,-14.0,7.0,0.0,3.0,348.95500000000004,21.45,1792.0,6.0,0
0.0,0.0,-21.0,7.0,0.0,2.0,304.74,18.84,496.0,2.0,0
0.0,0.0,-8.0,12.0,0.0,8.0,241.19,13.1,609.0,2.0,0
0.0,0.0,-12.0,5.0,0.0,7.0,278.32,15.93,770.0,1.0,0
0.0,0.0,-15.0,11.0,0.0,1.0,348.95500000000004,27.75,1323.0,3.0,0
0.0,0.0,1.0,34.0,1.0,3.0,348.95500000000004,23.07,2644.0,6.0,0
0.0,0.0,-21.0,16.0,0.0,6.0,238.85,38.94,325.0,1.0,0
0.0,0.0,-11.0,19.0,0.0,8.0,277.08,38.94,236.0,1.0,0
0.0,0.0,-20.0,8.0,0.0,8.0,348.95500000000004,23.19,1582.0,1.0,0
0.0,0.0,-18.0,5.0,0.0,10.0,348.95500000000004,38.94,3146.0,4.0,0
0.0,0.0,-17.0,10.0,0.0,1.0,267.29,27.3,2188.0,2.0,0
0.0,0.0,-27.0,10.0,0.0,8.0,348.95500000000004,21.69,625.0,1.0,0
0.0,0.0,-12.0,7.0,0.0,6.0,232.97,13.97,439.0,1.0,0
0.0,0.0,-14.0,7.0,0.0,1.0,348.95500000000004,29.44,3834.0,5.0,0
0.0,0.0,-13.0,15.0,0.0,1.0,348.95500000000004,38.94,1214.0,1.0,0
0.0,0.0,-7.0,13.0,0.0,10.0,348.95500000000004,38.94,740.0,2.0,0
0.0,0.0,-26.0,8.0,0.0,1.0,348.95500000000004,38.94,2164.0,1.0,0
0.0,0.0,-23.0,7.0,0.0,6.0,348.95500000000004,24.29,408.0,2.0,0
0.0,0.0,-20.0,11.0,0.0,1.0,246.04,18.04,1487.0,6.0,0
0.0,0.0,-7.0,14.0,0.0,1.0,295.4,38.94,408.0,1.0,0
0.0,0.0,13.0,30.0,1.0,4.0,201.81,15.81,333.0,1.0,1
0.0,0.0,-21.0,6.0,0.0,1.0,277.95,28.05,914.0,2.0,0
0.0,0.0,-25.0,6.0,0.0,1.0,348.95500000000004,23.21,867.0,3.0,0
0.0,0.0,-19.0,1.0,0.0,4.0,322.68,12.78,388.0,1.0,0
0.0,0.0,-13.0,19.0,0.0,4.0,348.95500000000004,38.94,1925.0,2.0,1
0.0,0.0,-22.0,9.0,0.0,10.0,348.95500000000004,17.54,2304.0,4.0,0
0.0,0.0,-9.0,24.0,0.0,6.0,348.95500000000004,34.37,625.0,1.0,0
0.0,0.0,-5.0,20.0,0.0,10.0,348.95500000000004,38.94,2810.0,7.0,0
0.0,0.0,-14.0,6.0,0.0,5.0,271.66,38.94,419.5,2.5,0
0.0,0.0,-9.0,18.0,0.0,4.0,316.22,27.3,144.0,2.0,0
0.0,0.0,-4.0,16.0,0.0,10.0,252.99,14.01,591.0,2.0,0
0.0,0.0,-13.0,11.0,0.0,1.0,213.14,15.14,2876.0,4.0,0
0.0,0.0,-13.0,15.0,0.0,5.0,238.69,18.79,236.0,1.0,0
0.0,0.0,-10.0,10.0,0.0,3.0,247.85,17.86,774.0,2.0,0
0.0,0.0,-16.0,14.0,0.0,3.0,338.01,27.02,2428.0,4.0,0
0.0,0.0,-16.0,12.0,0.0,1.0,348.95500000000004,24.66,1070.0,3.0,0
0.0,0.0,-29.0,28.0,0.0,1.0,348.95500000000004,38.94,415.0,1.0,1
0.0,0.0,-27.0,14.0,0.0,6.0,242.44,19.44,494.0,1.0,0
0.0,0.0,-14.0,7.0,0.0,4.0,287.64,17.65,482.0,1.0,0
0.0,0.0,-18.0,13.0,0.0,10.0,206.68,21.78,234.0,1.0,0
0.0,0.0,5.0,31.0,1.0,5.0,333.44,38.94,425.0,1.0,1
0.0,0.0,-13.0,5.0,0.0,2.0,200.04,10.14,675.0,5.0,0
0.0,0.0,-20.0,12.0,0.0,10.0,348.95500000000004,37.66,772.0,1.0,0
0.0,0.0,0.0,42.0,0.0,1.0,313.55,38.94,391.0,3.0,0
0.0,0.0,-12.0,19.0,0.0,5.0,228.02,28.13,279.0,1.0,0
0.0,0.0,-6.0,18.0,0.0,1.0,309.22,38.94,270.0,5.0,1
0.0,0.0,-2.0,14.0,0.0,1.0,348.95500000000004,28.84,1319.0,2.0,0
0.0,0.0,-16.0,7.0,0.0,10.0,348.95500000000004,38.94,96.0,1.0,0
0.0,0.0,-7.0,5.0,0.0,1.0,267.68,8.68,194.0,3.0,0
0.0,0.0,-8.0,17.0,0.0,1.0,343.4,38.94,1002.0,3.0,0
0.0,0.0,-8.0,6.0,0.0,1.0,289.55,9.55,772.0,1.0,0
0.0,0.0,-8.0,6.0,0.0,5.0,336.27,36.57,273.0,1.0,0
0.0,0.0,-16.0,10.0,0.0,10.0,318.92,19.92,1081.0,2.0,0
0.0,0.0,-16.0,15.0,0.0,8.0,348.95500000000004,38.94,1022.0,2.0,0
0.0,0.0,-13.0,11.0,0.0,10.0,195.0,17.01,916.0,2.0,0
0.0,0.0,-9.0,13.0,0.0,12.0,348.95500000000004,38.94,1383.0,4.0,1
0.0,0.0,-1.0,17.0,0.0,5.0,348.95500000000004,17.22,1039.0,2.0,0
0.0,0.0,-10.0,10.0,0.0,1.0,319.11,38.94,266.0,3.0,1
0.0,0.0,-12.0,8.0,0.0,10.0,328.6,13.7,537.0,1.0,0
0.0,0.0,-15.0,8.0,0.0,1.0,330.08,30.28,277.0,1.0,0
0.0,0.0,-2.0,20.0,0.0,6.0,348.95500000000004,38.94,342.0,1.0,0
0.0,0.0,-13.0,5.0,0.0,1.0,348.95500000000004,20.96,1267.0,1.0,0
0.0,0.0,-9.0,4.0,0.0,10.0,312.37,38.94,601.0,3.0,1
0.0,0.0,-19.0,4.0,0.0,1.0,228.08,18.18,1206.0,4.0,0
0.0,0.0,-16.0,15.0,0.0,4.0,348.95500000000004,23.6,874.0,1.0,0
0.0,0.0,-14.0,15.0,0.0,1.0,323.68,38.94,526.0,2.0,1
0.0,0.0,-11.0,8.0,0.0,1.0,258.06,36.06,291.0,1.0,0
0.0,0.0,-22.0,2.0,0.0,2.0,348.95500000000004,11.37,915.0,2.0,0
0.0,0.0,-4.0,6.0,0.0,1.0,343.57,24.58,705.5,1.0,0
0.0,0.0,3.0,33.0,1.0,3.0,297.56,17.66,535.0,1.0,1
0.0,0.0,-22.0,5.0,0.0,8.0,348.95500000000004,15.83,623.0,1.0,0
0.0,0.0,-6.0,21.0,0.0,3.0,251.84,20.86,637.0,1.0,0
0.0,0.0,5.0,41.0,1.0,5.5,348.95500000000004,38.94,1236.0,2.0,0
0.0,0.0,-12.0,16.0,0.0,10.0,218.27,19.27,1057.0,1.0,0
0.0,0.0,-8.0,7.0,0.0,1.0,348.95500000000004,14.06,515.0,3.0,0
0.0,0.0,-1.0,22.0,0.0,2.0,268.62,19.62,1020.0,4.0,0
0.0,0.0,-14.0,1.0,0.0,1.0,284.9,35.91,526.0,2.0,0
0.0,0.0,8.0,30.0,1.0,1.0,219.42,38.94,1558.0,3.0,0
0.0,0.0,-6.0,11.0,0.0,1.0,217.06,17.16,1588.0,4.0,0
0.0,0.0,-21.0,6.0,0.0,10.0,348.95500000000004,21.46,2353.0,2.0,0
0.0,0.0,-9.0,7.0,0.0,1.0,348.95500000000004,37.66,267.0,3.0,0
0.0,0.0,-18.0,14.0,0.0,1.0,348.95500000000004,17.14,915.0,2.0,1
0.0,0.0,-22.0,21.0,0.0,1.0,240.67,16.67,279.0,1.0,1
0.0,0.0,-5.0,19.0,0.0,4.0,348.95500000000004,27.01,616.0,3.0,0
0.0,0.0,-16.0,14.0,0.0,10.0,348.95500000000004,38.94,2157.0,3.0,0
0.0,0.0,-13.0,28.0,0.0,10.0,348.95500000000004,23.9,1499.0,1.0,0
0.0,0.0,-6.0,16.0,0.0,3.0,348.95500000000004,38.94,526.0,2.0,0
0.0,0.0,-17.0,17.0,0.0,4.0,216.86,27.86,713.0,1.0,0
0.0,0.0,-10.0,12.0,0.0,10.0,348.95500000000004,24.99,1142.0,2.0,0
0.0,0.0,-7.0,8.0,0.0,1.0,348.95500000000004,11.57,874.0,1.0,0
0.0,0.0,-18.0,16.0,0.0,10.0,348.95500000000004,25.18,1328.0,1.0,0
0.0,0.0,-17.0,6.0,0.0,1.0,217.91,19.01,487.0,3.0,0
0.0,0.0,-3.0,19.0,0.0,4.0,348.95500000000004,38.94,492.0,1.0,0
0.0,0.0,-3.0,19.0,0.0,6.0,245.45,35.46,516.0,1.0,0
0.0,0.0,-14.0,11.0,0.0,1.0,348.95500000000004,38.94,1953.0,1.0,0
0.0,0.0,-32.0,9.0,0.0,1.0,348.95500000000004,38.94,1511.0,1.0,0
0.0,0.0,-19.0,18.0,0.0,2.0,348.95500000000004,38.94,281.0,1.0,0
0.0,0.0,-12.0,22.0,0.0,10.0,348.95500000000004,38.94,94.0,1.0,0
0.0,0.0,-20.0,6.0,0.0,8.0,348.95500000000004,21.95,878.0,1.0,0
0.0,0.0,-10.0,9.0,0.0,10.0,243.58,38.94,478.0,1.0,0
0.0,0.0,-3.0,18.0,0.0,1.0,273.42,33.62,178.0,2.0,0
0.0,0.0,-25.0,8.0,0.0,2.0,348.95500000000004,20.75,2034.0,1.0,0
0.0,0.0,-16.0,9.0,0.0,10.0,296.32,38.94,2030.0,1.0,0
0.0,0.0,-12.0,20.0,0.0,3.0,208.48,18.58,325.0,1.0,0
0.0,0.0,10.0,41.0,1.0,5.0,348.95500000000004,38.94,1138.0,2.0,1
0.0,0.0,-9.0,9.0,0.0,1.0,348.95500000000004,36.53,232.0,1.0,0
0.0,0.0,-29.0,8.0,0.0,4.0,231.0,17.0,236.0,1.0,0
0.0,0.0,-10.0,8.0,0.0,9.0,232.12,17.13,604.0,1.0,0
0.0,0.0,-4.0,22.0,0.0,5.0,348.95500000000004,38.94,2644.0,6.0,0
0.0,0.0,-22.0,10.0,0.0,10.0,348.95500000000004,38.94,545.0,6.0,0
0.0,0.0,-9.0,3.0,0.0,1.0,348.95500000000004,38.94,1384.0,5.0,0
0.0,0.0,15.0,56.0,1.0,4.0,231.55,38.94,1598.0,1.0,0
0.0,0.0,-3.0,23.0,0.0,5.0,246.26,16.36,236.0,1.0,0
0.0,0.0,-12.0,12.0,0.0,1.0,284.81,14.91,273.0,1.0,0
0.0,0.0,-4.0,25.0,0.0,1.0,298.3,38.94,1285.0,1.0,1
0.0,0.0,-10.0,17.0,0.0,10.0,348.95500000000004,34.66,1648.0,1.0,0
0.0,0.0,-13.0,6.0,0.0,2.0,348.95500000000004,15.55,821.0,3.0,0
0.0,0.0,-11.0,10.0,0.0,1.0,276.85,14.85,541.0,1.0,0
0.0,0.0,-1.0,28.0,0.0,5.0,267.17,18.18,2025.0,2.0,0
0.0,0.0,-10.0,14.0,0.0,6.0,348.95500000000004,38.94,496.0,1.0,0
0.0,0.0,-8.0,7.0,0.0,2.0,348.95500000000004,38.94,2235.0,1.0,0
0.0,0.0,-6.0,17.0,0.0,4.0,231.74,18.74,855.0,2.0,0
0.0,0.0,-33.0,11.0,0.0,5.0,237.54,27.55,516.0,1.0,0
0.0,0.0,-20.0,3.0,0.0,4.0,348.95500000000004,34.24,781.0,2.0,0
0.0,0.0,-21.0,3.0,0.0,8.0,238.82,38.94,3771.0,2.0,1
0.0,0.0,-10.0,8.0,0.0,10.0,309.94,30.14,249.0,1.0,0
0.0,0.0,-5.0,23.0,0.0,1.0,348.95500000000004,38.94,420.0,1.0,0
0.0,0.0,-10.0,4.0,0.0,1.0,348.95500000000004,27.09,1415.0,6.0,0
0.0,0.0,-13.0,13.0,0.0,1.0,251.39999999999998,15.4,726.0,3.0,0
0.0,0.0,-4.0,21.0,0.0,3.0,250.01,30.02,356.0,1.0,0
0.0,0.0,-27.0,4.0,0.0,4.0,348.95500000000004,18.59,691.0,2.0,1
0.0,0.0,-20.0,1.0,0.0,5.0,348.95500000000004,38.94,370.0,3.0,1
0.0,0.0,-21.0,11.0,0.0,8.0,256.67,38.94,1156.0,2.0,0
0.0,0.0,-2.0,13.0,0.0,2.0,241.19,22.19,365.0,3.0,0
0.0,0.0,-5.0,34.0,0.0,1.0,282.26,36.28,606.0,2.0,0
0.0,0.0,-15.0,6.0,0.0,1.0,233.67,38.94,447.0,5.0,0
0.0,0.0,-16.0,8.0,0.0,10.0,343.87,13.88,1222.0,2.0,0
0.0,0.0,-12.0,8.0,0.0,1.0,348.95500000000004,17.17,690.0,2.0,0
0.0,0.0,-10.0,19.0,0.0,1.0,348.95500000000004,38.94,2223.0,1.0,0
0.0,0.0,-15.0,9.0,0.0,8.0,299.74,19.84,624.0,2.0,0
0.0,0.0,-1.0,30.0,0.0,6.0,348.95500000000004,17.46,407.0,1.0,0
0.0,0.0,-22.0,11.0,0.0,3.0,317.34,18.34,625.0,1.0,0
0.0,0.0,-6.0,6.0,0.0,10.0,348.95500000000004,38.94,1202.0,4.0,0
0.0,0.0,-21.0,2.0,0.0,3.0,346.09,28.09,1171.5,2.0,0
0.0,0.0,-15.0,6.0,0.0,10.0,348.95500000000004,25.48,819.0,2.0,0
0.0,0.0,-6.0,14.0,0.0,9.0,348.95500000000004,38.94,1100.0,4.0,0
0.0,0.0,-12.0,8.0,0.0,1.0,209.81,20.81,541.0,4.0,0
0.0,0.0,9.0,26.0,1.0,3.0,192.14,32.15,621.0,1.0,1
0.0,0.0,-12.0,9.0,0.0,1.0,286.59,17.59,582.0,1.0,0
0.0,0.0,-16.0,10.0,0.0,10.0,348.95500000000004,24.09,316.0,1.0,0
0.0,0.0,-13.0,3.0,0.0,2.0,300.21,10.22,593.0,2.0,0
0.0,0.0,-7.0,24.0,0.0,24.0,325.37,27.37,1019.0,3.0,0
0.0,0.0,-12.0,8.0,0.0,4.0,220.37,20.37,466.0,1.0,0
0.0,0.0,-17.0,7.0,0.0,5.0,272.8,38.94,756.0,1.0,0
0.0,0.0,-1.0,20.0,0.0,7.0,348.95500000000004,16.71,283.0,1.0,0
0.0,0.0,-15.0,10.0,0.0,1.0,281.82,27.82,286.0,1.0,1
0.0,0.0,-17.0,13.0,0.0,4.0,337.62,38.94,236.0,1.0,0
0.0,0.0,-15.0,11.0,0.0,6.0,289.45,19.46,482.0,1.0,0
0.0,0.0,-13.0,8.0,0.0,10.0,342.02,17.02,2644.0,6.0,0
0.0,0.0,-14.0,29.0,0.0,2.0,348.95500000000004,25.81,1654.0,3.0,0
0.0,0.0,-9.0,12.0,0.0,2.0,348.95500000000004,21.15,440.0,2.0,0
0.0,0.0,-1.0,15.0,0.0,1.0,330.64,14.65,1655.0,2.0,0
0.0,0.0,-21.0,8.0,0.0,1.0,316.58,38.94,1418.0,4.0,1
0.0,0.0,6.0,40.0,1.0,24.0,348.95500000000004,38.94,554.0,1.0,1
0.0,0.0,-20.0,3.0,0.0,10.0,348.95500000000004,27.76,1112.0,2.0,0
0.0,0.0,-16.0,14.0,0.0,1.0,348.95500000000004,38.94,725.0,2.0,1
0.0,0.0,-14.0,14.0,0.0,3.0,245.15,38.94,906.0,2.0,0
0.0,0.0,-24.0,20.0,0.0,1.0,257.94,38.94,1290.0,1.0,0
0.0,0.0,-15.0,13.0,0.0,1.0,211.93,18.93,2558.0,1.0,0
0.0,0.0,-13.0,7.0,0.0,1.0,348.95500000000004,38.36,719.0,6.0,0
0.0,0.0,-9.0,6.0,0.0,6.0,307.98,38.94,786.0,3.0,1
0.0,0.0,-4.0,13.0,0.0,4.0,249.46,38.94,215.66666666666666,1.0,0
0.0,0.0,-18.0,9.0,0.0,10.0,348.95500000000004,32.05,471.0,1.0,1
0.0,0.0,-7.0,16.0,0.0,8.0,348.95500000000004,18.53,273.0,1.0,0
0.0,0.0,-34.0,1.0,0.0,3.0,192.95,23.060000000000002,722.5,3.0,1
0.0,0.0,-2.0,8.0,0.0,5.0,348.95500000000004,17.34,2853.0,1.0,0
0.0,0.0,-20.0,16.0,0.0,5.0,348.95500000000004,28.63,492.0,1.0,0
0.0,0.0,-8.0,4.0,0.0,1.5,244.15,14.16,985.0,1.0,0
0.0,0.0,-14.0,7.0,0.0,8.0,342.02,17.02,2644.0,6.0,0
0.0,0.0,-7.0,19.0,0.0,1.0,225.22,17.22,1890.0,2.0,0
0.0,0.0,-33.0,7.0,0.0,1.0,243.11,24.11,1177.0,1.0,0
0.0,0.0,-44.0,12.0,0.0,1.0,348.95500000000004,28.71,625.0,1.0,0
0.0,0.0,-30.0,14.0,0.0,3.0,256.09,38.94,447.0,2.0,0
0.0,0.0,-2.0,20.0,0.0,8.0,348.95500000000004,38.94,341.0,2.0,0
0.0,0.0,-19.0,4.0,0.0,2.0,221.9,13.9,408.0,2.0,0
0.0,0.0,-27.0,6.0,0.0,3.0,251.07,18.07,84.0,1.0,0
0.0,0.0,-10.0,8.0,0.0,8.0,297.2,9.2,772.0,1.0,0
0.0,0.0,-20.0,7.0,0.0,4.0,285.58,38.94,186.0,2.0,0
0.0,0.0,-2.0,35.0,0.0,1.0,186.24,36.37,209.0,1.0,0
0.0,0.0,-10.0,12.0,0.0,8.0,348.95500000000004,20.23,144.0,1.0,0
0.0,0.0,-7.0,21.0,0.0,1.0,223.78,38.94,1187.0,1.0,1
0.0,0.0,-10.0,2.0,0.0,4.0,254.22,14.23,985.0,1.0,0
0.0,0.0,-12.0,9.0,0.0,4.0,306.16,9.66,2013.0,4.0,0
0.0,0.0,-11.0,10.0,0.0,8.0,348.95500000000004,38.94,706.0,2.0,0
0.0,0.0,-16.0,8.0,0.0,4.0,236.57,22.58,934.0,1.0,0
0.0,0.0,-13.0,11.0,0.0,1.0,212.86,38.94,851.0,1.0,0
0.0,0.0,-16.0,5.0,0.0,7.0,348.95500000000004,38.94,761.0,2.0,0
0.0,0.0,0.0,34.0,0.0,1.0,254.75,36.85,240.0,1.0,0
0.0,0.0,-13.0,14.0,0.0,7.0,348.95500000000004,38.94,3611.0,4.0,0
0.0,0.0,-32.0,9.0,0.0,1.0,303.42,13.42,443.0,1.0,1
0.0,0.0,-12.0,10.0,0.0,3.5,342.02,17.02,2644.0,6.0,0
0.0,0.0,-9.0,4.0,0.0,8.0,348.95500000000004,38.94,1199.0,10.0,0
0.0,0.0,-14.0,12.0,0.0,1.0,348.95500000000004,21.45,1784.0,6.0,0
0.0,0.0,-7.0,15.0,0.0,10.0,348.95500000000004,38.94,1186.0,4.0,0
0.0,0.0,-10.0,17.0,0.0,10.0,348.95500000000004,38.94,912.0,2.0,0
0.0,0.0,-26.0,7.0,0.0,1.0,348.95500000000004,21.58,569.0,1.0,0
0.0,0.0,-10.0,10.0,0.0,2.0,270.88,16.88,2358.0,6.0,0
0.0,0.0,-13.0,6.0,0.0,1.0,348.95500000000004,38.94,2245.0,1.0,0
0.0,0.0,-20.0,8.0,0.0,10.0,252.09,22.1,934.0,1.0,0
0.0,0.0,0.0,29.0,0.0,5.0,296.71,16.71,772.0,1.0,0
0.0,0.0,-10.0,19.0,0.0,3.0,196.5,17.5,380.0,2.0,0
0.0,0.0,-28.0,9.0,0.0,1.0,288.46,19.46,1450.0,1.0,1
0.0,0.0,-18.0,7.0,0.0,2.0,216.0,38.94,2526.0,1.0,1
0.0,0.0,-5.0,18.0,0.0,8.0,204.28,25.92,1244.0,3.0,0
0.0,0.0,-18.0,14.0,0.0,8.0,348.95500000000004,24.68,1811.0,6.0,0
0.0,0.0,-14.0,27.0,0.0,3.0,348.95500000000004,38.94,321.2,1.0,1
0.0,0.0,-12.0,11.0,0.0,10.0,348.95500000000004,18.46,764.0,2.0,0
0.0,0.0,-18.0,8.0,0.0,10.0,348.95500000000004,22.57,1201.0,1.0,0
0.0,0.0,-26.0,13.0,0.0,4.0,348.95500000000004,26.13,807.0,1.0,0
0.0,0.0,-14.0,13.0,0.0,3.0,348.95500000000004,21.12,899.0,1.0,0
0.0,0.0,-13.0,9.0,0.0,6.0,302.46,19.26,1258.0,4.0,0
0.0,0.0,7.0,33.0,1.0,1.0,348.95500000000004,38.94,903.0,6.0,1
0.0,0.0,5.0,31.0,1.0,10.0,348.95500000000004,27.55,780.0,2.0,0
0.0,0.0,-7.0,20.0,0.0,8.0,277.25,18.25,1017.0,5.0,0
0.0,0.0,-34.0,12.0,0.0,10.0,348.95500000000004,38.94,1590.0,4.0,0
0.0,0.0,0.0,2.0,0.0,10.0,255.46,10.47,851.0,2.0,0
0.0,0.0,1.0,25.0,1.0,8.0,348.95500000000004,38.94,1176.0,3.0,0
0.0,0.0,17.0,44.0,1.0,1.0,249.08,17.38,594.0,1.0,0
0.0,0.0,-8.0,9.0,0.0,3.0,267.99,18.0,439.0,1.0,0
0.0,0.0,-34.0,8.0,0.0,10.0,348.95500000000004,32.36,1841.0,1.0,0
0.0,0.0,-21.0,5.0,0.0,1.0,247.76,17.86,997.0,1.0,0
0.0,0.0,-14.0,14.0,0.0,3.0,217.43,38.94,188.0,5.0,0
0.0,0.0,-6.0,21.0,0.0,10.0,348.95500000000004,21.8,1072.0,4.0,0
0.0,0.0,-14.0,10.0,0.0,1.0,197.66,38.94,241.0,1.0,0
0.0,0.0,-9.0,9.0,0.0,1.0,224.83,14.83,702.0,1.0,0
0.0,0.0,-8.0,7.0,0.0,1.0,348.95500000000004,38.94,582.0,1.0,0
0.0,0.0,-10.0,17.0,0.0,10.0,255.84,36.04,189.0,1.0,1
0.0,0.0,-7.0,4.0,0.0,10.0,250.58,38.94,480.0,1.0,0
0.0,0.0,-20.0,6.0,0.0,6.0,348.95500000000004,33.5,1277.0,5.0,0
0.0,0.0,-38.0,6.0,0.0,1.0,348.95500000000004,38.94,2432.0,4.0,0
0.0,0.0,-5.0,30.0,0.0,5.0,348.95500000000004,31.96,625.0,1.0,0
0.0,0.0,-3.0,20.0,0.0,8.0,348.95500000000004,23.97,155.0,2.0,0
0.0,0.0,-16.0,15.0,0.0,8.0,201.46,33.62,1286.0,1.0,0
0.0,0.0,-33.0,14.0,0.0,1.0,348.95500000000004,28.19,625.0,1.0,0
0.0,0.0,-2.0,12.0,0.0,4.0,348.95500000000004,38.94,811.0,5.0,0
0.0,0.0,-4.0,9.0,0.0,3.0,313.54,13.55,1384.0,5.0,0
0.0,0.0,29.0,53.0,1.0,3.0,256.45,26.45,928.0,2.0,1
0.0,0.0,-15.0,25.0,0.0,1.0,348.95500000000004,38.94,520.5,2.0,0
0.0,0.0,-15.0,7.0,0.0,4.0,237.15,38.94,977.0,1.0,0
0.0,0.0,18.0,35.0,1.0,8.0,348.95500000000004,28.75,810.0,1.0,1
0.0,0.0,-11.0,51.0,0.0,12.0,323.89,38.94,1960.3333333333333,4.0,1
0.0,0.0,-17.0,6.0,0.0,6.0,348.95500000000004,38.94,891.0,1.0,1
0.0,0.0,-12.0,13.0,0.0,1.0,250.74,34.94,590.0,1.0,0
0.0,0.0,-22.0,4.0,0.0,1.0,348.95500000000004,24.77,126.0,2.0,0
0.0,0.0,-6.0,29.0,0.0,6.0,184.36,36.36,886.0,3.0,0
0.0,0.0,2.0,29.0,1.0,10.0,348.95500000000004,38.94,1345.0,8.0,0
0.0,0.0,6.0,34.0,1.0,3.0,348.95500000000004,38.94,2644.0,6.0,1
0.0,0.0,-26.0,7.0,0.0,1.0,229.11,38.94,423.0,2.0,0
0.0,0.0,-30.0,4.0,0.0,7.0,348.95500000000004,38.94,1811.0,6.0,0
0.0,0.0,-22.0,6.0,0.0,4.0,266.5,34.5,1124.0,1.0,0
0.0,0.0,-13.0,13.0,0.0,1.0,197.65,38.94,831.0,7.0,0
0.0,0.0,-9.0,11.0,0.0,10.0,348.95500000000004,18.14,850.0,1.0,0
0.0,0.0,-6.0,17.0,0.0,1.0,213.98,38.94,563.0,6.0,0
0.0,0.0,-10.0,10.0,0.0,1.3333333333333333,348.95500000000004,38.51,3632.0,4.0,0
0.0,0.0,-18.0,10.0,0.0,2.0,190.99,25.99,402.0,2.0,0
0.0,0.0,-14.0,9.0,0.0,2.0,200.55,23.56,1456.0,1.0,0
0.0,0.0,-15.0,13.0,0.0,2.0,348.95500000000004,38.94,254.0,2.0,0
0.0,0.0,-1.0,15.0,0.0,1.0,300.8,38.94,383.3333333333333,1.0,1
0.0,0.0,-19.0,53.0,0.0,4.0,219.27,38.94,985.0,1.0,0
0.0,0.0,-22.0,19.0,0.0,8.0,348.95500000000004,31.21,520.0,1.0,0
0.0,0.0,-25.0,9.0,0.0,7.0,190.48,23.49,1456.0,1.0,0
0.0,0.0,-13.0,11.0,0.0,4.0,348.95500000000004,30.02,287.0,1.0,0
0.0,0.0,-10.0,15.0,0.0,5.0,348.95500000000004,21.38,468.0,1.0,0
0.0,0.0,-9.0,13.0,0.0,8.0,275.76,20.76,2197.0,3.0,0
0.0,0.0,-10.0,3.0,0.0,8.0,348.95500000000004,11.14,792.0,3.0,0
0.0,0.0,-6.0,23.0,0.0,1.0,327.37,27.38,1892.0,4.0,0
0.0,0.0,-8.0,9.0,0.0,1.0,198.48,8.58,654.0,4.0,0
0.0,0.0,-28.0,18.0,0.0,1.0,215.06,35.06,871.0,4.0,0
0.0,0.0,10.0,30.0,1.0,2.0,221.47,38.94,226.0,6.0,1
0.0,0.0,-11.0,10.0,0.0,10.0,348.95500000000004,38.94,415.0,1.0,0
0.0,0.0,-3.0,25.0,0.0,8.0,246.38,26.38,313.0,1.0,0
0.0,0.0,-14.0,12.0,0.0,5.0,348.95500000000004,31.23,616.0,3.0,0
0.0,0.0,-8.0,16.0,0.0,10.0,348.95500000000004,17.25,2881.0,1.0,0
0.0,0.0,-18.0,15.0,0.0,10.0,348.95500000000004,21.38,468.0,1.0,1
0.0,0.0,-8.0,11.0,0.0,8.0,307.42,38.94,1031.0,6.0,0
0.0,0.0,-21.0,11.0,0.0,6.0,348.95500000000004,38.94,1463.0,3.0,0
0.0,0.0,-25.0,10.0,0.0,5.0,348.95500000000004,38.94,625.0,1.0,0
0.0,0.0,-8.0,14.0,0.0,3.0,348.95500000000004,38.94,1209.0,1.0,0
0.0,0.0,-23.0,9.0,0.0,1.0,218.04,38.94,832.0,1.0,0
0.0,0.0,-9.0,17.0,0.0,4.0,348.95500000000004,38.94,2566.0,1.0,0
0.0,0.0,-19.0,15.0,0.0,6.0,329.87,37.37,648.0,6.0,0
0.0,0.0,-17.0,7.0,0.0,1.0,348.95500000000004,38.94,675.0,3.0,0
0.0,0.0,-9.0,7.0,0.0,3.0,311.1,11.11,823.0,2.0,0
0.0,0.0,-10.0,10.0,0.0,4.0,213.81,23.91,1483.0,2.0,0
0.0,0.0,-2.0,31.0,0.0,1.0,348.95500000000004,38.94,868.0,1.0,0
0.0,0.0,-21.0,6.0,0.0,1.0,310.11,20.13,1796.0,3.0,0
0.0,0.0,-16.0,7.0,0.0,8.0,233.01,38.94,606.0,2.0,0
0.0,0.0,-2.0,18.0,0.0,1.0,348.95500000000004,38.94,1719.0,3.0,0
0.0,0.0,-6.0,11.0,0.0,10.0,305.56,38.94,757.0,1.0,0
0.0,0.0,-19.0,9.0,0.0,6.0,222.86,32.86,904.0,6.0,0
0.0,0.0,-7.0,10.0,0.0,8.0,348.95500000000004,26.55,213.0,6.0,0
0.0,0.0,15.0,43.0,1.0,6.0,348.95500000000004,38.94,662.0,2.0,0
0.0,0.0,-1.0,23.0,0.0,5.0,283.67,37.05,1246.0,1.0,0
0.0,0.0,-14.0,12.0,0.0,1.0,215.14,16.14,500.0,1.0,0
0.0,0.0,-10.0,20.0,0.0,10.0,348.95500000000004,17.51,1331.0,2.0,0
0.0,0.0,-21.0,6.0,0.0,15.0,348.95500000000004,34.51,3611.0,4.0,0
0.0,0.0,-14.0,13.0,0.0,10.0,348.95500000000004,22.07,452.0,1.0,0
0.0,0.0,1.0,10.0,1.0,10.0,348.95500000000004,38.94,454.0,2.0,0
0.0,0.0,-27.0,4.0,0.0,8.0,348.95500000000004,38.94,956.0,1.0,0
0.0,0.0,-8.0,11.0,0.0,3.0,292.63,22.73,1351.0,7.0,0
0.0,0.0,-13.0,7.0,0.0,10.0,348.95500000000004,31.2,248.0,4.0,0
0.0,0.0,-6.0,13.0,0.0,6.0,348.95500000000004,13.99,1655.0,2.0,0
0.0,0.0,-9.0,27.0,0.0,2.0,252.79,17.89,225.0,1.0,0
0.0,0.0,-14.0,34.0,0.0,1.0,263.12,29.14,1295.0,2.0,1
0.0,0.0,-29.0,11.0,0.0,4.0,253.82,38.94,850.0,1.0,0
0.0,0.0,-12.0,29.0,0.0,10.0,257.34,16.44,391.0,3.0,0
0.0,0.0,-17.0,10.0,0.0,8.0,217.01,38.94,127.0,5.0,0
0.0,0.0,-8.0,25.0,0.0,10.0,242.59,27.59,708.0,2.0,0
0.0,0.0,-17.0,16.0,0.0,10.0,321.98,38.94,1332.0,2.0,0
0.0,0.0,4.0,31.0,1.0,1.0,267.28,17.38,1060.0,1.0,1
0.0,0.0,-14.0,20.0,0.0,5.0,348.95500000000004,21.27,623.0,1.0,0
0.0,0.0,-13.0,9.0,0.0,1.0,308.3,19.3,1892.0,4.0,0
0.0,0.0,2.0,23.0,1.0,4.0,225.43,26.43,183.0,1.0,0
0.0,0.0,-27.0,20.0,0.0,1.0,348.95500000000004,38.94,1800.0,7.0,0
0.0,0.0,-16.0,6.0,0.0,5.0,251.02,21.03,985.0,1.0,0
0.0,0.0,-13.0,26.0,0.0,4.0,247.07,28.07,617.0,2.0,0
0.0,0.0,-15.0,10.0,0.0,1.0,348.95500000000004,38.94,1899.0,3.0,0
0.0,0.0,-17.0,7.0,0.0,10.0,348.95500000000004,26.95,1650.0,4.0,0
0.0,0.0,-22.0,10.0,0.0,2.0,279.12,38.94,188.0,1.0,0
0.0,0.0,-36.0,17.0,0.0,1.0,313.5,13.6,2165.0,2.0,0
0.0,0.0,-10.0,5.0,0.0,1.0,207.55,8.65,499.0,1.0,0
0.0,0.0,-16.0,4.0,0.0,1.0,348.95500000000004,14.09,758.0,7.0,0
0.0,0.0,-23.0,8.0,0.0,5.0,245.34,38.94,470.0,2.0,0
0.0,0.0,-21.0,5.0,0.0,4.0,202.45,13.45,965.0,3.0,0
0.0,0.0,-21.0,3.0,0.0,6.0,348.95500000000004,22.18,3839.0,4.0,0
0.0,0.0,-9.0,24.0,0.0,2.0,311.1,38.94,188.0,2.0,0
0.0,0.0,-19.0,12.0,0.0,8.0,348.95500000000004,38.94,998.0,3.0,0
0.0,0.0,-15.0,9.0,0.0,3.0,233.8,33.83,409.0,1.0,0
0.0,0.0,-11.0,1.0,0.0,1.0,329.98,10.98,1914.0,5.0,0
0.0,0.0,-5.0,17.0,0.0,4.0,206.87,26.88,2188.0,2.0,1
0.0,0.0,-10.0,7.0,0.0,1.0,348.95500000000004,38.94,1527.0,4.0,0
0.0,0.0,-12.0,8.0,0.0,4.0,348.95500000000004,35.92,855.0,1.0,0
0.0,0.0,-8.0,9.0,0.0,10.0,255.78,36.88,833.0,4.0,0
0.0,0.0,-12.0,14.0,0.0,1.0,193.6,35.6,223.0,4.0,0
0.0,0.0,-20.0,7.0,0.0,10.0,348.95500000000004,30.6,2807.0,1.0,0
0.0,0.0,-10.0,14.0,0.0,5.0,279.15,23.5,710.0,4.0,1
0.0,0.0,-8.0,16.0,0.0,10.0,201.16,21.17,342.0,1.0,0
0.0,0.0,-18.0,8.0,0.0,2.0,348.95500000000004,16.31,2492.0,4.0,1
0.0,0.0,-16.0,11.0,0.0,4.0,283.47,38.94,941.0,2.0,0
0.0,0.0,-38.0,20.0,0.0,1.0,348.95500000000004,21.1,874.0,1.0,0
0.0,0.0,9.0,43.0,1.0,3.0,216.64,16.28,456.0,1.0,1
0.0,0.0,0.0,21.0,0.0,1.0,348.95500000000004,18.39,625.0,1.0,0
0.0,0.0,-7.0,22.0,0.0,3.0,190.37,38.94,1893.0,1.0,0
0.0,0.0,-12.0,4.0,0.0,4.0,348.95500000000004,38.94,1337.0,2.5,0
0.0,0.0,-22.0,14.0,0.0,1.0,348.95500000000004,17.04,606.0,2.0,0
0.0,0.0,-9.0,15.0,0.0,8.0,206.99,16.09,232.0,1.0,0
0.0,0.0,-7.0,10.0,0.0,1.0,348.95500000000004,17.84,452.0,1.0,0
0.0,0.0,-15.0,19.0,0.0,12.0,348.95500000000004,38.94,1342.0,1.0,0
0.0,0.0,-24.0,6.0,0.0,6.0,260.36,16.47,594.0,1.0,0
0.0,0.0,-22.0,11.0,0.0,1.0,308.41,38.94,600.5,4.0,1
0.0,0.0,-15.0,9.0,0.0,10.0,282.65,22.66,793.0,1.0,0
0.0,0.0,-11.0,19.0,0.0,4.0,299.34,38.94,3016.0,1.0,0
0.0,0.0,-14.0,8.0,0.0,1.0,322.8,22.9,435.0,1.0,0
0.0,0.0,-9.0,16.0,0.0,4.0,348.95500000000004,17.8,657.0,1.0,0
0.0,0.0,-14.0,6.0,0.0,8.0,267.28,17.38,298.0,1.0,0
0.0,0.0,-10.0,4.0,0.0,3.0,335.47,10.47,2644.0,6.0,0
0.0,0.0,-13.0,18.0,0.0,3.0,193.2,26.21,1456.0,1.0,0
0.0,0.0,-32.0,11.0,0.0,8.0,348.95500000000004,38.94,1811.0,6.0,0
0.0,0.0,-17.0,6.0,0.0,2.0,190.57,21.67,409.0,5.0,0
0.0,0.0,-12.0,12.0,0.0,3.0,210.22,19.22,3784.0,7.0,0
0.0,0.0,-14.0,3.0,0.0,6.0,227.24,27.44,273.0,1.0,0
0.0,0.0,-1.0,5.0,0.0,2.0,348.95500000000004,33.42,725.0,3.0,0
0.0,0.0,-10.0,8.0,0.0,4.0,277.64,13.35,779.0,2.0,0
0.0,0.0,-2.0,18.0,0.0,6.0,225.88,26.08,259.0,1.0,0
0.0,0.0,-17.0,11.0,0.0,10.0,232.07,19.07,855.0,2.0,0
0.0,0.0,-9.0,15.0,0.0,8.0,209.2,19.21,232.0,1.0,0
0.0,0.0,-24.0,10.0,0.0,1.0,213.65,27.84,2455.0,2.0,0
0.0,0.0,-7.0,10.0,0.0,10.0,348.95500000000004,38.94,1010.0,7.0,0
0.0,0.0,-16.0,5.0,0.0,5.0,348.95500000000004,14.75,925.0,3.0,0
0.0,0.0,-21.0,14.0,0.0,10.0,348.95500000000004,18.0,369.0,2.0,0
0.0,0.0,-18.0,8.0,0.0,2.0,247.08,37.08,895.0,1.0,1
0.0,0.0,-14.0,8.0,0.0,1.0,309.35,10.45,982.0,1.0,0
0.0,0.0,-17.0,7.0,0.0,8.0,307.31,33.31,631.5,2.0,1
0.0,0.0,-12.0,13.0,0.0,4.0,206.84,36.85,1350.0,1.0,0
0.0,0.0,-22.0,15.0,0.0,1.0,348.95500000000004,38.94,625.0,1.0,0
0.0,0.0,10.0,46.0,1.0,1.0,241.27,26.78,3527.0,2.0,1
0.0,0.0,2.0,33.0,1.0,10.0,300.49,38.94,756.0,1.0,0
0.0,0.0,-10.0,22.0,0.0,9.0,348.95500000000004,38.94,562.0,2.0,0
0.0,0.0,-30.0,6.0,0.0,1.0,348.95500000000004,38.94,2959.0,4.0,1
0.0,0.0,-21.0,17.0,0.0,10.0,348.95500000000004,24.87,956.0,4.0,0
0.0,0.0,-29.0,6.0,0.0,3.0,273.88,38.94,674.0,3.0,0
0.0,0.0,-7.0,15.0,0.0,1.0,348.95500000000004,17.69,535.0,1.0,0
0.0,0.0,-19.0,10.0,0.0,10.0,348.95500000000004,20.75,1485.0,1.0,0
0.0,0.0,-7.0,18.0,0.0,7.0,236.21,26.31,1206.0,4.0,0
0.0,0.0,-13.0,8.0,0.0,5.0,348.95500000000004,38.94,1404.0,4.0,0
0.0,0.0,-9.0,7.0,0.0,1.0,332.2,30.759999999999998,260.5,2.0,0
0.0,0.0,-22.0,11.0,0.0,1.0,326.92,16.92,220.0,1.0,0
0.0,0.0,-20.0,10.0,0.0,15.0,348.95500000000004,38.94,581.0,1.0,0
0.0,0.0,-9.0,15.0,0.0,2.0,348.95500000000004,38.94,500.0,1.0,0
0.0,0.0,-19.0,6.0,0.0,4.0,348.95500000000004,28.14,1163.0,2.0,0
0.0,0.0,-13.0,21.0,0.0,1.0,348.95500000000004,38.94,289.0,1.0,0
0.0,0.0,-16.0,2.0,0.0,1.0,199.07,9.07,2134.0,1.0,0
0.0,0.0,-12.0,9.0,0.0,1.0,268.81,20.93,1051.0,1.0,0
0.0,0.0,-19.0,10.0,0.0,3.0,212.32,32.52,247.0,2.0,1
0.0,0.0,3.0,37.0,1.0,1.0,304.35,38.94,757.0,1.0,1
0.0,0.0,-18.0,9.0,0.0,4.0,308.3,19.3,1892.0,4.0,0
0.0,0.0,-13.0,10.0,0.0,3.0,293.92,20.02,551.0,1.0,0
0.0,0.0,0.0,22.0,0.0,1.0,225.13,17.22,455.0,1.0,1
0.0,0.0,-19.0,9.0,0.0,1.0,237.52,38.94,175.0,1.0,0
0.0,0.0,-16.0,6.0,0.0,18.0,348.95500000000004,18.7,107.0,1.0,0
0.0,0.0,3.0,27.0,1.0,2.0,211.17,15.27,462.0,1.0,0
0.0,0.0,-14.0,14.0,0.0,4.0,348.95500000000004,23.97,382.0,2.0,0
0.0,0.0,-34.0,20.0,0.0,4.0,348.95500000000004,23.9,1241.0,1.0,0
0.0,0.0,-4.0,13.0,0.0,1.0,348.95500000000004,38.94,3006.0,2.0,0
0.0,0.0,-24.0,11.0,0.0,1.0,348.95500000000004,38.94,982.0,3.0,0
0.0,0.0,-28.0,6.0,0.0,6.0,226.95,38.94,659.0,2.0,0
0.0,0.0,-24.0,7.0,0.0,6.0,348.95500000000004,27.29,1897.0,7.0,0
0.0,0.0,-21.0,9.0,0.0,1.0,219.63,19.64,940.0,1.0,0
0.0,0.0,-5.0,12.0,0.0,10.0,348.95500000000004,38.94,1176.0,3.0,0
0.0,0.0,-8.0,24.0,0.0,1.0,348.95500000000004,15.47,402.0,5.0,0
0.0,0.0,-8.0,7.0,0.0,10.0,313.29,13.3,915.0,2.0,0
0.0,0.0,-13.0,9.0,0.0,3.0,318.34,18.35,1222.0,2.0,0
0.0,0.0,5.0,22.0,1.0,1.0,284.55,19.65,574.0,1.0,1
0.0,0.0,-5.0,7.0,0.0,1.0,310.44,10.45,400.0,1.0,0
0.0,0.0,-2.0,21.0,0.0,10.0,348.95500000000004,38.94,2626.0,6.0,0
0.0,0.0,-27.0,8.0,0.0,1.0,348.95500000000004,17.0,874.0,1.0,0
0.0,0.0,-7.0,17.0,0.0,4.0,223.68,27.69,333.0,1.0,0
0.0,0.0,-12.0,6.0,0.0,10.0,348.95500000000004,16.3,743.0,3.0,1
0.0,0.0,-9.0,28.0,0.0,5.0,348.46,28.56,289.0,1.0,0
0.0,0.0,-12.0,13.0,0.0,8.0,309.07,14.07,906.0,3.0,0
0.0,0.0,-32.0,20.0,0.0,4.0,233.61,24.61,971.0,1.0,0
0.0,0.0,25.0,48.0,1.0,2.0,268.0,28.0,729.0,1.0,1
0.0,0.0,17.0,36.0,1.0,1.0,239.1,38.94,2213.0,1.0,1
0.0,0.0,-25.0,11.0,0.0,4.0,271.84,38.94,743.0,5.0,0
0.0,0.0,-12.0,2.0,0.0,10.0,348.95500000000004,27.03,1034.0,2.5,0
0.0,0.0,-19.0,8.0,0.0,1.0,260.36,16.47,594.0,1.0,0
0.0,0.0,-13.0,18.0,0.0,1.0,243.11,38.94,1002.5,1.0,0
0.0,0.0,-7.0,17.0,0.0,8.0,313.39,33.4,606.0,2.0,0
0.0,0.0,-6.0,28.0,0.0,7.0,223.41,38.94,1456.0,1.0,0
0.0,0.0,-14.0,10.0,0.0,2.0,309.7,31.7,340.0,1.0,0
0.0,0.0,-7.0,25.0,0.0,1.0,315.76,35.76,820.0,1.0,0
0.0,0.0,-10.0,3.0,0.0,1.0,253.23,33.33,2115.0,1.0,0
0.0,0.0,-16.0,18.0,0.0,10.0,348.95500000000004,38.94,1217.0,3.0,0
0.0,0.0,-26.0,6.0,0.0,6.0,348.95500000000004,38.94,2692.0,2.0,0
0.0,0.0,-20.0,12.0,0.0,1.0,348.95500000000004,30.26,388.0,2.0,0
0.0,0.0,-28.0,9.0,0.0,1.0,348.95500000000004,16.44,2138.0,1.0,0
0.0,0.0,-21.0,4.0,0.0,4.0,348.95500000000004,30.58,740.0,1.0,0
0.0,0.0,-15.0,15.0,0.0,1.0,312.18,32.38,228.0,1.0,0
0.0,0.0,-3.0,17.0,0.0,1.0,348.95500000000004,24.09,2352.0,3.0,0
0.0,0.0,-21.0,14.0,0.0,3.0,348.95500000000004,38.94,1755.0,3.0,0
0.0,0.0,-19.0,16.0,0.0,7.0,348.95500000000004,38.94,305.0,1.0,0
0.0,0.0,-20.0,16.0,0.0,8.0,239.77,29.87,236.0,1.0,0
0.0,0.0,-19.0,11.0,0.0,10.0,348.95500000000004,38.94,402.0,1.0,0
0.0,0.0,-14.0,15.0,0.0,1.0,348.95500000000004,31.45,998.0,3.0,1
0.0,0.0,-10.0,3.0,0.0,1.0,279.7,10.7,232.0,1.0,0
0.0,0.0,-20.0,7.0,0.0,1.0,208.72,28.76,606.0,2.0,0
0.0,0.0,-38.0,4.0,0.0,1.0,319.53,19.53,1642.0,1.0,0
0.0,0.0,-28.0,0.0,0.0,6.0,348.95500000000004,38.94,486.0,1.0,1
0.0,0.0,-14.0,4.0,0.0,10.0,212.8,12.9,579.0,1.0,0
0.0,0.0,-9.0,3.0,0.0,4.0,213.31,13.31,684.0,2.0,0
0.0,0.0,-11.0,20.0,0.0,8.0,348.95500000000004,38.94,1595.0,1.0,0
0.0,0.0,-11.0,15.0,0.0,4.0,348.95500000000004,21.73,623.0,1.0,0
0.0,0.0,1.0,36.0,1.0,7.0,344.55,19.55,2644.0,6.0,0
0.0,0.0,-26.0,11.0,0.0,1.5,348.95500000000004,38.94,686.0,2.0,0
0.0,0.0,-12.0,9.0,0.0,5.0,289.18,14.23,2138.0,1.0,0
0.0,0.0,-11.0,11.0,0.0,1.0,299.85,38.94,813.0,1.0,0
0.0,0.0,-20.0,12.0,0.0,3.0,195.73,38.17,733.5,6.0,0
0.0,0.0,-8.0,10.0,0.0,2.0,198.67,38.94,217.5,2.5,0
0.0,0.0,-11.0,8.0,0.0,4.0,348.95500000000004,33.77,217.0,1.0,0
0.0,0.0,-8.0,15.0,0.0,5.0,321.58,22.58,2043.0,5.0,0
0.0,0.0,-13.0,6.0,0.0,8.0,348.95500000000004,11.47,535.0,1.0,0
0.0,0.0,-18.0,18.0,0.0,3.0,270.45,35.45,725.0,2.0,0
0.0,0.0,-23.0,13.0,0.0,4.0,348.95500000000004,32.56,279.0,1.0,0
0.0,0.0,-16.0,19.0,0.0,3.0,348.95500000000004,18.92,234.0,2.0,0
0.0,0.0,-11.0,10.0,0.0,10.0,348.95500000000004,25.65,102.0,1.0,0
0.0,0.0,-14.0,5.0,0.0,3.0,285.63,15.64,2374.0,3.0,0
0.0,0.0,-22.0,8.0,0.0,1.0,316.3,27.3,1892.0,4.0,0
0.0,0.0,-14.0,10.0,0.0,3.0,326.53,38.94,2250.0,1.0,0
0.0,0.0,-11.0,4.0,0.0,1.0,236.7,16.06,919.0,1.0,0
0.0,0.0,-12.0,9.0,0.0,2.0,348.95500000000004,13.94,501.0,4.0,0
0.0,0.0,-3.0,19.0,0.0,1.0,237.07,17.17,260.0,1.0,0
0.0,0.0,-23.0,7.0,0.0,10.0,348.95500000000004,19.75,741.0,2.0,0
0.0,0.0,-11.0,14.0,0.0,6.0,286.64,17.64,232.0,1.0,0
0.0,0.0,-19.0,16.0,0.0,10.0,348.95500000000004,32.13,872.0,2.0,1
0.0,0.0,-29.0,12.0,0.0,1.0,348.95500000000004,38.81,1811.0,6.0,0
0.0,0.0,-14.0,17.0,0.0,1.0,268.84,19.84,1885.0,1.0,0
0.0,0.0,-9.0,10.0,0.0,7.0,348.95500000000004,38.94,397.0,3.0,1
0.0,0.0,-19.0,4.0,0.0,4.0,348.95500000000004,38.94,740.0,1.0,0
0.0,0.0,-23.0,27.0,0.0,1.0,348.95500000000004,38.94,1350.0,1.0,0
0.0,0.0,-22.0,12.0,0.0,4.0,216.83,17.83,1008.0,8.0,0
0.0,0.0,4.0,19.0,1.0,1.0,200.91,14.91,1903.0,1.0,1
0.0,0.0,-15.0,8.0,0.0,5.0,348.95500000000004,38.94,870.0,1.0,0
0.0,0.0,-25.0,9.0,0.0,10.0,338.96,18.98,706.0,1.0,0
0.0,0.0,-7.0,16.0,0.0,10.0,255.56,38.94,154.33333333333334,1.0,0
0.0,0.0,-15.0,9.0,0.0,3.0,220.46,13.79,1440.0,1.0,0
0.0,0.0,-5.0,11.0,0.0,2.0,288.13,18.14,479.0,1.0,0
0.0,0.0,-3.0,18.0,0.0,1.0,246.36,16.36,407.0,1.0,0
0.0,0.0,-37.0,5.0,0.0,1.0,348.95500000000004,13.84,625.0,1.0,0
0.0,0.0,7.0,35.0,1.0,8.0,306.3,38.94,186.5,1.0,1
0.0,0.0,-18.0,7.0,0.0,4.5,291.21000000000004,33.32,659.0,2.0,1
0.0,0.0,-21.0,5.0,0.0,4.0,211.85,38.94,833.0,4.0,0
0.0,0.0,-23.0,17.0,0.0,10.0,348.95500000000004,38.94,422.0,4.0,1
0.0,0.0,-14.0,22.0,0.0,10.0,348.95500000000004,38.94,122.0,1.0,0
0.0,0.0,-11.0,10.0,0.0,4.0,283.52,31.52,481.0,1.0,1
0.0,0.0,-6.0,3.0,0.0,1.0,304.16,24.36,458.5,2.0,0
0.0,0.0,-6.0,15.0,0.0,6.0,348.95500000000004,28.95,729.0,1.0,0
0.0,0.0,-6.0,13.0,0.0,4.0,224.48,14.49,1044.0,1.0,0
0.0,0.0,-9.0,5.0,0.0,2.0,212.5,12.6,261.0,3.0,0
0.0,0.0,9.0,36.0,1.0,1.0,348.95500000000004,38.94,2082.0,1.0,1
0.0,0.0,5.0,28.0,1.0,7.0,322.37,22.47,2795.0,5.0,0
0.0,0.0,-13.0,7.0,0.0,2.0,312.59,13.59,365.0,1.0,0
0.0,0.0,-15.0,10.0,0.0,6.0,236.88,16.98,1132.0,8.0,0
0.0,0.0,-18.0,9.0,0.0,10.0,348.95500000000004,38.94,1040.0,1.0,0
0.0,0.0,15.0,52.0,1.0,3.0,256.16,38.94,1156.0,1.0,1
0.0,0.0,0.0,23.0,0.0,1.0,290.15,38.94,722.0,1.0,0
0.0,0.0,0.0,29.0,0.0,2.0,235.28,16.28,617.0,2.0,0
0.0,0.0,-26.0,10.0,0.0,8.0,242.89,29.89,855.0,2.0,0
0.0,0.0,-3.0,21.0,0.0,3.0,348.95500000000004,16.19,501.0,4.0,0
0.0,0.0,-17.0,10.0,0.0,4.0,348.95500000000004,33.98,1012.0,2.5,1
0.0,0.0,-21.0,12.0,0.0,2.0,293.22,38.94,1156.0,2.0,0
0.0,0.0,-1.0,24.0,0.0,10.0,348.95500000000004,38.94,1290.0,1.0,1
0.0,0.0,-3.0,13.0,0.0,1.0,348.95500000000004,38.94,235.0,2.0,0
0.0,0.0,-7.0,6.0,0.0,1.0,348.95500000000004,38.94,2250.0,1.0,0
0.0,0.0,-17.0,13.0,0.0,4.0,348.95500000000004,38.94,1105.0,1.0,0
0.0,0.0,6.0,32.0,1.0,10.0,348.95500000000004,25.27,491.0,1.0,1
0.0,0.0,-6.0,16.0,0.0,1.0,348.95500000000004,38.94,894.0,1.0,0
0.0,0.0,-21.0,22.0,0.0,4.0,311.59,13.59,2165.0,2.0,0
0.0,0.0,-5.0,21.0,0.0,8.0,218.64,18.65,1336.0,1.0,0
0.0,0.0,-14.0,7.0,0.0,1.0,226.5,14.5,236.0,1.0,0
0.0,0.0,-6.0,6.0,0.0,10.0,348.95500000000004,38.94,124.0,1.0,0
0.0,0.0,-27.0,4.0,0.0,15.0,348.95500000000004,38.94,2230.0,1.0,0
0.0,0.0,-7.0,26.0,0.0,8.0,348.95500000000004,30.17,463.0,2.0,0
0.0,0.0,-5.0,7.0,0.0,8.0,264.31,14.41,285.0,3.0,0
0.0,0.0,-14.0,6.0,0.0,8.0,348.95500000000004,37.81,3610.0,4.0,0
0.0,0.0,-18.0,20.0,0.0,3.0,246.88,38.94,1128.0,1.0,0
0.0,0.0,-8.0,11.0,0.0,5.0,319.89,19.99,289.0,1.0,0
0.0,0.0,-14.0,15.0,0.0,1.0,348.95500000000004,38.94,363.0,1.0,0
0.0,0.0,4.0,23.0,1.0,7.0,348.95500000000004,10.32,404.0,3.0,1
0.0,0.0,-7.0,21.0,0.0,1.0,348.95500000000004,38.94,1379.0,1.0,1
0.0,0.0,-16.0,15.0,0.0,1.0,348.95500000000004,38.94,3284.0,2.0,0
0.0,0.0,-16.0,13.0,0.0,1.0,348.95500000000004,35.519999999999996,1673.0,4.0,0
0.0,0.0,-13.0,9.0,0.0,1.0,348.95500000000004,19.82,695.0,3.0,0
0.0,0.0,-9.0,9.0,0.0,1.0,348.95500000000004,38.94,422.0,1.0,1
0.0,0.0,-12.0,6.0,0.0,5.0,312.62,12.72,2795.0,5.0,1
0.0,0.0,-8.0,4.0,0.0,2.0,310.81,10.91,3007.0,6.0,0
0.0,0.0,-34.0,9.0,0.0,3.0,237.11,38.94,770.5,4.5,1
0.0,0.0,-15.0,9.0,0.0,5.0,248.85,18.86,934.0,1.0,0
0.0,0.0,-21.0,9.0,0.0,2.0,238.1,19.1,1441.0,1.0,0
0.0,0.0,-13.0,12.0,0.0,3.0,231.7,38.94,462.3333333333333,1.0,1
0.0,0.0,-14.0,23.0,0.0,3.0,262.69,38.94,1161.0,10.0,0
0.0,0.0,-11.0,4.0,0.0,1.0,241.15,38.94,242.0,5.0,0
0.0,0.0,8.0,32.0,1.0,4.0,218.11,18.11,1324.0,1.0,1
0.0,0.0,-11.0,13.0,0.0,5.0,253.23,38.94,594.0,3.0,0
0.0,0.0,-21.0,12.0,0.0,8.0,348.95500000000004,38.94,1276.0,5.0,1
0.0,0.0,0.0,17.0,0.0,3.0,348.95500000000004,23.68,1520.0,1.0,0
0.0,0.0,-26.0,14.0,0.0,3.0,238.44,23.44,564.0,1.0,0
0.0,0.0,-42.0,25.0,0.0,10.0,348.95500000000004,38.94,874.0,1.0,0
0.0,0.0,-1.0,4.0,0.0,1.0,348.95500000000004,14.89,1294.0,2.0,0
0.0,0.0,-56.0,54.0,0.0,1.0,266.22,38.94,164.0,2.0,1
0.0,0.0,-17.0,11.0,0.0,1.0,306.46,17.46,1892.0,4.0,0
0.0,0.0,-8.0,1.0,0.0,1.0,348.95500000000004,22.39,2984.0,3.0,0
0.0,0.0,-19.0,15.0,0.0,2.0,209.36,30.76,256.0,1.0,0
0.0,0.0,-10.0,5.0,0.0,1.0,348.95500000000004,38.94,772.0,1.0,0
0.0,0.0,-27.0,17.0,0.0,1.0,348.95500000000004,38.94,3564.0,1.0,1
0.0,0.0,3.0,28.0,1.0,1.0,196.6,16.7,527.0,1.0,1
0.0,0.0,-9.0,10.0,0.0,8.0,235.74,36.74,260.0,1.0,0
0.0,0.0,-15.0,11.0,0.0,1.0,252.38,31.74,919.0,1.0,0
0.0,0.0,-10.0,7.0,0.0,6.0,311.51,38.94,249.0,1.0,0
0.0,0.0,-11.0,9.0,0.0,10.0,348.95500000000004,34.44,315.0,1.0,0
0.0,0.0,-15.0,6.0,0.0,6.0,348.95500000000004,38.94,2378.0,6.0,0
0.0,0.0,-13.0,13.0,0.0,3.0,348.95500000000004,38.94,975.0,1.0,0
0.0,0.0,-8.0,25.0,0.0,10.0,348.95500000000004,26.12,864.0,3.0,0
0.0,0.0,-21.0,7.0,0.0,1.0,328.67,38.94,266.0,3.0,0
0.0,0.0,-26.0,9.0,0.0,2.0,194.12,38.94,1893.0,1.0,0
0.0,0.0,-18.0,20.0,0.0,2.0,253.79,18.89,225.0,1.0,0
0.0,0.0,-17.0,16.0,0.0,3.0,262.38,22.48,542.0,2.0,0
0.0,0.0,-14.0,7.0,0.0,8.0,348.95500000000004,21.17,131.0,3.0,0
0.0,0.0,-14.0,26.0,0.0,6.0,348.95500000000004,38.94,982.0,3.0,1
0.0,0.0,-6.0,2.0,0.0,1.0,261.89,38.94,773.6666666666666,4.333333333333333,0
0.0,0.0,-9.0,7.0,0.0,4.0,348.95500000000004,38.94,3913.0,2.0,1
0.0,0.0,-10.0,10.0,0.0,7.5,348.95500000000004,22.15,867.0,3.0,0
0.0,0.0,-2.0,27.0,0.0,4.0,348.95500000000004,17.19,501.0,4.0,0
0.0,0.0,-7.0,7.0,0.0,1.0,301.42,19.44,95.0,1.0,1
0.0,0.0,-8.0,10.0,0.0,7.0,234.46,14.56,236.0,1.0,0
0.0,0.0,1.0,32.0,1.0,3.0,348.95500000000004,38.94,452.0,1.0,0
0.0,0.0,-17.0,16.0,0.0,10.0,192.35,38.94,744.0,2.0,0
0.0,0.0,-15.0,11.0,0.0,4.0,348.95500000000004,38.94,402.0,1.0,0
0.0,0.0,-35.0,7.0,0.0,10.0,348.95500000000004,38.94,339.6666666666667,2.0,1
0.0,0.0,-14.0,9.0,0.0,1.0,249.18,17.38,327.0,1.0,0
0.0,0.0,-6.0,23.0,0.0,10.0,348.95500000000004,38.94,663.0,4.0,1
0.0,0.0,-17.0,4.0,0.0,3.0,323.08,25.08,511.5,5.0,0
0.0,0.0,-14.0,9.0,0.0,10.0,348.95500000000004,18.23,544.0,6.0,1
0.0,0.0,-14.0,18.0,0.0,10.0,348.95500000000004,38.94,309.0,1.0,1
0.0,0.0,-14.0,14.0,0.0,10.0,348.95500000000004,19.96,1972.0,2.0,0
0.0,0.0,-19.0,15.0,0.0,1.0,270.0,38.94,366.0,2.0,1
0.0,0.0,-10.0,2.0,0.0,4.0,348.95500000000004,25.049999999999997,1991.0,3.0,1
0.0,0.0,-22.0,14.0,0.0,8.0,323.54,38.94,1277.0,1.0,0
0.0,0.0,-4.0,20.0,0.0,4.0,208.78,38.94,1396.0,2.0,1
0.0,0.0,-9.0,16.0,0.0,10.0,348.95500000000004,20.73,574.0,2.0,0
0.0,0.0,-10.0,22.0,0.0,8.0,232.14,17.14,516.0,1.0,0
0.0,0.0,-14.0,10.0,0.0,1.0,348.95500000000004,38.94,1332.0,2.0,0
0.0,0.0,-13.0,15.0,0.0,10.0,348.95500000000004,28.8,2883.0,4.0,1
0.0,0.0,-7.0,5.0,0.0,8.0,348.95500000000004,21.12,1405.0,1.0,0
0.0,0.0,20.0,52.0,1.0,2.0,224.43,38.94,1099.0,1.0,1
0.0,0.0,-19.0,28.0,0.0,4.0,348.95500000000004,38.94,386.0,1.0,0
0.0,0.0,-6.0,15.0,0.0,1.0,348.95500000000004,38.94,3014.0,6.0,0
0.0,0.0,-15.0,15.0,0.0,10.0,348.95500000000004,31.69,467.0,1.0,0
0.0,0.0,-23.0,10.0,0.0,1.0,301.76,34.76,1378.0,3.0,0
0.0,0.0,14.0,36.0,1.0,10.0,348.95500000000004,38.94,255.0,1.0,1
0.0,0.0,3.0,27.0,1.0,1.0,348.95500000000004,38.94,363.0,1.0,0
0.0,0.0,-15.0,13.0,0.0,4.0,348.95500000000004,24.78,384.0,5.0,1
0.0,0.0,-7.0,3.0,0.0,1.0,313.53,14.53,2667.0,5.0,0
0.0,0.0,-21.0,9.0,0.0,1.0,256.5,17.0,746.5,1.0,0
0.0,0.0,-8.0,14.0,0.0,1.0,265.46,35.48,901.0,1.0,0
0.0,0.0,-17.0,6.0,0.0,2.0,296.03,16.13,616.0,1.0,0
0.0,0.0,-6.0,24.0,0.0,1.0,261.95,18.95,855.0,2.0,0
0.0,0.0,-17.0,13.0,0.0,1.0,348.95500000000004,38.94,3352.0,5.0,0
0.0,0.0,-22.0,8.0,0.0,5.0,262.16,22.17,1001.0,1.0,0
0.0,0.0,-14.0,10.0,0.0,6.5,206.76,16.96,216.0,2.0,0
0.0,0.0,-19.0,6.0,0.0,2.0,348.95500000000004,15.09,473.0,1.0,0
0.0,0.0,-10.0,11.0,0.0,1.0,240.0,38.94,3831.0,1.0,1
0.0,0.0,-22.0,8.0,0.0,1.0,327.17,28.17,2049.0,3.0,0
0.0,0.0,-11.0,18.0,0.0,8.0,348.95500000000004,18.8,765.0,3.0,0
0.0,0.0,-15.0,4.0,0.0,3.0,340.07,10.07,2644.0,6.0,0
0.0,0.0,-2.0,14.0,0.0,4.0,295.85,15.86,606.0,2.0,0
0.0,0.0,-7.0,6.0,0.0,10.0,348.95500000000004,28.98,194.5,1.0,0
0.0,0.0,-6.0,3.0,0.0,4.0,216.31,14.32,1252.0,1.0,0
0.0,0.0,-10.0,5.0,0.0,2.0,340.07,10.07,2644.0,6.0,0
0.0,0.0,-2.0,39.0,0.0,1.0,348.95500000000004,38.94,1128.0,1.0,1
0.0,0.0,-3.0,11.0,0.0,3.0,348.95500000000004,23.96,257.0,1.0,0
0.0,0.0,-7.0,11.0,0.0,18.0,276.08,38.94,407.0,1.0,1
0.0,0.0,-17.0,4.0,0.0,1.0,348.95500000000004,20.68,2101.0,4.0,0
0.0,0.0,-19.0,19.0,0.0,10.0,217.82,38.94,1456.0,1.0,0
0.0,0.0,-20.0,5.0,0.0,2.0,200.61,30.71,954.5,2.0,1
0.0,0.0,-16.0,11.0,0.0,1.0,348.95500000000004,19.43,657.0,1.0,0
0.0,0.0,-14.0,1.0,0.0,8.0,207.55,8.65,499.0,1.0,0
0.0,0.0,-22.0,12.0,0.0,8.0,348.95500000000004,38.94,2644.0,6.0,0
0.0,0.0,-13.0,6.0,0.0,8.0,268.84,19.84,489.0,6.0,0
0.0,0.0,-4.0,19.0,0.0,1.0,215.14,16.14,1008.0,8.0,0
0.0,0.0,-7.0,15.0,0.0,1.0,298.32,38.94,608.0,2.0,0
0.0,0.0,-9.0,9.0,0.0,8.0,348.95500000000004,38.94,739.0,3.0,0
0.0,0.0,-3.0,11.0,0.0,3.0,334.77,34.87,2403.0,1.0,0
0.0,0.0,-6.0,1.0,0.0,7.0,336.0,37.0,4.0,2.0,0
0.0,0.0,-4.0,39.0,0.0,1.0,348.95500000000004,38.94,2245.0,1.0,0
0.0,0.0,-20.0,11.0,0.0,3.0,210.45,37.45,1659.0,1.0,0
0.0,0.0,-13.0,2.0,0.0,3.0,192.47,12.47,1146.0,1.0,0
0.0,0.0,-3.0,33.0,0.0,10.0,298.68,70.72,1536.0,2.0,0
0.0,0.0,-18.0,15.0,0.0,1.0,348.95500000000004,36.96,363.0,1.0,0
0.0,0.0,-14.0,8.0,0.0,10.0,348.95500000000004,29.62,3940.0,8.0,1
0.0,0.0,-6.0,31.0,0.0,2.0,207.73,37.74,1350.0,1.0,0
0.0,0.0,8.0,32.0,1.0,4.0,344.53,26.54,1654.0,6.0,1
0.0,0.0,-53.0,8.0,0.0,6.0,322.8,23.8,1709.0,1.0,0
0.0,0.0,-13.0,14.0,0.0,1.0,313.22,14.22,263.0,5.0,0
0.0,0.0,-11.0,8.0,0.0,1.0,348.95500000000004,24.69,986.0,2.0,0
0.0,0.0,-17.0,3.0,0.0,6.0,348.95500000000004,28.69,812.0,3.0,0
0.0,0.0,-16.0,21.0,0.0,10.0,267.29,38.94,1158.0,1.0,1
0.0,0.0,-19.0,5.0,0.0,6.0,328.32,18.42,395.0,2.0,0
0.0,0.0,-10.0,10.0,0.0,1.0,328.06,38.94,354.0,1.0,0
0.0,0.0,-35.0,13.0,0.0,3.0,348.95500000000004,38.94,683.0,5.0,0
0.0,0.0,7.0,42.0,1.0,10.0,348.95500000000004,38.94,166.0,1.0,1
0.0,0.0,-16.0,11.0,0.0,1.0,283.0,34.0,455.0,1.0,0
0.0,0.0,0.0,26.0,0.0,5.0,264.87,18.97,892.0,1.0,0
0.0,0.0,0.0,33.0,0.0,10.0,348.95500000000004,38.94,2273.0,2.0,1
0.0,0.0,-9.0,13.0,0.0,5.0,266.12,36.12,1118.0,6.0,0
0.0,0.0,-17.0,7.0,0.0,3.0,253.08,13.18,401.0,5.0,0
0.0,0.0,-39.0,10.0,0.0,8.0,348.95500000000004,38.94,588.0,1.0,0
0.0,0.0,-4.0,7.0,0.0,1.0,237.46,18.46,1885.0,1.0,0
0.0,0.0,-24.0,10.0,0.0,1.0,348.95500000000004,38.94,1582.0,1.0,0
0.0,0.0,-17.0,14.0,0.0,10.0,197.02,27.22,404.0,4.0,0
0.0,0.0,-7.0,8.0,0.0,1.0,348.95500000000004,29.74,340.0,1.0,0
0.0,0.0,-15.0,16.0,0.0,4.0,239.77,29.87,236.0,1.0,0
0.0,0.0,-6.0,13.0,0.0,3.0,320.58,21.58,753.0,2.0,0
0.0,0.0,-27.0,6.0,0.0,5.0,222.81,38.94,620.5,2.0,0
0.0,0.0,-5.0,4.0,0.0,8.0,348.95500000000004,12.31,359.0,4.0,0
0.0,0.0,-13.0,5.0,0.0,1.0,311.12,21.22,1123.0,3.0,0
0.0,0.0,-18.0,11.0,0.0,10.0,342.56,34.61,663.0,2.0,0
0.0,0.0,-13.0,5.0,0.0,4.0,348.95500000000004,15.47,742.0,1.0,0
0.0,0.0,-19.0,9.0,0.0,8.0,348.95500000000004,38.94,625.0,1.0,0
0.0,0.0,-7.0,12.0,0.0,10.0,348.95500000000004,14.05,2665.0,1.0,0
0.0,0.0,-24.0,4.0,0.0,1.0,217.97,18.97,330.0,1.0,0
0.0,0.0,-5.0,16.0,0.0,1.0,218.24,23.24,1006.0,2.0,0
0.0,0.0,-13.0,15.0,0.0,10.0,348.95500000000004,21.59,886.0,4.0,0
0.0,0.0,17.0,41.0,1.0,1.0,348.95500000000004,38.94,426.0,1.5,1
0.0,0.0,-14.0,3.0,0.0,3.0,348.95500000000004,14.14,589.0,1.0,0
0.0,0.0,-17.0,14.0,0.0,1.0,204.07,16.07,465.0,1.0,0
0.0,0.0,-12.0,9.0,0.0,3.0,194.5,15.01,1659.0,3.0,0
0.0,0.0,-13.0,3.0,0.0,8.0,348.95500000000004,18.21,180.0,1.0,0
0.0,0.0,-6.0,17.0,0.0,1.0,348.95500000000004,37.54,1176.0,3.0,0
0.0,0.0,-11.0,7.0,0.0,3.0,251.94,31.3,919.0,1.0,0
0.0,0.0,-15.0,10.0,0.0,3.0,278.43,38.94,1132.0,8.0,0
0.0,0.0,-11.0,3.0,0.0,1.0,254.22,14.23,1001.0,1.0,0
0.0,0.0,-7.0,14.0,0.0,1.0,348.95500000000004,38.94,1136.0,4.0,0
0.0,0.0,1.0,29.0,1.0,8.0,348.95500000000004,29.47,623.0,1.0,0
0.0,0.0,8.0,42.0,1.0,10.0,348.95500000000004,17.47,464.0,2.0,1
0.0,0.0,-5.0,9.0,0.0,10.0,348.95500000000004,38.94,2250.0,1.0,1
0.0,0.0,-13.0,15.0,0.0,1.0,332.6,38.94,248.0,2.0,1
0.0,0.0,-3.0,2.0,0.0,8.0,348.95500000000004,11.33,651.0,1.0,0
0.0,0.0,-7.0,5.0,0.0,6.0,305.19,35.29,2368.0,1.0,0
0.0,0.0,-21.0,8.0,0.0,1.0,258.45,38.94,661.0,4.0,1
0.0,0.0,-6.0,18.0,0.0,4.0,201.65,21.75,797.0,1.0,0
0.0,0.0,-15.0,11.0,0.0,1.0,186.05,19.06,1456.0,1.0,0
0.0,0.0,-13.0,8.0,0.0,1.0,263.87,34.87,756.0,1.0,0
0.0,0.0,-17.0,8.0,0.0,4.0,299.26,29.27,735.0,2.0,0
0.0,0.0,-41.0,6.0,0.0,1.0,239.44,20.44,1885.0,1.0,0
0.0,0.0,-21.0,13.0,0.0,4.0,348.95500000000004,17.0,874.0,1.0,0
0.0,0.0,-28.0,12.0,0.0,6.0,348.95500000000004,20.0,3458.0,1.0,0
0.0,0.0,-7.0,16.0,0.0,1.0,312.39,38.94,87.0,3.0,1
0.0,0.0,-3.0,20.0,0.0,8.0,218.35,38.94,401.0,1.0,0
0.0,0.0,3.0,28.0,1.0,10.0,348.95500000000004,29.22,784.0,3.0,1
0.0,0.0,-15.0,6.0,0.0,2.0,348.95500000000004,32.27,2209.0,7.0,0
0.0,0.0,-9.0,12.0,0.0,3.0,348.95500000000004,23.81,2352.0,3.0,0
0.0,0.0,-12.0,8.0,0.0,8.0,348.95500000000004,38.51,3610.0,4.0,0
0.0,0.0,-10.0,14.0,0.0,10.0,348.95500000000004,21.35,786.0,2.0,0
0.0,0.0,-12.0,6.0,0.0,8.0,348.95500000000004,16.56,452.0,1.0,0
0.0,0.0,-14.0,12.0,0.0,8.0,348.95500000000004,38.94,1736.0,4.0,0
0.0,0.0,-15.0,5.0,0.0,2.0,202.73,12.83,1271.0,1.0,0
0.0,0.0,-29.0,13.0,0.0,4.0,348.95500000000004,19.51,371.0,5.0,0
0.0,0.0,-14.0,13.0,0.0,8.0,196.5,17.5,380.0,2.0,0
0.0,0.0,-21.0,15.0,0.0,5.0,227.81,33.81,1355.0,1.0,0
0.0,0.0,-6.0,16.0,0.0,10.0,348.95500000000004,32.21,260.0,8.0,0
0.0,0.0,-10.0,17.0,0.0,1.0,262.16,22.17,1001.0,1.0,0
0.0,0.0,-18.0,13.0,0.0,8.0,348.95500000000004,21.6,594.0,2.0,0
0.0,0.0,-6.0,8.0,0.0,1.0,348.95500000000004,11.61,752.0,2.0,0
0.0,0.0,2.0,28.0,1.0,3.0,335.48,38.94,1002.0,3.0,0
0.0,0.0,-19.0,15.0,0.0,6.0,336.4,38.94,1699.0,2.0,0
0.0,0.0,-7.0,17.0,0.0,1.0,218.8,38.94,210.5,1.0,0
0.0,0.0,-14.0,6.0,0.0,6.0,348.95500000000004,38.94,665.0,4.0,0
0.0,0.0,-1.0,23.0,0.0,1.0,348.95500000000004,33.34,298.0,1.0,0
0.0,0.0,-13.0,9.0,0.0,2.0,238.58,14.59,1245.0,4.0,0
0.0,0.0,-15.0,17.0,0.0,1.0,264.91,29.91,729.0,2.0,0
0.0,0.0,-16.0,8.0,0.0,2.0,225.67,26.67,1008.0,8.0,0
0.0,0.0,-15.0,7.0,0.0,1.0,235.26,38.94,635.0,3.0,1
0.0,0.0,-7.0,9.0,0.0,2.0,310.21,21.21,510.0,7.0,0
0.0,0.0,-53.0,7.0,0.0,1.0,348.95500000000004,21.56,1430.0,5.0,0
0.0,0.0,-7.0,17.0,0.0,10.0,263.31,38.94,730.0,2.0,1
0.0,0.0,-6.0,19.0,0.0,3.0,226.48,23.48,842.0,1.0,0
0.0,0.0,-2.0,26.0,0.0,1.0,348.95500000000004,20.08,2469.0,1.0,0
0.0,0.0,-19.0,7.0,0.0,1.0,336.86,38.94,947.0,8.0,0
0.0,0.0,-20.0,5.0,0.0,4.0,188.75,38.94,1102.75,1.0,1
0.0,0.0,-15.0,5.0,0.0,3.0,336.59,26.69,293.5,1.0,0
0.0,0.0,-14.0,12.0,0.0,1.0,255.51,20.61,384.0,2.0,0
0.0,0.0,-11.0,14.0,0.0,1.0,348.95500000000004,16.18,625.0,1.0,0
0.0,0.0,-3.0,18.0,0.0,4.0,208.14,22.14,1903.0,1.0,0
0.0,0.0,-10.0,12.0,0.0,6.0,257.73,17.93,904.0,1.0,0
0.0,0.0,-8.0,23.0,0.0,6.0,315.84,16.84,626.0,3.0,0
0.0,0.0,-21.0,10.0,0.0,10.0,348.95500000000004,38.42,858.0,1.0,0
0.0,0.0,-16.0,6.0,0.0,1.0,292.11,13.34,1051.0,1.0,0
0.0,0.0,7.0,26.0,1.0,5.0,263.85,18.85,685.0,1.0,0
0.0,0.0,0.0,31.0,0.0,3.0,238.81,17.31,275.0,1.0,0
0.0,0.0,-9.0,42.0,0.0,10.0,348.95500000000004,38.94,883.0,1.0,0
0.0,0.0,-17.0,7.0,0.0,1.0,328.76,38.94,791.0,6.0,0
0.0,0.0,-17.0,16.0,0.0,1.0,284.52,38.94,729.0,1.0,0
0.0,0.0,5.0,33.0,1.0,10.0,226.22,16.22,2964.0,3.0,1
0.0,0.0,-10.0,14.0,0.0,8.0,319.05,38.94,270.0,5.0,0
0.0,0.0,-4.0,2.0,0.0,10.0,348.95500000000004,14.25,160.0,1.0,0
0.0,0.0,-23.0,9.0,0.0,8.0,348.95500000000004,16.64,562.0,2.0,1
0.0,0.0,-15.0,9.0,0.0,6.0,348.95500000000004,38.94,980.0,7.0,0
0.0,0.0,-9.0,4.0,0.0,6.0,313.11,13.12,512.0,1.0,0
0.0,0.0,-14.0,7.0,0.0,5.0,309.16,38.94,455.0,1.0,0
0.0,0.0,0.0,20.0,0.0,6.0,348.95500000000004,36.34,632.0,6.0,0
0.0,0.0,-17.0,11.0,0.0,5.0,238.01,18.11,129.0,3.0,0
0.0,0.0,-8.0,5.0,0.0,1.0,206.97,27.27,1064.0,1.0,0
0.0,0.0,-28.0,15.0,0.0,5.0,331.06,38.94,408.3333333333333,1.0,0
0.0,0.0,7.0,12.0,1.0,3.0,252.07,9.07,615.0,1.0,1
0.0,0.0,-13.0,5.0,0.0,4.0,231.17,38.94,1107.0,1.0,0
0.0,0.0,-11.0,2.0,0.0,10.0,234.56,35.56,62.0,2.0,0
0.0,0.0,-10.0,12.0,0.0,1.0,268.64,38.94,724.0,2.0,0
0.0,0.0,-23.0,11.0,0.0,4.0,348.95500000000004,20.9,1206.0,4.0,0
0.0,0.0,-14.0,6.0,0.0,3.0,309.28,38.94,526.0,2.0,0
0.0,0.0,-13.0,9.0,0.0,9.0,348.95500000000004,38.94,860.0,2.0,0
0.0,0.0,8.0,34.0,1.0,3.0,218.27,19.27,253.0,1.0,1
0.0,0.0,1.0,29.0,1.0,3.0,220.2,26.2,554.0,4.0,0
0.0,0.0,-7.0,23.0,0.0,3.0,244.98,38.94,1936.0,2.0,0
0.0,0.0,-14.0,13.0,0.0,2.0,348.95500000000004,38.94,1202.0,2.0,0
0.0,0.0,-8.0,13.0,0.0,1.0,243.25,23.25,436.0,2.0,0
0.0,0.0,-19.0,6.0,0.0,8.0,348.95500000000004,16.76,837.0,2.0,0
0.0,0.0,5.0,14.0,1.0,1.0,239.76,9.77,1356.0,4.0,1
0.0,0.0,-8.0,11.0,0.0,4.0,348.95500000000004,38.94,2282.0,4.0,0
0.0,0.0,-17.0,6.0,0.0,6.0,348.95500000000004,17.59,452.0,1.0,0
0.0,0.0,-7.0,5.0,0.0,4.0,286.79,26.8,582.0,1.0,0
0.0,0.0,-10.0,18.0,0.0,3.0,342.48,38.94,570.0,1.0,0
0.0,0.0,-21.0,15.0,0.0,3.0,278.16,18.26,649.0,3.0,1
0.0,0.0,-13.0,10.0,0.0,6.0,348.95500000000004,17.56,1100.0,1.0,0
0.0,0.0,-9.0,14.0,0.0,2.0,298.21,18.21,2536.0,1.0,0
0.0,0.0,-13.0,11.0,0.0,1.0,320.58,21.58,1979.0,3.0,0
0.0,0.0,-24.0,25.0,0.0,6.0,319.49,38.94,563.0,2.0,1
0.0,0.0,-9.0,7.0,0.0,8.0,348.95500000000004,15.94,468.0,1.0,0
0.0,0.0,-7.0,13.0,0.0,1.0,348.95500000000004,13.9,433.0,1.0,0
0.0,0.0,-4.0,32.0,0.0,2.0,237.99,38.09,616.0,1.0,0
0.0,0.0,-25.0,7.0,0.0,10.0,348.95500000000004,38.94,737.0,3.6666666666666665,0
0.0,0.0,-12.0,9.0,0.0,1.0,345.15,20.15,2644.0,6.0,0
0.0,0.0,-12.0,3.0,0.0,1.0,270.74,10.75,1487.0,1.0,0
0.0,0.0,-13.0,20.0,0.0,4.0,348.95500000000004,26.400000000000002,2155.0,1.0,0
0.0,0.0,-22.0,12.0,0.0,1.0,348.95500000000004,34.9,437.0,4.0,0
0.0,0.0,-13.0,10.0,0.0,2.0,203.08,38.94,894.0,1.0,0
0.0,0.0,-4.0,10.0,0.0,6.0,338.78,38.94,376.0,1.0,0
0.0,0.0,-11.0,13.0,0.0,4.0,348.95500000000004,38.94,3133.0,3.0,0
0.0,0.0,-14.0,8.0,0.0,8.0,348.95500000000004,33.03,1002.0,3.0,0
0.0,0.0,-24.0,16.0,0.0,8.0,348.95500000000004,38.94,755.0,3.0,0
0.0,0.0,-9.0,11.0,0.0,4.0,200.21,32.21,202.0,8.0,0
0.0,0.0,-15.0,11.0,0.0,8.0,226.56,36.56,1430.0,8.0,0
0.0,0.0,-19.0,9.0,0.0,6.0,238.69,18.79,236.0,1.0,0
0.0,0.0,-15.0,7.0,0.0,1.0,348.95500000000004,17.59,785.0,4.0,0
0.0,0.0,-16.0,9.0,0.0,6.0,332.65,17.65,1250.0,4.0,0
0.0,0.0,11.0,30.0,1.0,1.0,200.77,22.33,293.0,2.0,0
0.0,0.0,-17.0,15.0,0.0,1.0,348.95500000000004,38.94,978.0,1.0,0
0.0,0.0,-45.0,14.0,0.0,7.0,348.95500000000004,38.94,916.0,2.0,0
0.0,0.0,-14.0,13.0,0.0,8.0,241.93,22.03,260.0,1.0,0
0.0,0.0,-14.0,14.0,0.0,7.0,343.12,38.94,880.0,4.0,0
0.0,0.0,-16.0,9.0,0.0,10.0,348.95500000000004,23.43,692.0,3.0,0
0.0,0.0,-14.0,10.0,0.0,4.0,348.95500000000004,38.94,756.0,1.0,1
0.0,0.0,-14.0,6.0,0.0,5.0,266.85,16.85,561.0,1.0,0
0.0,0.0,-28.0,9.0,0.0,10.0,291.33,38.94,747.0,2.0,1
0.0,0.0,-11.0,1.0,0.0,3.0,314.55,14.65,842.0,1.0,0
0.0,0.0,-33.0,6.0,0.0,1.0,348.95500000000004,38.94,449.0,1.0,0
0.0,0.0,-8.0,13.0,0.0,1.0,247.9,38.94,800.0,1.0,0
0.0,0.0,-19.0,12.0,0.0,5.0,185.94,15.94,631.0,2.0,0
0.0,0.0,-18.0,7.0,0.0,8.0,348.95500000000004,38.94,1045.0,1.0,0
0.0,0.0,-12.0,13.0,0.0,10.0,348.95500000000004,38.94,1259.0,1.0,1
0.0,0.0,2.0,18.0,1.0,3.0,218.62,8.72,580.0,1.0,1
0.0,0.0,-14.0,6.0,0.0,10.0,310.67,15.67,1869.0,5.0,0
0.0,0.0,-7.0,24.0,0.0,1.0,303.63,38.94,1002.0,3.0,1
0.0,0.0,-9.0,20.0,0.0,1.0,250.02,38.94,883.0,1.0,0
0.0,0.0,1.0,28.0,1.0,8.0,348.95500000000004,38.94,1736.0,4.0,0
0.0,0.0,-20.0,10.0,0.0,8.0,348.95500000000004,38.94,108.0,3.0,0
0.0,0.0,-30.0,7.0,0.0,10.0,348.95500000000004,38.94,526.5,1.0,1
0.0,0.0,-2.0,10.0,0.0,2.0,325.35,38.94,1395.0,7.0,0
0.0,0.0,-8.0,7.0,0.0,1.0,331.66,11.66,530.0,1.0,0
0.0,0.0,-8.0,14.0,0.0,10.0,348.95500000000004,17.89,673.0,4.0,0
0.0,0.0,-14.0,3.0,0.0,1.0,198.89,9.89,1113.0,3.0,0
0.0,0.0,-14.0,8.0,0.0,1.0,348.95500000000004,38.94,720.3333333333334,1.0,0
0.0,0.0,-3.0,21.0,0.0,1.0,348.95500000000004,38.94,407.0,1.0,0
0.0,0.0,-9.0,12.0,0.0,7.0,299.2,19.21,474.0,1.0,0
0.0,0.0,8.0,37.0,1.0,8.0,348.95500000000004,17.19,501.0,4.0,1
0.0,0.0,-13.0,10.0,0.0,10.0,348.95500000000004,38.94,652.0,1.0,0
0.0,0.0,-14.0,4.0,0.0,10.0,348.95500000000004,32.12,723.0,8.0,0
0.0,0.0,-15.0,19.0,0.0,10.0,216.83,17.83,664.0,1.0,0
0.0,0.0,-8.0,16.0,0.0,6.0,208.51,18.61,1885.0,1.0,1
0.0,0.0,-15.0,2.0,0.0,4.0,335.47,10.47,2644.0,6.0,0
0.0,0.0,-15.0,16.0,0.0,3.0,348.95500000000004,33.53,271.0,2.0,1
0.0,0.0,-18.0,7.0,0.0,5.0,286.09,37.09,3213.0,2.0,0
0.0,0.0,13.0,43.0,1.0,5.0,348.95500000000004,38.94,872.0,2.0,1
0.0,0.0,-11.0,13.0,0.0,2.0,277.97,38.94,771.0,1.0,0
0.0,0.0,-7.0,23.0,0.0,1.0,215.77,35.78,342.0,1.0,0
0.0,0.0,-15.0,12.0,0.0,6.0,186.52,33.52,322.0,1.0,0
0.0,0.0,9.0,39.0,1.0,10.0,348.95500000000004,35.87,3896.0,7.0,1
0.0,0.0,-13.0,10.0,0.0,10.0,348.95500000000004,18.66,796.0,1.0,0
0.0,0.0,1.0,13.0,1.0,1.0,348.95500000000004,26.74,226.0,2.0,0
0.0,0.0,-17.0,10.0,0.0,4.0,348.95500000000004,38.94,298.0,1.0,0
0.0,0.0,3.0,24.0,1.0,2.0,348.95500000000004,38.94,674.0,1.0,0
0.0,0.0,-6.0,7.0,0.0,6.0,348.95500000000004,18.74,625.0,1.0,0
0.0,0.0,-16.0,9.0,0.0,1.0,318.61,18.62,1002.0,3.0,0
0.0,0.0,5.0,9.0,1.0,1.0,348.95500000000004,38.94,925.0,2.0,1
0.0,0.0,-11.0,13.0,0.0,4.0,268.29,13.29,408.0,2.0,0
0.0,0.0,-28.0,7.0,0.0,4.0,348.95500000000004,22.6,625.0,1.0,0
0.0,0.0,-22.0,7.0,0.0,1.0,191.67,21.68,1620.0,1.0,0
0.0,0.0,-14.0,12.0,0.0,7.0,348.95500000000004,37.86,319.0,1.0,0
0.0,0.0,-4.0,13.0,0.0,1.0,341.02,16.02,2644.0,6.0,0
0.0,0.0,-17.0,13.0,0.0,8.0,246.96,22.06,162.0,1.0,1
0.0,0.0,3.0,21.0,1.0,4.0,260.06,38.94,674.0,2.0,1
0.0,0.0,-15.0,7.0,0.0,8.0,340.32,10.32,2644.0,6.0,0
0.0,0.0,-3.0,32.0,0.0,1.0,270.94,19.04,214.0,6.0,1
0.0,0.0,-13.0,30.0,0.0,1.0,241.49,38.94,722.0,1.0,0
0.0,0.0,-20.0,8.0,0.0,1.0,252.1,22.1,635.0,1.0,0
0.0,0.0,-12.0,26.0,0.0,6.0,348.95500000000004,26.89,361.0,1.0,0
0.0,0.0,-7.0,7.0,0.0,5.0,295.42,25.53,295.0,1.0,0
0.0,0.0,-8.0,10.0,0.0,10.0,348.95500000000004,38.94,1727.0,1.0,1
0.0,0.0,-27.0,12.0,0.0,2.0,319.88,19.98,3835.0,7.0,0
0.0,0.0,-10.0,9.0,0.0,1.0,216.36,19.46,736.0,1.0,0
0.0,0.0,-14.0,17.0,0.0,2.0,348.95500000000004,33.85,1193.0,1.0,0
0.0,0.0,-20.0,31.0,0.0,5.5,271.91999999999996,23.67,858.0,1.0,0
0.0,0.0,-7.0,16.0,0.0,1.0,264.49,15.49,156.0,1.0,1
0.0,0.0,-31.0,18.0,0.0,5.0,348.95500000000004,38.94,628.0,1.0,1
0.0,0.0,-4.0,18.0,0.0,2.0,315.84,16.84,1019.0,3.0,1
0.0,0.0,-14.0,6.0,0.0,6.0,348.95500000000004,16.19,501.0,4.0,0
0.0,0.0,-15.0,9.0,0.0,6.0,348.95500000000004,35.88,1159.0,3.0,0
0.0,0.0,-9.0,6.0,0.0,8.0,348.95500000000004,22.36,1068.0,1.0,0
0.0,0.0,-8.0,6.0,0.0,8.0,314.21,15.21,2667.0,5.0,0
0.0,0.0,-11.0,28.0,0.0,5.0,218.16,38.94,764.0,1.0,0
0.0,0.0,-5.0,8.0,0.0,1.0,313.19,34.19,1009.0,1.0,1
0.0,0.0,-27.0,8.0,0.0,4.0,348.95500000000004,38.94,2165.0,1.0,0
0.0,0.0,-16.0,5.0,0.0,5.0,257.66,27.66,3876.0,1.0,1
0.0,0.0,-18.0,8.0,0.0,2.0,235.58,38.94,1023.0,6.0,0
0.0,0.0,-13.0,9.0,0.0,8.0,348.95500000000004,21.74,625.0,1.0,0
0.0,0.0,-2.0,13.0,0.0,1.0,287.16,37.18,1141.0,1.0,0
0.0,0.0,-4.0,21.0,0.0,2.0,206.07,16.08,783.0,7.0,0
0.0,0.0,-21.0,5.0,0.0,10.0,348.95500000000004,38.94,1259.0,1.0,0
0.0,0.0,-12.0,10.0,0.0,1.0,310.28,38.94,366.0,2.0,0
0.0,0.0,-21.0,12.0,0.0,3.0,348.95500000000004,20.78,876.0,1.0,0
0.0,0.0,-9.0,11.0,0.0,2.0,206.87,26.88,2188.0,2.0,1
0.0,0.0,-15.0,8.0,0.0,3.0,348.95500000000004,38.94,344.0,5.0,0
0.0,0.0,-8.0,5.0,0.0,3.0,348.95500000000004,38.94,1202.0,4.0,0
0.0,0.0,4.0,21.0,1.0,5.0,231.6,21.6,3006.0,2.0,1
0.0,0.0,-14.0,32.0,0.0,10.0,348.95500000000004,38.94,982.0,3.0,1
0.0,0.0,-13.0,14.0,0.0,1.0,348.95500000000004,29.82,374.0,1.0,0
0.0,0.0,2.0,28.0,1.0,5.0,254.41,15.42,494.0,1.0,0
0.0,0.0,-8.0,15.0,0.0,1.0,205.5,38.94,439.0,1.0,0
0.0,0.0,-20.0,17.0,0.0,8.0,348.95500000000004,21.27,807.0,1.0,0
0.0,0.0,-7.0,23.0,0.0,6.0,348.95500000000004,38.94,344.0,5.0,0
0.0,0.0,3.0,41.0,1.0,1.0,249.67,38.94,317.0,3.0,1
0.0,0.0,-14.0,16.0,0.0,1.0,300.99,26.04,2138.0,1.0,0
0.0,0.0,-11.0,8.0,0.0,5.0,348.95500000000004,25.81,346.0,2.0,0
0.0,0.0,-13.0,7.0,0.0,1.0,284.81,14.91,312.0,1.0,0
0.0,0.0,-12.0,27.0,0.0,3.0,188.56,38.57,790.0,5.0,0
0.0,0.0,-7.0,28.0,0.0,8.0,203.64,33.64,514.0,2.0,0
0.0,0.0,-15.0,6.0,0.0,4.0,254.14,24.15,735.0,2.0,0
0.0,0.0,-21.0,15.0,0.0,1.0,348.95500000000004,38.94,698.0,4.0,0
0.0,0.0,-9.0,5.0,0.0,1.0,348.95500000000004,38.94,903.0,6.0,0
0.0,0.0,-6.0,4.0,0.0,5.0,348.95500000000004,11.09,700.0,1.0,0
0.0,0.0,-7.0,12.0,0.0,6.0,348.95500000000004,38.94,289.0,1.0,0
0.0,0.0,10.0,38.0,1.0,10.0,308.42,38.94,769.0,1.0,1
0.0,0.0,-33.0,8.0,0.0,10.0,348.95500000000004,23.13,1283.0,5.0,0
0.0,0.0,-14.0,21.0,0.0,2.0,238.41,19.41,439.0,1.0,0
0.0,0.0,-7.0,14.0,0.0,4.0,323.93,24.03,219.0,4.0,0
0.0,0.0,-23.0,17.0,0.0,3.0,348.95500000000004,38.94,67.0,1.0,0
0.0,0.0,-17.0,32.0,0.0,6.0,336.06,38.94,1047.0,1.0,0
0.0,0.0,-20.0,13.0,0.0,2.0,186.62,17.62,871.0,2.0,0
0.0,0.0,-24.0,13.0,0.0,1.0,348.95500000000004,38.94,674.0,1.0,0
0.0,0.0,-11.0,13.0,0.0,1.0,217.67,18.67,1008.0,8.0,0
0.0,0.0,-15.0,1.0,0.0,2.0,209.15,9.16,3492.0,3.0,0
0.0,0.0,-21.0,2.0,0.0,6.0,348.95500000000004,38.94,1289.0,1.0,0
0.0,0.0,-13.0,10.0,0.0,3.0,238.08,24.08,750.0,1.0,0
0.0,0.0,-22.0,18.0,0.0,10.0,348.95500000000004,38.94,1158.0,1.0,1
0.0,0.0,-21.0,6.0,0.0,2.0,213.64,34.74,200.0,2.0,1
0.0,0.0,-10.0,12.0,0.0,8.0,348.95500000000004,38.94,1946.0,3.0,0
0.0,0.0,-13.0,18.0,0.0,2.0,284.54,38.94,856.0,3.0,0
0.0,0.0,-41.0,8.0,0.0,1.0,249.95,19.95,756.0,1.0,0
0.0,0.0,-20.0,2.0,0.0,3.0,285.79,16.79,582.0,1.0,0
0.0,0.0,-2.0,22.0,0.0,3.0,348.95500000000004,38.94,707.0,1.0,0
0.0,0.0,-13.0,46.0,0.0,6.0,348.95500000000004,38.94,1794.0,3.0,0
0.0,0.0,-18.0,7.0,0.0,10.0,190.75,38.94,404.0,1.0,0
0.0,0.0,-6.0,8.0,0.0,6.0,348.95500000000004,9.7,501.0,4.0,0
0.0,0.0,-30.0,14.0,0.0,4.0,240.44,24.44,838.0,2.0,0
0.0,0.0,-23.0,13.0,0.0,8.0,348.95500000000004,38.94,1290.0,1.0,1
0.0,0.0,-6.0,24.0,0.0,1.0,348.95500000000004,38.94,310.0,1.0,0
0.0,0.0,-13.0,7.0,0.0,2.0,348.95500000000004,20.59,582.0,1.0,0
0.0,0.0,-13.0,6.0,0.0,3.0,348.95500000000004,20.96,1267.0,1.0,0
0.0,0.0,-30.0,5.0,0.0,2.0,348.95500000000004,26.92,606.0,1.0,1
0.0,0.0,-14.0,19.0,0.0,10.0,207.27,38.94,1893.0,1.0,0
0.0,0.0,-17.0,10.0,0.0,7.0,346.59,38.94,762.0,3.0,0
0.0,0.0,-20.0,6.0,0.0,2.0,255.87,38.94,346.0,10.0,0
0.0,0.0,-8.0,11.0,0.0,2.0,266.58,14.78,207.0,4.0,0
0.0,0.0,-6.0,43.0,0.0,10.0,321.91,22.01,606.0,2.0,0
0.0,0.0,-16.0,13.0,0.0,4.0,260.13,34.16,1112.0,1.0,1
0.0,0.0,-8.0,10.0,0.0,2.0,221.67,18.67,647.0,1.0,0
0.0,0.0,-21.0,12.0,0.0,1.0,245.12,38.94,1075.0,1.0,0
0.0,0.0,-21.0,6.0,0.0,5.0,251.57,35.67,1152.0,4.0,1
0.0,0.0,12.0,38.0,1.0,10.0,302.66,23.66,1313.0,3.0,1
0.0,0.0,-3.0,7.0,0.0,5.0,268.9,38.9,470.5,1.0,0
0.0,0.0,-17.0,9.0,0.0,8.0,348.95500000000004,24.51,417.0,1.0,0
0.0,0.0,-8.0,27.0,0.0,6.0,348.95500000000004,27.55,2644.0,6.0,1
0.0,0.0,-15.0,6.0,0.0,4.0,252.46,38.94,687.0,3.0,0
0.0,0.0,-22.0,9.0,0.0,1.0,289.61,38.94,756.0,1.0,0
0.0,0.0,-17.0,7.0,0.0,10.0,348.95500000000004,21.5,1616.0,3.0,0
0.0,0.0,-13.0,23.0,0.0,5.0,348.95500000000004,30.85,1214.0,1.0,0
0.0,0.0,1.0,22.0,1.0,6.0,262.86,38.94,1037.0,5.0,1
0.0,0.0,-11.0,7.0,0.0,1.0,297.1,38.94,408.0,2.0,0
0.0,0.0,-8.0,12.0,0.0,1.0,348.95500000000004,16.73,1793.0,10.0,0
0.0,0.0,1.0,22.0,1.0,5.0,348.95500000000004,38.94,1887.0,3.0,0
0.0,0.0,-4.0,17.0,0.0,2.0,195.0,16.0,2162.0,1.0,1
0.0,0.0,-15.0,13.0,0.0,1.0,285.14,26.65,2856.0,5.0,0
0.0,0.0,-17.0,18.0,0.0,1.0,216.83,17.83,500.0,1.0,0
0.0,0.0,-15.0,10.0,0.0,10.0,296.96,27.96,615.0,1.0,0
0.0,0.0,-24.0,10.0,0.0,3.0,237.15,38.94,977.0,1.0,0
0.0,0.0,-23.0,8.0,0.0,5.0,348.95500000000004,26.56,8.0,1.0,0
0.0,0.0,-7.0,13.0,0.0,4.0,205.07,15.08,206.0,2.0,0
0.0,0.0,-1.0,30.0,0.0,10.0,213.74,35.74,226.0,3.0,0
0.0,0.0,8.0,29.0,1.0,1.0,348.95500000000004,22.84,175.0,6.0,0
0.0,0.0,-8.0,9.0,0.0,3.0,264.22,15.22,1885.0,1.0,0
0.0,0.0,-15.0,11.0,0.0,1.0,334.31,37.31,309.0,1.0,0
0.0,0.0,-19.0,8.0,0.0,10.0,348.95500000000004,38.94,1211.0,5.0,0
0.0,0.0,-8.0,16.0,0.0,10.0,348.95500000000004,20.35,786.0,2.0,0
0.0,0.0,-3.0,19.0,0.0,1.0,348.95500000000004,23.19,710.0,4.0,0
0.0,0.0,21.0,43.0,1.0,3.0,238.75,28.76,516.0,1.0,1
0.0,0.0,-8.0,6.0,0.0,1.0,256.59,26.59,756.0,1.0,0
0.0,0.0,-16.0,8.0,0.0,3.0,191.68,21.68,514.0,2.0,0
0.0,0.0,-2.0,13.0,0.0,4.0,339.54,38.94,443.0,4.0,0
0.0,0.0,-13.0,2.0,0.0,8.0,348.95500000000004,11.97,66.0,1.0,0
0.0,0.0,-24.0,12.0,0.0,3.0,253.87,38.94,162.0,4.0,0
0.0,0.0,-17.0,7.0,0.0,8.0,270.84,20.94,584.0,1.0,0
0.0,0.0,-4.0,18.0,0.0,4.0,216.06,16.16,1287.0,2.0,1
0.0,0.0,-6.0,8.0,0.0,3.0,285.48,10.49,2374.0,3.0,0
0.0,0.0,-20.0,3.0,0.0,2.0,348.95500000000004,32.099999999999994,1319.0,1.0,0
0.0,0.0,-19.0,9.0,0.0,2.0,192.76,12.76,871.0,4.0,0
0.0,0.0,-13.0,15.0,0.0,3.0,215.6,26.6,1233.0,4.0,0
0.0,0.0,-13.0,4.0,0.0,6.0,348.95500000000004,38.94,634.0,5.0,0
0.0,0.0,-10.0,2.0,0.0,3.0,252.43,22.53,1132.0,8.0,0
0.0,0.0,-5.0,14.0,0.0,1.0,216.93,12.93,2554.0,1.0,0
0.0,0.0,16.0,49.0,1.0,1.0,348.95500000000004,38.94,427.0,1.0,1
0.0,0.0,14.0,32.0,1.0,8.0,348.95500000000004,38.94,452.0,1.0,1
0.0,0.0,-22.0,25.0,0.0,5.0,325.47,38.94,579.0,1.0,0
0.0,0.0,-21.0,11.0,0.0,8.0,232.54,22.55,516.0,1.0,1
0.0,0.0,-3.0,28.0,0.0,6.0,348.95500000000004,38.94,418.0,1.0,0
0.0,0.0,-15.0,16.0,0.0,1.0,348.95500000000004,38.94,1112.0,2.0,1
0.0,0.0,-12.0,6.0,0.0,10.0,276.34,38.94,509.8333333333333,3.0,1
0.0,0.0,-16.0,10.0,0.0,6.0,202.56,38.94,508.0,1.0,0
0.0,0.0,-16.0,32.0,0.0,3.0,348.95500000000004,38.94,998.0,3.0,0
0.0,0.0,-11.0,4.0,0.0,1.0,189.72,9.82,292.0,1.0,0
0.0,0.0,-18.0,7.0,0.0,6.0,348.95500000000004,38.94,1698.0,2.0,0
0.0,0.0,-16.0,10.0,0.0,2.0,244.24,24.34,1448.0,1.0,0
0.0,0.0,-11.0,11.0,0.0,2.0,245.48,16.48,1452.0,4.0,0
0.0,0.0,-12.0,6.0,0.0,5.0,348.95500000000004,38.94,909.0,4.0,0
0.0,0.0,-15.0,8.0,0.0,8.0,282.8,32.8,1430.0,8.0,0
0.0,0.0,-12.0,29.0,0.0,1.5,279.24,38.94,186.0,2.0,0
0.0,0.0,-13.0,11.0,0.0,3.0,348.95500000000004,38.94,662.0,2.0,0
0.0,0.0,-9.0,7.0,0.0,8.0,286.45,18.07,2235.0,3.0,0
0.0,0.0,-3.0,16.0,0.0,1.0,244.63,14.63,671.0,2.0,0
0.0,0.0,-37.0,15.0,0.0,1.0,348.95500000000004,38.94,759.6666666666666,1.5,1
0.0,0.0,-14.0,6.0,0.0,3.0,333.34,33.36,1982.0,1.0,0
0.0,0.0,-21.0,6.0,0.0,2.0,255.8,38.94,989.0,4.0,0
0.0,0.0,25.0,51.0,1.0,9.0,348.95500000000004,38.94,277.0,1.0,1
0.0,0.0,-3.0,5.0,0.0,10.0,348.95500000000004,11.26,500.0,1.0,0
0.0,0.0,-20.0,14.0,0.0,8.0,348.95500000000004,24.77,625.0,1.0,0
0.0,0.0,-13.0,10.0,0.0,2.0,348.95500000000004,38.94,813.0,4.0,0
0.0,0.0,-16.0,18.0,0.0,1.0,348.95500000000004,38.94,1339.0,4.0,0
0.0,0.0,-7.0,21.0,0.0,1.0,307.8,38.94,2064.0,4.0,0
0.0,0.0,5.0,48.0,1.0,1.0,348.95500000000004,19.31,1065.0,2.0,1
0.0,0.0,-28.0,12.0,0.0,1.0,348.95500000000004,38.94,734.0,1.0,0
0.0,0.0,-1.0,32.0,0.0,2.0,218.35,18.65,344.0,3.0,0
0.0,0.5,-18.0,12.0,0.0,7.75,606.875,53.28,761.0,2.0,0
0.0,0.0,-8.0,14.0,0.0,1.0,259.15,14.15,1019.0,3.0,0
0.0,0.0,-11.0,4.0,0.0,3.0,348.95500000000004,16.95,995.0,4.0,0
0.0,0.0,-10.0,13.0,0.0,10.0,234.15,35.15,280.0,1.0,0
0.0,0.0,-20.0,19.0,0.0,10.0,348.95500000000004,28.85,657.0,1.0,0
0.0,0.0,2.0,21.0,1.0,1.0,321.58,21.59,753.0,2.0,1
0.0,0.0,-13.0,21.0,0.0,5.0,348.95500000000004,38.94,1318.5,1.0,0
0.0,0.0,-3.0,17.0,0.0,8.0,348.95500000000004,36.31,900.0,4.0,0
0.0,0.0,-36.0,7.0,0.0,4.0,221.89,21.89,1114.0,1.0,0
0.0,0.0,15.0,36.0,1.0,8.0,348.95500000000004,19.66,387.0,3.0,1
0.0,0.0,-20.0,4.0,0.0,2.0,348.95500000000004,17.8,1457.0,5.0,1
0.0,0.0,-34.0,11.0,0.0,1.0,217.64,18.64,330.0,1.0,0
0.0,0.0,-9.0,16.0,0.0,1.0,184.11,14.21,518.0,1.0,0
0.0,0.0,-12.0,19.0,0.0,2.0,348.95500000000004,36.03,1914.0,5.0,0
0.0,0.0,-7.0,7.0,0.0,1.0,236.7,16.06,919.0,1.0,0
0.0,0.0,-16.0,19.0,0.0,4.0,348.95500000000004,38.94,1946.0,4.0,0
0.0,0.0,-13.0,8.0,0.0,8.0,348.95500000000004,18.71,1792.0,2.0,0
0.0,0.0,-15.0,13.0,0.0,5.0,348.95500000000004,38.94,2400.0,2.0,1
0.0,0.0,-12.0,20.0,0.0,1.0,315.84,16.84,547.0,1.0,0
0.0,0.0,-14.0,12.0,0.0,4.0,294.5,34.52,443.0,1.0,0
0.0,0.0,-18.0,8.0,0.0,2.0,291.96,22.96,1435.0,1.0,0
0.0,0.0,-7.0,19.0,0.0,6.0,348.95500000000004,38.94,1304.0,4.0,0
0.0,0.0,-1.0,19.0,0.0,1.0,297.62,17.72,1784.0,4.0,1
0.0,0.0,-10.0,1.0,0.0,7.0,265.04,15.14,819.0,4.0,0
0.0,0.0,2.0,22.0,1.0,10.0,348.95500000000004,19.75,1690.0,1.0,0
0.0,0.0,-16.0,12.0,0.0,10.0,211.12,22.12,178.0,2.0,0
0.0,0.0,-9.0,9.0,0.0,8.0,348.95500000000004,24.15,695.0,2.0,0
0.0,0.0,-22.0,4.0,0.0,8.0,277.64,38.94,292.0,1.0,1
0.0,0.0,-17.0,3.0,0.0,1.0,335.18,25.18,327.0,1.0,1
0.0,0.0,-7.0,2.0,0.0,10.0,258.9,9.9,1233.0,4.0,1
0.0,0.0,-36.0,11.0,0.0,10.0,280.98,38.94,1733.5,3.0,1
0.0,0.0,-34.0,9.0,0.0,5.0,283.53,23.53,465.0,1.0,0
0.0,0.0,-5.0,20.0,0.0,8.0,247.11,38.94,1158.0,1.0,0
0.0,0.0,-23.0,8.0,0.0,3.0,194.48,27.49,1456.0,1.0,0
0.0,0.0,-8.0,18.0,0.0,10.0,348.95500000000004,18.83,1313.0,3.0,0
0.0,0.0,-6.0,7.0,0.0,5.0,348.95500000000004,15.96,2620.0,3.0,0
0.0,0.0,-1.0,19.0,0.0,1.0,325.93,26.93,217.0,3.0,0
0.0,0.0,-19.0,5.0,0.0,2.0,348.95500000000004,14.42,428.0,1.0,0
0.0,0.0,-13.0,7.0,0.0,3.0,345.98,15.98,2644.0,6.0,0
0.0,0.0,-13.0,11.0,0.0,5.0,266.75,38.94,173.5,1.5,1
0.0,0.0,28.0,75.0,1.0,10.0,348.95500000000004,38.94,1401.0,2.0,0
0.0,0.0,-10.0,9.0,0.0,7.0,268.46,18.46,886.0,1.0,1
0.0,0.0,-16.0,19.0,0.0,10.0,348.95500000000004,38.94,2240.0,1.0,0
0.0,0.0,-4.0,15.0,0.0,3.0,348.95500000000004,32.42,1360.0,2.0,0
0.0,0.0,-14.0,10.0,0.0,14.0,348.95500000000004,17.55,3121.0,4.0,0
0.0,0.0,-11.0,7.0,0.0,3.0,220.02,38.94,341.0,2.0,0
0.0,0.0,6.0,31.0,1.0,10.0,312.49,38.94,756.0,1.0,1
0.0,0.0,-21.0,18.0,0.0,7.0,348.95500000000004,38.94,366.0,2.0,1
0.0,0.0,-12.0,10.0,0.0,1.0,220.29,35.29,252.5,1.0,0
0.0,0.0,-18.0,7.0,0.0,8.0,261.96,17.96,2154.0,1.0,0
0.0,0.0,0.0,22.0,0.0,1.0,224.4,38.94,640.0,1.0,0
0.0,0.0,-12.0,2.0,0.0,1.0,309.89,14.9,1384.0,5.0,0
0.0,0.0,-36.0,6.0,0.0,10.0,348.95500000000004,19.88,388.0,1.0,0
0.0,0.0,-10.0,8.0,0.0,5.0,205.99,16.09,623.0,6.0,0
0.0,0.0,-24.0,13.0,0.0,1.0,202.51,38.94,1937.0,4.0,0
0.0,0.0,-11.0,8.0,0.0,18.0,236.04,23.34,661.0,4.0,0
0.0,0.0,-18.0,9.0,0.0,8.0,228.25,28.35,325.0,1.0,0
0.0,0.0,-11.0,12.0,0.0,10.0,348.95500000000004,27.34,1153.0,1.0,0
0.0,0.0,-15.0,10.0,0.0,5.0,326.75,38.94,1673.0,2.0,0
0.0,0.0,0.0,20.0,0.0,10.0,348.95500000000004,21.87,553.0,2.0,0
0.0,0.0,-7.0,11.0,0.0,3.0,348.95500000000004,37.72,3065.0,2.0,0
0.0,0.0,19.0,40.0,1.0,2.0,219.63,29.73,537.0,3.0,1
0.0,0.0,-18.0,23.0,0.0,1.0,348.95500000000004,38.94,1290.0,1.0,1
0.0,0.0,-12.0,1.0,0.0,6.0,279.98,10.08,750.0,1.0,0
0.0,0.0,-9.0,11.0,0.0,7.0,288.88,19.98,619.0,1.0,1
0.0,0.0,-15.0,9.0,0.0,1.0,348.95500000000004,24.8,606.0,3.0,0
0.0,0.0,-17.0,7.0,0.0,1.0,348.95500000000004,21.38,857.0,4.0,0
0.0,0.0,-14.0,2.0,0.0,8.0,238.8,9.8,516.0,1.0,0
0.0,0.0,2.0,17.0,1.0,1.0,223.73,29.73,1926.0,1.0,0
0.0,0.0,-12.0,8.0,0.0,1.0,348.95500000000004,20.01,2844.0,3.0,0
0.0,0.0,-11.0,31.0,0.0,1.0,267.25,38.94,1159.0,2.0,1
0.0,0.0,27.0,46.0,1.0,5.0,293.95,38.94,757.0,1.0,1
0.0,0.0,-21.0,6.0,0.0,5.0,221.78,21.79,630.0,3.0,0
0.0,0.0,-15.0,14.0,0.0,9.0,348.95500000000004,38.94,1893.0,1.0,1
0.0,0.0,-34.0,4.0,0.0,8.0,345.4,17.4,790.0,1.0,0
0.0,0.0,-2.0,27.0,0.0,8.0,238.69,18.79,236.0,1.0,0
0.0,0.0,-15.0,5.0,0.0,8.0,348.95500000000004,17.66,649.0,4.0,0
0.0,0.0,-20.0,11.0,0.0,1.0,319.11,38.94,266.0,3.0,0
0.0,0.0,-8.0,22.0,0.0,1.0,348.95500000000004,38.94,383.0,2.0,1
0.0,0.0,-18.0,5.0,0.0,1.0,337.83,38.94,455.0,1.0,0
0.0,0.0,4.0,22.0,1.0,6.0,348.95500000000004,38.94,396.0,6.0,1
0.0,0.0,-19.0,8.0,0.0,10.0,348.95500000000004,38.94,613.3333333333334,1.0,1
0.0,0.0,1.0,25.0,1.0,3.0,285.63,15.64,111.0,1.0,1
0.0,0.0,-25.0,17.0,0.0,1.0,348.95500000000004,24.54,635.0,1.0,0
0.0,0.0,-10.0,5.0,0.0,1.0,262.94,12.95,989.0,1.0,0
0.0,0.0,-8.0,20.0,0.0,4.0,214.16,24.26,961.0,1.0,0
0.0,0.0,-14.0,12.0,0.0,6.0,213.3,23.4,902.0,3.0,0
0.0,0.0,16.0,39.0,1.0,6.0,278.59,19.69,536.0,1.0,1
0.0,0.0,-5.0,4.0,0.0,2.0,289.57,24.57,582.0,1.0,0
0.0,0.0,-9.0,14.0,0.0,10.0,215.55,38.94,956.5,1.5,0
0.0,0.0,-4.0,10.0,0.0,8.0,284.09,14.19,1351.0,7.0,0
0.0,0.0,-5.0,17.0,0.0,8.0,348.95500000000004,20.61,2179.0,3.0,0
0.0,0.0,-13.0,9.0,0.0,6.0,348.43,19.43,423.0,5.0,0
0.0,0.0,-12.0,8.0,0.0,4.0,239.6,38.94,408.0,1.0,0
0.0,0.0,-3.0,26.0,0.0,4.0,246.26,16.36,640.0,1.0,0
0.0,0.0,-18.0,4.0,0.0,2.0,269.62,19.63,78.0,2.0,0
0.0,0.0,-6.0,10.0,0.0,4.0,228.01,13.01,255.0,1.0,0
0.0,0.0,-4.0,23.0,0.0,2.0,240.32,17.32,934.0,1.0,1
0.0,0.0,-17.0,6.0,0.0,10.0,348.95500000000004,38.94,622.0,1.0,0
0.0,0.0,-14.0,9.0,0.0,10.0,333.35,38.94,674.0,1.0,0
0.0,0.0,-3.0,15.0,0.0,8.0,267.45,18.45,305.0,2.0,0
0.0,0.0,-14.0,5.0,0.0,3.0,205.47,25.57,559.0,2.0,0
0.0,0.0,-15.0,3.0,0.0,1.0,348.95500000000004,11.66,292.0,1.0,0
0.0,0.0,4.0,29.0,1.0,10.0,269.32,19.33,2032.0,6.0,0
0.0,0.0,-14.0,10.0,0.0,10.0,348.95500000000004,38.94,314.0,1.0,1
0.0,0.0,-18.0,11.0,0.0,6.0,309.73,38.94,408.0,1.0,0
0.0,0.0,-16.0,7.0,0.0,2.0,348.95500000000004,38.94,1569.0,3.0,0
0.0,0.0,-14.0,11.0,0.0,3.0,284.04,29.14,1243.0,1.0,0
0.0,0.0,-20.0,7.0,0.0,3.0,348.95500000000004,29.39,1459.0,9.0,0
0.0,0.0,1.0,24.0,1.0,4.0,216.64,18.64,1289.0,1.0,0
0.0,0.0,-10.0,3.0,0.0,4.0,243.74,9.83,163.0,1.0,0
0.0,0.0,-8.0,13.0,0.0,1.0,348.95500000000004,37.6,512.0,1.0,0
0.0,0.0,-14.0,15.0,0.0,10.0,279.04,33.24,255.0,1.0,0
0.0,0.0,-11.0,8.0,0.0,4.0,348.95500000000004,19.28,564.0,5.0,0
0.0,0.0,9.0,33.0,1.0,2.5,345.96,20.96,2644.0,6.0,0
0.0,0.0,-26.0,7.0,0.0,1.0,348.95500000000004,38.94,272.0,1.0,0
0.0,0.0,-18.0,9.0,0.0,1.0,348.95500000000004,22.57,1203.0,1.0,0
0.0,0.0,-10.0,13.0,0.0,10.0,236.54,37.64,888.5,3.0,0
0.0,0.0,-2.0,28.0,0.0,8.0,348.95500000000004,19.02,625.0,1.0,0
0.0,0.0,-12.0,17.0,0.0,10.0,348.95500000000004,38.94,450.0,1.0,0
0.0,0.0,-23.0,8.0,0.0,1.0,274.15,16.55,378.0,1.0,0
0.0,0.0,-39.0,10.0,0.0,1.0,348.95500000000004,38.94,812.0,1.0,0
0.0,0.0,-21.0,7.0,0.0,1.0,348.95500000000004,20.76,306.0,1.0,0
0.0,0.0,-21.0,13.0,0.0,1.0,194.12,38.94,1893.0,1.0,0
0.0,0.0,-13.0,6.0,0.0,6.0,272.97,38.94,1692.0,4.0,1
0.0,0.0,-23.0,8.0,0.0,8.0,259.08,38.94,594.0,1.0,0
0.0,0.0,-7.0,23.0,0.0,1.0,230.52,36.52,1115.0,3.0,0
0.0,0.0,3.0,22.0,1.0,2.0,348.95500000000004,17.21,225.0,2.0,1
0.0,0.0,-48.0,6.0,0.0,1.0,348.95500000000004,38.94,407.0,6.0,0
0.0,0.0,-18.0,9.0,0.0,1.0,289.14,38.94,1026.0,1.0,0
0.0,0.0,-17.0,11.0,0.0,1.0,348.95500000000004,38.94,401.0,1.0,0
0.0,0.0,-19.0,17.0,0.0,6.0,325.01,20.01,2881.0,1.0,0
0.0,0.0,-18.0,7.0,0.0,1.0,247.52,27.62,298.0,1.0,1
0.0,0.0,-6.0,6.0,0.0,1.0,251.5,10.6,878.0,1.0,0
0.0,0.0,-8.0,3.0,0.0,4.0,213.73,13.83,264.0,1.0,1
0.0,0.0,-19.0,7.0,0.0,4.0,232.72,32.92,1517.5,2.0,0
0.0,0.0,-19.0,11.0,0.0,10.0,348.95500000000004,38.94,1602.0,4.0,0
0.0,0.0,-22.0,7.0,0.0,10.0,348.95500000000004,38.08,1227.0,1.0,0
0.0,0.0,-7.0,4.0,0.0,3.0,348.95500000000004,38.94,867.0,3.0,0
0.0,0.0,-8.0,10.0,0.0,8.0,348.95500000000004,26.13,886.0,2.0,0
0.0,0.0,-8.0,20.0,0.0,1.0,348.95500000000004,38.94,1398.0,1.0,0
0.0,0.0,-9.0,17.0,0.0,1.0,348.95500000000004,38.94,407.0,1.0,0
0.0,0.0,-14.0,13.0,0.0,3.0,274.87,16.57,1211.0,3.0,0
0.0,0.0,-6.0,28.0,0.0,8.0,277.16,17.26,2013.0,4.0,0
0.0,0.0,-4.0,19.0,0.0,1.0,323.96,24.96,2010.0,5.0,0
0.0,0.0,-21.0,13.0,0.0,8.0,348.95500000000004,36.08,1271.0,1.0,0
0.0,0.0,-14.0,13.0,0.0,4.0,205.07,16.07,232.0,1.0,0
0.0,0.0,-15.0,2.0,0.0,10.0,348.95500000000004,18.14,1801.0,6.0,0
0.0,0.0,-6.0,31.0,0.0,1.0,303.19,38.94,1180.0,1.0,0
0.0,0.0,-23.0,10.0,0.0,6.0,273.96,19.06,229.0,1.0,0
0.0,0.0,-27.0,11.0,0.0,1.0,348.95500000000004,23.03,3330.0,3.0,0
0.0,0.0,-5.0,10.0,0.0,10.0,248.36,19.32,603.0,1.0,0
0.0,0.0,-9.0,3.0,0.0,8.0,210.62,22.62,1215.5,1.0,0
0.0,0.0,-20.0,19.0,0.0,3.0,348.95500000000004,25.42,886.0,4.0,1
0.0,0.0,-15.0,4.0,0.0,1.0,260.73,30.73,771.0,1.0,0
0.0,0.0,-8.0,16.0,0.0,4.0,215.14,16.14,500.0,1.0,0
0.0,0.0,1.0,24.0,1.0,2.0,307.38,18.46,144.0,2.0,0
0.0,0.0,-7.0,15.0,0.0,5.0,348.95500000000004,16.43,623.0,1.0,1
0.0,0.0,-9.0,14.0,0.0,1.0,348.95500000000004,38.94,635.0,1.0,0
0.0,0.0,-16.0,6.0,0.0,8.0,348.95500000000004,20.33,387.0,3.0,1
0.0,0.0,3.0,29.0,1.0,15.0,348.95500000000004,38.94,1030.0,4.0,1
0.0,0.0,5.0,29.0,1.0,10.0,193.9,17.0,910.0,2.0,0
0.0,0.0,-16.0,10.0,0.0,8.0,348.95500000000004,20.82,1083.0,4.0,0
0.0,0.0,-10.0,22.0,0.0,1.0,231.26,16.26,1073.0,1.0,0
0.0,0.0,-6.0,19.0,0.0,1.0,348.95500000000004,38.94,1562.0,2.0,0
0.0,0.0,-18.0,17.0,0.0,10.0,348.95500000000004,38.94,1176.0,3.0,0
0.0,0.0,-7.0,4.0,0.0,5.0,348.95500000000004,20.82,1136.0,4.0,0
0.0,0.0,7.0,24.0,1.0,3.0,308.42,38.94,770.0,1.0,0
0.0,0.0,-30.0,9.0,0.0,10.0,293.2,38.94,340.0,1.0,0
0.0,0.0,-21.0,12.0,0.0,1.0,200.68,30.68,252.0,1.0,0
0.0,0.0,-17.0,8.0,0.0,1.0,348.95500000000004,16.54,278.0,1.0,0
0.0,0.0,-16.0,5.0,0.0,3.0,348.95500000000004,18.71,339.0,6.0,0
0.0,0.0,-1.0,17.0,0.0,1.0,229.14,31.14,1301.0,1.0,0
0.0,0.0,-16.0,13.0,0.0,10.0,348.95500000000004,18.5,1616.0,3.0,0
0.0,0.0,-16.0,9.0,0.0,10.0,348.95500000000004,38.94,411.75,1.0,1
0.0,0.0,-9.0,14.0,0.0,1.0,268.48,38.94,603.0,1.0,0
0.0,0.0,-13.0,9.0,0.0,7.0,348.95500000000004,16.93,1796.0,2.0,0
0.0,0.0,-13.0,14.0,0.0,3.0,246.82,26.83,356.0,1.0,0
0.0,0.0,-21.0,8.0,0.0,8.0,348.95500000000004,17.14,915.0,2.0,0
0.0,0.0,-18.0,16.0,0.0,10.0,348.95500000000004,38.94,562.0,2.0,0
0.0,0.0,-17.0,21.0,0.0,8.0,348.95500000000004,38.94,742.0,3.0,0
0.0,0.0,-5.0,17.0,0.0,10.0,348.95500000000004,38.94,430.0,1.0,0
0.0,0.0,-13.0,14.0,0.0,5.0,245.04,17.04,1355.0,5.0,0
0.0,0.0,-2.0,20.0,0.0,1.0,348.95500000000004,17.12,501.0,4.0,0
0.0,0.0,-15.0,5.0,0.0,10.0,348.95500000000004,17.93,786.0,2.0,0
0.0,0.0,-13.0,11.0,0.0,1.0,250.47,20.47,766.0,5.0,0
0.0,0.0,-5.0,8.0,0.0,2.0,235.46,35.66,566.5,2.5,0
0.0,0.0,3.0,25.0,1.0,2.0,348.95500000000004,20.26,847.0,6.0,0
0.0,0.0,13.0,36.0,1.0,4.0,222.68,18.68,236.0,1.0,1
0.0,0.0,-13.0,9.0,0.0,6.0,348.95500000000004,34.2,2592.0,2.0,0
0.0,0.0,-16.0,16.0,0.0,2.0,348.95500000000004,38.94,660.0,3.0,0
0.0,0.0,-15.0,7.0,0.0,10.0,348.95500000000004,16.33,623.0,1.0,0
0.0,0.0,-13.0,12.0,0.0,10.0,217.82,38.94,740.0,2.0,0
0.0,0.0,-14.0,2.0,0.0,4.0,239.35,9.35,395.0,1.0,0
0.0,0.0,-27.0,8.0,0.0,10.0,348.95500000000004,33.43,3530.0,5.0,1
0.0,0.0,-24.0,9.0,0.0,1.0,232.7,38.94,345.6666666666667,2.0,1
0.0,0.0,-8.0,18.0,0.0,9.0,221.98,32.08,317.0,3.0,0
0.0,0.0,-7.0,19.0,0.0,3.0,208.01,20.01,400.0,2.0,0
0.0,0.0,-8.0,20.0,0.0,5.0,265.96,38.94,635.0,1.0,0
0.0,0.0,-8.0,12.0,0.0,5.0,348.95500000000004,17.94,340.0,3.0,0
0.0,0.0,-15.0,14.0,0.0,5.0,279.51,38.94,837.0,1.0,0
0.0,0.0,-8.0,18.0,0.0,4.0,344.55,19.55,2644.0,6.0,0
0.0,0.0,-26.0,9.0,0.0,10.0,256.15,26.16,824.0,2.0,0
0.0,0.0,-8.0,13.0,0.0,6.0,348.95500000000004,28.95,383.0,1.0,0
0.0,0.0,-15.0,14.0,0.0,1.0,251.71,17.4,478.0,1.0,0
0.0,0.0,-6.0,6.0,0.0,3.0,348.95500000000004,38.94,987.0,1.0,0
0.0,0.0,3.0,30.0,1.0,3.0,217.84,17.84,608.0,1.0,1
0.0,0.0,4.0,31.0,1.0,10.0,348.95500000000004,38.94,492.0,1.0,1
0.0,0.0,-22.0,7.0,0.0,1.0,348.95500000000004,33.58,766.0,6.0,0
0.0,0.0,12.0,31.0,1.0,1.0,219.28,19.28,608.0,1.0,1
0.0,0.0,13.0,39.0,1.0,1.0,218.27,19.27,1350.0,4.0,1
0.0,0.0,-22.0,7.0,0.0,4.0,277.16,17.26,649.0,3.0,1
0.0,0.0,-10.0,25.0,0.0,5.0,348.95500000000004,38.94,329.0,1.0,0
0.0,0.0,-10.0,18.0,0.0,1.0,348.95500000000004,38.94,632.0,1.0,1
0.0,0.0,-16.0,9.0,0.0,1.0,295.61,15.71,584.0,2.0,0
0.0,0.0,-3.0,19.0,0.0,5.0,266.89,20.27,1246.0,1.0,0
0.0,0.0,-9.0,22.0,0.0,3.0,259.91,30.01,1120.0,8.0,1
0.0,0.0,-7.0,6.0,0.0,10.0,348.95500000000004,37.86,578.0,1.0,0
0.0,0.0,-3.0,15.0,0.0,1.0,336.6,38.94,2245.0,1.0,0
0.0,0.0,-33.0,42.0,0.0,1.0,348.95500000000004,18.55,1338.0,2.0,0
0.0,0.0,-13.0,6.0,0.0,1.0,348.95500000000004,13.55,1459.0,9.0,0
0.0,0.0,-17.0,16.0,0.0,10.0,348.95500000000004,38.94,107.0,1.0,0
0.0,0.0,-22.0,10.0,0.0,10.0,348.95500000000004,38.94,210.0,1.0,0
0.0,0.0,6.0,27.0,1.0,6.0,216.05,17.15,405.0,3.0,1
0.0,0.0,-19.0,9.0,0.0,10.0,254.52,16.52,2066.0,1.0,0
0.0,0.0,-31.0,9.0,0.0,1.0,348.95500000000004,38.94,2432.0,4.0,0
0.0,0.0,-7.0,22.0,0.0,1.0,308.42,38.94,769.0,1.0,0
0.0,0.0,-19.0,16.0,0.0,1.0,244.95,22.05,538.0,1.0,0
0.0,0.0,-15.0,6.0,0.0,4.0,348.95500000000004,20.75,2030.0,2.0,0
0.0,0.0,-5.0,6.0,0.0,1.0,348.95500000000004,26.16,1891.0,1.0,0
0.0,0.0,3.0,26.0,1.0,10.0,348.95500000000004,38.94,2810.0,7.0,1
0.0,0.0,-25.0,13.0,0.0,3.0,288.33,18.33,293.0,1.0,0
0.0,0.0,-30.0,7.0,0.0,8.0,227.81,17.91,231.0,1.0,1
0.0,0.0,-19.0,7.0,0.0,10.0,348.95500000000004,13.77,915.0,2.0,0
0.0,0.0,-16.0,13.0,0.0,4.0,261.46,16.46,1214.0,1.0,0
0.0,0.0,-15.0,17.0,0.0,8.0,217.15,17.16,218.0,1.0,0
0.0,0.0,-17.0,7.0,0.0,4.0,283.77,28.77,982.0,1.0,0
0.0,0.0,-4.0,21.0,0.0,10.0,348.95500000000004,38.94,122.0,1.0,0
0.0,0.0,-15.0,8.0,0.0,1.0,348.95500000000004,18.2,3902.0,7.0,0
0.0,0.0,-10.0,25.0,0.0,4.0,342.03,23.03,439.0,1.0,1
0.0,0.0,-1.0,27.0,0.0,1.0,348.95500000000004,18.79,1517.0,1.0,0
0.0,0.0,-11.0,7.0,0.0,3.0,286.78,36.88,2031.0,1.0,0
0.0,0.0,7.0,24.0,1.0,1.0,202.26,17.26,156.0,1.0,1
0.0,0.0,-14.0,3.0,0.0,12.0,228.41,13.41,516.0,1.0,0
0.0,0.0,-21.0,17.0,0.0,3.5,348.95500000000004,29.03,869.0,7.0,0
0.0,0.0,-12.0,10.0,0.0,4.0,348.95500000000004,38.94,925.0,5.0,0
0.0,0.0,-13.0,6.0,0.0,3.0,343.7,22.71,1002.0,3.0,0
0.0,0.0,-7.0,12.0,0.0,1.0,348.95500000000004,38.94,631.0,2.0,0
0.0,0.0,-19.0,16.0,0.0,3.0,192.69,27.69,993.0,4.0,0
0.0,0.0,-12.0,5.0,0.0,10.0,348.95500000000004,15.46,440.0,2.0,0
0.0,0.0,-21.0,13.0,0.0,1.0,348.95500000000004,38.94,435.0,3.0,0
0.0,0.0,-8.0,5.0,0.0,9.0,348.95500000000004,35.16,603.0,1.0,0
0.0,0.0,-27.0,19.0,0.0,1.0,265.16,38.94,470.0,1.0,0
0.0,0.0,-24.0,14.0,0.0,2.5,237.94,38.94,330.0,1.0,0
0.5,0.5,-4.0,4.0,0.0,3.0,697.9100000000001,56.099999999999994,506.0,1.5,1
0.0,0.0,-13.0,11.0,0.0,1.0,216.15,16.16,1492.0,10.0,0
0.0,0.0,-8.0,7.0,0.0,3.0,334.29,26.29,1834.0,1.0,0
0.0,0.0,-12.0,5.0,0.0,7.0,239.64,19.64,473.0,2.0,0
0.0,0.0,5.0,57.0,1.0,1.0,215.33,38.94,1207.0,1.0,0
0.0,0.0,-4.0,13.0,0.0,1.0,274.55,24.55,1359.0,3.0,0
0.0,0.0,16.0,43.0,1.0,1.0,323.74,23.84,290.0,1.0,1
0.0,0.0,24.0,69.0,1.0,10.0,348.95500000000004,38.94,1091.0,1.0,1
0.0,0.0,-3.0,16.0,0.0,1.0,209.41,19.41,3270.0,4.0,0
0.0,0.0,-8.0,17.0,0.0,1.0,348.95500000000004,32.6,1801.0,6.0,0
0.0,0.0,-10.0,8.0,0.0,1.0,348.95500000000004,38.94,477.0,1.6666666666666667,0
0.0,0.0,-12.0,10.0,0.0,10.0,252.89,18.89,1971.0,3.0,0
0.0,0.0,7.0,47.0,1.0,6.0,348.95500000000004,28.33,657.0,1.0,1
0.0,0.0,-3.0,8.0,0.0,2.0,247.46,18.42,603.0,1.0,0
0.0,0.0,-27.0,11.0,0.0,4.0,219.63,20.63,330.0,1.0,0
0.0,0.0,-14.0,9.0,0.0,2.0,225.51,38.94,1212.3333333333333,2.0,0
0.0,0.0,-1.0,23.0,0.0,5.0,299.2,19.21,1292.0,3.0,0
0.0,0.0,-14.0,9.0,0.0,6.0,346.88,38.94,674.0,1.0,1
0.0,0.0,-8.0,4.0,0.0,10.0,327.61,38.94,1397.0,6.0,0
0.0,0.0,-14.0,16.0,0.0,8.0,348.95500000000004,38.94,2910.0,1.0,0
0.0,0.0,-10.0,10.0,0.0,9.0,258.02,38.94,606.0,2.0,0
0.0,0.0,-12.0,15.0,0.0,10.0,348.95500000000004,38.94,1274.0,1.0,0
0.0,0.0,-12.0,6.0,0.0,8.0,315.94,16.94,1022.0,2.0,0
0.0,0.0,-15.0,17.0,0.0,10.0,234.66,36.769999999999996,335.0,2.0,1
0.0,0.0,-33.0,4.0,0.0,2.0,348.95500000000004,38.94,341.0,1.0,0
0.0,0.0,-16.0,3.0,0.0,8.0,348.95500000000004,15.0,981.0,4.0,0
0.0,0.0,-9.0,12.0,0.0,1.0,348.95500000000004,11.52,273.0,1.0,0
0.0,0.0,24.0,53.0,1.0,3.0,348.95500000000004,16.9,759.0,1.0,0
0.0,0.0,-16.0,10.0,0.0,10.0,348.95500000000004,38.94,907.0,3.0,0
0.0,0.0,-19.0,7.0,0.0,6.0,252.94,17.54,549.0,1.0,0
0.0,0.0,-13.0,14.0,0.0,10.0,348.95500000000004,30.51,2390.0,1.0,0
0.0,0.0,-9.0,15.0,0.0,2.0,225.03,35.13,570.0,2.0,0
0.0,0.0,-14.0,10.0,0.0,1.0,315.26,16.26,824.0,1.0,0
0.0,0.0,-4.0,18.0,0.0,1.0,186.82,16.82,514.0,2.0,0
0.0,0.0,-47.0,3.0,0.0,4.0,232.48,38.94,1396.0,2.0,0
0.0,0.0,-22.0,10.0,0.0,6.0,211.6,18.6,2558.0,1.0,0
0.0,0.0,-15.0,13.0,0.0,6.0,227.61,38.94,481.3333333333333,2.0,0
0.0,0.0,-21.0,7.0,0.0,1.0,348.95500000000004,28.05,776.0,8.0,0
0.0,0.0,-14.0,14.0,0.0,6.0,322.21,22.22,1131.0,3.0,1
0.0,0.0,-16.0,11.0,0.0,8.0,226.48,38.94,2188.0,2.0,0
0.0,0.0,-15.0,6.0,0.0,8.0,245.07,38.94,1066.0,4.0,0
0.0,0.0,-16.0,13.0,0.0,4.0,213.83,27.84,558.0,1.0,0
0.0,0.0,-15.0,3.0,0.0,1.0,241.71,38.94,431.0,1.0,0
0.0,0.0,-14.0,6.0,0.0,1.0,244.29,24.3,356.0,1.0,0
0.0,0.0,-20.0,7.0,0.0,1.0,292.99,13.35,465.0,1.0,0
0.0,0.0,4.0,14.0,1.0,1.0,267.41,12.41,493.0,1.0,1
0.0,0.0,-5.0,21.0,0.0,8.0,348.95500000000004,19.99,329.0,1.0,0
0.0,0.0,-8.0,27.0,0.0,10.0,348.95500000000004,38.94,670.0,5.0,1
0.0,0.0,-1.0,12.0,0.0,10.0,348.95500000000004,25.13,603.0,2.0,1
0.0,0.0,-18.0,15.0,0.0,3.0,211.6,18.6,822.0,1.0,0
0.0,0.0,-5.0,23.0,0.0,10.0,210.28,30.38,1128.0,1.0,0
0.0,0.0,-18.0,8.0,0.0,1.0,301.81,25.8,375.0,2.0,0
0.0,0.0,1.0,24.0,1.0,1.0,348.95500000000004,38.94,2644.0,6.0,0
0.0,0.0,-31.0,4.0,0.0,6.0,348.95500000000004,29.0,344.0,5.0,0
0.0,0.0,-1.0,32.0,0.0,5.0,269.44,38.94,1893.0,1.0,0
0.0,0.0,-27.0,12.0,0.0,1.0,317.99,18.0,1383.0,2.0,0
0.0,0.0,-20.0,7.0,0.0,6.0,348.95500000000004,38.94,720.0,1.0,0
0.0,0.0,-13.0,15.0,0.0,8.0,348.95500000000004,38.94,430.0,1.0,0
0.0,0.0,0.0,10.0,0.0,8.0,260.0,10.1,178.0,6.0,1
0.0,0.0,-20.0,8.0,0.0,8.0,348.95500000000004,17.18,929.0,1.0,0
0.0,0.0,-41.0,11.0,0.0,1.0,348.95500000000004,38.94,339.0,1.0,0
0.0,0.0,-14.0,8.0,0.0,1.0,200.48,30.68,911.0,3.5,0
0.0,0.0,-30.0,9.0,0.0,1.0,348.95500000000004,38.94,1479.0,3.0,0
0.0,0.0,-16.0,18.0,0.0,8.0,201.65,21.75,795.0,1.0,0
0.0,0.0,-13.0,12.0,0.0,2.0,267.98,32.0,901.0,1.0,1
0.0,0.0,-14.0,9.0,0.0,8.0,216.07,26.17,162.0,5.0,0
0.0,0.0,-17.0,6.0,0.0,10.0,238.63,19.63,442.0,1.0,0
0.0,0.0,-18.0,6.0,0.0,3.0,348.95500000000004,19.22,623.0,1.0,0
0.0,0.0,-14.0,26.0,0.0,4.0,205.74,38.94,1177.0,1.0,0
0.0,0.0,-8.0,18.0,0.0,10.0,348.95500000000004,27.83,1543.0,3.0,0
0.0,0.0,-11.0,11.0,0.0,3.0,196.99,17.99,1981.0,3.0,0
0.0,0.0,-14.0,16.0,0.0,6.0,348.95500000000004,38.94,1135.0,5.0,0
0.0,0.0,-4.0,23.0,0.0,4.0,225.04,25.05,572.0,2.0,1
0.0,0.0,-16.0,6.0,0.0,10.0,347.5,38.94,234.0,1.0,1
0.0,0.0,-14.0,13.0,0.0,1.0,234.73,18.79,1885.0,1.0,0
0.0,0.0,-11.0,5.0,0.0,4.0,348.95500000000004,14.19,406.0,1.0,0
0.0,0.0,-15.0,15.0,0.0,20.0,225.06,38.94,2595.0,1.0,0
0.0,0.0,-26.0,6.0,0.0,6.0,344.96,38.94,2010.0,5.0,0
0.0,0.0,30.0,54.0,1.0,1.0,189.51,38.94,626.0,1.0,1
0.0,0.0,-7.0,20.0,0.0,7.0,343.59,38.94,157.0,3.0,0
0.0,0.0,-13.0,1.0,0.0,10.0,295.67,38.94,1206.5,4.0,0
0.0,0.0,-4.0,23.0,0.0,8.0,252.35,22.45,785.0,4.0,0
0.0,0.0,-13.0,14.0,0.0,8.0,348.95500000000004,37.95,1800.0,7.0,0
0.0,0.0,-8.0,27.0,0.0,5.0,206.5,36.51,916.0,2.0,0
0.0,0.0,-21.0,4.0,0.0,3.0,271.38,22.38,643.0,4.0,0
0.0,0.0,-9.0,7.0,0.0,2.0,220.02,38.94,348.0,2.0,0
0.0,0.0,-13.0,12.0,0.0,4.0,317.47,38.94,763.0,2.0,0
0.0,0.0,-6.0,7.0,0.0,5.0,348.95500000000004,38.94,1135.0,5.0,0
0.0,0.0,-10.0,15.0,0.0,10.0,348.95500000000004,32.4,609.0,1.0,1
0.0,0.0,-18.0,10.0,0.0,5.0,215.27,16.27,712.0,1.0,0
0.0,0.0,-15.0,1.0,0.0,10.0,348.95500000000004,19.48,1882.0,4.0,0
0.0,0.0,1.0,30.0,1.0,10.0,272.79,24.89,1852.0,5.0,0
0.0,0.0,-2.0,14.0,0.0,1.0,348.95500000000004,38.94,363.0,1.0,1
0.0,0.0,-7.0,5.0,0.0,10.0,348.95500000000004,11.45,660.0,2.0,0
0.0,0.0,-14.0,7.0,0.0,10.0,198.91,14.31,713.0,2.0,0
0.0,0.0,-11.0,22.0,0.0,1.0,289.98,38.94,450.0,1.0,0
0.0,0.0,-8.0,4.0,0.0,10.0,348.95500000000004,11.06,645.0,1.0,0
0.0,0.0,0.0,6.0,0.0,1.0,348.95500000000004,38.94,274.0,1.0,0
0.0,0.0,-22.0,14.0,0.0,8.0,340.59,26.69,489.0,1.0,0
0.0,0.0,-23.0,12.0,0.0,1.0,327.56,28.56,593.0,1.0,0
0.0,0.0,-3.0,10.0,0.0,8.0,198.62,13.63,3734.0,5.0,0
0.0,0.0,-6.0,17.0,0.0,1.0,348.95500000000004,38.94,1067.0,1.0,0
0.0,0.0,-16.0,3.0,0.0,3.0,348.95500000000004,19.22,1305.0,1.0,0
0.0,0.0,-10.0,12.0,0.0,1.0,212.02,16.12,465.0,1.0,0
0.0,0.0,-12.0,7.0,0.0,1.0,312.59,13.59,626.0,3.0,0
0.0,0.0,-16.0,12.0,0.0,7.0,343.36,18.46,2087.0,1.0,0
0.0,0.0,-9.0,19.0,0.0,10.0,277.48,38.94,189.0,1.0,0
0.0,0.0,-3.0,18.0,0.0,1.0,348.95500000000004,19.91,872.0,2.0,0
0.0,0.0,-19.0,17.0,0.0,10.0,348.95500000000004,37.27,982.0,3.0,0
0.0,0.0,-13.0,9.0,0.0,1.0,205.87,26.87,2188.0,2.0,0
0.0,0.0,-7.0,2.0,0.0,2.0,348.95500000000004,13.09,534.0,1.0,0
0.0,0.0,-18.0,7.0,0.0,3.0,315.84,16.84,3076.0,4.0,0
0.0,0.0,-23.0,7.0,0.0,7.0,348.95500000000004,38.94,254.0,1.0,0
0.0,0.0,-27.0,6.0,0.0,1.0,232.09,38.94,1430.0,8.0,0
0.0,0.0,-15.0,23.0,0.0,3.0,211.86,34.11,278.0,1.0,0
0.0,0.0,-20.0,10.0,0.0,10.0,348.95500000000004,19.7,625.0,1.0,0
0.0,0.0,-11.0,26.0,0.0,10.0,298.55,38.94,560.6666666666666,2.0,0
0.0,0.0,-21.0,12.0,0.0,10.0,308.72,38.94,654.0,1.0,0
0.0,0.0,-19.0,20.0,0.0,1.0,199.02,38.94,1148.0,1.0,1
0.0,0.0,-13.0,4.0,0.0,4.0,284.49,15.49,802.0,2.0,0
0.0,0.0,-17.0,11.0,0.0,1.0,348.95500000000004,18.1,361.0,1.0,0
0.0,0.0,0.0,28.0,0.0,8.0,308.7,23.7,1295.0,3.0,0
0.0,0.0,-17.0,10.0,0.0,3.0,278.0,18.01,1487.0,1.0,0
0.0,0.0,134.0,168.0,1.0,8.0,307.24,27.24,558.0,1.0,0
0.0,0.0,-20.0,8.0,0.0,8.0,227.01,38.01,807.0,4.0,0
0.0,0.0,-2.0,24.0,0.0,4.0,348.95500000000004,38.94,1176.0,3.0,0
0.0,0.0,-15.0,6.0,0.0,8.0,306.1,16.2,616.0,1.0,0
0.0,0.0,-20.0,18.0,0.0,1.0,195.12,38.94,1893.0,1.0,0
0.0,0.0,-8.0,7.0,0.0,10.0,348.95500000000004,38.94,1345.0,8.0,0
0.0,0.0,-7.0,20.0,0.0,4.0,220.02,38.94,1128.0,1.0,0
0.0,0.0,-10.0,3.0,0.0,2.0,214.79,9.79,2378.0,2.0,0
0.0,0.0,-19.0,11.0,0.0,4.0,213.53,13.53,1410.0,3.0,0
0.0,0.0,-14.0,7.0,0.0,1.0,348.95500000000004,17.16,1397.0,1.0,0
0.0,0.0,-7.0,14.0,0.0,8.0,348.95500000000004,20.11,465.0,2.0,0
0.0,0.0,-13.0,7.0,0.0,1.0,347.31,17.41,593.0,2.0,0
0.0,0.0,-20.0,6.0,0.0,1.0,231.88,33.88,1156.0,5.0,0
0.0,0.0,0.0,17.0,0.0,5.0,348.95500000000004,11.61,1341.0,2.0,0
0.0,0.0,-13.0,8.0,0.0,1.0,306.72,38.94,746.0,5.0,0
0.0,0.0,-16.0,23.0,0.0,1.0,348.95500000000004,24.77,632.0,1.0,0
0.0,0.0,-11.0,8.0,0.0,4.0,214.14,15.14,1008.0,8.0,0
0.0,0.0,-21.0,11.0,0.0,6.0,297.83,19.83,501.0,4.0,1
0.0,0.0,0.0,12.0,0.0,1.0,348.95500000000004,38.94,184.5,1.5,0
0.0,0.0,-14.0,14.0,0.0,10.0,348.95500000000004,34.38,1931.0,1.0,0
0.0,0.0,-19.0,9.0,0.0,4.0,348.95500000000004,38.94,694.5,1.0,0
0.0,0.0,-4.0,3.0,0.0,5.0,260.09,10.1,989.0,1.0,0
0.0,0.0,-13.0,12.0,0.0,10.0,257.3,17.31,1001.0,1.0,0
0.0,0.0,-18.0,6.0,0.0,10.0,302.91,32.92,502.0,2.0,0
0.0,0.0,-10.0,6.0,0.0,2.0,322.89,22.9,1892.0,4.0,0
0.0,0.0,-15.0,18.0,0.0,8.0,308.77,18.87,305.0,1.0,0
0.0,0.0,-25.0,8.0,0.0,7.0,348.95500000000004,21.38,468.0,1.0,1
0.0,0.0,-20.0,6.0,0.0,10.0,214.41,14.51,298.0,1.0,0
0.0,0.0,-4.0,7.0,0.0,20.0,348.95500000000004,38.94,448.0,2.0,0
0.0,0.0,-22.0,5.0,0.0,4.0,348.95500000000004,23.85,1344.0,1.0,0
0.0,0.0,-14.0,14.0,0.0,1.0,316.26,36.46,270.0,1.0,0
0.0,0.0,-24.0,14.0,0.0,8.0,296.2,38.1,407.0,1.0,0
0.0,0.0,-1.0,9.0,0.0,1.0,348.95500000000004,25.94,1981.0,1.0,0
0.0,0.0,-18.0,9.0,0.0,1.0,287.21,27.31,115.0,1.0,0
0.0,0.0,-12.0,3.0,0.0,10.0,348.95500000000004,38.94,946.0,2.0,0
0.0,0.0,-26.0,6.0,0.0,8.0,348.95500000000004,23.27,625.0,1.0,0
0.0,0.0,-11.0,12.0,0.0,10.0,289.98,38.94,450.0,1.0,0
0.0,0.0,-18.0,7.0,0.0,3.0,348.95500000000004,17.08,911.0,3.0,0
0.0,0.0,-9.0,8.0,0.0,3.0,348.95500000000004,38.94,239.0,6.0,0
0.0,0.0,-3.0,16.0,0.0,5.0,348.95500000000004,38.94,3913.0,2.0,0
0.0,0.0,0.0,21.0,0.0,8.0,313.18,14.18,1479.0,3.0,0
0.0,0.0,-14.0,10.0,0.0,2.0,243.41,38.94,977.0,1.0,0
0.0,0.0,1.0,26.0,1.0,10.0,216.14,16.15,499.0,3.0,1
0.0,0.0,-9.0,7.0,0.0,1.0,348.95500000000004,38.94,513.0,2.0,0
0.0,0.0,-22.0,8.0,0.0,2.0,249.7,19.71,466.0,3.0,0
0.0,0.0,-21.0,26.0,0.0,6.0,320.61,38.94,1177.0,1.0,0
0.0,0.0,-14.0,13.0,0.0,8.0,348.95500000000004,27.97,605.0,1.0,0
0.0,0.0,-7.0,30.0,0.0,1.0,221.98,32.08,317.0,3.0,0
0.0,0.0,-11.0,18.0,0.0,5.0,267.25,38.94,1159.0,1.0,1
0.0,0.0,-21.0,11.0,0.0,10.0,279.17,38.94,331.0,4.0,0
0.0,0.0,-22.0,12.0,0.0,2.0,267.74,38.94,1038.0,5.0,0
0.0,0.0,-3.0,15.0,0.0,8.0,348.95500000000004,38.94,452.0,1.0,0
0.0,0.0,-13.0,13.0,0.0,8.0,348.95500000000004,21.18,249.0,3.0,0
0.0,0.0,-18.0,14.0,0.0,1.0,189.33,38.94,1481.5,2.5,1
0.0,0.0,17.0,35.0,1.0,10.0,218.45,14.45,236.0,1.0,1
0.0,0.0,-11.0,7.0,0.0,1.0,348.95500000000004,38.94,1345.0,8.0,0
0.0,0.0,-8.0,19.0,0.0,1.0,221.79,21.89,264.0,1.0,0
0.0,0.0,-11.0,14.0,0.0,10.0,348.95500000000004,25.54,1148.0,1.0,0
0.0,0.0,-43.0,11.0,0.0,3.0,348.95500000000004,38.94,581.25,1.0,0
0.0,0.0,-16.0,19.0,0.0,6.0,348.95500000000004,38.94,1128.0,1.0,0
0.0,0.5,-15.0,22.0,0.0,3.5,489.99,59.92999999999999,865.5,6.0,1
0.0,0.0,-10.0,6.0,0.0,3.0,275.91,16.91,304.0,1.0,0
0.0,0.0,-17.0,15.0,0.0,6.0,319.9,38.94,771.0,1.0,0
0.0,0.0,-14.0,10.0,0.0,10.0,348.95500000000004,38.79,1447.0,5.0,1
0.0,0.0,-15.0,12.0,0.0,4.0,348.95500000000004,22.04,1235.0,1.0,0
0.0,0.0,-18.0,8.0,0.0,5.0,195.0,20.1,830.0,4.0,0
0.0,0.0,-18.0,13.0,0.0,2.0,282.26,36.28,606.0,2.0,1
0.0,0.0,-5.0,13.0,0.0,3.0,313.36,26.36,1967.0,3.0,0
0.0,0.0,-8.0,5.0,0.0,2.0,261.18,9.18,1042.0,1.0,0
0.0,0.0,-11.0,17.0,0.0,10.0,348.95500000000004,17.2,580.0,1.0,0
0.0,0.0,-14.0,5.0,0.0,6.0,348.95500000000004,37.11,3610.0,4.0,0
0.0,0.0,-1.0,33.0,0.0,5.0,348.95500000000004,31.09,912.0,2.0,1
0.0,0.0,6.0,43.0,1.0,5.0,243.57,38.57,162.0,4.0,1
0.0,0.0,-3.0,7.0,0.0,10.0,222.98,23.98,579.0,1.0,0
0.0,0.0,-13.0,11.0,0.0,1.0,348.95500000000004,38.94,1241.0,7.0,0
0.0,0.0,-10.0,16.0,0.0,1.0,348.95500000000004,20.41,2644.0,6.0,0
0.0,0.0,-13.0,7.0,0.0,18.0,348.95500000000004,32.85,3610.0,4.0,0
0.0,0.0,-13.0,9.0,0.0,3.0,282.04,32.05,1205.0,1.0,0
0.0,0.0,-10.0,7.0,0.0,1.0,254.41,10.52,594.0,1.0,0
0.0,0.0,-4.0,9.0,0.0,8.0,348.95500000000004,24.41,1428.0,2.0,0
0.0,0.0,-12.0,13.0,0.0,2.0,348.95500000000004,38.94,251.0,1.0,0
0.0,0.0,-11.0,14.0,0.0,4.0,305.69,16.77,144.0,2.0,0
0.0,0.0,-7.0,13.0,0.0,1.0,343.12,38.94,582.0,1.0,0
0.0,0.0,7.0,31.0,1.0,4.0,226.14,26.24,303.0,2.0,1
0.0,0.0,-21.0,17.0,0.0,5.0,246.49,20.49,207.0,3.0,0
0.0,0.0,-22.0,5.0,0.0,3.0,315.9,16.0,1351.0,5.0,0
0.0,0.0,-8.0,9.0,0.0,18.0,272.59,38.94,407.0,1.0,0
0.0,0.0,-13.0,12.0,0.0,1.0,297.71,23.22,1693.0,8.0,0
0.0,0.0,-13.0,12.0,0.0,6.0,348.95500000000004,27.98,206.0,4.0,0
0.0,0.0,-8.0,17.0,0.0,4.0,206.92,16.09,1116.0,1.0,0
0.0,0.0,-14.0,11.0,0.0,5.0,348.95500000000004,20.45,1347.0,2.0,0
0.0,0.0,-14.0,15.0,0.0,7.0,348.95500000000004,38.94,779.0,2.0,0
0.0,0.0,-7.0,7.0,0.0,10.0,348.95500000000004,19.36,499.0,1.0,0
0.0,0.0,-7.0,16.0,0.0,1.0,348.95500000000004,20.54,1165.0,1.0,1
0.0,0.0,-14.0,6.0,0.0,3.0,243.11,13.11,407.0,1.0,0
0.0,0.0,-17.0,10.0,0.0,10.0,246.26,16.36,640.0,1.0,1
0.0,0.0,-32.0,6.0,0.0,10.0,348.95500000000004,38.94,270.4,1.0,0
0.0,0.0,-11.0,18.0,0.0,5.0,294.58,15.68,751.0,2.0,0
0.0,0.0,-18.0,17.0,0.0,10.0,348.95500000000004,38.94,1411.0,1.0,0
0.0,0.0,-22.0,8.0,0.0,6.0,348.95500000000004,38.94,331.0,1.0,0
0.0,0.0,-6.0,22.0,0.0,9.0,348.95500000000004,38.94,601.0,3.0,0
0.0,0.0,-14.0,9.0,0.0,1.0,206.72,36.94,655.0,1.0,0
0.0,0.0,-15.0,12.0,0.0,5.0,348.95500000000004,16.19,501.0,4.0,0
0.0,0.0,-15.0,5.0,0.0,1.0,270.1,38.94,1001.0,1.0,0
0.0,0.0,-3.0,30.0,0.0,8.0,348.95500000000004,21.15,468.0,1.0,0
0.0,0.0,-6.0,24.0,0.0,1.0,198.68,30.68,236.0,1.0,0
0.0,0.0,-9.0,8.0,0.0,8.0,348.95500000000004,38.94,446.0,5.0,0
0.0,0.0,-25.0,70.0,0.0,1.0,348.95500000000004,38.94,283.0,3.0,0
0.0,0.0,-16.0,50.0,0.0,10.0,198.9,38.94,1207.0,1.0,0
0.0,0.0,-10.0,9.0,0.0,1.0,245.12,38.94,714.3333333333334,2.0,0
0.0,0.0,-14.0,18.0,0.0,3.0,202.68,38.94,88.0,4.0,0
0.0,0.0,-28.0,8.0,0.0,6.0,348.95500000000004,38.94,758.0,1.0,1
0.0,0.0,-8.0,3.0,0.0,1.0,348.95500000000004,20.11,1136.0,4.0,0
0.0,0.0,-20.0,18.0,0.0,3.0,229.5,29.8,344.0,3.0,0
0.0,0.0,-15.0,13.0,0.0,10.0,348.95500000000004,38.94,178.0,2.0,0
0.0,0.0,-26.0,10.0,0.0,8.0,237.54,27.55,516.0,1.0,0
0.0,0.0,-17.0,16.0,0.0,2.0,239.5,20.5,1484.0,4.0,0
0.0,0.0,-18.0,9.0,0.0,8.0,348.95500000000004,38.94,315.5,1.5,0
0.0,0.0,15.0,35.0,1.0,1.0,218.45,14.45,236.0,1.0,1
0.0,0.0,-13.0,24.0,0.0,5.0,188.34,18.44,1797.0,1.0,0
0.0,0.0,-28.0,8.0,0.0,10.0,247.32,30.56,733.0,1.0,1
0.0,0.0,7.0,27.0,1.0,10.0,324.98,28.98,116.0,1.0,1
0.0,0.0,-3.0,9.0,0.0,8.0,348.95500000000004,10.03,501.0,4.0,0
0.0,0.0,-13.0,4.0,0.0,1.0,306.23,16.23,2176.0,2.0,0
0.0,0.0,1.0,29.0,1.0,8.0,337.51,38.94,674.0,3.0,0
0.0,0.0,-21.0,10.0,0.0,5.0,305.69,26.69,333.0,1.0,0
0.0,0.0,-14.0,15.0,0.0,8.0,242.22,38.94,627.0,1.0,0
0.0,0.0,-16.0,11.0,0.0,10.0,339.45,38.94,674.0,1.0,0
0.0,0.0,-29.0,6.0,0.0,8.0,348.95500000000004,38.94,839.0,1.0,0
0.0,0.0,-12.0,17.0,0.0,6.0,348.95500000000004,38.94,333.0,3.0,1
0.0,0.0,-21.0,14.0,0.0,8.0,218.96,37.96,447.0,2.0,1
0.0,0.0,-6.0,2.0,0.0,10.0,262.76,12.77,218.0,2.0,0
0.0,0.0,-23.0,17.0,0.0,3.0,348.95500000000004,19.88,388.0,1.0,0
0.0,0.0,-16.0,14.0,0.0,3.0,241.93,22.03,279.0,1.0,1
0.0,0.0,-23.0,12.0,0.0,1.0,238.56,38.94,616.0,1.0,0
0.0,0.0,-8.0,20.0,0.0,4.0,320.23,38.94,829.0,1.0,0
0.0,0.0,-3.0,10.0,0.0,1.0,235.98,38.94,1028.0,1.0,1
0.0,0.0,-9.0,12.0,0.0,1.0,348.95500000000004,36.27,2136.0,1.0,0
0.0,0.0,8.0,11.0,1.0,1.0,268.97,9.97,304.0,1.0,1
0.0,0.0,-15.0,5.0,0.0,1.0,205.2,16.2,127.0,2.0,0
0.0,0.0,-11.0,17.0,0.0,5.0,265.49,16.49,2461.0,1.0,0
0.0,0.0,-14.0,9.0,0.0,10.0,266.38,35.9,189.0,1.0,0
0.0,0.0,-6.0,17.0,0.0,1.0,348.95500000000004,38.94,1384.0,2.0,0
0.0,0.0,-7.0,11.0,0.0,1.0,348.95500000000004,38.94,1105.0,1.0,1
0.0,0.0,-5.0,23.0,0.0,1.0,290.33,38.94,413.0,1.0,0
0.0,0.0,-21.0,16.0,0.0,1.0,211.86,34.11,278.0,1.0,1
0.0,0.0,-27.0,14.0,0.0,5.0,348.95500000000004,28.78,1517.0,1.0,0
0.0,0.0,-19.0,33.0,0.0,10.0,348.95500000000004,38.94,2868.0,3.0,0
0.0,0.0,-12.0,5.0,0.0,3.0,311.1,11.11,823.0,2.0,0
0.0,0.0,-13.0,14.0,0.0,6.0,296.38,38.94,1198.0,1.0,0
0.0,0.0,-11.0,8.0,0.0,7.0,348.95500000000004,38.94,2230.0,1.0,0
0.0,0.0,-15.0,14.0,0.0,8.0,226.24,26.24,162.0,5.0,0
0.0,0.0,-20.0,14.0,0.0,1.0,242.59,27.59,516.0,1.0,0
0.0,0.0,7.0,49.0,1.0,10.0,348.95500000000004,38.94,424.0,1.0,0
0.0,0.0,-9.0,17.0,0.0,1.0,321.9,38.94,783.0,2.0,1
0.0,0.0,-20.0,15.0,0.0,1.0,348.95500000000004,38.52,807.0,1.0,1
0.0,0.0,-13.0,3.0,0.0,1.0,288.19,18.2,474.0,1.0,0
0.0,0.0,-22.0,14.0,0.0,1.0,261.9,38.94,795.0,1.0,0
0.0,0.0,-34.0,13.0,0.0,10.0,287.56,23.56,391.0,3.0,0
0.0,0.0,-9.0,15.0,0.0,8.0,218.27,19.27,253.0,1.0,0
0.0,0.0,-3.0,16.0,0.0,4.0,258.51,8.61,501.0,4.0,0
0.0,0.0,-13.0,15.0,0.0,6.0,348.95500000000004,25.65,1882.0,4.0,1
0.0,0.0,-11.0,7.0,0.0,10.0,348.95500000000004,29.79,3222.0,4.0,0
0.0,0.0,-21.0,12.0,0.0,1.0,197.2,30.21,1456.0,1.0,0
0.0,0.0,-27.0,6.0,0.0,2.0,197.6,30.71,1416.0,1.0,0
0.0,0.0,-11.0,5.0,0.0,10.0,348.95500000000004,38.94,245.66666666666666,1.0,0
0.0,0.0,-10.0,23.0,0.0,3.0,194.48,27.49,1456.0,1.0,0
0.0,0.0,-18.0,5.0,0.0,1.0,195.91,16.01,731.0,1.0,0
0.0,0.0,7.0,23.0,1.0,8.0,348.95500000000004,15.74,1459.0,9.0,1
0.0,0.0,-18.0,8.0,0.0,1.0,293.36,13.46,547.0,1.0,0
0.0,0.0,-12.0,4.0,0.0,10.0,348.95500000000004,12.74,1056.0,1.0,0
0.0,0.0,-32.0,8.0,0.0,1.0,302.57,38.94,582.0,1.0,0
0.0,0.0,-14.0,10.0,0.0,10.0,348.95500000000004,38.94,1048.0,1.0,0
0.0,0.0,-14.0,15.0,0.0,1.0,273.67,23.68,1487.0,1.0,0
0.0,0.0,-12.0,15.0,0.0,5.0,348.95500000000004,18.14,850.0,1.0,0
0.0,0.0,-13.0,12.0,0.0,2.0,344.93,32.93,595.0,3.0,0
0.0,0.0,-5.0,9.0,0.0,5.0,284.9,35.91,526.0,2.0,0
0.0,0.0,0.0,9.0,0.0,8.0,348.95500000000004,25.52,482.0,1.0,0
0.0,0.0,-13.0,10.0,0.0,3.0,315.79,17.79,729.0,1.0,0
0.0,0.0,-13.0,8.0,0.0,1.0,243.62,14.62,236.0,1.0,0
0.0,0.0,-9.0,25.0,0.0,6.0,348.95500000000004,38.94,1516.0,7.0,0
0.0,0.0,-9.0,3.0,0.0,1.0,298.07,10.37,3752.0,2.0,0
0.0,0.0,-26.0,7.0,0.0,6.0,348.95500000000004,25.39,255.0,3.0,0
0.0,0.0,-4.0,20.0,0.0,10.0,231.12,38.94,2188.0,2.0,1
0.0,0.0,-7.0,5.0,0.0,8.0,249.08,14.08,159.0,2.0,0
0.0,0.0,-15.0,11.0,0.0,1.0,319.11,38.94,266.0,3.0,0
0.0,0.0,-2.0,29.0,0.0,10.0,327.31,38.94,793.0,1.0,1
0.0,0.0,-10.0,13.0,0.0,3.0,192.59,13.59,1212.0,1.0,0
0.0,0.0,-10.0,20.0,0.0,6.0,330.22,38.94,1351.0,7.0,0
0.0,0.0,-22.0,13.0,0.0,8.0,348.95500000000004,38.94,846.0,4.0,0
0.0,0.0,-29.0,1.0,0.0,10.0,341.51,38.94,602.5,3.75,1
0.0,0.0,-4.0,26.0,0.0,1.0,254.47,24.48,985.0,1.0,0
0.0,0.0,5.0,25.0,1.0,1.0,348.95500000000004,19.3,371.0,2.0,1
0.0,0.0,-17.0,17.0,0.0,1.0,348.95500000000004,38.94,1090.0,1.0,1
0.0,0.0,-29.0,8.0,0.0,10.0,241.18,37.18,577.5,1.0,0
0.0,0.0,-9.0,15.0,0.0,1.0,295.01,38.94,982.0,1.0,0
0.0,0.0,-9.0,24.0,0.0,12.0,307.69,17.79,605.0,5.0,0
0.0,0.0,-20.0,6.0,0.0,3.0,225.21,16.21,784.0,1.0,0
0.0,0.0,-13.0,13.0,0.0,4.0,348.95500000000004,25.53,316.0,1.0,0
0.0,0.0,-29.0,10.0,0.0,1.0,324.82,38.94,2116.0,2.0,0
0.0,0.0,0.0,22.0,0.0,3.0,267.51,15.51,2055.0,1.0,1
0.0,0.0,-7.0,32.0,0.0,5.0,285.55,35.55,255.0,1.0,1
0.0,0.0,-12.0,5.0,0.0,1.0,301.36,15.36,242.0,1.0,0
0.0,0.0,-25.0,24.0,0.0,1.0,291.16,38.94,1112.0,1.0,1
0.0,0.0,-27.0,2.0,0.0,8.0,348.95500000000004,29.18,282.0,2.0,0
0.0,0.0,12.0,29.0,1.0,7.0,268.62,19.62,578.0,3.0,0
0.0,0.0,49.0,83.0,1.0,1.0,221.05,38.94,1350.0,1.0,1
0.0,0.0,-18.0,9.0,0.0,1.0,340.2,25.2,195.5,1.0,0
0.0,0.0,-11.0,7.0,0.0,6.0,348.95500000000004,38.94,273.6666666666667,1.0,0
0.0,0.0,0.0,20.0,0.0,8.0,348.95500000000004,29.68,302.0,3.0,0
0.0,0.0,-9.0,12.0,0.0,8.0,348.95500000000004,37.54,1176.0,3.0,0
0.0,0.0,-16.0,20.0,0.0,2.0,224.12,35.12,1688.0,2.0,0
0.0,0.0,-9.0,7.0,0.0,10.0,348.95500000000004,18.5,216.0,3.0,0
0.0,0.0,5.0,22.0,1.0,1.0,286.85,17.85,498.0,1.0,1
0.0,0.0,-7.0,15.0,0.0,5.0,265.49,16.49,638.0,4.0,0
0.0,0.0,-27.0,9.0,0.0,1.0,319.96,38.94,327.0,1.0,0
0.0,0.0,-21.0,7.0,0.0,2.0,235.81,25.82,516.0,1.0,0
0.0,0.0,-20.0,15.0,0.0,1.0,339.53,19.53,1094.0,1.0,0
0.0,0.0,-20.0,4.0,0.0,1.0,348.95500000000004,14.79,606.0,1.0,0
0.0,0.0,-9.0,13.0,0.0,8.0,236.29,16.29,617.0,2.0,0
0.0,0.0,-9.0,15.0,0.0,1.0,294.07,15.07,1313.0,3.0,0
0.0,0.0,-21.0,6.0,0.0,8.0,348.95500000000004,25.56,727.0,3.0,0
0.0,0.0,-9.0,15.0,0.0,1.0,286.15,24.15,714.0,1.0,0
0.0,0.0,-12.0,15.0,0.0,1.0,238.79,18.79,1055.0,1.0,0
0.0,0.0,-7.0,20.0,0.0,3.0,348.95500000000004,38.94,1206.3333333333333,1.0,0
0.0,0.0,-33.0,9.0,0.0,1.0,278.64,19.64,584.0,3.0,0
0.0,0.0,-1.0,6.0,0.0,3.0,263.65,8.65,493.0,1.0,0
0.0,0.0,-19.0,13.0,0.0,3.0,184.79,26.39,2597.0,10.0,0
0.0,0.0,-28.0,15.0,0.0,1.0,348.95500000000004,38.94,932.3333333333334,1.0,0
0.0,0.0,-4.0,27.0,0.0,4.0,226.73,38.94,1152.0,3.0,0
0.0,0.0,-56.0,3.0,0.0,3.0,348.95500000000004,17.38,617.0,1.0,0
0.0,0.0,-12.0,14.0,0.0,1.0,348.95500000000004,18.67,738.0,2.0,0
0.0,0.0,-5.0,20.0,0.0,1.0,272.02,16.02,3127.0,3.0,0
0.0,0.0,-15.0,5.0,0.0,6.0,334.76,38.94,762.0,3.0,0
0.0,0.0,-9.0,11.0,0.0,1.0,348.95500000000004,38.94,257.0,3.0,1
0.0,0.0,-10.0,7.0,0.0,1.0,254.24,19.74,2538.0,1.0,0
0.0,0.0,-3.0,21.0,0.0,6.0,296.71,16.71,820.0,1.0,0
0.0,0.0,4.0,27.0,1.0,3.0,222.93,38.94,229.0,1.0,0
0.0,0.0,-18.0,12.0,0.0,1.0,315.33,26.33,500.0,1.0,0
0.0,0.0,-21.0,12.0,0.0,8.0,233.83,29.83,236.0,1.0,0
0.0,0.0,-14.0,15.0,0.0,4.0,225.71,38.94,2188.0,2.0,0
0.0,0.0,-15.0,16.0,0.0,5.0,348.95500000000004,26.23,926.0,1.0,0
0.0,0.0,-16.0,23.0,0.0,2.0,207.27,38.94,1893.0,1.0,0
0.0,0.0,-13.0,14.0,0.0,3.0,298.22,38.94,1002.0,3.0,0
0.0,0.0,-42.0,7.0,0.0,10.0,348.95500000000004,14.45,837.0,2.0,0
0.0,0.0,-4.0,10.0,0.0,1.0,235.13,15.14,162.0,5.0,0
0.0,0.0,-7.0,7.0,0.0,3.0,193.8,13.81,1620.0,1.0,0
0.0,0.0,-7.0,14.0,0.0,10.0,348.95500000000004,16.2,784.0,1.0,0
0.0,0.0,0.0,24.0,0.0,1.0,206.68,21.78,1988.0,3.0,0
0.0,0.0,11.0,26.0,1.0,1.0,238.49,22.59,314.0,3.0,1
0.0,0.0,-8.0,27.0,0.0,10.0,348.95500000000004,34.45,713.0,3.0,0
0.0,0.0,-6.0,29.0,0.0,1.0,264.05,34.06,934.0,1.0,0
0.0,0.0,-7.0,15.0,0.0,10.0,246.36,16.37,719.0,3.0,0
0.0,0.0,-11.0,9.0,0.0,1.0,206.49,27.49,2188.0,2.0,0
0.0,0.0,-20.0,5.0,0.0,10.0,242.1,13.1,585.0,1.0,0
0.0,0.0,-5.0,16.0,0.0,1.0,348.95500000000004,38.94,1198.5,1.0,1
0.0,0.0,-18.0,8.0,0.0,1.0,340.1,38.94,655.0,2.0,1
0.0,0.0,-6.0,1.0,0.0,1.0,260.97,38.94,435.0,4.0,0
0.0,0.0,-3.0,26.0,0.0,8.0,224.67,20.67,236.0,1.0,0
0.0,0.0,-22.0,10.0,0.0,10.0,348.95500000000004,38.94,2612.0,3.0,1
0.0,0.0,-27.0,9.0,0.0,8.0,348.95500000000004,18.0,264.0,1.0,0
0.0,0.0,6.0,28.0,1.0,1.0,348.95500000000004,38.94,966.0,2.0,0
0.0,0.0,-14.0,1.0,0.0,1.0,348.95500000000004,27.42,2683.0,1.0,0
0.0,0.0,-6.0,14.0,0.0,10.0,348.95500000000004,38.94,734.0,5.0,0
0.0,0.0,-11.0,9.0,0.0,10.0,348.95500000000004,33.73,955.0,5.0,0
0.0,0.0,-1.0,14.0,0.0,3.0,313.94,38.94,381.0,4.0,0
0.0,0.0,-2.0,23.0,0.0,6.0,231.27,26.27,162.0,5.0,0
0.0,0.0,-15.0,4.0,0.0,1.0,259.36,38.94,1262.5,1.5,0
0.0,0.0,-10.0,15.0,0.0,1.0,348.95500000000004,38.94,467.3333333333333,3.6666666666666665,0
0.0,0.0,-19.0,7.0,0.0,1.0,196.99,17.99,1977.0,3.0,0
0.0,0.0,25.0,44.0,1.0,6.0,348.95500000000004,28.84,422.0,5.0,1
0.0,0.0,-8.0,10.0,0.0,8.0,348.95500000000004,36.6,671.0,1.0,0
0.0,0.0,-13.0,18.0,0.0,5.0,348.95500000000004,36.72,1289.0,1.0,0
0.0,0.0,-31.0,7.0,0.0,1.0,348.95500000000004,38.94,704.0,6.0,1
0.0,0.0,-21.0,11.0,0.0,10.0,300.87,34.32,273.0,1.0,0
0.0,0.0,-6.0,8.0,0.0,1.0,192.37,36.12,1005.75,1.0,0
0.0,0.0,-4.0,23.0,0.0,10.0,235.39,19.39,676.0,2.0,0
0.0,0.0,0.0,31.0,0.0,1.0,348.95500000000004,38.94,394.0,2.0,0
0.0,0.0,-14.0,16.0,0.0,1.0,348.95500000000004,38.94,362.0,2.0,0
0.0,0.0,-7.0,1.0,0.0,2.0,235.92,15.28,919.0,1.0,0
0.0,0.0,-6.0,5.0,0.0,5.0,348.95500000000004,16.24,585.0,1.0,1
0.0,0.0,-14.0,13.0,0.0,10.0,348.95500000000004,21.54,3853.0,2.0,0
0.5,0.5,-20.0,15.0,0.0,1.0,444.06,41.69,791.5,1.5,0
0.0,0.0,-7.0,12.0,0.0,1.0,348.95500000000004,38.94,3632.0,4.0,0
0.0,0.0,-12.0,10.0,0.0,6.0,328.17,28.18,399.0,1.0,0
0.0,0.0,-14.0,17.0,0.0,8.0,197.95,21.240000000000002,799.0,1.0,0
0.0,0.0,-15.0,9.0,0.0,4.0,266.75,16.85,744.0,2.0,0
0.0,0.0,-8.0,8.0,0.0,1.0,279.91,19.92,1487.0,1.0,1
0.0,0.0,-17.0,14.0,0.0,10.0,348.95500000000004,19.52,283.0,1.0,0
0.0,0.0,-14.0,21.0,0.0,10.0,348.95500000000004,38.94,1853.0,3.0,0
0.0,0.0,-16.0,8.0,0.0,4.0,348.95500000000004,38.94,633.0,1.0,0
0.0,0.0,-13.0,16.0,0.0,1.0,348.95500000000004,18.96,352.0,1.0,0
0.0,0.0,-11.0,14.0,0.0,1.0,298.22,38.94,1002.0,3.0,0
0.0,0.0,-23.0,11.0,0.0,6.0,342.17,38.94,2059.0,4.0,0
0.0,0.0,-14.0,2.0,0.0,2.0,278.65,8.75,385.0,1.0,1
0.0,0.0,-2.0,16.0,0.0,1.0,311.7,12.7,824.0,1.0,1
0.0,0.0,-8.0,3.0,0.0,4.0,236.56,15.92,919.0,1.0,0
0.0,0.0,-12.0,5.0,0.0,10.0,348.95500000000004,38.94,951.5,2.0,1
0.0,0.0,-20.0,20.0,0.0,3.0,297.07,27.17,750.0,1.0,0
0.0,0.0,-9.0,4.0,0.0,10.0,348.95500000000004,13.01,352.0,1.0,0
0.0,0.0,-11.0,21.0,0.0,10.0,348.95500000000004,38.94,1837.0,6.0,0
0.0,0.0,-14.0,4.0,0.0,2.0,314.6,16.6,606.0,2.0,1
0.0,0.0,-9.0,3.0,0.0,3.0,321.75,22.75,305.0,3.0,0
0.0,0.0,-17.0,10.0,0.0,1.0,348.95500000000004,38.94,2139.0,1.0,1
0.0,0.0,-9.0,16.0,0.0,10.0,187.34,17.44,919.0,5.0,1
0.0,0.0,-11.0,9.0,0.0,4.0,244.52,38.94,772.0,1.0,1
0.0,0.0,-23.0,12.0,0.0,4.0,348.95500000000004,21.69,625.0,1.0,0
0.0,0.0,-13.0,7.0,0.0,5.0,267.51,15.51,2055.0,1.0,0
0.0,0.0,-26.0,9.0,0.0,1.0,348.95500000000004,38.94,1893.0,1.0,0
0.0,0.0,-16.0,4.0,0.0,1.0,348.95500000000004,38.94,1445.0,1.0,0
0.0,0.0,-21.0,5.0,0.0,3.0,247.75,12.85,225.0,1.0,0
0.0,0.0,-16.0,9.0,0.0,6.0,328.76,38.94,762.0,3.0,0
0.0,0.0,-10.0,10.0,0.0,1.0,219.35,14.45,1971.0,3.0,0
0.0,0.0,-10.0,10.0,0.0,6.0,329.12,38.94,182.0,4.0,0
0.0,0.0,-8.0,18.0,0.0,1.0,312.59,13.59,547.0,1.0,0
0.0,0.0,-25.0,8.0,0.0,8.0,348.95500000000004,35.62,383.0,1.5,1
0.0,0.0,-6.0,19.0,0.0,10.0,348.95500000000004,38.94,720.0,1.0,0
0.0,0.0,-9.0,8.0,0.0,4.0,265.4,15.5,638.0,1.0,0
0.0,0.0,-9.0,6.0,0.0,1.0,270.57,38.94,374.0,2.0,0
0.0,0.0,-25.0,8.0,0.0,10.0,348.95500000000004,38.94,1426.0,1.0,0
0.0,0.0,-22.0,8.0,0.0,1.0,348.95500000000004,38.94,734.0,1.0,0
0.0,0.0,-13.0,9.0,0.0,1.0,241.8,38.94,576.0,4.0,0
0.0,0.0,-22.0,14.0,0.0,1.0,348.95500000000004,20.32,588.0,2.0,0
0.0,0.0,-14.0,7.0,0.0,8.0,315.74,16.84,364.0,2.0,1
0.0,0.0,-17.0,4.0,0.0,6.0,244.47,15.47,1032.0,1.0,0
0.0,0.0,-7.0,20.0,0.0,6.0,233.68,34.28,1781.0,1.0,0
0.0,0.0,-14.0,3.0,0.0,6.0,348.95500000000004,20.49,1240.0,4.0,0
0.0,0.0,-22.0,11.0,0.0,6.0,325.33,35.83,527.0,4.0,0
0.0,0.0,-10.0,6.0,0.0,10.0,213.94,13.95,543.0,5.0,0
0.0,0.0,-11.0,13.0,0.0,5.0,348.95500000000004,18.97,1112.0,4.0,0
0.0,0.0,-16.0,7.0,0.0,3.0,324.78,35.78,524.0,1.0,0
0.0,0.0,-2.0,8.0,0.0,1.0,285.98,16.98,182.0,2.0,0
0.0,0.0,-9.0,13.0,0.0,10.0,348.95500000000004,19.59,690.0,2.0,0
0.0,0.0,14.0,35.0,1.0,10.0,348.95500000000004,38.94,2653.0,9.0,0
0.0,0.0,-20.0,14.0,0.0,6.0,326.24,16.34,574.0,1.0,0
0.0,0.0,-35.0,9.0,0.0,1.0,348.95500000000004,24.37,1479.0,3.0,0
0.0,0.0,-21.0,20.0,0.0,2.0,310.97,38.94,395.0,3.0,0
0.0,0.0,-4.0,5.0,0.0,3.0,348.95500000000004,38.94,253.0,1.0,0
0.0,0.0,19.0,44.0,1.0,1.0,348.95500000000004,38.94,976.0,1.0,1
0.0,0.0,-23.0,9.0,0.0,8.0,256.76,38.94,784.5,3.0,1
0.0,0.0,-31.0,2.0,0.0,3.0,240.04,34.14,1013.0,5.0,0
0.0,0.0,-4.0,5.0,0.0,10.0,348.95500000000004,16.09,605.0,4.0,0
0.0,0.0,-19.0,11.0,0.0,3.0,229.03,19.04,636.0,1.0,0
0.0,0.0,1.0,27.0,1.0,1.0,203.9,38.94,1350.0,1.0,0
0.0,0.0,-10.0,17.0,0.0,4.0,196.01,16.01,186.0,1.0,1
0.0,0.0,-14.0,15.0,0.0,5.0,348.95500000000004,21.38,468.0,1.0,0
0.0,0.0,-16.0,11.0,0.0,2.0,348.95500000000004,18.62,625.0,1.0,0
0.0,0.0,22.0,43.0,1.0,5.0,324.58,24.68,2795.0,5.0,0
0.0,0.0,-10.0,18.0,0.0,6.0,348.95500000000004,38.94,539.0,1.0,0
0.0,0.0,-8.0,19.0,0.0,4.0,324.72,25.72,361.0,1.0,0
0.0,0.0,-14.0,6.0,0.0,1.0,241.15,38.94,993.0,5.0,0
0.0,0.0,-9.0,2.0,0.0,3.0,348.95500000000004,21.3,636.0,1.0,0
0.0,0.0,-4.0,12.0,0.0,3.0,286.89,16.99,682.0,2.0,0
0.0,0.0,14.0,38.0,1.0,1.0,348.95500000000004,38.94,761.0,1.0,0
0.0,0.0,-34.0,7.0,0.0,8.0,348.95500000000004,31.13,1307.0,3.0,0
0.0,0.0,-18.0,2.0,0.0,3.0,234.55,14.65,264.0,1.0,0
0.0,0.0,-27.0,13.0,0.0,3.0,306.78,17.78,834.0,5.0,0
0.0,0.0,-10.0,7.0,0.0,6.0,348.95500000000004,15.68,727.0,1.0,0
0.0,0.0,-15.0,17.0,0.0,1.0,348.95500000000004,27.38,395.0,3.0,0
0.0,0.0,-11.0,13.0,0.0,8.0,211.89,12.89,580.0,1.0,0
0.0,0.0,-13.0,9.0,0.0,1.0,291.37,38.94,771.0,1.0,0
0.0,0.0,-10.0,25.0,0.0,4.0,220.0,0.0,523.0,3.0,1
0.0,0.0,-26.0,6.0,0.0,3.0,244.29,24.3,606.0,2.0,0
0.0,0.0,-16.0,7.0,0.0,1.0,348.95500000000004,25.37,3352.0,5.0,0
0.0,0.0,-10.0,13.0,0.0,5.0,324.82,35.82,1892.0,4.0,0
0.0,0.0,-23.0,17.0,0.0,1.0,279.98,38.94,637.0,1.0,0
0.0,0.0,-16.0,7.0,0.0,10.0,226.24,26.24,162.0,5.0,0
0.0,0.0,-45.0,20.0,0.0,10.0,348.95500000000004,38.94,1214.0,4.0,0
0.0,0.0,6.0,16.0,1.0,4.0,274.97,24.97,740.0,7.0,1
0.0,0.0,-9.0,15.0,0.0,3.0,265.49,15.5,289.0,1.0,0
0.0,0.0,-14.0,7.0,0.0,5.0,261.16,31.16,756.0,1.0,0
0.0,0.0,-17.0,13.0,0.0,1.0,249.04,33.04,226.0,1.0,0
0.0,0.0,7.0,32.0,1.0,8.0,206.92,16.09,1116.0,1.0,1
0.0,0.0,-6.0,13.0,0.0,10.0,348.95500000000004,38.94,438.0,4.0,0
0.0,0.0,-14.0,3.0,0.0,3.0,311.1,11.11,823.0,2.0,0
0.0,0.0,-2.0,15.0,0.0,10.0,348.95500000000004,35.52,1180.0,1.0,0
0.0,0.0,-19.0,5.0,0.0,2.0,348.95500000000004,14.79,2314.0,8.0,0
0.0,0.0,-12.0,24.0,0.0,4.0,203.8,38.94,1190.0,1.0,1
0.0,0.0,-12.0,13.0,0.0,8.0,198.66,30.68,446.0,1.0,1
0.0,0.0,-7.0,15.0,0.0,10.0,348.95500000000004,38.94,894.0,1.0,0
0.0,0.0,-16.0,7.0,0.0,1.0,207.7,13.7,398.0,2.0,0
0.0,0.0,-12.0,4.0,0.0,3.0,241.19,22.19,435.0,4.0,0
0.0,0.0,-12.0,5.0,0.0,6.0,313.2,13.3,612.0,1.0,0
0.0,0.0,-15.0,6.0,0.0,4.0,215.06,20.06,563.0,2.0,0
0.0,0.0,24.0,48.0,1.0,4.0,283.06,38.94,729.0,1.0,1
0.0,0.0,-20.0,9.0,0.0,1.0,287.77,37.77,756.0,1.0,0
0.0,0.0,-8.0,8.0,0.0,5.0,348.95500000000004,21.06,1282.0,3.0,0
0.0,0.0,-14.0,11.0,0.0,5.0,242.54,38.94,635.0,1.0,1
0.0,0.0,-4.0,6.0,0.0,5.0,348.95500000000004,32.45,680.0,1.0,0
0.0,0.0,-14.0,8.0,0.0,4.0,242.33,22.34,1304.0,4.0,0
0.0,0.0,-20.0,21.0,0.0,1.0,334.58,36.58,1493.0,2.0,0
0.0,0.0,-10.0,4.0,0.0,8.0,348.95500000000004,24.98,1296.0,1.0,0
0.0,0.0,-14.0,9.0,0.0,10.0,348.95500000000004,38.94,1123.0,1.0,0
0.0,0.0,-12.0,13.0,0.0,5.0,231.14,32.14,126.0,5.0,0
0.0,0.0,-15.0,4.0,0.0,6.0,348.95500000000004,25.4,1819.0,7.0,0
0.0,0.0,-20.0,10.0,0.0,1.0,190.37,38.94,1893.0,1.0,0
0.0,0.0,-14.0,23.0,0.0,3.0,221.18,16.18,2636.0,1.0,1
0.0,0.0,-8.0,19.0,0.0,1.0,206.92,16.09,1116.0,1.0,0
0.0,0.0,-42.0,12.0,0.0,1.0,348.95500000000004,38.94,175.0,1.0,0
0.0,0.0,-17.0,9.0,0.0,12.0,348.95500000000004,38.94,1105.0,1.0,0
0.0,0.0,-16.0,7.0,0.0,1.0,270.43,14.23,280.0,2.0,0
0.0,0.0,-13.0,25.0,0.0,8.0,294.7,19.8,547.0,1.0,0
0.0,0.0,15.0,49.0,1.0,10.0,348.95500000000004,38.94,78.0,1.0,1
0.0,0.0,-14.0,6.0,0.0,8.0,348.95500000000004,18.23,329.0,3.0,0
0.0,0.0,-7.0,3.0,0.0,1.0,252.0,27.0,435.0,4.0,0
0.0,0.0,-24.0,27.0,0.0,5.0,281.6,38.94,463.0,2.0,1
0.0,0.0,-8.0,9.0,0.0,3.0,278.43,18.53,293.0,1.0,0
0.0,0.0,-43.0,19.0,0.0,3.0,348.95500000000004,19.95,2197.0,3.0,0
0.0,0.0,-1.0,8.0,0.0,2.0,348.95500000000004,38.94,436.0,2.0,0
0.0,0.0,-14.0,12.0,0.0,1.0,348.95500000000004,18.2,478.0,1.0,0
0.0,0.0,-34.0,12.0,0.0,4.0,348.95500000000004,23.55,1309.0,3.0,0
0.0,0.0,-13.0,15.0,0.0,1.0,196.01,17.01,1413.0,2.0,0
0.0,0.0,9.0,33.0,1.0,1.0,294.7,19.8,547.0,1.0,1
0.0,0.0,-11.0,2.0,0.0,4.0,262.94,12.95,439.0,1.0,0
0.0,0.0,-6.0,12.0,0.0,10.0,230.9,30.92,606.0,2.0,1
0.0,0.0,-8.0,15.0,0.0,1.0,276.49,26.59,270.0,1.0,0
0.0,0.0,-16.0,8.0,0.0,8.0,247.52,31.72,590.0,1.0,0
0.0,0.0,-4.0,17.0,0.0,8.0,348.07,23.07,2644.0,6.0,0
0.0,0.0,-14.0,9.0,0.0,8.0,293.67,34.68,242.0,1.5,0
0.0,0.0,-14.0,9.0,0.0,4.0,272.2,26.4,255.0,1.0,0
0.0,0.0,-14.0,9.0,0.0,2.0,268.79,38.94,1755.0,2.0,0
0.0,0.0,-22.0,10.0,0.0,6.0,348.95500000000004,38.94,1632.0,10.0,1
0.0,0.0,-16.0,8.0,0.0,8.0,292.17,38.94,529.5,2.5,0
0.0,0.0,-12.0,8.0,0.0,4.0,286.65,26.66,606.0,2.0,1
0.0,0.0,-17.0,14.0,0.0,1.0,216.64,27.64,606.0,2.0,0
0.0,0.0,-7.0,26.0,0.0,1.0,348.95500000000004,32.53,289.0,1.0,0
0.0,0.0,0.0,19.0,0.0,8.0,344.23,14.33,1177.0,3.0,0
0.0,0.0,-68.0,18.0,0.0,1.0,205.61,35.71,397.0,3.0,0
0.0,0.0,-14.0,10.0,0.0,1.0,328.05,38.94,1276.0,1.0,0
0.0,0.0,-17.0,7.0,0.0,10.0,348.95500000000004,21.83,537.0,3.0,0
0.0,0.0,-12.0,12.0,0.0,2.0,348.95500000000004,18.25,1702.0,5.0,0
0.0,0.0,-14.0,7.0,0.0,3.0,348.95500000000004,20.48,1715.0,4.0,0
0.0,0.0,-21.0,13.0,0.0,2.0,219.0,0.0,236.0,1.0,1
0.0,0.0,-5.0,6.0,0.0,8.0,314.66,14.76,344.0,2.0,0
0.0,0.0,-17.0,23.0,0.0,10.0,310.11,38.94,771.0,1.0,0
0.0,0.0,-12.0,8.0,0.0,2.0,222.06,17.06,2462.0,1.0,0
0.0,0.0,-29.0,14.0,0.0,1.0,293.76,38.94,401.0,1.0,0
0.0,0.0,-12.0,17.0,0.0,10.0,307.69,17.79,605.0,5.0,0
0.0,0.0,-18.0,7.0,0.0,1.0,299.96,20.06,3413.0,1.0,0
0.0,0.0,-13.0,9.0,0.0,1.0,348.95500000000004,38.94,960.0,10.0,0
0.0,0.0,-7.0,12.0,0.0,4.0,232.7,38.94,357.3333333333333,2.0,0
0.0,0.0,-17.0,4.0,0.0,10.0,321.76,12.77,625.0,2.0,0
0.0,0.0,-13.0,7.0,0.0,1.0,348.95500000000004,23.74,1426.0,1.0,0
0.0,0.0,-15.0,29.0,0.0,1.0,348.95500000000004,28.8,726.0,5.0,0
0.0,0.0,-9.0,15.0,0.0,10.0,260.57,19.57,234.0,1.0,0
0.0,0.0,-17.0,6.0,0.0,10.0,348.95500000000004,20.3,1485.0,1.0,0
0.0,0.0,-14.0,11.0,0.0,2.0,198.0,18.51,3285.0,4.0,0
0.5,0.5,-15.0,7.0,0.0,5.0,400.70500000000004,35.510000000000005,736.5,2.5,0
0.0,0.0,-13.0,11.0,0.0,10.0,348.95500000000004,38.94,1193.0,1.0,0
0.0,0.0,-20.0,6.0,0.0,5.0,212.88,12.9,447.0,2.0,0
0.0,0.0,-7.0,15.0,0.0,8.0,288.76,19.76,439.0,1.0,0
0.0,0.0,-15.0,13.0,0.0,5.0,257.18,24.43,46.0,2.0,0
0.0,0.0,-12.0,7.0,0.0,8.0,348.95500000000004,16.49,878.0,1.0,0
0.0,0.0,-12.0,6.0,0.0,7.0,348.95500000000004,15.79,520.0,2.0,0
0.0,0.0,-12.0,3.0,0.0,10.0,348.95500000000004,15.25,1142.0,2.0,0
0.0,0.0,-15.0,8.0,0.0,1.0,230.01,38.94,875.0,2.0,0
0.0,0.0,-3.0,7.0,0.0,5.0,348.95500000000004,22.17,491.0,1.0,0
0.0,0.0,-19.0,9.0,0.0,1.0,348.95500000000004,38.94,3839.0,4.0,0
0.0,0.0,-22.0,3.0,0.0,4.0,228.41,13.41,516.0,1.0,0
0.0,0.0,-19.0,20.0,0.0,2.0,237.94,38.94,330.0,1.0,0
0.0,0.0,-3.0,15.0,0.0,2.0,298.5,38.94,475.0,1.0,1
0.0,0.0,-8.0,13.0,0.0,10.0,348.95500000000004,18.87,2774.0,3.0,0
0.0,0.0,-13.0,8.0,0.0,8.0,348.95500000000004,11.03,623.0,1.0,0
0.0,0.0,-25.0,4.0,0.0,8.0,348.95500000000004,38.94,1935.0,1.0,0
0.0,0.0,-17.0,6.0,0.0,2.0,278.85,38.94,806.0,1.0,0
0.0,0.0,2.0,15.0,1.0,1.0,261.54,38.94,1121.0,4.0,0
0.0,0.0,-10.0,15.0,0.0,3.0,348.18,38.94,967.0,2.0,1
0.0,0.0,-8.0,16.0,0.0,8.0,335.48,38.94,1002.0,3.0,0
0.0,0.0,-9.0,2.0,0.0,2.0,257.75,38.94,960.0,2.0,0
0.0,0.0,-3.0,30.0,0.0,8.0,348.95500000000004,38.94,452.0,1.0,0
0.0,0.0,-16.0,16.0,0.0,3.0,300.25,30.35,1188.0,1.0,0
0.0,0.0,-13.0,9.0,0.0,3.0,348.95500000000004,15.94,468.0,1.0,0
0.0,0.0,-10.0,13.0,0.0,3.0,348.95500000000004,22.5,1784.0,6.0,0
0.0,0.0,-14.0,11.0,0.0,1.0,333.85,12.86,1022.0,1.0,0
0.0,0.0,-14.0,5.0,0.0,10.0,348.95500000000004,14.15,1504.0,2.0,0
0.0,0.0,-28.0,5.0,0.0,10.0,238.54,38.54,1324.0,1.0,0
0.0,0.0,-17.0,17.0,0.0,4.0,206.5,36.51,374.0,3.0,0
0.0,0.0,-11.0,6.0,0.0,1.0,276.26,26.26,757.0,1.0,1
0.0,0.0,-23.0,4.0,0.0,2.0,185.07,30.87,589.6666666666666,2.6666666666666665,1
0.0,0.0,-12.0,6.0,0.0,10.0,245.19,38.94,1630.0,2.0,0
0.0,0.0,-10.0,18.0,0.0,8.0,348.95500000000004,33.34,1125.0,3.0,0
0.0,0.0,-20.0,5.0,0.0,1.0,273.98,38.94,450.0,1.0,0
0.0,0.0,-16.0,10.0,0.0,3.0,343.95,23.95,572.0,1.0,0
0.0,0.0,-13.0,11.0,0.0,5.0,264.16,38.94,450.0,1.0,0
0.0,0.0,-13.0,10.0,0.0,10.0,348.95500000000004,16.82,612.0,3.0,0
0.0,0.0,-13.0,8.0,0.0,4.0,348.95500000000004,29.12,307.0,1.0,1
0.0,0.0,-8.0,9.0,0.0,10.0,348.95500000000004,19.0,596.0,1.0,0
0.0,0.0,0.0,26.0,0.0,10.0,325.59,30.59,417.0,1.0,0
0.0,0.0,-8.0,13.0,0.0,10.0,348.95500000000004,26.83,1447.0,5.0,1
0.0,0.0,-27.0,8.0,0.0,1.0,261.58,19.57,2680.0,4.0,1
0.0,0.0,-5.0,17.0,0.0,10.0,348.95500000000004,38.94,1176.0,3.0,0
0.0,0.0,-8.0,17.0,0.0,2.0,234.64,16.28,905.0,2.0,0
0.0,0.0,-23.0,6.0,0.0,5.0,267.27,37.29,2439.5,1.0,1
0.0,0.0,-9.0,10.0,0.0,9.0,262.6,38.94,940.0,4.0,0
0.0,0.0,-18.0,9.0,0.0,6.0,348.95500000000004,19.38,1202.0,3.0,0
0.0,0.0,-14.0,10.0,0.0,10.0,348.95500000000004,14.97,813.0,3.0,0
0.0,0.0,-14.0,10.0,0.0,10.0,272.02,19.02,1313.0,1.0,0
0.0,0.0,-18.0,13.0,0.0,10.0,348.95500000000004,35.65,3632.0,4.0,0
0.0,0.0,-6.0,20.0,0.0,5.5,348.95500000000004,38.94,161.0,2.0,1
0.0,0.0,3.0,25.0,1.0,1.0,256.05,26.06,527.0,4.0,0
0.0,0.0,-24.0,7.0,0.0,2.0,211.95,19.95,210.0,3.0,0
0.0,0.0,-21.0,6.0,0.0,2.0,202.06,15.06,591.0,3.0,1
0.0,0.0,-10.0,9.0,0.0,8.0,348.95500000000004,26.55,214.0,5.0,0
0.0,0.0,-12.0,23.0,0.0,1.0,348.95500000000004,36.82,583.0,1.0,0
0.0,0.0,-16.0,19.0,0.0,5.0,280.41,38.94,866.0,5.0,1
0.0,0.0,-25.0,7.0,0.0,8.0,272.7,38.94,1466.5,1.5,1
0.0,0.0,-20.0,7.0,0.0,1.0,254.23,38.94,402.0,2.0,0
0.0,0.0,5.0,28.0,1.0,2.0,348.95500000000004,21.8,913.0,3.0,1
0.0,0.0,-20.0,12.0,0.0,5.0,348.95500000000004,38.94,1581.0,1.0,0
0.0,0.0,-25.0,9.0,0.0,4.0,186.96,27.16,392.0,1.0,1
0.0,0.0,-30.0,11.0,0.0,3.0,241.12,19.12,391.0,1.0,0
0.0,0.0,-25.0,8.0,0.0,10.0,348.95500000000004,25.69,433.0,3.0,0
0.0,0.0,-28.0,14.0,0.0,24.0,241.42,38.94,1332.0,2.0,0
0.0,0.0,-15.0,20.0,0.0,4.0,243.58,38.94,325.0,1.0,0
0.0,0.0,21.0,47.0,1.0,1.0,243.45,19.45,582.0,1.0,1
0.0,0.0,-12.0,14.0,0.0,8.0,264.82,19.82,619.0,1.0,0
0.0,0.0,-15.0,6.0,0.0,1.0,348.95500000000004,18.95,913.0,2.0,0
0.0,0.0,-17.0,18.0,0.0,2.0,233.16,38.94,1156.0,2.0,0
0.0,0.0,-22.0,5.0,0.0,10.0,275.63,27.63,1002.0,3.0,0
0.0,0.0,10.0,31.0,1.0,1.0,348.95500000000004,13.05,508.0,2.0,1
0.0,0.0,-16.0,13.0,0.0,2.0,200.61,33.62,1456.0,1.0,0
0.0,0.0,-9.0,13.0,0.0,5.0,348.95500000000004,15.81,1627.0,1.0,0
0.0,0.0,-12.0,10.0,0.0,1.0,291.94,38.94,2031.0,1.0,0
0.0,0.0,1.0,35.0,1.0,1.5,315.4,22.5,355.0,1.0,0
0.0,0.0,-8.0,8.0,0.0,6.0,348.95500000000004,38.94,341.0,2.0,0
0.0,0.0,-29.0,6.0,0.0,4.0,348.95500000000004,20.76,2118.0,2.0,0
0.0,0.0,-21.0,3.0,0.0,8.0,348.95500000000004,13.2,388.0,1.0,0
0.0,0.0,-23.0,22.0,0.0,6.0,348.95500000000004,30.05,1375.0,1.0,0
0.0,0.0,-14.0,26.0,0.0,3.0,348.95500000000004,38.94,1494.0,1.0,0
0.0,0.0,-2.0,21.0,0.0,5.0,329.87,33.87,961.0,1.0,0
0.0,0.0,6.0,37.0,1.0,1.0,328.24,28.24,2021.0,4.0,1
0.0,0.0,-1.0,7.0,0.0,5.0,256.02,15.03,694.0,1.0,0
0.0,0.0,-15.0,25.0,0.0,8.0,238.41,19.41,439.0,1.0,0
0.0,0.0,-16.0,21.0,0.0,7.0,273.92,38.94,280.0,2.0,0
0.0,0.0,12.0,42.0,1.0,10.0,348.95500000000004,38.94,1899.0,2.0,0
0.0,0.0,-22.0,11.0,0.0,1.0,348.95500000000004,38.94,455.0,4.0,0
0.0,0.0,-13.0,20.0,0.0,5.0,348.95500000000004,38.94,1091.0,3.0,1
0.0,0.0,1.0,27.0,1.0,4.0,216.15,17.15,234.0,1.0,0
0.0,0.0,-3.0,34.0,0.0,4.0,348.95500000000004,23.98,1338.0,2.0,0
0.0,0.0,10.0,29.0,1.0,2.0,267.67,38.94,2419.0,1.0,0
0.0,0.0,-14.0,6.0,0.0,2.0,238.02,28.02,1161.0,10.0,0
0.0,0.0,-12.0,4.0,0.0,4.0,212.15,20.68,1119.0,4.0,0
0.0,0.0,-22.0,18.0,0.0,3.0,313.6,38.94,1094.0,1.0,1
0.0,0.0,-31.0,25.0,0.0,8.0,348.95500000000004,29.27,655.0,5.0,0
0.0,0.0,-8.0,8.0,0.0,5.0,348.95500000000004,26.5,1162.0,1.0,0
0.0,0.0,-21.0,17.0,0.0,2.0,190.37,38.94,1893.0,1.0,0
0.0,0.0,-9.0,25.0,0.0,1.0,229.24,38.94,1120.0,1.0,0
0.0,0.0,-14.0,30.0,0.0,4.0,236.66,37.66,330.0,1.0,0
0.0,0.0,-12.0,20.0,0.0,3.0,214.59,38.94,340.0,2.0,1
0.0,0.0,-10.0,15.0,0.0,3.0,348.95500000000004,38.94,2007.0,3.0,0
0.0,0.0,22.0,49.0,1.0,10.0,348.95500000000004,38.94,2644.0,6.0,0
0.0,0.0,-26.0,9.0,0.0,5.0,348.95500000000004,18.01,166.5,1.0,0
0.0,0.0,-3.0,21.0,0.0,1.0,348.95500000000004,38.94,1176.0,3.0,0
0.0,0.0,-12.0,4.0,0.0,1.0,348.95500000000004,25.02,389.0,1.0,0
0.0,0.0,-5.0,20.0,0.0,1.0,348.95500000000004,38.94,342.0,2.0,0
0.0,0.0,-16.0,6.0,0.0,4.0,220.27,20.37,1235.0,2.0,0
0.0,0.0,-21.0,5.0,0.0,10.0,348.95500000000004,38.94,829.0,4.0,1
0.0,0.0,-9.0,7.0,0.0,1.0,339.31,20.33,2304.0,4.0,0
0.0,0.0,-17.0,7.0,0.0,1.0,348.95500000000004,38.94,405.0,1.0,1
0.0,0.0,-16.0,7.0,0.0,5.0,348.95500000000004,22.69,1447.0,5.0,1
0.0,0.0,-10.0,16.0,0.0,4.0,348.95500000000004,21.38,468.0,1.0,0
0.0,0.0,-12.0,9.0,0.0,6.0,311.26,31.46,2047.0,1.0,0
0.0,0.0,-7.0,14.0,0.0,1.0,348.95500000000004,38.9,317.0,1.0,0
0.0,0.0,-41.0,14.0,0.0,10.0,348.95500000000004,18.22,2314.0,8.0,0
0.0,0.0,-25.0,8.0,0.0,10.0,348.95500000000004,38.94,732.0,1.0,1
0.0,0.0,-14.0,9.0,0.0,1.0,217.54,17.65,279.0,1.0,0
0.0,0.0,-6.0,30.0,0.0,8.0,233.83,29.83,236.0,1.0,0
0.0,0.0,-9.0,18.0,0.0,2.0,348.95500000000004,36.62,922.0,1.0,0
0.0,0.0,5.0,26.0,1.0,6.0,267.18,17.19,2238.0,6.0,1
0.0,0.0,-4.0,5.0,0.0,2.0,316.0,17.0,381.0,2.0,0
0.0,0.0,-5.0,15.0,0.0,10.0,348.95500000000004,38.94,1186.0,4.0,0
0.0,0.0,-22.0,13.0,0.0,5.0,254.33,18.9,702.0,6.0,0
0.0,0.0,-17.0,32.0,0.0,1.0,286.88,15.63,904.0,1.0,1
0.0,0.0,-13.0,8.0,0.0,8.0,291.57,30.869999999999997,176.0,1.0,1
0.0,0.0,-7.0,18.0,0.0,5.0,348.95500000000004,25.69,229.0,2.0,0
0.0,0.0,-17.0,2.0,0.0,2.0,348.95500000000004,38.94,2412.0,1.0,0
0.0,0.0,-17.0,6.0,0.0,6.0,348.95500000000004,20.3,1120.0,4.0,0
0.0,0.0,-14.0,19.0,0.0,1.0,304.59,38.94,2324.0,1.0,0
0.0,0.0,-14.0,10.0,0.0,6.0,348.95500000000004,24.09,772.0,2.0,1
0.0,0.0,-23.0,6.0,0.0,3.0,348.95500000000004,18.0,738.0,5.0,0
0.0,0.0,-12.0,7.0,0.0,3.0,286.59,17.59,582.0,1.0,0
0.0,0.0,-24.0,21.0,0.0,6.0,238.32,38.94,591.0,3.0,0
0.0,0.0,-27.0,9.0,0.0,1.0,225.67,26.67,906.0,2.0,0
0.0,0.0,-23.0,8.0,0.0,9.0,348.95500000000004,25.81,1198.0,6.0,0
0.0,0.0,-3.0,21.0,0.0,6.0,195.0,15.01,404.0,4.0,0
0.0,0.0,-15.0,6.0,0.0,1.0,348.95500000000004,38.94,348.0,2.0,0
0.0,0.0,-6.0,6.0,0.0,3.0,348.95500000000004,26.87,495.0,1.0,0
0.0,0.0,-12.0,13.0,0.0,3.0,294.7,15.7,680.0,1.0,0
0.0,0.0,-13.0,7.0,0.0,1.0,348.95500000000004,35.86,777.0,4.0,0
0.0,0.0,-13.0,2.0,0.0,3.0,278.65,9.65,638.0,4.0,0
0.0,0.0,-2.0,25.0,0.0,6.0,344.55,19.55,2644.0,6.0,1
0.0,0.0,-26.0,33.0,0.0,1.0,196.25,38.94,500.0,2.0,0
0.0,0.0,-14.0,2.0,0.0,10.0,348.95500000000004,19.65,1447.0,5.0,0
0.0,0.0,-14.0,10.0,0.0,1.0,348.95500000000004,32.73,748.0,1.0,0
0.0,0.0,-14.0,1.0,0.0,10.0,229.28,10.28,1484.0,4.0,0
0.0,0.0,-7.0,19.0,0.0,10.0,348.95500000000004,16.76,548.0,1.0,0
0.0,0.0,-3.0,13.0,0.0,8.0,206.49,27.49,2188.0,2.0,0
0.0,0.0,-13.0,2.0,0.0,4.0,348.95500000000004,10.51,1267.0,1.0,0
0.0,0.0,-10.0,2.0,0.0,5.0,262.38,16.48,1046.0,4.0,0
0.0,0.0,-14.0,9.0,0.0,6.0,348.95500000000004,16.26,461.0,5.0,0
0.0,0.0,-6.0,11.0,0.0,10.0,220.79,20.89,1462.0,2.0,0
0.0,0.0,-16.0,6.0,0.0,4.0,237.47,21.91,3758.0,1.0,0
0.0,0.0,-20.0,5.0,0.0,1.0,281.96,16.96,571.0,1.0,0
0.0,0.0,-17.0,12.0,0.0,2.0,192.47,18.47,431.0,1.0,0
0.0,0.0,-8.0,6.0,0.0,4.0,264.24,38.94,903.0,6.0,0
0.0,0.0,11.0,31.0,1.0,2.0,348.95500000000004,36.55,719.0,6.0,1
0.0,0.0,-9.0,1.0,0.0,10.0,348.95500000000004,32.89,1349.0,2.0,0
0.0,0.0,-9.0,13.0,0.0,1.0,223.37,23.47,902.0,3.0,0
0.0,0.0,-8.0,35.0,0.0,1.0,348.95500000000004,38.94,1177.0,1.0,0
0.0,0.0,-14.0,10.0,0.0,10.0,348.95500000000004,21.8,1801.0,6.0,0
0.0,0.0,-10.0,11.0,0.0,2.0,219.18,19.28,256.0,1.0,0
0.0,0.0,-16.0,4.0,0.0,2.0,348.95500000000004,38.94,918.0,1.0,0
0.0,0.0,-11.0,6.0,0.0,5.0,348.95500000000004,38.94,1726.0,2.0,1
0.0,0.0,-18.0,9.0,0.0,2.5,348.95500000000004,34.21,1949.0,4.0,0
0.0,0.0,-27.0,8.0,0.0,1.0,227.62,27.72,409.0,1.0,0
0.0,0.0,-19.0,9.0,0.0,1.0,348.95500000000004,20.01,3902.0,7.0,0
0.0,0.0,-17.0,11.0,0.0,3.0,264.49,16.49,635.0,1.0,0
0.0,0.0,-15.0,16.0,0.0,1.0,280.64,38.94,932.0,1.0,1
0.0,0.0,22.0,48.0,1.0,3.0,348.95500000000004,16.19,501.0,4.0,1
0.0,0.0,7.0,38.0,1.0,1.0,214.05,35.05,582.0,1.0,1
0.0,0.0,-13.0,10.0,0.0,10.0,200.93,31.93,139.0,6.0,0
0.0,0.0,-11.0,22.0,0.0,10.0,348.95500000000004,23.6,588.0,2.0,0
0.0,0.0,-13.0,17.0,0.0,1.0,348.95500000000004,38.94,1897.0,5.0,0
0.0,0.0,-17.0,14.0,0.0,8.0,348.95500000000004,21.84,452.0,1.0,0
0.0,0.0,-7.0,18.0,0.0,10.0,348.95500000000004,38.94,930.0,7.0,0
0.0,0.0,-14.0,5.0,0.0,1.0,348.95500000000004,20.4,350.0,1.0,0
0.0,0.0,-35.0,19.0,0.0,3.0,320.31,38.94,1098.5,1.0,0
0.0,0.0,-14.0,7.0,0.0,8.0,323.91,37.51,334.0,1.0,0
0.0,0.0,-16.0,7.0,0.0,10.0,348.95500000000004,38.94,865.0,2.0,1
0.0,0.0,-12.0,13.0,0.0,2.0,194.28,14.28,1096.0,5.0,1
0.0,0.0,-11.0,15.0,0.0,1.0,195.94,13.62,345.0,2.0,0
0.0,0.0,-17.0,16.0,0.0,1.0,266.16,38.94,341.0,2.0,0
0.0,0.0,-21.0,21.0,0.0,7.0,348.95500000000004,19.95,696.0,4.0,0
0.0,0.0,-16.0,7.0,0.0,8.0,348.95500000000004,26.69,3839.0,4.0,0
0.0,0.0,-4.0,26.0,0.0,2.0,348.95500000000004,38.94,525.0,1.0,1
0.0,0.0,-18.0,19.0,0.0,1.0,243.57,38.57,162.0,4.0,0
0.0,0.0,-19.0,9.0,0.0,1.0,348.95500000000004,38.94,577.0,1.0,0
0.0,0.0,-20.0,4.0,0.0,10.0,348.95500000000004,32.24,90.0,3.0,0
0.0,0.0,-6.0,18.0,0.0,3.0,348.95500000000004,20.75,2030.0,2.0,0
0.0,0.0,-20.0,9.0,0.0,3.0,207.61,28.61,1950.0,3.0,0
0.0,0.0,6.0,29.0,1.0,1.0,340.02,38.94,913.0,4.0,1
0.0,0.0,-23.0,8.0,0.0,2.0,270.98,31.18,278.0,1.0,1
0.0,0.0,-13.0,12.0,0.0,4.0,257.11,18.11,1104.0,1.0,0
0.0,0.0,-15.0,7.0,0.0,10.0,285.64,16.64,232.0,1.0,0
0.0,0.0,0.0,21.0,0.0,1.0,262.17,38.94,503.0,1.0,0
0.0,0.0,-18.0,7.0,0.0,8.0,312.95,23.95,527.0,1.0,0
0.0,0.0,-16.0,9.0,0.0,10.0,348.95500000000004,20.7,262.0,1.0,1
0.0,0.0,-20.0,16.0,0.0,10.0,217.64,18.64,330.0,1.0,0
0.0,0.0,-10.0,7.0,0.0,1.0,257.21,17.31,3408.0,1.0,0
0.0,0.0,-7.0,19.0,0.0,1.0,298.08,21.18,579.0,1.0,0
0.0,0.0,13.0,41.0,1.0,1.0,348.95500000000004,30.05,1041.0,2.0,1
0.0,0.0,-16.0,14.0,0.0,6.0,348.95500000000004,28.37,634.0,3.0,0
0.0,0.0,-4.0,12.0,0.0,1.0,196.32,16.74,236.0,1.0,0
0.0,0.0,-2.0,37.0,0.0,10.0,348.95500000000004,38.0,707.0,1.0,1
0.0,0.0,-9.0,13.0,0.0,3.0,260.64,20.65,1381.0,8.0,0
0.0,0.0,-11.0,3.0,0.0,8.0,348.95500000000004,38.94,2009.0,2.0,0
0.0,0.0,-13.0,14.0,0.0,1.0,294.97,38.94,729.0,1.0,0
0.0,0.5,-4.0,22.0,0.0,3.0,388.05500000000006,36.9,667.5,4.5,1
0.0,0.0,5.0,24.0,1.0,1.0,325.54,26.54,2043.0,5.0,0
0.0,0.0,-8.0,6.0,0.0,6.0,338.56,9.56,193.0,3.0,0
0.0,0.0,-20.0,2.0,0.0,10.0,348.95500000000004,16.62,182.0,1.0,0
0.0,0.0,-21.0,15.0,0.0,4.0,221.71,38.94,833.0,4.0,0
0.0,0.0,-11.0,10.0,0.0,4.0,348.95500000000004,17.7,452.0,1.0,0
0.0,0.0,-14.0,11.0,0.0,4.0,348.95500000000004,21.08,2715.0,2.0,1
0.0,0.0,-22.0,12.0,0.0,1.0,348.95500000000004,38.94,739.0,3.0,0
0.0,0.0,14.0,34.0,1.0,1.0,348.95500000000004,14.99,745.0,3.0,0
0.0,0.0,-15.0,20.0,0.0,8.0,215.14,16.14,500.0,1.0,0
0.0,0.0,-36.0,9.0,0.0,1.0,348.95500000000004,38.94,2432.0,4.0,0
0.0,0.0,-9.0,20.0,0.0,3.0,190.48,23.49,1456.0,1.0,0
0.0,0.0,-9.0,22.0,0.0,4.0,221.86,38.94,249.0,2.0,0
0.0,0.0,-14.0,5.0,0.0,1.0,182.91,15.92,1456.0,1.0,0
0.0,0.0,-17.0,19.0,0.0,1.0,196.01,16.02,3745.0,6.0,0
0.0,0.0,-13.0,14.0,0.0,1.0,205.68,35.68,279.0,1.0,1
0.0,0.0,-5.0,21.0,0.0,6.0,348.95500000000004,38.94,2566.0,1.0,1
0.0,0.0,29.0,57.0,1.0,10.0,348.95500000000004,38.3,813.0,3.0,1
0.0,0.0,-15.0,10.0,0.0,4.0,188.34,18.44,919.0,5.0,0
0.0,0.0,-16.0,11.0,0.0,2.0,216.18,16.28,592.0,2.0,0
0.0,0.0,-13.0,6.0,0.0,6.0,348.95500000000004,18.28,742.0,1.0,0
0.0,0.0,-22.0,10.0,0.0,8.0,348.95500000000004,38.94,2165.0,4.0,1
0.0,0.0,-12.0,9.0,0.0,6.0,348.95500000000004,33.84,1942.0,1.0,1
0.0,0.0,-28.0,6.0,0.0,1.0,223.26,24.26,487.0,3.0,0
0.0,0.0,-17.0,4.0,0.0,2.0,221.34,38.94,569.0,1.0,1
0.0,0.0,-30.0,7.0,0.0,1.0,348.95500000000004,38.94,600.0,3.0,0
0.0,0.0,-25.0,15.0,0.0,1.0,348.95500000000004,19.27,514.0,1.0,0
0.0,0.0,-15.0,8.0,0.0,1.0,348.95500000000004,24.74,199.0,2.0,0
0.0,0.0,-7.0,15.0,0.0,8.0,348.95500000000004,25.77,180.0,1.0,0
0.0,0.0,-11.0,10.0,0.0,1.0,348.95500000000004,38.02,1274.0,5.0,0
0.0,0.0,-15.0,8.0,0.0,1.0,255.42,16.42,1104.0,1.0,0
0.0,0.0,-16.0,7.0,0.0,1.0,325.12,38.94,416.0,1.0,0
0.0,0.0,-16.0,7.0,0.0,1.0,224.98,12.98,236.0,1.0,0
0.0,0.0,-7.0,12.0,0.0,1.0,268.84,18.85,748.0,2.0,0
0.0,0.0,-19.0,11.0,0.0,1.0,348.95500000000004,38.94,169.4,1.0,0
0.0,0.0,-28.0,4.0,0.0,12.0,340.49,38.94,674.0,1.0,0
0.0,0.0,-7.0,14.0,0.0,2.0,348.95500000000004,22.84,866.0,1.0,0
0.0,0.0,-13.0,21.0,0.0,1.0,345.58,12.94,300.0,1.0,0
0.0,0.0,-13.0,16.0,0.0,5.0,348.95500000000004,19.1,661.0,9.0,0
0.0,0.0,-15.0,15.0,0.0,3.0,348.95500000000004,38.94,1061.0,2.0,0
0.0,0.0,-10.0,8.0,0.0,1.0,348.95500000000004,19.62,1447.0,5.0,0
0.0,0.0,-15.0,13.0,0.0,8.0,232.14,17.14,708.0,2.0,0
0.0,0.0,-27.0,7.0,0.0,1.0,283.96,23.96,552.0,1.0,0
0.0,0.0,-14.0,6.0,0.0,3.0,309.8,10.8,1479.0,3.0,0
0.0,0.0,-23.0,12.0,0.0,10.0,348.95500000000004,19.47,692.0,2.0,0
0.0,0.0,-12.0,4.0,0.0,4.0,308.83,10.83,1019.0,3.0,0
0.0,0.0,-13.0,11.0,0.0,8.0,333.42,18.45,2795.0,5.0,0
0.0,0.0,-8.0,19.0,0.0,1.0,223.78,38.94,1187.0,1.0,0
0.0,0.0,-14.0,8.0,0.0,4.0,304.52,38.94,674.0,1.0,0
0.0,0.0,-20.0,13.0,0.0,4.0,228.38,18.38,1324.0,4.0,0
0.0,0.0,-24.0,7.0,0.0,10.0,226.12,16.22,231.0,1.0,0
0.0,0.0,-5.0,17.0,0.0,10.0,348.95500000000004,38.94,1213.0,1.0,0
0.0,0.0,-19.0,4.0,0.0,10.0,348.95500000000004,18.42,266.0,2.0,0
0.0,0.0,-22.0,39.0,0.0,4.0,212.28,32.29,621.0,1.0,0
0.0,0.0,0.0,13.0,0.0,8.0,348.95500000000004,12.24,548.0,1.0,0
0.0,0.0,0.0,2.0,0.0,7.0,348.95500000000004,22.7,611.0,1.0,0
0.0,0.0,-8.0,8.0,0.0,1.0,348.95500000000004,38.94,1854.0,1.0,0
0.0,0.0,-14.0,5.0,0.0,8.0,232.08,32.08,485.0,1.0,0
0.0,0.0,-10.0,12.0,0.0,10.0,348.95500000000004,38.94,3632.0,4.0,0
0.0,0.0,-2.0,22.0,0.0,4.0,348.95500000000004,38.94,2659.0,3.0,1
0.0,0.0,-22.0,8.0,0.0,4.0,348.95500000000004,17.53,595.0,2.0,0
0.0,0.0,-14.0,4.0,0.0,2.0,264.83,16.84,444.0,1.0,0
0.0,0.0,-13.0,15.0,0.0,5.0,348.95500000000004,28.82,1658.0,5.0,0
0.0,0.0,-8.0,19.0,0.0,2.0,205.21,27.56,627.0,1.0,0
0.0,0.0,-22.0,17.0,0.0,1.0,206.72,38.94,513.0,1.0,0
0.0,0.0,20.0,39.0,1.0,2.0,348.95500000000004,38.94,1142.0,1.0,1
0.0,0.0,-22.0,8.0,0.0,10.0,348.95500000000004,29.93,607.0,3.0,0
0.0,0.0,-18.0,6.0,0.0,1.0,348.95500000000004,16.96,1154.0,1.0,0
0.0,0.0,-9.0,18.0,0.0,1.0,348.95500000000004,20.26,719.0,6.0,0
0.0,0.0,6.0,36.0,1.0,1.0,264.16,13.26,721.0,2.0,1
0.0,0.0,-12.0,15.0,0.0,5.0,348.95500000000004,29.23,1778.0,10.0,0
0.0,0.0,-4.0,7.0,0.0,4.0,234.47,34.57,2235.0,1.0,0
0.0,0.0,-19.0,7.0,0.0,8.0,316.75,16.85,2101.0,4.0,0
0.0,0.0,-20.0,7.0,0.0,1.0,231.33,38.94,651.0,1.0,0
0.0,0.0,-7.0,11.0,0.0,2.0,348.95500000000004,38.94,298.0,1.0,0
0.0,0.0,-13.0,13.0,0.0,8.0,258.2,30.2,797.0,1.0,0
0.0,0.0,-9.0,4.0,0.0,8.0,335.47,10.47,2644.0,6.0,0
0.0,0.0,3.0,25.0,1.0,10.0,348.95500000000004,33.65,1201.0,1.0,0
0.0,0.0,-10.0,15.0,0.0,1.0,348.95500000000004,38.94,847.0,1.0,0
0.0,0.0,6.0,33.0,1.0,10.0,348.95500000000004,37.45,193.0,6.0,0
0.0,0.0,-13.0,14.0,0.0,9.0,221.94,34.97,1157.0,1.0,0
0.0,0.0,-23.0,10.0,0.0,4.0,212.09,24.19,1058.0,1.0,0
0.0,0.0,-7.0,2.0,0.0,1.0,296.44,27.54,313.0,1.0,0
0.0,0.0,-21.0,6.0,0.0,5.0,348.95500000000004,38.94,456.0,5.0,0
0.0,0.0,-12.0,24.0,0.0,1.0,318.32,28.33,407.0,1.0,1
0.0,0.0,-26.0,7.0,0.0,6.0,348.95500000000004,19.7,625.0,1.0,0
0.0,0.0,13.0,50.0,1.0,10.0,348.95500000000004,23.17,1309.0,3.0,1
0.0,0.0,-13.0,7.0,0.0,1.0,348.95500000000004,38.94,1341.0,5.0,0
0.0,0.0,-9.0,22.0,0.0,1.0,247.37,22.37,494.0,1.0,0
0.0,0.0,-17.0,7.0,0.0,1.0,348.95500000000004,24.35,1520.0,1.0,0
0.0,0.0,-13.0,11.0,0.0,10.0,348.95500000000004,33.12,1445.0,1.0,1
0.0,0.0,-18.0,6.0,0.0,1.0,298.09,28.19,1351.0,7.0,0
0.0,0.0,-21.0,7.0,0.0,5.0,348.95500000000004,38.94,569.0,5.0,0
0.0,0.0,-17.0,5.0,0.0,3.0,251.38,31.4,2344.0,1.0,0
0.0,0.0,-8.0,5.0,0.0,1.0,344.44,24.64,2135.0,3.0,0
0.0,0.0,1.0,27.0,1.0,10.0,262.86,32.86,277.0,1.0,1
0.0,0.0,-15.0,7.0,0.0,4.0,348.95500000000004,18.51,872.0,2.0,0
0.0,0.0,-2.0,20.0,0.0,10.0,348.95500000000004,38.94,832.0,3.0,0
0.0,0.0,-20.0,5.0,0.0,1.0,268.84,19.84,528.0,2.0,0
0.0,0.0,-20.0,5.0,0.0,8.0,235.04,13.05,528.0,2.0,0
0.0,0.0,-14.0,14.0,0.0,10.0,348.95500000000004,38.94,1176.0,3.0,0
0.0,0.0,17.0,39.0,1.0,5.0,264.24,38.94,271.0,2.0,1
0.0,0.0,-16.0,12.0,0.0,1.0,348.95500000000004,18.28,522.0,1.0,0
0.0,0.0,-17.0,12.0,0.0,4.0,348.95500000000004,38.94,1085.0,2.0,0
0.0,0.0,-19.0,11.0,0.0,10.0,348.95500000000004,22.14,1499.0,1.0,0
0.0,0.0,-22.0,7.0,0.0,1.0,348.95500000000004,38.94,1868.0,1.0,0
0.0,0.0,-18.0,8.0,0.0,10.0,348.95500000000004,29.93,717.0,7.0,0
0.0,0.0,0.0,13.0,0.0,10.0,211.18,9.18,548.0,3.0,0
0.0,0.0,-15.0,26.0,0.0,1.0,348.95500000000004,38.94,1507.0,4.0,0
0.0,0.0,-14.0,12.0,0.0,4.0,348.95500000000004,16.41,906.0,1.0,0
0.0,0.0,-4.0,16.0,0.0,10.0,194.37,38.94,2135.0,2.0,0
0.0,0.0,7.0,39.0,1.0,1.6666666666666667,348.95500000000004,34.18,593.0,1.0,1
0.0,0.0,-12.0,4.0,0.0,2.0,314.21,15.21,2059.0,3.0,0
0.0,0.0,-18.0,8.0,0.0,1.0,226.9,17.9,957.0,3.0,0
0.0,0.0,-20.0,4.0,0.0,1.0,348.95500000000004,21.49,1169.0,2.0,0
0.0,0.0,-26.0,18.0,0.0,1.0,348.95500000000004,38.94,327.0,1.0,0
0.0,0.0,-12.0,10.0,0.0,2.0,288.13,18.14,748.0,2.0,0
0.0,0.0,-15.0,11.0,0.0,3.0,348.95500000000004,15.78,1479.0,3.0,0
0.0,0.0,-18.0,18.0,0.0,8.0,279.20000000000005,38.94,120.0,1.0,0
0.0,0.0,-14.0,14.0,0.0,2.0,250.84,31.04,236.0,1.0,0
0.0,0.0,-7.0,4.0,0.0,5.0,289.57,24.57,582.0,1.0,0
0.0,0.0,-9.0,8.0,0.0,8.0,295.46,37.46,540.0,3.0,0
0.0,0.0,-1.0,22.0,0.0,8.0,299.06,38.94,526.0,2.0,0
0.0,0.0,-13.0,7.0,0.0,4.0,293.46,13.46,824.0,1.0,0
0.0,0.0,-8.0,26.0,0.0,10.0,348.95500000000004,31.62,694.0,1.0,0
0.0,0.0,-16.0,23.0,0.0,3.0,321.91,22.01,606.0,2.0,0
0.0,0.0,3.0,34.0,1.0,1.0,286.75,26.85,649.0,3.0,1
0.0,0.0,-16.0,7.0,0.0,2.0,348.95500000000004,17.46,482.0,4.0,0
0.0,0.0,-4.0,7.0,0.0,4.0,290.54,10.55,2071.0,6.0,0
0.0,0.0,3.0,23.0,1.0,8.0,251.65,22.61,603.0,1.0,1
0.0,0.0,-20.0,6.0,0.0,4.0,348.95500000000004,38.94,3542.0,1.0,0
0.0,0.0,-26.0,11.0,0.0,1.0,272.32,32.33,1001.0,1.0,0
0.0,0.0,-28.0,11.0,0.0,2.0,313.0,18.0,1700.0,1.0,0
0.0,0.0,-27.0,1.0,0.0,8.0,348.95500000000004,21.74,340.0,1.0,0
0.0,0.0,16.0,36.0,1.0,6.0,348.95500000000004,22.85,900.0,1.0,0
0.0,0.0,11.0,37.0,1.0,3.0,222.61,38.94,190.0,1.0,1
0.0,0.0,-22.0,3.0,0.0,3.0,217.54,17.65,279.0,1.0,0
0.0,0.0,-15.0,13.0,0.0,3.0,336.99,17.99,854.0,1.0,0
0.0,0.0,-10.0,13.0,0.0,6.0,280.06,38.94,2419.0,1.0,0
0.0,0.0,-10.0,9.0,0.0,8.0,296.64,16.84,725.0,2.0,0
0.0,0.0,-6.0,17.0,0.0,1.0,348.95500000000004,38.94,226.5,6.0,0
0.0,0.0,-21.0,16.0,0.0,6.5,348.95500000000004,38.94,531.0,3.0,0
0.0,0.0,-10.0,15.0,0.0,6.0,329.38,29.48,1351.0,5.0,0
0.0,0.0,-25.0,19.0,0.0,6.0,348.95500000000004,38.94,1091.0,1.0,0
0.0,0.0,-8.0,12.0,0.0,2.0,258.74,34.84,704.0,1.0,0
0.0,0.0,-10.0,6.0,0.0,4.0,224.95,29.95,971.0,2.0,0
0.0,0.0,-20.0,7.0,0.0,1.0,348.95500000000004,15.39,1114.0,4.0,0
0.0,0.0,-11.0,18.0,0.0,4.0,348.95500000000004,19.7,625.0,1.0,0
0.0,0.0,-8.0,14.0,0.0,1.0,206.99,16.09,232.0,1.0,0
0.0,0.0,-17.0,19.0,0.0,4.0,264.72,38.94,370.0,4.0,0
0.0,0.0,-16.0,12.0,0.0,10.0,189.37,38.94,1893.0,1.0,0
0.0,0.0,-23.0,14.0,0.0,8.0,348.95500000000004,17.62,225.0,1.0,0
0.0,0.0,-11.0,2.0,0.0,1.0,310.67,15.67,1869.0,5.0,0
0.0,0.0,-12.0,3.0,0.0,20.0,348.95500000000004,21.52,3632.0,4.0,0
0.0,0.0,-35.0,2.0,0.0,1.0,338.46,38.66,317.0,1.0,0
0.0,0.0,-17.0,8.0,0.0,1.0,218.36,20.36,865.0,4.0,0
0.0,0.0,-19.0,21.0,0.0,1.0,198.82,38.94,525.0,3.0,0
0.0,0.0,0.0,13.0,0.0,1.0,348.95500000000004,11.12,1914.0,5.0,0
0.0,0.0,-6.0,16.0,0.0,1.0,270.71,10.81,409.0,4.0,0
0.0,0.0,-18.0,5.0,0.0,2.0,348.95500000000004,38.94,458.5,1.0,0
0.0,0.0,4.0,24.0,1.0,4.0,348.95500000000004,38.94,226.0,6.0,1
0.0,0.0,19.0,46.0,1.0,3.0,199.47,38.94,1190.0,1.0,1
0.0,0.0,-17.0,10.0,0.0,3.0,232.77,12.87,325.0,1.0,1
0.0,0.0,-18.0,8.0,0.0,1.0,256.87,38.94,876.0,9.0,0
0.0,0.0,-20.0,5.0,0.0,2.0,253.84,38.94,450.0,1.0,0
0.0,0.0,-13.0,9.0,0.0,1.0,236.92,38.94,301.0,3.0,0
0.0,0.0,-20.0,6.0,0.0,3.0,226.96,38.94,649.0,1.0,0
0.0,0.0,-5.0,20.0,0.0,5.0,205.76,16.76,807.0,4.0,1
0.0,0.0,-4.0,2.0,0.0,10.0,246.87,17.87,1076.0,4.0,0
0.0,0.0,-31.0,13.0,0.0,1.0,348.95500000000004,38.93,3398.0,3.0,0
0.0,0.0,-3.0,11.0,0.0,10.0,348.95500000000004,38.94,3014.0,6.0,0
0.0,0.0,-27.0,8.0,0.0,1.0,348.95500000000004,24.66,383.0,1.0,0
0.0,0.0,-14.0,3.0,0.0,6.0,348.95500000000004,36.8,577.0,1.0,0
0.0,0.0,-12.0,16.0,0.0,3.0,348.95500000000004,38.94,608.5,1.0,0
0.0,0.0,-17.0,6.0,0.0,6.0,341.09,38.94,569.0,1.0,0
0.0,0.0,-14.0,24.0,0.0,8.0,348.95500000000004,38.94,606.0,2.0,0
0.0,0.0,5.0,39.0,1.0,5.0,348.95500000000004,38.94,1367.0,1.0,0
0.0,0.0,-28.0,8.0,0.0,1.0,348.95500000000004,17.35,374.0,4.0,0
0.0,0.0,-21.0,23.0,0.0,1.0,348.95500000000004,19.99,913.0,3.0,0
0.0,0.0,-15.0,3.0,0.0,8.0,348.95500000000004,13.61,590.0,2.0,0
0.0,0.0,-12.0,13.0,0.0,1.0,312.49,38.94,771.0,1.0,0
0.0,0.0,-10.0,7.0,0.0,10.0,348.95500000000004,38.94,464.0,6.0,0
0.0,0.0,-23.0,18.0,0.0,10.0,308.33,38.94,404.0,3.6666666666666665,0
0.0,0.0,-18.0,21.0,0.0,1.0,348.95500000000004,38.94,975.0,1.0,1
0.0,0.0,4.0,32.0,1.0,2.5,285.63,16.63,439.0,1.0,1
0.0,0.0,-13.0,11.0,0.0,3.0,286.17,38.94,323.0,2.0,0
0.0,0.0,-16.0,10.0,0.0,6.0,348.95500000000004,38.94,1031.0,6.0,0
0.0,0.0,-20.0,15.0,0.0,6.0,348.95500000000004,38.94,877.0,6.0,0
0.0,0.0,-9.0,7.0,0.0,3.0,220.28,16.28,847.0,2.0,0
0.0,0.0,-28.0,7.0,0.0,1.0,215.14,16.14,1254.0,2.0,0
0.0,0.0,-7.0,4.0,0.0,4.0,239.76,9.77,1026.0,1.0,1
0.0,0.0,-4.0,33.0,0.0,1.0,279.58,38.94,1892.0,4.0,0
0.0,0.0,-7.0,15.0,0.0,8.0,246.36,16.36,407.0,1.0,0
0.0,0.0,10.0,25.0,1.0,7.0,335.47,10.47,2644.0,6.0,1
0.0,0.0,11.0,38.0,1.0,10.0,348.95500000000004,38.94,2430.0,1.0,1
0.0,0.0,-24.0,6.0,0.0,5.0,267.97,38.94,409.0,1.0,0
0.0,1.0,0.0,0.0,0.0,1.0,348.95500000000004,25.24,1581.0,1.0,0
0.0,0.0,-8.0,5.0,0.0,3.0,225.07,15.07,1400.0,1.0,0
0.0,0.0,-16.0,16.0,0.0,6.0,348.95500000000004,26.95,690.0,2.0,1
0.0,0.0,-19.0,4.0,0.0,10.0,243.51,13.51,409.0,2.0,0
0.0,0.0,13.0,38.0,1.0,10.0,256.92,38.94,1159.0,1.0,1
0.0,0.0,-19.0,16.0,0.0,10.0,296.27,38.94,289.0,1.0,0
0.0,0.0,-4.0,13.0,0.0,1.0,348.95500000000004,38.48,1025.0,1.0,0
0.0,0.0,-3.0,23.0,0.0,2.0,348.95500000000004,38.94,719.0,6.0,0
0.0,0.0,-19.0,9.0,0.0,2.5,348.95500000000004,18.24,2300.0,2.0,0
0.0,0.0,-6.0,9.0,0.0,10.0,348.95500000000004,25.68,1125.0,6.0,0
0.0,0.0,-1.0,11.0,0.0,1.0,343.5,13.51,1222.0,2.0,0
0.0,0.0,-2.0,22.0,0.0,6.0,265.39,16.49,638.0,1.0,0
0.0,0.0,-14.0,20.0,0.0,4.0,348.95500000000004,31.09,912.0,2.0,0
0.0,0.0,42.0,71.0,1.0,6.0,348.95500000000004,38.94,674.0,1.0,0
0.0,0.0,-5.0,21.0,0.0,2.0,228.88,30.88,252.0,1.0,0
0.0,0.0,-8.0,16.0,0.0,2.0,348.95500000000004,38.94,1345.0,8.0,0
0.0,0.0,-14.0,5.0,0.0,10.0,348.95500000000004,38.94,2906.3333333333335,5.0,1
0.0,0.0,-3.0,20.0,0.0,5.0,348.95500000000004,21.73,623.0,1.0,0
0.0,0.0,-17.0,7.0,0.0,12.5,348.95500000000004,38.94,1241.0,3.0,0
0.0,0.0,-9.0,10.0,0.0,8.0,348.95500000000004,17.13,1138.0,1.0,0
0.0,0.0,-41.0,11.0,0.0,6.0,296.3,38.94,87.0,3.0,0
0.0,0.0,12.0,36.0,1.0,6.0,348.95500000000004,38.94,559.0,1.0,1
0.0,0.0,-18.0,4.0,0.0,10.0,314.84,15.84,232.0,1.0,0
0.0,0.0,-14.0,2.0,0.0,7.0,348.95500000000004,16.26,179.0,1.0,0
0.0,0.0,-19.0,8.0,0.0,5.0,293.38,38.94,1071.0,1.0,0
0.0,0.0,-21.0,18.0,0.0,3.0,225.6,38.94,1090.0,1.0,1
0.0,0.0,-11.0,16.0,0.0,5.0,203.32,38.89,1052.5,1.0,0
0.0,0.0,-9.0,13.0,0.0,6.0,334.54,34.55,753.0,2.0,0
0.0,0.0,-12.0,8.0,0.0,8.0,247.83,8.93,760.0,2.0,0
0.0,0.0,-20.0,8.0,0.0,4.0,206.57,18.57,792.0,1.0,0
0.0,0.0,-25.0,5.0,0.0,4.0,348.95500000000004,17.62,151.0,2.0,0
0.0,0.0,-14.0,20.0,0.0,1.0,348.95500000000004,38.94,1066.0,1.0,1
0.0,0.0,-22.0,15.0,0.0,3.0,324.15,38.94,218.0,3.0,0
0.0,0.0,-23.0,11.0,0.0,2.0,348.95500000000004,35.57,3038.0,1.0,0
0.0,0.0,-9.0,17.0,0.0,1.0,236.21,23.81,1304.0,4.0,0
0.0,0.0,-15.0,33.0,0.0,5.0,251.82,31.84,557.0,2.0,0
0.0,0.0,-18.0,6.0,0.0,1.0,348.95500000000004,10.64,638.0,3.0,0
0.0,0.0,-24.0,9.0,0.0,1.0,348.95500000000004,19.7,625.0,1.0,0
0.0,0.0,-10.0,33.0,0.0,8.0,348.95500000000004,38.94,1350.0,1.0,0
0.0,0.0,-36.0,12.0,0.0,3.0,348.95500000000004,18.0,915.0,2.0,0
0.0,0.0,-16.0,7.0,0.0,10.0,348.95500000000004,38.94,617.0,1.0,0
0.0,0.0,-13.0,15.0,0.0,5.0,228.23,16.23,236.0,1.0,0
0.0,0.0,-33.0,12.0,0.0,8.0,348.95500000000004,38.94,1813.0,3.0,0
0.0,0.0,-11.0,24.0,0.0,2.0,207.27,38.94,1893.0,1.0,0
0.0,0.0,-19.0,7.0,0.0,2.0,217.1,18.1,524.0,1.0,0
0.0,0.0,-9.0,20.0,0.0,15.0,348.95500000000004,20.19,1642.0,10.0,0
0.0,0.0,-6.0,9.0,0.0,5.0,329.8,38.94,87.0,3.0,0
0.0,0.0,-17.0,11.0,0.0,10.0,348.95500000000004,17.08,911.0,3.0,0
0.0,0.0,-13.0,8.0,0.0,7.0,348.95500000000004,38.94,2223.0,1.0,0
0.0,0.0,-4.0,23.0,0.0,8.0,348.95500000000004,38.94,388.0,1.0,0
0.0,0.0,-13.0,6.0,0.0,3.0,237.61,19.41,391.0,1.0,0
0.0,0.0,-6.0,24.0,0.0,1.0,206.76,17.76,807.0,2.0,0
0.0,0.0,-20.0,4.0,0.0,6.0,247.75,38.94,1687.0,2.0,0
0.0,0.0,-2.0,10.0,0.0,1.0,228.89,8.89,186.0,1.0,0
0.0,0.0,27.0,49.0,1.0,1.0,294.82,38.94,419.0,3.0,1
0.0,0.0,-8.0,8.0,0.0,1.0,251.59,38.94,1235.0,2.0,0
0.0,0.0,7.0,43.0,1.0,1.0,276.03,16.57,531.0,1.0,1
0.0,0.0,-18.0,9.0,0.0,1.0,210.89,12.89,2876.0,4.0,1
0.0,0.0,-12.0,11.0,0.0,10.0,348.95500000000004,38.94,606.0,2.0,0
0.0,0.0,-13.0,6.0,0.0,1.0,258.69,16.79,992.0,1.0,0
0.0,0.0,-11.0,12.0,0.0,7.0,237.24,18.24,249.0,3.0,0
0.0,0.0,-7.0,27.0,0.0,1.0,273.05,38.94,1094.0,1.0,0
0.0,0.0,-6.0,19.0,0.0,1.0,267.78,38.94,355.6666666666667,2.6666666666666665,1
0.0,0.0,-11.0,5.0,0.0,12.0,245.05,24.35,344.0,3.0,0
0.0,0.0,-25.0,8.0,0.0,1.0,348.95500000000004,38.94,537.0,2.0,0
0.0,0.0,-13.0,7.0,0.0,3.0,348.95500000000004,20.3,1485.0,1.0,0
0.0,0.0,-2.0,8.0,0.0,10.0,348.95500000000004,15.43,2021.0,4.0,1
0.0,0.0,-9.0,13.0,0.0,1.0,348.95500000000004,19.28,500.0,1.0,0
0.0,0.0,-18.0,5.0,0.0,1.0,206.16,26.36,247.0,2.0,0
0.0,0.0,-10.0,5.0,0.0,2.0,348.95500000000004,9.7,501.0,4.0,0
0.0,0.0,-14.0,13.0,0.0,1.0,348.95500000000004,38.94,994.0,1.0,0
0.0,0.0,22.0,56.0,1.0,1.0,199.73,38.94,1189.0,1.0,1
0.0,0.0,-13.0,8.0,0.0,3.0,348.95500000000004,19.38,1202.0,3.0,0
0.0,0.0,-16.0,10.0,0.0,6.0,348.95500000000004,38.94,1068.0,3.0,0
0.0,0.0,-4.0,18.0,0.0,6.0,304.55,38.94,771.0,1.0,0
0.0,0.0,-27.0,13.0,0.0,4.0,283.42,38.94,595.0,1.0,0
0.0,0.0,-13.0,49.0,0.0,3.0,348.95500000000004,38.94,1273.0,1.0,1
0.0,0.0,-8.0,12.0,0.0,1.0,348.95500000000004,19.6,404.0,3.0,0
0.0,0.0,6.0,23.0,1.0,2.0,217.02,17.03,579.0,4.0,1
0.0,0.0,-10.0,11.0,0.0,1.0,348.95500000000004,38.94,556.0,1.0,0
0.0,0.0,-11.0,20.0,0.0,4.0,348.95500000000004,20.12,1154.0,1.0,0
0.0,0.0,-26.0,7.0,0.0,8.0,233.95,24.05,325.0,1.0,0
0.0,0.0,-27.0,7.0,0.0,8.0,348.95500000000004,22.63,371.0,2.0,1
0.0,0.0,-8.0,10.0,0.0,1.0,348.95500000000004,23.17,1792.0,8.0,0
0.0,0.0,-7.0,24.0,0.0,8.0,237.08,38.08,447.0,2.0,0
0.0,0.0,-13.0,14.0,0.0,5.0,312.24,36.44,275.0,1.0,0
0.0,0.0,-13.0,16.0,0.0,1.0,242.03,22.03,313.0,1.0,1
0.0,0.0,-20.0,10.0,0.0,8.0,282.62,32.62,1085.0,1.0,0
0.0,0.0,-15.0,16.0,0.0,1.0,236.92,38.94,301.0,3.0,0
0.0,0.0,-18.0,7.0,0.0,2.0,266.84,38.94,573.0,2.0,0
0.0,0.0,-16.0,7.0,0.0,2.0,246.39,16.49,691.0,3.0,0
0.0,0.0,12.0,43.0,1.0,3.0,348.95500000000004,25.18,566.0,3.0,1
0.0,0.0,-8.0,8.0,0.0,10.0,348.95500000000004,25.53,1135.0,5.0,0
0.0,0.0,-16.0,18.0,0.0,1.0,348.95500000000004,38.94,440.0,2.0,0
0.0,0.0,-5.0,7.0,0.0,1.0,348.95500000000004,38.94,444.0,1.0,0
0.0,0.0,-12.0,18.0,0.0,2.0,245.35,16.35,582.0,1.0,1
0.0,0.0,-8.0,7.0,0.0,1.0,282.41,12.51,1948.0,1.0,1
0.0,0.0,-19.0,10.0,0.0,10.0,348.95500000000004,20.43,694.0,1.0,0
0.0,0.0,-8.0,10.0,0.0,1.0,293.32,33.42,2250.0,1.0,0
0.0,0.0,-14.0,7.0,0.0,1.0,223.72,38.94,549.0,1.0,1
0.0,0.0,-21.0,11.0,0.0,10.0,348.95500000000004,38.94,1277.5,2.0,1
0.0,0.0,-14.0,14.0,0.0,1.0,348.95500000000004,38.94,256.0,1.0,0
0.0,0.0,8.0,18.0,1.0,1.0,258.51,8.61,577.0,1.0,1
0.0,0.0,-13.0,12.0,0.0,2.0,336.48,38.94,1002.0,3.0,0
0.0,0.0,-8.0,16.0,0.0,10.0,348.95500000000004,38.94,1291.0,4.0,0
0.0,0.0,-7.0,14.0,0.0,5.0,252.09,22.1,1050.0,1.0,1
0.0,0.0,-28.0,15.0,0.0,1.0,257.94,37.3,919.0,1.0,0
0.0,0.0,-9.0,4.0,0.0,4.0,306.33,10.43,584.0,2.0,0
0.0,0.0,-15.0,14.0,0.0,1.0,272.52,38.94,477.0,1.0,1
0.0,0.0,-6.0,25.0,0.0,1.0,236.24,16.3,3745.0,6.0,0
0.0,0.0,-26.0,14.0,0.0,8.0,348.95500000000004,20.61,948.0,2.0,1
0.0,0.0,-13.0,29.0,0.0,1.0,348.95500000000004,19.63,371.0,2.0,1
0.0,0.0,-17.0,13.0,0.0,10.0,323.15,28.15,92.0,1.0,0
0.0,0.0,-24.0,13.0,0.0,5.0,243.01,18.01,494.0,1.0,0
0.0,0.0,-18.0,21.0,0.0,3.0,189.68,38.94,903.0,6.0,0
0.0,0.0,9.0,30.0,1.0,10.0,348.95500000000004,25.11,523.0,1.0,1
0.0,0.0,-16.0,11.0,0.0,8.0,348.95500000000004,38.94,291.0,1.0,1
0.0,0.0,-10.0,18.0,0.0,1.0,348.95500000000004,38.94,245.66666666666666,1.0,1
0.0,0.0,-26.0,4.0,0.0,3.0,259.98,38.94,547.5,2.5,0
0.0,0.0,-10.0,9.0,0.0,10.0,298.39,13.49,528.0,2.0,0
0.0,0.0,-17.0,9.0,0.0,1.0,348.95500000000004,21.09,847.0,6.0,0
0.0,0.0,-23.0,8.0,0.0,10.0,348.95500000000004,38.94,94.0,1.0,0
0.0,0.0,-20.0,14.0,0.0,6.0,348.95500000000004,18.62,327.0,1.0,0
0.0,0.0,-21.0,11.0,0.0,3.0,190.62,38.94,555.0,1.0,0
0.0,0.0,-27.0,10.0,0.0,8.0,348.95500000000004,25.59,867.0,2.0,1
0.0,0.0,-31.0,14.0,0.0,1.0,221.43,27.44,198.0,1.0,0
0.0,0.0,42.0,68.0,1.0,1.0,278.33,38.94,500.0,2.0,1
0.0,0.0,-6.0,20.0,0.0,1.0,266.5,16.51,338.0,1.0,0
0.0,0.0,-5.0,8.0,0.0,3.0,348.95500000000004,38.94,1574.0,4.0,0
0.0,0.0,-13.0,7.0,0.0,5.0,348.95500000000004,22.49,727.0,1.0,0
0.0,0.0,2.0,7.0,1.0,6.0,348.95500000000004,12.17,371.0,2.0,0
0.0,0.0,-18.0,11.0,0.0,8.0,228.51,35.52,1159.0,1.0,1
0.0,0.0,-24.0,1.0,0.0,8.0,282.95,38.94,422.0,1.5,1
0.0,0.0,-11.0,18.0,0.0,1.0,289.31,38.94,614.5,1.0,0
0.0,0.0,14.0,46.0,1.0,3.0,348.95500000000004,38.94,1288.0,5.0,1
0.0,0.0,-11.0,10.0,0.0,7.0,348.95500000000004,14.99,1022.0,1.0,0
0.0,0.0,-19.0,4.0,0.0,1.0,348.95500000000004,32.52,2984.0,3.0,0
0.0,0.0,-14.0,1.0,0.0,10.0,285.73,10.74,90.0,1.0,0
0.0,0.0,-2.0,25.0,0.0,1.0,348.95500000000004,22.08,452.0,1.0,0
0.0,0.0,-19.0,10.0,0.0,10.0,299.72,17.73,372.0,1.0,0
0.0,0.0,-6.0,28.0,0.0,6.0,348.95500000000004,38.94,605.0,1.0,0
0.0,0.0,-14.0,13.0,0.0,3.0,339.48,38.94,92.0,1.0,0
0.0,0.0,-11.0,16.0,0.0,6.0,329.2,20.4,206.0,1.0,0
0.0,0.0,-25.0,6.0,0.0,8.0,348.95500000000004,38.94,232.0,1.0,1
0.0,0.0,-1.0,35.0,0.0,3.0,348.95500000000004,38.94,1131.0,1.0,0
0.0,0.0,-20.0,25.0,0.0,1.0,257.5,38.94,1141.0,1.0,1
0.0,0.0,-13.0,5.0,0.0,5.5,319.98,19.99,1674.0,2.0,0
0.0,0.0,-7.0,19.0,0.0,1.0,250.07,17.07,84.0,1.0,0
0.0,0.0,-14.0,10.0,0.0,7.0,348.95500000000004,38.94,177.0,1.5,0
0.0,0.0,-6.0,4.0,0.0,8.0,348.95500000000004,13.71,352.0,1.0,0
0.0,0.0,48.0,70.0,1.0,5.0,348.95500000000004,21.44,2873.0,8.0,1
0.0,0.0,21.0,60.0,1.0,8.0,348.95500000000004,24.3,406.0,3.0,1
0.0,0.0,-29.0,11.0,0.0,5.0,309.61,38.94,156.0,1.0,0
0.0,0.0,-17.0,7.0,0.0,1.0,284.13,34.23,425.0,1.0,0
0.5,0.5,-25.0,6.0,0.0,5.5,697.9100000000001,49.15,642.0,1.5,0
0.0,0.0,7.0,33.0,1.0,1.0,261.46,16.46,1019.0,3.0,1
0.0,0.0,-7.0,14.0,0.0,10.0,245.57,35.68,460.0,2.5,1
0.0,0.0,-14.0,13.0,0.0,8.0,348.95500000000004,17.09,1517.0,1.0,0
0.0,0.0,-12.0,8.0,0.0,1.0,348.95500000000004,14.61,813.0,3.0,0
0.0,0.0,-4.0,17.0,0.0,10.0,348.95500000000004,30.35,179.0,1.0,0
0.0,0.0,-11.0,12.0,0.0,8.0,348.95500000000004,38.94,427.0,1.0,0
0.0,0.0,-21.0,14.0,0.0,5.0,252.0,22.01,1050.0,1.0,0
0.0,0.0,-25.0,6.0,0.0,3.0,348.95500000000004,38.94,325.0,2.0,0
0.0,0.0,-20.0,3.0,0.0,1.0,239.82,38.94,940.0,4.0,0
0.0,0.0,-20.0,21.0,0.0,4.0,318.97,19.97,219.0,1.0,0
0.0,0.0,-25.0,5.0,0.0,1.5,320.03999999999996,38.94,339.0,5.0,0
0.0,0.0,-19.0,14.0,0.0,8.0,237.0,22.0,516.0,1.0,0
0.0,0.0,-15.0,6.0,0.0,10.0,348.95500000000004,26.39,392.0,4.0,0
0.0,0.0,-9.0,11.0,0.0,6.0,348.95500000000004,38.94,1395.0,3.0,0
0.0,0.0,-30.0,10.0,0.0,1.0,348.95500000000004,30.71,1319.0,2.0,0
0.0,0.0,3.0,27.0,1.0,6.0,293.36,13.46,547.0,1.0,1
0.0,0.0,-10.0,10.0,0.0,6.0,308.42,38.94,769.0,1.0,0
0.0,0.0,-14.0,9.0,0.0,6.0,302.44,22.45,1172.0,3.0,0
0.0,0.0,9.0,29.0,1.0,6.0,262.13,37.23,343.0,4.0,1
0.0,0.0,-23.0,8.0,0.0,8.0,307.47,17.47,1441.0,1.0,1
0.0,0.0,15.0,42.0,1.0,1.0,230.9,30.9,452.0,1.0,0
0.0,0.0,-16.0,11.0,0.0,8.0,331.73,13.73,580.0,1.0,0
0.0,0.0,-3.0,7.0,0.0,1.0,236.7,16.06,919.0,1.0,0
0.0,0.0,-9.0,11.0,0.0,1.0,232.71,38.94,341.0,2.0,0
0.0,0.0,-26.0,8.0,0.0,1.0,348.95500000000004,36.6,593.0,1.0,0
0.0,0.0,-23.0,18.0,0.0,3.0,348.95500000000004,18.31,254.0,1.0,0
0.0,0.0,-10.0,3.0,0.0,1.0,261.8,38.94,489.0,2.0,0
0.0,0.0,-24.0,9.0,0.0,1.0,224.78,25.66,256.0,1.0,0
0.0,0.0,-15.0,8.0,0.0,10.0,348.95500000000004,38.94,1176.0,3.0,0
0.0,0.0,-20.0,6.0,0.0,10.0,277.79,19.89,1096.0,3.0,0
0.0,0.0,-7.0,18.0,0.0,3.0,205.56,26.1,291.0,1.0,0
0.0,0.0,-13.0,8.0,0.0,1.0,348.95500000000004,28.62,444.0,1.0,0
0.0,0.0,-25.0,22.0,0.0,10.0,348.95500000000004,38.94,1398.0,1.0,1
0.0,0.0,-16.0,6.0,0.0,5.0,304.18,14.28,1102.0,2.0,0
0.0,0.0,-16.0,2.0,0.0,15.0,197.58,8.58,616.0,4.0,0
0.0,0.0,-30.0,13.0,0.0,1.0,239.65,15.65,618.0,1.0,0
0.0,0.0,1.0,27.0,1.0,12.0,348.95500000000004,36.67,2010.0,2.0,0
0.0,0.0,-14.0,8.0,0.0,8.0,348.95500000000004,38.68,1216.0,5.0,1
0.0,0.0,-11.0,14.0,0.0,1.0,348.95500000000004,38.94,348.0,2.0,1
0.0,0.0,-8.0,7.0,0.0,1.0,348.95500000000004,36.96,1211.0,5.0,0
0.0,0.0,-20.0,12.0,0.0,1.0,238.78,12.79,4.0,1.0,0
0.0,0.0,-12.0,12.0,0.0,6.0,348.95500000000004,18.5,878.0,1.0,0
0.0,0.0,-9.0,20.0,0.0,1.0,348.95500000000004,28.98,501.0,1.0,0
0.0,0.0,-14.0,12.0,0.0,10.0,348.95500000000004,31.72,1024.0,1.0,0
0.0,0.0,0.0,27.0,0.0,7.0,296.42,38.94,748.0,2.0,0
0.0,0.0,-25.0,15.0,0.0,4.0,223.69,38.94,88.0,4.0,0
0.0,0.0,-21.0,15.0,0.0,4.0,215.98,16.28,2830.0,2.0,0
0.0,0.0,-1.0,17.0,0.0,3.0,288.02,38.94,614.0,1.0,0
0.0,0.0,-22.0,8.0,0.0,10.0,348.95500000000004,25.59,867.0,3.0,1
0.0,0.0,-6.0,2.0,0.0,3.0,270.26,32.26,614.0,1.0,0
0.0,0.0,-13.0,9.0,0.0,5.0,348.95500000000004,23.59,1897.0,4.0,0
0.0,0.0,-18.0,12.0,0.0,4.0,228.6,38.94,1912.0,5.0,0
0.0,0.0,-9.0,8.0,0.0,3.0,193.9,38.94,231.0,5.0,0
0.0,0.0,-6.0,15.0,0.0,8.0,241.47,38.94,678.0,1.0,1
0.0,0.0,-19.0,11.0,0.0,2.0,348.95500000000004,38.94,1131.0,3.0,0
0.0,0.0,-12.0,14.0,0.0,1.0,348.95500000000004,26.61,150.0,1.0,0
0.0,0.0,-13.0,5.0,0.0,4.0,283.79,8.79,501.0,4.0,0
0.0,0.0,-33.0,21.0,0.0,5.0,348.95500000000004,38.94,1969.0,1.0,0
0.0,0.0,-2.0,32.0,0.0,1.0,344.12,38.94,817.0,1.0,0
0.0,0.0,-11.0,26.0,0.0,5.0,308.64,18.74,245.0,3.0,0
0.0,0.0,-20.0,5.0,0.0,1.0,348.95500000000004,24.67,710.0,4.0,0
0.0,0.0,-4.0,2.0,0.0,10.0,260.5,10.5,850.0,4.0,0
0.0,0.0,-14.0,13.0,0.0,6.0,339.12,38.94,825.0,1.0,1
0.0,0.0,-7.0,6.0,0.0,1.0,348.95500000000004,38.94,2245.0,1.0,0
0.0,0.0,-12.0,4.0,0.0,10.0,348.95500000000004,38.94,1353.0,7.0,0
0.0,0.0,-16.0,13.0,0.0,1.0,348.95500000000004,38.94,1272.0,4.0,0
0.0,0.0,-20.0,7.0,0.0,8.0,348.95500000000004,18.35,1470.0,2.0,0
0.0,0.0,-10.0,25.0,0.0,10.0,226.66,26.68,447.0,2.0,0
0.0,0.0,-13.0,28.0,0.0,1.0,180.25,38.94,954.0,1.0,0
0.0,0.0,-3.0,18.0,0.0,6.0,334.02,34.12,892.0,4.0,0
0.0,0.0,-14.0,3.0,0.0,1.0,259.84,32.06,570.0,1.0,0
0.0,0.0,-15.0,16.0,0.0,10.0,348.95500000000004,37.27,982.0,3.0,0
0.0,0.0,-21.0,6.0,0.0,4.0,227.64,38.94,1126.0,3.0,0
0.0,0.0,-7.0,14.0,0.0,2.0,309.05,28.05,618.0,2.0,0
0.0,0.0,-14.0,20.0,0.0,10.0,242.48,38.94,2010.6666666666667,1.6666666666666667,0
0.0,0.0,-17.0,9.0,0.0,1.0,348.95500000000004,38.94,647.0,3.0,1
0.0,0.0,-13.0,7.0,0.0,10.0,335.47,10.47,2644.0,6.0,0
0.0,0.0,6.0,22.0,1.0,6.0,342.15,17.15,2644.0,6.0,1
0.0,0.0,-16.0,8.0,0.0,1.0,339.79,24.79,738.0,5.0,0
0.0,0.0,-3.0,27.0,0.0,8.0,246.29,34.489999999999995,259.0,1.0,0
0.0,0.0,-25.0,9.0,0.0,8.0,348.95500000000004,18.94,1654.0,3.0,0
0.0,0.0,2.0,23.0,1.0,1.0,348.95500000000004,18.95,1087.0,7.0,0
0.0,0.0,29.0,54.0,1.0,8.0,296.81,16.71,602.0,1.0,1
0.0,0.0,0.0,24.0,0.0,1.0,254.01,24.11,2583.0,4.0,0
0.0,0.0,-6.0,12.0,0.0,3.5,290.65999999999997,15.67,2374.0,3.0,0
0.0,0.0,-17.0,9.0,0.0,8.0,348.95500000000004,28.79,600.0,3.0,0
0.0,0.0,-21.0,5.0,0.0,1.0,348.95500000000004,23.85,3211.0,1.0,1
0.0,0.0,-11.0,22.0,0.0,8.0,348.95500000000004,20.69,625.0,1.0,0
0.0,0.0,35.0,86.0,1.0,7.0,348.95500000000004,38.94,1227.0,1.0,1
0.0,0.0,-25.0,9.0,0.0,10.0,348.95500000000004,38.94,94.0,1.0,0
0.0,0.0,-2.0,16.0,0.0,3.0,264.86,38.94,189.0,1.0,0
0.0,0.0,39.0,65.0,1.0,6.0,229.66,35.86,124.0,1.0,1
0.0,0.0,-8.0,7.0,0.0,3.0,308.95,18.96,847.0,1.0,0
0.0,0.0,-21.0,11.0,0.0,1.0,222.67,27.68,408.0,1.0,0
0.0,0.0,-3.0,14.0,0.0,10.0,348.95500000000004,38.94,1158.0,1.0,0
0.0,0.0,-2.0,14.0,0.0,20.0,274.64,34.64,729.0,1.0,0
0.0,0.0,3.0,36.0,1.0,6.0,348.95500000000004,38.94,794.0,1.0,0
0.0,0.0,-29.0,8.0,0.0,8.0,347.19,17.19,2644.0,6.0,0
0.0,0.0,-21.0,4.0,0.0,4.0,348.95500000000004,13.93,1001.0,4.0,0
0.0,0.0,-14.0,15.0,0.0,6.0,348.95500000000004,18.5,876.0,2.0,0
0.0,0.0,-7.0,5.0,0.0,1.0,348.95500000000004,22.39,2984.0,3.0,0
0.0,0.0,-11.0,25.0,0.0,5.0,348.95500000000004,38.94,2161.0,1.0,0
0.0,0.0,-8.0,7.0,0.0,2.0,348.95500000000004,18.89,2145.0,1.0,1
0.0,0.0,-14.0,4.0,0.0,7.0,348.95500000000004,15.68,1482.0,3.0,0
0.0,0.0,-20.0,15.0,0.0,6.0,348.95500000000004,38.23,910.0,4.0,0
0.0,0.0,-2.0,27.0,0.0,4.0,276.07,38.94,582.0,1.0,0
0.0,0.0,-19.0,7.0,0.0,2.0,348.78,38.94,257.0,1.0,1
0.0,0.0,-9.0,17.0,0.0,8.0,348.95500000000004,20.22,1425.0,1.0,1
0.0,0.0,-14.0,19.0,0.0,2.0,267.01,38.94,584.0,2.0,0
0.0,0.0,-11.0,24.0,0.0,6.0,348.95500000000004,28.05,354.0,1.0,0
0.0,0.0,-10.0,12.0,0.0,1.0,348.95500000000004,33.41,1726.0,5.0,0
0.0,0.0,-10.0,7.0,0.0,4.0,210.08,13.28,676.0,2.0,0
0.0,0.0,-13.0,7.0,0.0,3.0,264.84,16.84,224.0,1.0,0
0.0,0.0,5.0,13.0,1.0,8.0,299.68,38.94,550.0,1.0,1
0.0,0.0,-21.0,11.0,0.0,6.0,218.63,19.63,2066.0,1.0,0
0.0,0.0,-7.0,9.0,0.0,4.0,348.95500000000004,28.16,350.0,2.0,0
0.0,0.0,-2.0,16.0,0.0,8.0,348.95500000000004,38.94,577.0,1.0,0
0.0,0.0,-14.0,2.0,0.0,1.0,209.86,9.96,278.0,1.0,0
0.0,0.0,-16.0,1.0,0.0,10.0,194.08,14.09,432.0,2.0,0
0.0,0.0,-11.0,9.0,0.0,8.0,348.95500000000004,20.6,731.0,2.0,0
0.0,0.0,-14.0,6.0,0.0,4.0,213.54,13.84,2830.0,2.0,0
0.0,0.0,-17.0,6.0,0.0,5.0,292.45,13.45,401.0,4.0,0
0.0,0.0,-14.0,16.0,0.0,10.0,348.95500000000004,38.94,189.75,1.0,1
0.0,0.0,-7.0,24.0,0.0,1.0,212.4,36.4,357.0,2.0,1
0.0,0.0,-11.0,2.0,0.0,1.0,266.09000000000003,12.08,286.0,1.0,0
0.0,0.0,-9.0,7.0,0.0,1.0,291.70000000000005,38.94,904.0,1.0,0
0.0,0.0,-11.0,8.0,0.0,1.0,280.12,30.12,771.0,1.0,0
0.0,0.0,-29.0,22.0,0.0,1.0,213.9,23.9,2490.0,5.0,0
0.0,0.0,-21.0,4.0,0.0,1.0,262.16,22.17,985.0,1.0,0
0.0,0.0,-12.0,16.0,0.0,3.0,194.48,27.49,1456.0,1.0,0
0.0,0.0,23.0,43.0,1.0,1.0,219.18,19.28,328.0,4.0,1
0.0,0.0,-20.0,6.0,0.0,1.0,270.92,38.94,1013.0,5.0,0
0.0,0.0,-16.0,11.0,0.0,4.0,348.95500000000004,38.94,274.0,2.0,0
0.0,0.0,-17.0,5.0,0.0,1.0,294.23,38.94,676.0,4.0,0
0.0,0.0,-22.0,9.0,0.0,8.0,348.95500000000004,38.94,216.5,3.0,0
0.0,0.0,-18.0,7.0,0.0,1.0,348.95500000000004,38.94,537.0,3.0,0
0.0,0.0,-9.0,17.0,0.0,2.0,348.95500000000004,38.94,660.0,12.0,0
0.0,0.0,-25.0,9.0,0.0,2.0,296.61,16.71,547.0,1.0,1
0.0,0.0,-8.0,17.0,0.0,4.0,225.71,38.94,2188.0,2.0,0
0.0,0.0,-14.0,14.0,0.0,10.0,348.95500000000004,38.94,1067.0,1.0,0
0.0,0.0,-14.0,30.0,0.0,10.0,215.64,38.94,1350.0,1.0,0
0.0,0.0,-10.0,12.0,0.0,1.0,348.95500000000004,38.94,1176.0,3.0,0
0.0,0.0,-6.0,10.0,0.0,10.0,292.37,22.38,1172.0,3.0,0
0.0,0.0,-38.0,6.0,0.0,4.0,215.15,19.25,850.0,1.0,0
0.0,0.0,-21.0,10.0,0.0,8.0,248.8,20.0,257.0,1.0,1
0.0,0.0,-23.0,6.0,0.0,2.0,348.95500000000004,20.7,625.0,1.0,0
0.0,0.0,-15.0,9.0,0.0,8.0,348.95500000000004,38.94,289.0,1.0,1
0.0,0.0,-14.0,18.0,0.0,2.0,196.01,16.01,871.0,4.0,0
0.0,0.0,-16.0,20.0,0.0,1.0,348.95500000000004,25.98,819.0,1.0,0
0.0,0.0,-23.0,6.0,0.0,7.0,291.44,21.45,931.0,3.0,0
0.0,0.0,13.0,45.0,1.0,2.0,277.16,17.26,649.0,3.0,1
0.0,0.0,-12.0,15.0,0.0,6.0,332.57,16.97,506.0,1.0,0
0.0,0.0,-24.0,7.0,0.0,1.0,348.95500000000004,17.46,762.0,1.0,0
0.0,0.0,-22.0,13.0,0.0,6.0,319.44,26.54,355.0,1.0,1
0.0,0.0,-31.0,39.0,0.0,7.0,348.95500000000004,18.27,555.0,2.0,0
0.0,0.0,-26.0,12.0,0.0,1.0,348.95500000000004,25.03,2644.0,6.0,0
0.0,0.0,-12.0,11.0,0.0,1.0,205.47,25.57,559.0,2.0,0
0.0,0.0,-5.0,15.0,0.0,1.0,348.95500000000004,38.94,1076.0,1.0,0
0.0,0.0,-8.0,3.0,0.0,9.0,265.95,15.95,1694.0,2.0,0
0.0,0.0,-6.0,15.0,0.0,1.0,348.95500000000004,38.94,2019.4285714285713,2.857142857142857,0
0.0,0.0,15.0,33.0,1.0,4.0,248.76,18.86,325.0,1.0,1
0.0,0.0,-4.0,16.0,0.0,6.0,201.04,16.05,3734.0,5.0,0
0.0,0.0,-20.0,18.0,0.0,10.0,289.42,20.42,278.0,1.0,0
0.0,0.0,-16.0,9.0,0.0,4.0,193.9,16.0,594.0,2.0,0
0.0,0.0,-5.0,18.0,0.0,5.0,278.43,18.53,293.0,1.0,0
0.0,0.0,-16.0,14.0,0.0,3.0,242.56,26.759999999999998,727.5,2.0,0
0.0,0.0,-12.0,4.0,0.0,2.0,348.95500000000004,17.0,214.0,5.0,0
0.0,0.0,-9.0,13.0,0.0,1.0,348.95500000000004,38.94,1357.0,1.0,0
0.0,0.0,-5.0,22.0,0.0,6.0,272.28,38.94,614.0,1.0,1
0.0,0.0,-6.0,21.0,0.0,1.0,348.95500000000004,26.56,679.0,1.0,0
0.0,0.0,-1.0,11.0,0.0,3.0,256.52,16.52,2299.0,1.0,1
0.0,0.0,-14.0,22.0,0.0,1.0,262.12,38.94,543.0,2.0,0
0.0,0.0,-14.0,13.0,0.0,2.0,348.95500000000004,38.94,1543.0,2.0,0
0.0,0.0,-1.0,25.0,0.0,7.0,348.95500000000004,38.94,92.0,1.0,0
0.0,0.0,-15.0,3.0,0.0,10.0,348.95500000000004,21.1,1793.0,10.0,0
0.0,0.0,-8.0,6.0,0.0,10.0,238.57,18.67,652.0,8.0,0
0.0,0.0,-6.0,18.0,0.0,8.0,238.61,30.71,591.0,2.0,0
0.0,0.0,-16.0,7.0,0.0,5.0,182.33,26.44,236.0,1.5,0
0.0,0.0,-21.0,15.0,0.0,3.0,348.95500000000004,38.94,317.0,1.0,1
0.0,0.0,-37.0,6.0,0.0,2.0,222.64,38.94,964.0,1.0,0
0.0,0.0,-12.0,22.0,0.0,5.0,348.95500000000004,38.94,2261.0,1.0,1
0.0,0.0,-25.0,3.0,0.0,7.0,348.95500000000004,22.07,262.0,1.0,0
0.0,0.0,-11.0,12.0,0.0,4.0,216.07,26.17,162.0,5.0,0
0.0,0.0,15.0,37.0,1.0,8.0,241.47,38.94,1163.0,9.0,1
0.0,0.0,-8.0,13.0,0.0,1.0,348.95500000000004,38.94,3127.0,3.0,0
0.0,0.0,-16.0,11.0,0.0,4.0,230.12,38.94,2188.0,2.0,0
0.0,0.0,-14.0,1.0,0.0,10.0,347.41,17.41,2644.0,6.0,0
0.0,0.0,-26.0,7.0,0.0,1.0,271.18,31.18,634.0,2.0,0
0.0,0.0,-33.0,5.0,0.0,5.0,213.3,14.3,476.0,1.0,0
0.0,0.0,-17.0,12.0,0.0,7.0,347.31,28.31,1278.0,1.0,0
0.0,0.0,-6.0,11.0,0.0,8.0,252.25,22.25,407.0,1.0,0
0.0,0.0,14.0,29.0,1.0,1.0,313.99,14.0,1139.0,3.0,1
0.0,0.0,-6.0,1.0,0.0,8.0,348.95500000000004,38.94,894.0,1.0,0
0.0,0.0,-20.0,10.0,0.0,1.0,305.68,38.94,722.0,1.0,0
0.0,0.0,-14.0,4.0,0.0,15.0,242.11,38.94,501.0,2.0,0
0.0,0.0,-19.0,20.0,0.0,2.0,225.62,35.82,1110.0,6.0,0
0.0,0.0,-20.0,13.0,0.0,7.0,345.92,20.38,584.0,1.0,0
0.0,0.0,-8.0,7.0,0.0,1.0,267.68,38.94,234.0,4.0,0
0.0,0.0,-2.0,13.0,0.0,4.0,348.95500000000004,9.91,2496.0,1.0,0
0.0,0.0,-5.0,20.0,0.0,4.0,236.54,36.56,222.0,2.0,0
0.0,0.0,4.0,17.0,1.0,1.0,192.64,23.6,588.0,1.0,0
0.0,0.0,-15.0,9.0,0.0,6.0,211.89,12.89,500.0,1.0,0
0.0,0.0,-9.0,16.0,0.0,8.0,225.42,26.42,1291.0,3.0,0
0.0,0.0,-11.0,2.0,0.0,3.0,348.95500000000004,10.57,1032.0,3.0,0
0.0,0.0,-13.0,20.0,0.0,3.0,233.81,28.81,162.0,4.0,0
0.0,0.0,-17.0,12.0,0.0,2.0,245.85,38.94,2188.0,2.0,0
0.0,0.0,-12.0,6.0,0.0,3.0,348.95500000000004,10.54,877.0,4.0,1
0.0,0.0,-8.0,5.0,0.0,5.0,275.11,9.12,2025.0,2.0,0
0.0,0.0,-28.0,7.0,0.0,5.5,348.95500000000004,27.59,867.0,5.0,0
0.0,0.0,7.0,27.0,1.0,8.0,342.02,17.02,2644.0,6.0,1
0.0,0.0,-10.0,13.0,0.0,2.0,348.95500000000004,26.26,388.0,2.0,0
0.0,0.0,-23.0,12.0,0.0,9.0,348.95500000000004,29.04,1622.0,4.0,0
0.0,0.0,-9.0,9.0,0.0,1.0,348.95500000000004,38.94,2250.0,1.0,0
0.0,0.0,0.0,8.0,0.0,12.0,348.95500000000004,38.94,794.3333333333334,2.3333333333333335,1
0.0,0.0,16.0,38.0,1.0,5.0,348.95500000000004,31.28,1074.0,1.0,0
0.0,0.0,-13.0,12.0,0.0,3.0,239.23,19.33,264.0,1.0,0
0.0,0.0,-15.0,12.0,0.0,1.0,348.95500000000004,38.94,1067.0,1.0,0
0.0,0.0,-9.0,14.0,0.0,4.5,344.66999999999996,38.94,731.0,4.0,0
0.0,0.0,-24.0,13.0,0.0,8.0,224.12,35.12,232.0,1.0,0
0.0,0.0,-2.0,14.0,0.0,2.0,231.39,13.03,905.0,2.0,0
0.0,0.0,-6.0,6.0,0.0,4.0,290.84,18.83,2989.0,6.0,0
0.0,0.0,-15.0,14.0,0.0,4.0,327.25,37.35,696.0,1.0,0
0.0,0.0,16.0,48.0,1.0,4.0,272.54,38.94,487.0,1.0,1
0.0,0.0,-12.0,10.0,0.0,1.0,348.95500000000004,17.69,2881.0,1.0,0
0.0,0.0,-29.0,5.0,0.0,1.0,348.95500000000004,38.22,1268.0,2.0,0
0.0,0.0,-9.0,18.0,0.0,24.0,348.95500000000004,38.09,832.0,2.0,0
0.0,0.0,-16.0,17.0,0.0,7.5,249.61,19.71,804.0,2.0,0
0.0,0.0,-8.0,10.0,0.0,8.0,348.95500000000004,29.8,481.0,4.0,1
0.0,0.0,-7.0,15.0,0.0,1.0,242.74,22.84,480.0,2.0,0
0.0,0.0,-20.0,14.0,0.0,1.0,199.08,25.48,236.0,1.0,0
0.0,0.0,2.0,16.0,1.0,5.0,278.19,28.19,770.0,1.0,1
0.0,0.0,-4.0,15.0,0.0,1.0,275.2,29.22,606.0,2.0,0
0.0,0.0,-14.0,6.0,0.0,4.0,287.11,28.11,204.0,1.0,0
0.0,0.0,-12.0,19.0,0.0,1.0,348.95500000000004,38.94,1874.0,7.0,0
0.0,0.0,-7.0,15.0,0.0,1.0,348.95500000000004,18.35,867.0,3.0,0
0.0,0.0,-8.0,6.0,0.0,4.0,348.95500000000004,20.23,648.0,4.0,0
0.0,0.0,-8.0,8.0,0.0,5.0,348.95500000000004,38.94,162.0,1.0,0
0.0,0.0,-8.0,17.0,0.0,10.0,257.15,18.15,769.0,2.0,0
0.0,0.0,33.0,52.0,1.0,6.0,322.58,22.59,753.0,2.0,1
0.0,0.0,-5.0,24.0,0.0,1.0,335.98,16.98,1914.0,5.0,0
0.0,0.0,2.0,25.0,1.0,8.0,250.73,35.31,905.0,2.0,0
0.0,0.0,-29.0,8.0,0.0,3.0,348.95500000000004,38.94,165.0,1.0,0
0.0,0.0,-10.0,5.0,0.0,1.0,335.47,10.47,2644.0,6.0,0
0.0,0.0,-5.0,3.0,0.0,10.0,348.95500000000004,38.94,2347.0,2.0,0
0.0,0.0,27.0,54.0,1.0,4.0,191.58,21.68,231.0,2.0,1
0.0,0.0,-18.0,8.0,0.0,4.0,261.15999999999997,21.17,1001.0,1.0,0
0.0,0.0,-11.0,6.0,0.0,1.0,348.95500000000004,38.94,1139.0,3.0,0
0.0,0.0,-16.0,7.0,0.0,4.0,348.95500000000004,24.58,1371.0,4.0,0
0.0,0.0,2.0,31.0,1.0,4.0,204.84,34.85,586.0,3.0,1
0.0,0.0,-17.0,6.0,0.0,8.0,348.95500000000004,25.58,944.0,2.0,0
0.0,0.0,-14.0,8.0,0.0,2.0,348.95500000000004,29.03,1459.0,9.0,0
0.0,0.0,-17.0,4.0,0.0,2.0,205.09,32.2,477.5,1.0,1
0.0,0.0,-3.0,4.0,0.0,8.0,343.74,14.74,920.0,2.0,0
0.0,0.0,-8.0,18.0,0.0,8.0,289.76,20.76,582.0,1.0,0
0.0,0.0,-21.0,12.0,0.0,10.0,348.95500000000004,38.94,729.0,4.0,0
0.0,0.0,-28.0,11.0,0.0,10.0,348.95500000000004,38.94,324.0,1.0,0
0.0,0.0,-12.0,7.0,0.0,1.0,348.95500000000004,38.94,929.0,1.0,0
0.0,0.0,-3.0,12.0,0.0,10.0,303.54,9.64,2013.0,4.0,0
0.0,0.0,-22.0,10.0,0.0,10.0,348.95500000000004,18.35,2308.0,4.0,0
0.0,0.0,-14.0,15.0,0.0,4.0,348.95500000000004,18.14,850.0,1.0,0
0.0,0.0,-22.0,19.0,0.0,1.0,348.95500000000004,38.94,1205.0,1.0,0
0.0,0.0,-33.0,11.0,0.0,3.0,348.95500000000004,22.0,1374.5,3.0,0
0.0,0.0,-20.0,4.0,0.0,1.0,231.34,38.94,1224.5,1.0,0
0.0,0.0,-8.0,7.0,0.0,10.0,329.86,30.86,1479.0,3.0,0
0.0,0.0,-15.0,11.0,0.0,3.0,195.01,16.01,441.0,1.0,0
0.0,0.0,-12.0,6.0,0.0,1.0,240.6,14.7,967.0,3.0,0
0.0,0.0,1.0,30.0,1.0,10.0,348.95500000000004,38.94,374.0,3.0,0
0.0,0.0,-24.0,5.0,0.0,4.0,224.71,38.94,2188.0,2.0,0
0.0,0.0,-8.0,25.0,0.0,1.0,271.02,38.94,115.0,1.0,0
0.0,0.0,-22.0,9.0,0.0,4.0,216.68,38.94,830.0,4.0,0
0.0,0.0,-14.0,9.0,0.0,6.0,228.66,28.86,573.0,1.0,0
0.0,0.0,-17.0,8.0,0.0,5.0,283.2,38.94,756.0,1.0,0
0.0,0.0,-21.0,6.0,0.0,10.0,348.95500000000004,38.94,603.0,1.0,0
0.0,0.0,-10.0,11.0,0.0,1.0,259.38,29.58,323.5,1.5,0
0.0,0.0,-6.0,12.0,0.0,1.0,348.95500000000004,22.6,1658.0,5.0,0
0.0,0.0,0.0,15.0,0.0,10.0,348.95500000000004,38.94,864.0,1.0,0
0.0,0.0,-21.0,9.0,0.0,4.0,348.95500000000004,18.82,546.0,1.0,0
0.0,0.0,-11.0,15.0,0.0,8.0,221.19,22.19,864.0,7.0,1
0.0,0.0,-29.0,8.0,0.0,3.0,348.95500000000004,38.94,1946.0,4.0,0
0.0,0.0,-19.0,19.0,0.0,2.0,348.95500000000004,38.94,2230.0,1.0,0
0.0,0.0,-27.0,6.0,0.0,10.0,259.15,38.94,382.5,1.0,1
0.0,0.0,-11.0,9.0,0.0,8.0,348.95500000000004,24.24,2644.0,6.0,0
0.0,0.0,14.0,42.0,1.0,10.0,348.95500000000004,38.94,1447.0,5.0,1
0.0,0.0,-26.0,9.0,0.0,2.0,277.99,20.99,497.0,3.0,0
0.0,0.0,-22.0,8.0,0.0,10.0,348.95500000000004,18.14,604.0,4.0,0
0.0,0.0,3.0,23.0,1.0,1.0,348.95500000000004,38.94,1533.0,1.0,1
0.0,0.0,-10.0,52.0,0.0,4.0,348.95500000000004,17.55,1340.0,2.0,0
0.0,0.0,-25.0,16.0,0.0,5.0,348.95500000000004,27.67,1344.0,1.0,0
0.0,0.0,-15.0,10.0,0.0,1.0,315.57,16.57,219.0,1.0,0
0.0,0.0,-7.0,16.0,0.0,5.0,195.0,20.1,828.0,4.0,0
0.0,0.0,-8.0,13.0,0.0,1.0,297.15,38.94,113.0,10.0,0
0.0,0.0,-6.0,27.0,0.0,7.0,348.95500000000004,38.94,886.0,4.0,0
0.0,0.0,-7.0,6.0,0.0,10.0,333.86,16.72,1101.0,1.0,1
0.0,0.0,-22.0,5.0,0.0,4.0,216.09,29.3,375.0,1.0,0
0.0,0.0,-35.0,12.0,0.0,1.0,232.54,22.55,516.0,1.0,0
0.0,0.0,10.0,44.0,1.0,2.0,348.95500000000004,38.94,934.0,1.0,1
0.0,0.0,-16.0,3.0,0.0,10.0,348.95500000000004,38.94,359.0,1.0,0
0.0,0.0,-12.0,14.0,0.0,8.0,348.95500000000004,25.54,1969.0,1.0,0
0.0,0.0,-15.0,27.0,0.0,10.0,348.95500000000004,38.94,143.0,2.0,0
0.0,0.0,-21.0,10.0,0.0,10.0,224.19,24.2,417.0,5.0,0
0.0,0.0,-5.0,14.0,0.0,1.0,308.43,38.94,674.0,1.0,0
0.0,0.0,-12.0,2.0,0.0,10.0,300.83,10.84,501.0,2.0,0
0.0,0.0,-13.0,8.0,0.0,10.0,348.95500000000004,22.99,999.0,2.0,0
0.0,0.0,-14.0,8.0,0.0,1.0,218.66,18.86,393.0,2.0,0
0.0,0.0,-11.0,23.0,0.0,5.0,348.95500000000004,38.94,3530.0,5.0,0
0.0,0.0,-16.0,12.0,0.0,4.0,264.6,38.94,1377.0,2.0,0
0.0,0.0,-17.0,16.0,0.0,1.0,230.34,20.44,347.0,1.0,0
0.0,0.0,-7.0,5.0,0.0,3.0,322.38,22.68,606.0,2.0,0
0.0,0.0,-9.0,24.0,0.0,1.0,348.95500000000004,24.53,1611.0,1.0,0
0.0,0.0,-14.0,12.0,0.0,8.0,348.95500000000004,27.44,1142.0,2.0,0
0.0,0.0,-18.0,5.0,0.0,10.0,348.95500000000004,20.57,629.0,1.0,0
0.0,0.0,-15.0,11.0,0.0,8.0,297.71,22.72,2374.0,3.0,0
0.0,0.0,-14.0,6.0,0.0,6.0,294.71,38.94,273.5,1.0,1
0.0,0.0,-15.0,11.0,0.0,1.0,348.95500000000004,38.94,362.0,2.0,0
0.0,0.0,-22.0,12.0,0.0,8.0,348.95500000000004,25.53,1611.0,1.0,0
0.0,0.0,-34.0,20.0,0.0,1.0,348.95500000000004,30.95,2010.0,5.0,0
0.0,0.0,-8.0,4.0,0.0,1.0,348.95500000000004,15.85,653.0,2.0,0
0.0,0.0,-23.0,10.0,0.0,10.0,348.95500000000004,38.94,391.0,1.0,0
0.0,0.0,-12.0,14.0,0.0,1.0,298.39,18.4,1512.0,2.0,0
0.0,0.0,-4.0,11.0,0.0,1.0,348.95500000000004,26.75,2396.0,7.0,0
0.0,0.0,-10.0,15.0,0.0,10.0,246.97,36.98,1156.0,2.0,0
0.0,0.0,-18.0,9.0,0.0,1.0,280.65,38.94,956.0,4.0,0
0.0,0.0,-12.0,8.0,0.0,6.0,194.5,15.01,1658.0,2.0,0
0.0,0.0,-22.0,17.0,0.0,10.0,348.95500000000004,38.94,837.0,1.0,1
0.0,0.0,-12.0,11.0,0.0,6.0,279.05,38.94,1559.3333333333333,1.0,0
0.0,0.0,6.0,29.0,1.0,6.0,348.95500000000004,38.94,847.0,6.0,1
0.0,0.0,-14.0,12.0,0.0,1.0,348.95500000000004,17.87,2104.0,1.0,0
0.0,0.0,-21.0,14.0,0.0,1.0,321.92,38.94,1199.0,2.0,0
0.0,0.0,-13.0,17.0,0.0,10.0,348.95500000000004,38.94,1061.0,2.0,1
0.0,0.0,-14.0,4.0,0.0,1.0,209.20000000000002,10.21,3734.0,5.0,0
0.0,0.0,-6.0,6.0,0.0,5.0,327.17,17.27,2464.0,1.0,0
0.0,0.0,7.0,17.0,1.0,2.0,348.95500000000004,38.94,268.0,2.0,1
0.0,0.0,2.0,23.0,1.0,8.0,348.95500000000004,32.18,1116.0,1.0,1
0.0,0.0,-19.0,4.0,0.0,10.0,348.95500000000004,33.45,268.0,1.0,0
0.0,0.0,0.0,20.0,0.0,8.0,348.95500000000004,25.24,1198.0,2.0,0
0.0,0.0,104.0,130.0,1.0,8.0,348.95500000000004,18.37,595.0,1.0,0
0.0,0.0,-13.0,12.0,0.0,2.0,312.64,24.94,3752.0,2.0,0
0.0,0.0,-6.0,12.0,0.0,1.0,348.95500000000004,32.11,972.0,1.0,0
0.0,0.0,-5.0,3.0,0.0,10.0,348.95500000000004,38.94,634.0,5.0,0
0.0,0.0,-21.0,15.0,0.0,8.0,322.58,22.59,399.0,1.0,0
0.0,0.0,-16.0,6.0,0.0,1.0,348.95500000000004,30.42,1479.0,3.0,0
0.0,0.0,-5.0,9.0,0.0,3.0,340.49,10.5,1222.0,2.0,0
0.0,0.0,-12.0,2.0,0.0,2.0,300.11,15.11,1445.0,1.0,0
0.0,0.0,-21.0,9.0,0.0,2.0,348.95500000000004,25.46,375.0,2.0,0
0.0,0.0,-9.0,12.0,0.0,10.0,348.95500000000004,24.69,939.0,2.0,0
0.0,0.0,-6.0,12.0,0.0,4.0,348.95500000000004,20.71,249.0,3.0,0
0.0,0.0,-22.0,6.0,0.0,3.5,257.78999999999996,17.44,2518.0,2.0,0
0.0,0.0,-13.0,5.0,0.0,2.0,347.58,38.94,226.0,6.0,0
0.0,0.0,-19.0,12.0,0.0,3.0,188.48,18.58,708.0,1.0,0
0.0,0.0,-17.0,15.0,0.0,1.0,324.87,24.97,355.0,1.0,0
0.0,0.0,-7.0,7.0,0.0,4.0,248.36,19.32,603.0,1.0,0
0.0,0.0,-23.0,13.0,0.0,7.0,348.95500000000004,17.17,499.0,3.0,0
0.0,0.0,-16.0,19.0,0.0,2.0,348.95500000000004,37.28,1289.0,1.0,0
0.0,0.0,-21.0,5.0,0.0,5.0,348.95500000000004,16.85,625.0,1.0,0
0.0,0.0,-15.0,5.0,0.0,8.0,348.02,38.94,694.0,1.0,0
0.0,0.0,-21.0,11.0,0.0,8.0,348.95500000000004,38.88,727.0,6.0,0
0.0,0.0,-15.0,14.0,0.0,10.0,348.95500000000004,38.94,562.0,5.0,0
0.0,0.0,-16.0,7.0,0.0,6.0,348.95500000000004,16.83,980.0,1.0,0
0.0,0.0,-8.0,10.0,0.0,1.0,348.95500000000004,27.42,995.0,4.0,0
0.0,0.0,-22.0,2.0,0.0,3.0,348.95500000000004,17.12,501.0,4.0,0
0.0,0.0,-7.0,6.0,0.0,1.0,213.74,23.74,250.0,1.0,0
0.0,0.0,-17.0,10.0,0.0,10.0,348.95500000000004,38.94,760.0,3.0,0
0.0,0.0,-14.0,10.0,0.0,6.0,348.95500000000004,17.52,1267.0,1.0,0
0.0,0.0,5.0,29.0,1.0,1.0,348.95500000000004,18.2,738.0,1.0,1
0.0,0.0,-5.0,13.0,0.0,10.0,348.95500000000004,12.02,1165.0,1.0,0
0.0,0.0,-12.0,11.0,0.0,6.0,348.95500000000004,38.94,1101.0,3.0,0
0.0,0.0,-9.0,3.0,0.0,7.0,348.95500000000004,11.19,150.0,1.0,0
0.0,0.0,7.0,24.0,1.0,1.0,253.38,13.48,1110.0,6.0,1
0.0,0.0,-14.0,10.0,0.0,4.0,332.73,13.73,1914.0,5.0,0
0.0,0.0,-26.0,10.0,0.0,1.0,327.01,17.02,2582.0,3.0,0
0.0,0.0,-14.0,8.0,0.0,3.0,247.85,17.86,970.0,1.0,0
0.0,0.0,-7.0,11.0,0.0,4.0,243.95,14.05,2497.0,1.0,0
0.0,0.0,-5.0,19.0,0.0,1.0,216.4,27.4,2812.0,2.0,0
0.0,0.0,-26.0,9.0,0.0,10.0,348.95500000000004,38.94,150.0,1.0,0
0.0,0.0,-3.0,22.0,0.0,3.0,260.19,38.94,1156.0,1.0,0
0.0,0.0,6.0,22.0,1.0,1.0,234.61,37.71,970.0,1.0,1
0.0,0.5,-7.0,25.0,0.0,4.5,405.64500000000004,55.73,441.0,1.0,0
0.0,0.0,-18.0,14.0,0.0,10.0,348.95500000000004,38.94,718.0,1.0,0
0.0,0.0,0.0,22.0,0.0,1.5,236.74,19.4,991.0,1.0,0
0.0,0.0,-9.0,4.0,0.0,5.0,310.9,10.91,952.0,1.0,1
0.0,0.0,-15.0,7.0,0.0,5.0,314.41,27.51,1064.0,3.0,0
0.0,0.0,14.0,41.0,1.0,8.0,348.95500000000004,26.86,371.0,2.0,1
0.0,0.0,-24.0,9.0,0.0,1.0,258.06,38.94,1170.0,1.0,0
0.0,0.0,-9.0,18.0,0.0,4.0,348.95500000000004,38.94,1277.0,1.0,0
0.0,0.0,-17.0,9.0,0.0,1.0,348.95500000000004,38.94,1343.0,10.0,0
0.0,0.0,-13.0,24.0,0.0,10.0,348.95500000000004,26.26,452.0,1.0,1
0.0,0.0,-3.0,35.0,0.0,2.0,348.95500000000004,29.76,1686.0,1.0,0
0.0,0.0,-9.0,5.0,0.0,6.0,348.95500000000004,15.46,440.0,2.0,1
0.0,0.0,-19.0,3.0,0.0,10.0,348.95500000000004,38.94,1706.0,1.0,0
0.0,0.0,6.0,38.0,1.0,10.0,348.95500000000004,38.94,740.0,1.0,1
0.0,0.0,-8.0,21.0,0.0,1.0,348.95500000000004,38.94,341.25,2.0,0
0.0,0.0,-16.0,18.0,0.0,3.0,317.31,37.32,474.0,1.0,0
0.0,0.0,-9.0,22.0,0.0,7.0,348.95500000000004,16.1,563.0,1.0,0
0.0,0.0,-8.0,15.0,0.0,10.0,348.95500000000004,38.94,250.0,1.0,0
0.0,0.0,-15.0,12.0,0.0,6.0,229.78,35.88,405.0,1.0,0
0.0,0.0,-42.0,7.0,0.0,10.0,348.95500000000004,13.61,210.0,1.0,0
0.0,0.0,-29.0,13.0,0.0,10.0,348.95500000000004,38.94,1351.0,2.0,0
0.0,0.0,-19.0,15.0,0.0,3.0,323.74,38.94,149.0,3.0,0
0.0,0.0,-7.0,17.0,0.0,4.0,348.95500000000004,38.94,1296.0,1.0,0
0.0,0.0,-13.0,3.0,0.0,1.0,214.63,8.63,2128.0,5.0,0
0.0,0.0,-8.0,17.0,0.0,10.0,348.95500000000004,38.94,1277.0,1.0,0
0.0,0.0,-15.0,6.0,0.0,3.0,266.51,38.51,311.0,2.0,0
0.0,0.0,-4.0,33.0,0.0,6.0,348.95500000000004,24.83,666.0,2.0,1
0.0,0.0,-7.0,13.0,0.0,8.0,348.95500000000004,17.45,660.0,2.0,0
0.0,0.0,-7.0,9.0,0.0,1.0,288.51,38.94,629.0,1.0,0
0.0,0.0,7.0,29.0,1.0,10.0,194.8,38.94,578.0,1.0,0
0.0,0.0,-23.0,26.0,0.0,2.0,204.88,31.88,808.0,5.0,0
0.0,0.0,-26.0,12.0,0.0,1.0,266.62,28.62,330.0,1.0,0
0.0,0.0,-15.0,7.0,0.0,8.0,224.08,35.08,465.0,3.0,0
0.0,0.0,-11.0,8.0,0.0,5.0,275.71,15.72,606.0,2.0,0
0.0,0.0,-14.0,13.0,0.0,3.0,348.95500000000004,21.75,329.0,3.0,0
0.0,0.0,-13.0,11.0,0.0,5.0,348.95500000000004,25.45,585.0,1.0,0
0.0,0.0,-7.0,16.0,0.0,4.0,226.9,17.9,154.0,3.0,0
0.0,0.0,-30.0,9.0,0.0,5.0,266.62,16.63,961.0,1.0,0
0.0,0.0,-20.0,8.0,0.0,8.0,342.02,17.02,2644.0,6.0,0
0.0,0.0,-5.0,17.0,0.0,1.0,348.95500000000004,38.94,444.0,4.0,0
0.0,0.0,-14.0,7.0,0.0,5.0,216.87,17.87,695.0,2.0,0
0.0,0.0,-7.0,2.0,0.0,1.0,245.9,32.1,1011.0,3.0,0
0.0,0.0,-15.0,13.0,0.0,4.0,348.95500000000004,38.94,1211.0,5.0,1
0.0,0.0,-12.0,7.0,0.0,8.0,293.98,9.18,449.0,2.0,0
0.0,0.0,-11.0,11.0,0.0,8.0,244.45,19.45,619.0,1.0,0
0.0,0.0,-20.0,19.0,0.0,6.5,237.59,22.59,708.0,2.0,0
0.0,0.0,-8.0,7.0,0.0,5.0,348.95500000000004,38.94,3913.0,2.0,0
0.0,0.0,2.0,30.0,1.0,1.0,348.95500000000004,38.94,2206.0,1.0,0
0.0,0.0,-12.0,18.0,0.0,10.0,195.0,17.01,916.0,2.0,0
0.0,0.0,-9.0,12.0,0.0,1.0,320.28,38.94,1828.0,1.0,0
0.0,0.0,-1.0,23.0,0.0,8.0,348.95500000000004,38.94,632.0,2.0,0
0.0,0.0,-8.0,18.0,0.0,3.0,235.28,16.28,553.0,1.0,0
0.0,0.0,-10.0,5.0,0.0,5.0,208.55,8.65,780.0,2.0,0
0.0,0.0,-14.0,4.0,0.0,1.0,250.48,10.49,1199.0,3.0,0
0.0,0.0,-17.0,9.0,0.0,3.0,221.89,21.89,1358.0,7.0,0
0.0,0.0,-13.0,14.0,0.0,5.0,348.95500000000004,21.54,3853.0,2.0,0
0.0,0.0,-17.0,6.0,0.0,8.0,341.02,16.02,2644.0,6.0,0
0.0,0.0,-13.0,15.0,0.0,1.0,348.95500000000004,38.94,520.0,6.0,0
0.0,0.0,-6.0,18.0,0.0,6.0,348.95500000000004,32.85,3632.0,4.0,0
0.0,0.0,-5.0,23.0,0.0,6.0,227.76,38.94,202.0,8.0,0
0.0,0.0,-12.0,8.0,0.0,6.0,339.03,20.03,1011.0,5.0,0
0.0,0.0,-20.0,14.0,0.0,3.0,348.95500000000004,38.94,2894.0,1.0,0
0.0,0.0,-13.0,5.0,0.0,5.0,348.95500000000004,13.48,175.0,1.0,0
0.0,0.0,-9.0,14.0,0.0,1.0,251.09,21.1,1001.0,1.0,0
0.0,0.0,-10.0,6.0,0.0,6.0,212.83,13.83,447.0,2.0,0
0.0,0.0,-22.0,19.0,0.0,8.0,338.02,38.94,1592.0,1.0,0
0.0,0.0,-24.0,12.0,0.0,3.0,209.94,38.94,159.66666666666666,4.666666666666667,0
0.0,0.0,-11.0,17.0,0.0,1.0,348.95500000000004,38.94,1247.0,6.0,0
0.0,0.0,67.0,87.0,1.0,3.0,203.67,12.84,1116.0,1.0,0
0.0,0.0,-16.0,8.0,0.0,10.0,348.95500000000004,32.37,3437.0,6.0,0
0.0,0.0,-35.0,10.0,0.0,2.0,348.95500000000004,21.95,1654.0,3.0,0
0.0,0.0,-16.0,7.0,0.0,6.0,282.31,22.31,1351.0,7.0,0
0.0,0.0,-17.0,4.0,0.0,5.0,220.5,71.1,113.0,1.0,1
0.0,0.0,-16.0,5.0,0.0,3.0,297.49,17.59,791.0,4.0,0
0.0,0.0,-20.0,10.0,0.0,8.0,348.95500000000004,38.94,573.0,4.0,1
0.0,0.0,-10.0,4.0,0.0,1.0,272.22,38.94,583.0,1.0,0
0.0,0.0,-29.0,6.0,0.0,1.0,348.95500000000004,18.09,981.0,4.0,0
0.0,0.0,-13.0,8.0,0.0,1.0,294.14,38.94,482.0,2.0,0
0.0,0.0,-10.0,18.0,0.0,6.0,348.95500000000004,38.94,1933.0,2.0,1
0.0,0.0,-17.0,2.0,0.0,1.0,230.25,10.35,481.0,4.0,0
0.0,0.0,-11.0,9.0,0.0,3.0,292.39,14.39,501.0,4.0,0
0.0,0.0,-9.0,7.0,0.0,3.0,292.39,14.39,501.0,4.0,0
0.0,0.0,-14.0,5.0,0.0,24.0,348.95500000000004,38.94,607.5,2.0,1
0.0,0.0,-5.0,17.0,0.0,1.0,348.95500000000004,37.86,1892.0,4.0,0
0.0,0.0,-20.0,9.0,0.0,3.0,348.95500000000004,38.94,249.0,1.0,0
0.0,0.0,-7.0,22.0,0.0,1.0,206.76,17.76,1167.0,2.0,0
0.0,0.0,-16.0,10.0,0.0,6.0,348.95500000000004,24.67,1134.0,2.0,0
0.0,0.0,-20.0,2.0,0.0,3.0,286.02,38.94,605.0,3.0,0
0.0,0.0,-19.0,6.0,0.0,6.0,297.84,19.84,1698.0,1.0,1
0.0,0.0,-7.0,17.0,0.0,1.0,348.95500000000004,24.65,383.0,1.0,0
0.0,0.0,-5.0,4.0,0.0,1.0,260.5,10.5,1085.0,1.0,1
0.0,0.0,-13.0,19.0,0.0,10.0,348.95500000000004,17.33,476.0,2.0,0
0.0,0.0,-12.0,6.0,0.0,2.0,348.95500000000004,22.35,287.0,3.0,0
0.0,0.0,-4.0,26.0,0.0,8.0,348.95500000000004,38.94,572.0,2.0,0
0.0,0.0,-20.0,18.0,0.0,5.0,301.35,21.45,1059.0,2.0,1
0.0,0.0,-4.0,24.0,0.0,1.0,348.95500000000004,17.26,337.0,1.0,0
0.0,0.0,-22.0,12.0,0.0,10.0,348.95500000000004,38.94,1232.0,2.0,1
0.0,0.0,-4.0,27.0,0.0,1.0,348.95500000000004,18.55,1338.0,2.0,0
0.0,0.0,-12.0,2.0,0.0,2.0,348.95500000000004,11.46,1056.0,1.0,0
0.0,0.0,-27.0,12.0,0.0,10.0,348.95500000000004,38.94,723.0,1.0,0
0.0,0.0,-9.0,14.0,0.0,10.0,348.95500000000004,17.41,980.0,1.0,0
0.0,0.0,0.0,20.0,0.0,1.0,226.79,38.94,637.0,1.0,0
0.0,0.0,-8.0,18.0,0.0,5.0,322.17,23.17,1465.0,5.0,0
0.0,0.0,-17.0,12.0,0.0,10.0,253.1,38.94,126.0,4.0,0
0.0,0.0,5.0,26.0,1.0,4.0,215.07,27.39,444.0,1.0,1
0.0,0.0,5.0,21.0,1.0,1.0,242.68,15.68,1971.0,3.0,1
0.0,0.0,-13.0,7.0,0.0,4.0,243.04,18.05,576.0,1.0,0
0.0,0.0,-8.0,13.0,0.0,1.0,216.16,26.17,157.0,9.0,0
0.0,0.0,-14.0,13.0,0.0,1.0,348.95500000000004,16.52,146.0,1.0,0
0.0,0.0,-22.0,8.0,0.0,4.0,203.42,38.94,1181.0,2.0,1
0.0,0.0,-15.0,18.0,0.0,10.0,348.95500000000004,27.13,625.0,1.0,0
0.0,0.0,-11.0,16.0,0.0,8.0,348.95500000000004,29.43,574.0,1.0,0
0.0,0.0,-20.0,2.0,0.0,3.0,271.54,15.54,1153.0,1.0,0
0.0,0.0,-7.0,10.0,0.0,10.0,348.95500000000004,18.91,2709.0,5.0,0
0.0,0.0,-9.0,14.0,0.0,8.0,348.95500000000004,23.08,1335.0,1.0,0
0.0,0.0,-9.0,20.0,0.0,2.0,348.95500000000004,19.21,1267.0,1.0,0
0.0,0.0,-27.0,14.0,0.0,8.0,348.95500000000004,23.21,872.0,2.0,1
0.0,0.0,-14.0,13.0,0.0,5.0,268.83,19.03,514.0,2.0,0
0.0,0.0,-16.0,2.0,0.0,1.0,348.95500000000004,22.77,1549.0,2.0,0
0.0,0.0,-12.0,7.0,0.0,6.0,348.95500000000004,38.94,1094.0,1.0,0
0.0,0.0,-32.0,7.0,0.0,1.0,215.07,26.07,1981.0,3.0,0
0.0,0.0,-43.0,20.0,0.0,1.0,348.95500000000004,38.94,2569.0,2.0,0
0.0,0.0,-6.0,7.0,0.0,1.0,348.95500000000004,9.7,501.0,4.0,0
0.0,0.0,-16.0,13.0,0.0,1.0,348.95500000000004,38.94,866.0,1.0,0
0.0,0.0,-15.0,13.0,0.0,1.0,220.88,21.88,514.0,2.0,0
0.0,0.0,-8.0,10.0,0.0,3.0,239.5,38.94,252.0,1.0,0
0.0,0.0,-22.0,6.0,0.0,2.0,189.37,38.94,1893.0,1.0,0
0.0,0.0,-14.0,12.0,0.0,6.0,195.91,16.01,1271.0,1.0,0
0.0,0.0,2.0,25.0,1.0,1.0,348.95500000000004,24.66,3893.0,1.0,0
0.0,0.0,-9.0,9.0,0.0,8.0,348.95500000000004,15.94,623.0,1.0,0
0.0,0.0,-13.0,10.0,0.0,3.0,206.87,31.97,830.0,4.0,0
0.0,0.0,-23.0,5.0,0.0,3.0,223.0,38.94,484.5,1.5,0
0.0,0.0,-8.0,13.0,0.0,6.0,322.17,23.17,2043.0,5.0,0
0.0,0.0,2.0,23.0,1.0,1.0,215.14,16.14,640.0,1.0,0
0.0,0.0,-9.0,14.0,0.0,1.0,348.95500000000004,19.54,404.0,3.0,0
0.0,0.0,-26.0,13.0,0.0,1.0,348.95500000000004,38.94,1238.0,3.0,1
0.0,0.0,-20.0,8.0,0.0,8.0,323.68,38.94,526.0,2.0,0
0.0,0.0,-11.0,12.0,0.0,10.0,320.58,21.58,753.0,2.0,0
0.0,0.0,-8.0,21.0,0.0,4.0,201.84,31.94,830.0,4.0,1
0.0,0.0,-1.0,16.0,0.0,4.0,313.6,24.6,895.0,1.0,0
0.0,0.0,-7.0,9.0,0.0,1.0,314.53,14.54,476.0,2.0,0
0.0,0.0,-19.0,7.0,0.0,2.0,244.34,24.34,1348.0,2.0,0
0.0,0.0,-15.0,5.0,0.0,1.0,211.83,10.23,537.0,2.0,0
0.0,0.0,-11.0,9.0,0.0,4.0,241.93,31.94,516.0,1.0,0
0.0,0.0,-3.0,11.0,0.0,8.0,233.87,14.87,755.0,4.0,0
0.0,0.0,1.0,8.0,1.0,10.0,348.95500000000004,13.42,2587.0,4.0,0
0.0,0.0,-3.0,16.0,0.0,3.0,339.63,28.73,431.0,1.0,0
0.0,0.0,2.0,29.0,1.0,1.0,348.95500000000004,38.94,1398.0,1.0,0
0.0,0.0,-14.0,6.0,0.0,2.0,208.03,18.04,157.0,9.0,0
0.0,0.0,-13.0,14.0,0.0,4.0,348.95500000000004,17.26,337.0,1.0,0
0.0,0.0,-18.0,17.0,0.0,8.0,212.56,38.94,1130.0,1.0,1
0.0,0.0,-4.0,11.0,0.0,1.0,258.56,28.56,888.0,1.0,0
0.0,0.0,-2.0,22.0,0.0,10.0,348.95500000000004,28.33,700.0,2.0,0
0.0,0.0,-18.0,6.0,0.0,10.0,295.7,16.7,2025.0,2.0,1
0.0,0.0,-12.0,8.0,0.0,2.0,348.95500000000004,28.2,866.0,1.0,0
0.0,0.0,-10.0,5.0,0.0,4.0,279.04,9.14,619.0,1.0,0
0.0,0.0,-16.0,5.0,0.0,1.0,348.95500000000004,24.45,630.0,2.0,0
0.0,0.0,-14.0,10.0,0.0,2.0,219.77,38.94,918.0,1.0,0
0.0,0.0,-6.0,18.0,0.0,5.0,348.95500000000004,29.04,814.0,2.0,0
0.0,0.0,-7.0,11.0,0.0,10.0,288.82,38.94,408.0,1.0,0
0.0,0.0,-7.0,12.0,0.0,1.0,247.7,31.72,947.0,1.0,0
0.0,0.0,-22.0,10.0,0.0,1.0,348.95500000000004,38.94,2644.0,6.0,0
0.0,0.0,-30.0,3.0,0.0,1.0,348.95500000000004,19.75,741.0,2.0,0
0.0,0.0,-12.0,5.0,0.0,6.0,348.95500000000004,38.94,408.25,1.5,1
0.0,0.0,-7.0,14.0,0.0,1.0,249.94,35.04,773.0,2.0,0
0.0,0.0,-1.0,14.0,0.0,1.0,348.95500000000004,29.42,671.0,2.0,1
0.0,0.0,-17.0,11.0,0.0,1.0,217.0,38.0,2188.0,2.0,0
0.0,0.0,-11.0,8.0,0.0,10.0,348.95500000000004,16.88,387.0,3.0,0
0.0,0.0,-7.0,15.0,0.0,4.0,348.95500000000004,38.94,690.0,1.0,0
0.0,0.0,-8.0,13.0,0.0,4.0,219.54,38.94,259.0,1.0,0
0.0,0.0,-14.0,17.0,0.0,5.0,210.81,21.81,728.0,7.0,0
0.0,0.0,-14.0,4.0,0.0,1.0,195.11,10.11,338.0,1.0,0
0.0,0.0,-22.0,14.0,0.0,8.0,233.95,24.05,325.0,1.0,0
0.0,0.0,-22.0,11.0,0.0,1.0,263.18,14.18,528.0,2.0,0
0.0,0.0,-10.0,26.0,0.0,4.0,271.38,37.4,1296.0,1.0,0
0.0,0.0,-14.0,7.0,0.0,10.0,244.6,35.699999999999996,207.5,2.5,1
0.0,0.0,-17.0,16.0,0.0,4.0,230.75,38.94,530.0,1.0,0
0.0,0.0,-8.0,16.0,0.0,1.0,348.95500000000004,38.94,1345.0,6.0,0
0.0,0.0,-19.0,5.0,0.0,8.0,348.95500000000004,16.29,623.0,1.0,0
0.0,0.0,-9.0,21.0,0.0,7.5,348.95500000000004,38.94,83.0,1.0,0
0.0,0.0,-16.0,16.0,0.0,3.0,230.75,38.94,530.0,1.0,1
0.0,0.0,-6.0,26.0,0.0,10.0,344.7,14.7,2644.0,6.0,0
0.0,0.0,-7.0,28.0,0.0,1.0,209.4,38.94,503.0,1.0,1
0.0,0.0,-20.0,21.0,0.0,8.0,288.38,26.38,528.0,4.0,1
0.0,0.0,-18.0,5.0,0.0,8.0,313.53,14.53,277.0,1.0,1
0.0,0.0,-13.0,5.0,0.0,1.0,314.21,15.21,2667.0,5.0,0
0.0,0.0,-16.0,6.0,0.0,1.0,348.95500000000004,20.32,948.0,2.0,0
0.0,0.0,-13.0,8.0,0.0,3.0,347.84,38.94,3184.0,1.0,0
0.0,0.0,-27.0,7.0,0.0,2.0,207.57,18.57,772.0,1.0,0
0.0,0.0,-6.0,23.0,0.0,1.0,205.07,16.07,1350.0,4.0,1
0.0,0.0,-21.0,10.0,0.0,1.0,220.88,21.88,514.0,2.0,0
0.0,0.0,-9.0,22.0,0.0,4.0,332.38,28.39,335.0,1.0,0
0.0,0.0,-18.0,7.0,0.0,10.0,266.89,20.27,1246.0,1.0,0
0.0,0.0,-7.0,21.0,0.0,1.0,348.95500000000004,26.94,2685.0,2.0,0
0.0,0.0,-11.0,5.0,0.0,5.0,265.84,16.84,1233.0,4.0,1
0.0,0.0,-12.0,3.0,0.0,1.0,233.31,23.34,595.0,2.0,1
0.0,0.0,-28.0,9.0,0.0,1.0,348.95500000000004,18.0,1199.0,10.0,1
0.0,0.0,-21.0,5.0,0.0,4.0,348.95500000000004,17.39,461.0,5.0,0
0.0,0.0,-12.0,20.0,0.0,10.0,271.43,16.53,883.0,4.0,0
0.0,0.0,-26.0,1.0,0.0,1.0,348.95500000000004,38.94,462.0,3.0,0
0.0,0.0,-13.0,4.0,0.0,6.0,267.99,12.99,1313.0,1.0,1
0.0,0.0,-18.0,14.0,0.0,4.5,185.07,27.42,1351.0,4.0,0
0.0,0.0,-22.0,6.0,0.0,6.0,348.95500000000004,18.25,1562.0,3.0,0
0.0,0.0,-14.0,8.0,0.0,1.0,348.95500000000004,17.44,175.0,1.0,0
0.0,0.0,-24.0,9.0,0.0,9.0,348.95500000000004,20.98,1449.0,2.0,0
0.0,0.0,-7.0,13.0,0.0,1.0,348.95500000000004,37.03,456.0,1.0,0
0.0,0.0,7.0,26.0,1.0,10.0,348.95500000000004,21.35,629.0,1.0,1
0.0,0.0,-12.0,16.0,0.0,1.0,228.87,38.88,1285.0,3.0,0
0.0,0.0,-21.0,5.0,0.0,10.0,225.22,16.22,151.0,2.0,1
0.0,0.0,-20.0,13.0,0.0,3.0,348.95500000000004,38.94,992.0,1.0,0
0.0,0.0,-5.0,20.0,0.0,4.0,208.78,38.94,1396.0,2.0,0
0.0,0.0,7.0,37.0,1.0,1.0,348.95500000000004,38.94,1364.0,7.0,0
0.0,0.0,-29.0,14.0,0.0,2.0,227.44,38.94,779.0,3.0,0
0.0,0.0,0.0,22.0,0.0,1.0,332.07,38.94,92.0,2.0,0
0.0,0.0,2.0,10.0,1.0,4.0,348.95500000000004,38.94,1793.0,1.0,0
0.0,0.0,6.0,15.0,1.0,1.0,348.95500000000004,18.98,622.0,2.0,0
0.0,0.0,-14.0,8.0,0.0,10.0,348.95500000000004,24.67,710.0,4.0,0
0.0,0.0,-1.0,9.0,0.0,5.0,313.65,33.75,2065.0,1.0,0
0.0,0.0,-14.0,11.0,0.0,3.0,348.95500000000004,23.08,519.0,2.0,0
0.0,0.0,-18.0,3.0,0.0,7.0,348.95500000000004,38.94,264.0,1.0,1
0.0,0.0,-17.0,3.0,0.0,1.0,212.49,12.6,279.0,1.0,0
0.0,0.0,-17.0,20.0,0.0,5.0,270.64,18.21,499.0,3.0,0
0.0,0.0,-2.0,25.0,0.0,1.0,273.22,38.94,428.0,2.0,0
0.0,0.0,-6.0,6.0,0.0,10.0,303.68,14.68,628.0,1.0,0
0.0,0.0,-12.0,13.0,0.0,1.0,182.69,12.69,631.0,2.0,0
0.0,0.0,-13.0,5.0,0.0,9.0,301.38,38.94,431.0,1.0,0
0.0,0.0,-21.0,7.0,0.0,4.0,348.95500000000004,19.79,1031.0,4.0,0
0.0,0.0,-44.0,21.0,0.0,7.0,348.95500000000004,38.94,516.5,1.0,1
0.0,0.0,-12.0,7.0,0.0,1.0,238.46,8.47,729.0,1.0,0
0.0,0.0,-15.0,8.0,0.0,10.0,255.38,38.94,416.0,2.0,1
0.0,0.0,-17.0,23.0,0.0,6.0,348.95500000000004,25.5,1338.0,2.0,0
0.0,0.0,41.0,66.0,1.0,7.0,265.94,38.94,516.0,1.0,1
0.0,0.0,-8.0,18.0,0.0,1.0,300.76,17.74,1546.0,5.0,0
0.0,0.0,-13.0,13.0,0.0,4.0,275.4,38.94,1174.0,3.0,0
0.0,0.0,-8.0,9.0,0.0,4.0,348.95500000000004,19.18,492.0,1.0,0
0.0,0.0,-16.0,14.0,0.0,1.0,219.03,37.03,278.0,1.0,0
0.0,0.0,7.0,34.0,1.0,1.0,348.95500000000004,38.94,1800.0,7.0,1
0.0,0.0,-7.0,25.0,0.0,8.0,263.65,38.94,396.0,1.0,0
0.0,0.0,-16.0,6.0,0.0,4.0,348.95500000000004,38.94,484.0,3.0,1
0.0,0.0,-11.0,18.0,0.0,10.0,348.95500000000004,38.94,3033.0,5.0,0
0.0,0.0,-19.0,5.0,0.0,1.0,348.95500000000004,24.17,600.0,3.0,0
0.0,0.0,3.0,25.0,1.0,8.0,205.31,36.31,661.0,3.0,1
0.0,0.0,1.0,23.0,1.0,1.0,348.95500000000004,38.94,2272.0,3.0,0
0.0,0.0,-46.0,18.0,0.0,5.0,348.95500000000004,31.85,912.0,2.0,0
0.0,0.0,-5.0,20.0,0.0,3.0,348.95500000000004,24.99,587.0,2.0,0
0.0,0.0,-22.0,11.0,0.0,1.0,348.95500000000004,37.94,409.0,4.0,0
0.0,0.0,-16.0,4.0,0.0,1.0,348.95500000000004,16.2,3902.0,7.0,0
0.0,0.0,-13.0,4.0,0.0,2.0,192.36,12.46,785.0,3.0,0
0.0,0.0,-17.0,7.0,0.0,5.0,280.63,38.94,603.0,1.0,0
0.0,0.0,-22.0,14.0,0.0,6.0,309.05,38.94,361.0,2.0,1
0.0,0.0,-11.0,28.0,0.0,5.0,263.47,38.94,3340.0,4.0,0
0.0,0.0,-17.0,19.0,0.0,5.0,292.28,22.38,249.0,1.0,0
0.0,0.0,0.0,32.0,0.0,1.0,249.75,38.94,516.0,1.0,0
0.0,0.0,-18.0,6.0,0.0,3.0,190.48,23.49,1456.0,1.0,0
0.0,0.0,-17.0,2.0,0.0,1.0,275.59,37.6,724.0,1.0,0
0.0,0.0,-14.0,8.0,0.0,5.0,348.95500000000004,16.82,901.0,3.0,0
0.0,0.0,-2.0,7.0,0.0,5.0,311.32,38.94,486.0,1.0,0
0.0,0.0,-56.0,8.0,0.0,1.0,348.95500000000004,34.03,2873.0,8.0,0
0.0,0.0,-16.0,8.0,0.0,10.0,236.21,26.31,1206.0,4.0,0
0.0,0.0,-10.0,6.0,0.0,10.0,348.95500000000004,38.94,1069.0,3.0,0
0.0,0.0,-17.0,19.0,0.0,6.0,198.26,18.51,592.0,2.0,0
0.0,0.0,5.0,38.0,1.0,2.0,296.89,38.94,1338.0,1.0,1
0.0,0.0,-14.0,1.0,0.0,3.0,348.95500000000004,12.91,3317.0,3.0,0
0.0,0.0,-9.0,4.0,0.0,10.0,348.95500000000004,21.56,936.0,6.0,0
0.0,0.0,-3.0,10.0,0.0,5.0,348.95500000000004,29.17,1135.0,5.0,0
0.0,0.0,12.0,45.0,1.0,10.0,323.91,15.91,723.0,1.0,1
0.0,0.0,0.0,27.0,0.0,2.0,219.77,38.94,918.0,1.0,0
0.0,0.0,-15.0,5.0,0.0,10.0,348.95500000000004,28.42,843.0,1.0,0
0.0,0.0,-15.0,13.0,0.0,5.0,348.95500000000004,36.25,3135.0,4.0,0
0.0,0.0,-13.0,22.0,0.0,3.0,230.96,20.96,267.0,1.0,0
0.0,0.0,-20.0,17.0,0.0,10.0,348.95500000000004,38.94,2075.0,1.0,0
0.0,0.0,-14.0,1.0,0.0,1.0,243.55,8.66,501.0,4.0,0
0.0,0.0,-22.0,3.0,0.0,2.0,229.04,10.04,1885.0,1.0,0
0.0,0.0,-35.0,28.0,0.0,3.0,260.6,38.94,470.0,2.0,1
0.0,0.0,-18.0,9.0,0.0,5.0,262.3,19.8,737.0,1.0,0
0.0,0.0,-26.0,6.0,0.0,5.0,324.89,24.9,399.0,1.0,0
0.0,0.0,-12.0,7.0,0.0,7.0,348.95500000000004,15.74,389.0,3.0,0
0.0,0.0,-42.0,3.0,0.0,3.0,348.95500000000004,19.99,885.0,4.0,0
0.0,0.0,-16.0,8.0,0.0,6.0,348.95500000000004,28.05,2396.0,7.0,0
0.0,0.0,-3.0,19.0,0.0,10.0,297.76,38.94,445.0,2.0,0
0.0,0.0,-6.0,19.0,0.0,10.0,322.17,22.18,399.0,1.0,0
0.0,0.0,-12.0,19.0,0.0,1.0,348.95500000000004,27.31,800.0,1.0,1
0.0,0.0,-26.0,10.0,0.0,1.0,348.95500000000004,19.2,606.0,2.0,0
0.0,0.0,-9.0,6.0,0.0,8.0,348.95500000000004,13.27,175.0,1.0,0
0.0,0.0,-4.0,14.0,0.0,10.0,259.88,29.98,1005.0,5.0,1
0.0,0.0,-14.0,7.0,0.0,6.0,348.95500000000004,38.94,270.3333333333333,1.0,0
0.0,0.0,-34.0,24.0,0.0,7.0,348.95500000000004,38.94,507.0,4.0,0
0.0,0.0,-17.0,10.0,0.0,9.0,348.95500000000004,36.81,1920.0,2.0,0
0.0,0.0,-20.0,12.0,0.0,4.0,209.46,30.29,770.0,1.0,0
0.0,0.0,-10.0,21.0,0.0,1.0,233.93,33.93,1029.5,1.0,0
0.0,0.0,-5.0,15.0,0.0,1.0,338.77,13.77,2644.0,6.0,0
0.0,0.0,2.0,21.0,1.0,3.0,288.76,19.76,261.0,6.0,0
0.0,0.0,-18.0,7.0,0.0,8.0,348.95500000000004,38.94,569.0,5.0,0
0.0,0.0,-14.0,10.0,0.0,9.0,348.95500000000004,38.9,465.0,2.0,0
0.0,0.0,-14.0,5.0,0.0,1.0,234.4,38.94,1254.0,5.0,0
0.0,0.0,-16.0,6.0,0.0,5.5,348.95500000000004,28.51,2353.0,2.0,0
0.0,0.0,9.0,31.0,1.0,10.0,348.95500000000004,38.94,457.0,7.0,1
0.0,0.0,-20.0,10.0,0.0,1.0,348.95500000000004,19.0,467.0,1.0,0
0.0,0.0,-13.0,10.0,0.0,2.0,253.04,33.06,1214.0,1.5,0
0.0,0.0,-30.0,7.0,0.0,2.0,348.95500000000004,38.94,1602.0,4.0,0
0.0,0.0,-23.0,9.0,0.0,1.0,348.95500000000004,38.94,340.0,2.0,1
0.0,0.0,-8.0,11.0,0.0,4.0,348.95500000000004,38.94,603.0,1.0,0
0.0,0.0,-6.0,16.0,0.0,5.0,286.6,38.94,294.0,1.0,0
0.0,0.0,-8.0,23.0,0.0,10.0,312.49,38.94,756.0,1.0,0
0.0,0.0,-15.0,7.0,0.0,10.0,348.95500000000004,38.94,1500.0,4.0,0
0.0,0.0,-25.0,12.0,0.0,2.0,215.83,17.83,1344.0,1.0,0
0.0,0.0,166.0,194.0,1.0,10.0,348.95500000000004,27.75,692.0,3.0,1
0.0,0.0,-8.0,12.0,0.0,4.0,348.95500000000004,38.94,482.0,2.0,0
0.0,0.0,-4.0,20.0,0.0,3.0,212.72,13.73,3734.0,5.0,0
0.0,0.0,-14.0,10.0,0.0,4.0,214.11,15.11,330.0,1.0,0
0.0,0.0,-15.0,12.0,0.0,1.0,280.72,24.72,3127.0,3.0,0
0.0,0.0,-15.0,8.0,0.0,10.0,318.34,18.35,819.0,4.0,0
0.0,0.0,-6.0,4.0,0.0,2.0,254.58,26.58,771.0,1.0,0
0.0,0.0,-11.0,10.0,0.0,8.0,348.95500000000004,31.67,729.0,1.0,0
0.0,0.0,-1.0,2.0,0.0,1.0,348.95500000000004,26.42,1125.0,6.0,0
0.0,0.0,-14.0,11.0,0.0,1.0,348.95500000000004,17.55,1202.0,3.0,0
0.0,0.0,-7.0,8.0,0.0,1.0,348.95500000000004,38.94,2137.0,1.0,0
0.0,0.5,-14.0,3.0,0.0,5.5,573.45,44.47,1046.5,3.0,0
0.0,0.0,-8.0,11.0,0.0,1.0,348.95500000000004,32.06,551.0,3.0,0
0.0,0.0,-14.0,2.0,0.0,1.0,244.15,14.16,934.0,1.0,0
0.0,0.0,-14.0,25.0,0.0,5.0,209.48,38.94,623.0,1.0,0
0.0,0.0,-39.0,9.0,0.0,5.0,348.95500000000004,38.94,264.0,1.0,1
0.0,0.0,-20.0,12.0,0.0,5.0,280.83,38.94,646.0,1.0,0
0.0,0.0,-23.0,10.0,0.0,10.0,348.95500000000004,21.02,849.0,2.0,0
0.0,0.0,-17.0,6.0,0.0,7.0,237.07,17.17,894.0,1.0,0
0.0,0.0,-11.0,9.0,0.0,4.0,217.29,38.94,339.6666666666667,2.0,1
0.0,0.0,-9.0,6.0,0.0,2.0,254.23,24.33,804.0,2.0,0
0.0,0.0,10.0,35.0,1.0,7.0,204.01,30.01,1901.0,1.0,1
0.0,0.0,-17.0,9.0,0.0,6.0,348.95500000000004,33.03,1131.0,3.0,0
0.0,0.0,-15.0,6.0,0.0,2.0,303.11,17.21,496.0,2.0,0
0.0,0.0,1.0,15.0,1.0,1.0,267.0,27.0,1952.0,4.0,0
0.0,0.0,-1.0,25.0,0.0,2.0,294.7,19.8,547.0,1.0,0
0.0,0.0,-14.0,21.0,0.0,8.0,348.95500000000004,25.78,875.0,1.0,1
0.0,0.0,-14.0,23.0,0.0,1.0,293.77,38.94,572.0,3.0,0
0.0,0.0,-20.0,8.0,0.0,2.0,303.79,23.89,446.0,2.0,0
0.0,0.0,-17.0,16.0,0.0,4.0,246.26,16.36,640.0,1.0,0
0.0,0.0,-14.0,17.0,0.0,6.0,232.97,13.97,215.0,1.0,0
0.0,0.0,-19.0,12.0,0.0,2.0,348.95500000000004,21.69,625.0,1.0,0
0.0,0.0,-18.0,10.0,0.0,1.0,323.68,38.94,526.0,2.0,0
0.0,0.0,-13.0,4.0,0.0,1.0,211.28,32.28,301.0,3.0,0
0.0,0.0,-3.0,15.0,0.0,2.0,247.76,17.86,192.0,1.0,0
0.0,0.0,14.0,36.0,1.0,1.0,348.95500000000004,34.12,1587.0,1.0,1
0.0,0.0,-22.0,10.0,0.0,1.0,344.96,38.94,2007.0,4.0,0
0.0,0.0,-18.0,16.0,0.0,4.0,348.95500000000004,38.94,189.0,1.0,1
0.0,0.0,-1.0,26.0,0.0,1.0,236.34,38.94,1180.0,1.0,0
0.0,0.0,-13.0,15.0,0.0,2.0,193.14,30.64,555.0,1.0,0
0.0,0.0,-15.0,11.0,0.0,3.0,299.2,19.21,606.0,2.0,0
0.0,0.0,-28.0,17.0,0.0,10.0,348.95500000000004,38.94,1935.0,1.0,0
0.0,0.0,-10.0,3.0,0.0,10.0,318.62,28.82,1693.0,2.0,0
0.0,0.0,-11.0,2.0,0.0,2.0,234.08,14.09,594.0,1.0,0
0.0,0.0,-5.0,8.0,0.0,1.0,249.4,19.41,674.0,3.0,0
0.0,0.0,-14.0,10.0,0.0,1.0,348.95500000000004,15.81,813.0,3.0,0
0.0,0.0,-19.0,7.0,0.0,6.0,247.95,31.98,337.0,1.0,0
0.0,0.0,-16.0,7.0,0.0,1.0,322.17,23.17,2007.0,4.0,0
0.0,0.0,-16.0,14.0,0.0,4.0,295.21,19.21,676.0,2.0,0
0.0,0.0,-17.0,16.0,0.0,8.0,348.95500000000004,21.93,452.0,1.0,0
0.0,0.0,-27.0,3.0,0.0,8.0,312.61,12.71,458.0,1.0,0
0.0,0.0,-12.0,21.0,0.0,4.0,222.92,38.94,974.0,3.0,0
0.0,0.0,-7.0,14.0,0.0,4.0,232.41,38.94,1991.0,2.0,0
0.0,0.0,-13.0,26.0,0.0,7.0,348.95500000000004,38.94,3890.0,2.0,0
0.0,0.0,-30.0,7.0,0.0,3.0,348.95500000000004,18.0,1172.0,4.0,0
0.0,0.0,-22.0,21.0,0.0,5.0,348.95500000000004,38.94,430.0,1.0,0
0.0,0.0,-10.0,21.0,0.0,1.0,348.95500000000004,21.42,874.0,1.0,0
0.0,0.0,-4.0,9.0,0.0,10.0,257.46,38.94,396.0,4.0,0
0.0,0.0,0.0,23.0,0.0,2.0,312.44,36.44,263.0,1.0,0
0.0,0.0,-11.0,12.0,0.0,1.0,271.43,16.53,883.0,4.0,0
0.0,0.0,-45.0,9.0,0.0,10.0,284.71,24.81,1304.0,1.0,0
0.0,0.0,-16.0,18.0,0.0,1.0,342.38,27.48,553.0,1.0,0
0.0,0.0,-20.0,5.0,0.0,4.0,250.88,38.94,2697.0,5.0,0
0.0,0.0,-12.0,4.0,0.0,2.0,275.97,15.98,1487.0,1.0,0
0.0,0.0,-13.0,9.0,0.0,10.0,281.31,21.31,1351.0,7.0,0
0.0,0.0,-9.0,13.0,0.0,10.0,348.95500000000004,38.94,887.0,5.0,0
0.0,0.0,-23.0,9.0,0.0,10.0,348.95500000000004,38.94,920.0,3.0,0
0.0,0.0,-13.0,9.0,0.0,10.0,348.95500000000004,38.94,1114.8,1.6,1
0.0,0.0,-4.0,36.0,0.0,1.0,322.17,22.18,399.0,1.0,0
0.0,0.0,-14.0,9.0,0.0,21.0,212.03,22.13,1885.0,1.0,0
0.0,0.0,-8.0,27.0,0.0,2.0,225.23,26.23,876.0,9.0,0
0.0,0.0,7.0,37.0,1.0,1.0,348.95500000000004,38.94,579.0,1.0,0
0.0,0.0,-3.0,9.0,0.0,4.0,238.6,26.6,687.0,3.0,0
0.0,0.0,-15.0,9.0,0.0,4.0,192.0,38.94,2526.0,1.0,0
0.0,0.0,-9.0,16.0,0.0,3.0,348.95500000000004,17.21,319.0,1.0,0
0.0,0.0,-17.0,19.0,0.0,1.0,348.95500000000004,33.34,1125.0,3.0,0
0.0,0.0,-9.0,5.0,0.0,1.0,348.95500000000004,19.34,776.0,8.0,0
0.0,0.0,-11.0,16.0,0.0,4.0,348.95500000000004,38.94,340.5,2.0,1
0.0,0.0,-15.0,11.0,0.0,4.0,348.95500000000004,38.94,1935.0,1.0,0
0.0,0.0,-18.0,1.0,0.0,2.0,188.94,9.45,1654.0,3.0,0
0.0,0.0,-10.0,8.0,0.0,1.0,348.95500000000004,38.94,1500.0,4.0,1
0.0,0.0,-16.0,4.0,0.0,10.0,276.08,18.51,1101.0,1.0,0
0.0,0.0,34.0,56.0,1.0,4.0,248.85,18.86,934.0,1.0,1
0.0,0.0,-14.0,13.0,0.0,10.0,348.95500000000004,38.94,1935.0,1.0,0
0.0,0.0,-13.0,9.0,0.0,10.0,294.7,15.7,680.0,1.0,0
0.0,0.0,-9.0,5.0,0.0,5.0,287.53,18.08,434.0,2.0,0
0.0,0.0,0.0,11.0,0.0,6.0,348.95500000000004,38.94,631.0,1.0,1
0.0,0.0,5.0,34.0,1.0,10.0,348.95500000000004,20.93,315.0,3.0,1
0.0,0.0,-23.0,6.0,0.0,5.0,297.14,18.14,540.0,4.0,0
0.0,0.0,-9.0,5.0,0.0,8.0,340.47,10.47,2644.0,6.0,0
0.0,0.0,11.0,27.0,1.0,1.0,339.71,14.71,2644.0,6.0,1
0.0,0.0,-18.0,8.0,0.0,8.0,348.95500000000004,25.26,317.0,2.0,1
0.0,0.0,-21.0,6.0,0.0,7.0,348.95500000000004,25.7,625.0,1.0,0
0.0,0.0,7.0,30.0,1.0,22.0,228.71,18.72,1044.0,1.0,1
0.0,0.0,-16.0,4.0,0.0,5.0,249.67,38.94,346.0,2.0,0
0.0,0.0,-6.0,21.0,0.0,8.0,348.95500000000004,38.94,2149.0,1.0,0
0.0,0.0,-13.0,3.0,0.0,5.0,348.95500000000004,38.94,457.0,7.0,0
0.0,0.0,-5.0,5.0,0.0,4.0,348.95500000000004,24.88,1135.0,5.0,0
0.0,0.0,-8.0,11.0,0.0,1.0,315.11,15.12,1048.0,1.0,1
0.0,0.0,-27.0,6.0,0.0,4.0,348.95500000000004,38.94,925.0,5.0,0
0.0,0.0,15.0,39.0,1.0,3.0,266.49,16.5,551.0,2.0,1
0.0,0.0,-12.0,31.0,0.0,10.0,348.95500000000004,27.79,405.0,8.0,1
0.0,0.0,-9.0,7.0,0.0,10.0,190.83,38.94,375.0,2.0,1
0.0,0.0,-21.0,10.0,0.0,6.0,256.31,38.94,1161.0,10.0,0
0.0,0.0,-27.0,10.0,0.0,1.0,348.95500000000004,38.94,286.0,4.0,1
0.0,0.0,-6.0,7.0,0.0,8.0,348.95500000000004,15.87,776.0,8.0,0
0.0,0.0,-15.0,19.0,0.0,3.0,331.02,31.03,1131.0,3.0,0
0.0,0.0,-24.0,9.0,0.0,1.0,207.57,18.57,772.0,1.0,0
0.0,0.0,-4.0,17.0,0.0,3.0,348.95500000000004,17.82,1750.0,4.0,0
0.0,0.0,-15.0,5.0,0.0,10.0,348.95500000000004,18.29,536.0,3.0,0
0.0,0.0,-30.0,8.0,0.0,1.0,217.64,18.64,330.0,1.0,0
0.0,0.0,-16.0,3.0,0.0,4.0,231.14,32.14,141.0,5.0,0
0.0,0.0,-9.0,11.0,0.0,1.0,285.21,38.94,640.0,2.0,0
0.0,0.0,-20.0,4.0,0.0,1.0,318.78,28.88,606.0,2.0,0
0.0,0.0,-12.0,7.0,0.0,8.0,327.58,29.58,508.0,7.0,0
0.0,0.0,-8.0,2.0,0.0,1.0,348.95500000000004,38.94,300.0,1.0,0
0.0,0.0,-25.0,17.0,0.0,4.0,348.95500000000004,27.65,315.0,1.0,1
0.0,0.0,-14.0,7.0,0.0,4.0,210.6,25.6,530.0,1.0,0
0.0,0.0,-27.0,42.0,0.0,5.0,348.95500000000004,17.54,1336.0,2.0,0
0.0,0.0,-12.0,17.0,0.0,1.0,210.72,20.82,1694.0,1.0,0
0.0,0.0,-8.0,13.0,0.0,1.0,348.95500000000004,26.77,824.0,1.0,0
0.0,0.0,-7.0,6.0,0.0,10.0,348.95500000000004,13.69,472.0,1.0,0
0.0,0.0,-14.0,7.0,0.0,7.0,348.95500000000004,16.97,3939.0,2.0,0
0.0,0.0,-18.0,21.0,0.0,1.0,226.12,16.22,1207.0,2.0,0
0.0,0.0,-7.0,18.0,0.0,8.0,348.95500000000004,17.94,340.0,3.0,1
0.0,0.0,-11.0,14.0,0.0,1.0,348.95500000000004,38.94,3632.0,4.0,0
0.0,0.0,2.0,16.0,1.0,1.0,348.95500000000004,38.94,493.0,1.0,1
0.0,0.0,-17.0,6.0,0.0,3.0,348.95500000000004,21.93,765.0,3.0,0
0.0,0.0,-13.0,7.0,0.0,3.0,348.95500000000004,18.25,1107.0,2.0,0
0.0,0.0,-12.0,16.0,0.0,10.0,270.36,38.94,1286.0,1.0,0
0.0,0.0,-26.0,2.0,0.0,7.0,348.95500000000004,38.94,638.0,1.0,0
0.0,0.0,-6.0,22.0,0.0,5.0,206.99,16.09,232.0,1.0,0
0.0,0.0,0.0,21.0,0.0,3.0,238.15,18.25,294.0,1.0,1
0.0,0.0,-17.0,11.0,0.0,9.0,238.98,24.08,688.0,1.0,0
0.0,0.0,-27.0,3.0,0.0,3.0,284.02,14.02,961.0,1.0,0
0.0,0.0,-6.0,15.0,0.0,5.0,237.07,17.17,253.0,1.0,0
0.0,0.0,-9.0,20.0,0.0,10.0,348.95500000000004,17.46,699.0,2.0,0
0.0,0.0,-5.0,13.0,0.0,1.0,309.25,9.35,532.0,2.0,1
0.0,0.0,-17.0,10.0,0.0,2.0,227.23,17.23,225.0,1.0,0
0.0,0.0,-25.0,16.0,0.0,18.0,348.95500000000004,20.0,3610.0,4.0,1
0.0,0.0,7.0,33.0,1.0,10.0,348.95500000000004,17.12,664.0,6.0,1
0.0,0.0,-26.0,6.0,0.0,1.0,197.69,17.7,404.0,4.0,0
0.0,0.0,-21.0,8.0,0.0,4.0,227.23,17.23,225.0,1.0,0
0.0,0.0,-8.0,7.0,0.0,1.0,217.37,19.47,2476.0,2.0,1
0.0,0.0,-14.0,8.0,0.0,1.0,348.95500000000004,38.94,603.0,1.0,0
0.0,0.0,-2.0,33.0,0.0,1.0,242.42,38.94,906.0,2.0,0
0.0,0.0,-25.0,20.0,0.0,1.0,348.95500000000004,38.94,2136.0,1.0,0
0.0,0.0,-7.0,21.0,0.0,5.0,348.95500000000004,38.8,541.0,1.0,0
0.0,0.0,-19.0,8.0,0.0,1.0,246.72,26.82,594.0,2.0,0
0.0,0.0,-20.0,10.0,0.0,5.0,264.39,15.49,638.0,1.0,0
0.0,0.0,-2.0,16.0,0.0,2.0,289.26,14.36,547.0,1.0,0
0.0,0.0,-7.0,22.0,0.0,10.0,348.95500000000004,22.05,666.0,2.0,0
0.0,0.0,-7.0,17.0,0.0,1.0,226.24,26.24,162.0,5.0,0
0.0,0.0,-28.0,11.0,0.0,8.0,348.95500000000004,20.02,874.0,1.0,0
0.0,0.0,-6.0,14.0,0.0,8.0,216.3,19.5,676.0,2.0,0
0.0,0.0,10.0,44.0,1.0,1.0,271.83,38.94,409.0,1.0,1
0.0,0.0,2.0,29.0,1.0,8.0,348.95500000000004,36.27,2644.0,6.0,0
0.0,0.0,-11.0,14.0,0.0,10.0,348.95500000000004,23.41,1275.0,6.0,0
0.0,0.0,-22.0,14.0,0.0,3.0,320.44,15.16,1114.0,4.0,0
0.0,0.0,-14.0,18.0,0.0,1.0,348.95500000000004,38.94,503.0,1.0,0
0.0,0.0,-20.0,6.0,0.0,10.0,348.95500000000004,15.61,657.0,1.0,0
0.0,0.0,-13.0,6.0,0.0,8.0,276.5,16.5,3767.0,1.0,0
0.0,0.0,-16.0,6.0,0.0,1.0,348.95500000000004,19.65,1622.0,4.0,0
0.0,0.0,-24.0,7.0,0.0,1.0,333.36,33.62,209.0,1.0,0
0.0,0.0,-10.0,4.0,0.0,10.0,212.59,12.6,940.0,1.0,0
0.0,0.0,-11.0,4.0,0.0,8.0,348.95500000000004,16.05,477.0,3.0,0
0.0,0.0,-21.0,35.0,0.0,2.0,277.96,38.94,933.0,1.0,0
0.0,0.0,-17.0,10.0,0.0,2.0,348.95500000000004,38.94,569.0,1.0,1
0.0,0.0,-28.0,11.0,0.0,1.0,296.64,38.94,1217.5,1.5,1
0.0,0.0,5.0,41.0,1.0,1.0,348.95500000000004,37.27,982.0,3.0,0
0.0,0.0,-22.0,11.0,0.0,3.0,332.28,38.26,2407.0,5.0,1
0.0,0.0,-8.0,1.0,0.0,7.0,348.95500000000004,9.38,473.0,1.0,0
0.0,0.0,-11.0,7.0,0.0,8.0,348.95500000000004,19.81,1457.0,5.0,0
0.0,0.0,4.0,11.0,1.0,1.0,236.56,15.92,919.0,1.0,0
0.0,0.0,-11.0,1.0,0.0,1.0,188.94,9.45,1657.0,3.0,0
0.0,0.0,-27.0,11.0,0.0,10.0,348.95500000000004,26.31,491.0,4.0,0
0.0,0.0,-8.0,17.0,0.0,10.0,348.95500000000004,38.94,438.5,1.0,0
0.0,0.0,-13.0,12.0,0.0,3.0,278.06,19.06,1459.0,1.0,0
0.0,0.0,-15.0,13.0,0.0,2.0,246.85,17.85,518.0,2.0,0
0.0,0.0,-12.0,12.0,0.0,1.0,272.95,23.05,456.0,3.0,0
0.0,0.0,-14.0,4.0,0.0,5.5,348.95500000000004,13.26,175.0,1.0,0
0.0,0.0,-9.0,8.0,0.0,2.0,255.76,16.77,621.0,1.0,0
0.0,0.0,-5.0,27.0,0.0,20.0,348.95500000000004,38.94,1307.0,2.0,0
0.0,0.0,-20.0,16.0,0.0,1.0,238.69,18.79,236.0,1.0,0
0.0,0.0,-3.0,20.0,0.0,10.0,697.9100000000001,77.88,945.0,1.0,0
0.0,0.0,-10.0,10.0,0.0,1.0,256.87,38.94,876.0,9.0,0
0.0,0.0,-20.0,13.0,0.0,8.0,198.49,19.49,380.0,2.0,1
0.0,0.0,-10.0,7.0,0.0,10.0,348.95500000000004,34.72,1507.0,4.0,0
0.0,0.0,-7.0,15.0,0.0,3.0,231.86,21.96,1358.0,7.0,0
0.0,0.0,-8.0,2.0,0.0,5.0,315.02,20.02,420.0,1.0,0
0.0,0.0,-9.0,9.0,0.0,5.0,251.68,38.94,420.0,1.0,0
0.0,0.0,-14.0,29.0,0.0,8.0,348.95500000000004,37.77,874.0,1.0,1
0.0,0.0,3.0,15.0,1.0,2.0,348.95500000000004,27.52,489.0,2.0,0
0.0,0.0,-5.0,23.0,0.0,2.0,238.69,18.79,236.0,1.0,0
0.0,0.0,-9.0,5.0,0.0,6.0,344.97,14.97,2644.0,6.0,0
0.0,0.0,-14.0,3.0,0.0,1.0,255.91,12.91,855.0,2.0,0
0.0,0.0,-8.0,16.0,0.0,3.0,348.95500000000004,25.23,1177.0,3.0,0
0.0,0.0,-14.0,18.0,0.0,7.0,348.95500000000004,38.94,1736.0,1.0,0
0.0,0.0,-19.0,14.0,0.0,1.0,348.95500000000004,38.94,894.0,1.0,1
0.0,0.0,-12.0,1.0,0.0,5.0,255.18,15.28,3308.0,1.0,0
0.0,0.0,-13.0,3.0,0.0,4.0,348.95500000000004,38.94,778.0,4.0,0
0.0,0.0,9.0,26.0,1.0,2.0,253.18,13.18,500.0,1.0,1
0.0,0.0,-22.0,11.0,0.0,3.0,266.32,38.94,127.5,1.0,1
0.0,0.0,-6.0,12.0,0.0,1.0,318.82,28.82,1239.0,3.0,0
0.0,0.0,-14.0,22.0,0.0,10.0,248.84,38.94,162.0,5.0,0
0.0,0.0,-34.0,9.0,0.0,3.0,348.95500000000004,24.81,2644.0,6.0,0
0.0,0.0,-5.0,14.0,0.0,10.0,348.95500000000004,24.59,3893.0,1.0,0
0.0,0.0,-12.0,23.0,0.0,5.0,221.89,20.9,2511.0,4.0,0
0.0,0.0,-2.0,13.0,0.0,5.0,330.65,11.65,854.0,1.0,0
0.0,0.0,2.0,25.0,1.0,8.0,348.07,23.07,2644.0,6.0,0
0.0,0.0,-18.0,9.0,0.0,5.0,226.12,16.22,203.0,4.0,0
0.0,0.0,-8.0,22.0,0.0,10.0,279.78,30.78,303.0,2.0,0
0.0,0.0,-5.0,20.0,0.0,8.0,348.95500000000004,29.48,875.0,1.0,0
0.0,0.0,-9.0,15.0,0.0,1.0,211.92,34.12,702.0,1.0,0
0.0,0.0,42.0,63.0,1.0,10.0,297.62,17.72,480.0,1.0,1
0.0,0.0,-15.0,10.0,0.0,4.0,348.95500000000004,24.19,654.0,2.0,0
0.0,0.0,-12.0,8.0,0.0,10.0,328.69,38.94,1951.0,4.0,0
0.0,0.0,23.0,54.0,1.0,3.0,312.74,35.74,486.0,2.0,0
0.0,0.0,-13.0,1.0,0.0,1.0,289.83,14.83,690.0,1.0,0
0.0,0.0,-9.0,7.0,0.0,10.0,321.78,16.88,1114.0,4.0,0
0.0,0.0,-9.0,18.0,0.0,3.0,343.68,38.94,606.0,2.0,1
0.0,0.0,-15.0,10.0,0.0,1.0,249.82,19.82,771.0,1.0,0
0.0,0.0,29.0,53.0,1.0,1.0,195.42,35.62,729.0,1.0,1
0.0,0.0,-26.0,9.0,0.0,1.0,348.95500000000004,38.94,94.0,1.0,0
0.0,0.0,-27.0,9.0,0.0,8.0,348.95500000000004,38.94,1105.0,1.0,0
0.0,0.0,-9.0,2.0,0.0,1.0,348.95500000000004,18.57,444.0,1.0,1
0.0,0.0,-40.0,11.0,0.0,8.0,235.59,25.6,708.0,2.0,0
0.0,0.0,-19.0,2.0,0.0,3.0,291.47,38.94,818.6666666666666,2.0,0
0.0,0.0,-14.0,14.0,0.0,6.0,338.51,19.51,439.0,1.0,0
0.0,0.0,21.0,55.0,1.0,1.0,348.95500000000004,38.94,753.0,2.0,1
0.0,0.0,-14.0,6.0,0.0,2.0,265.45,38.94,342.0,2.0,0
0.0,0.0,-17.0,14.0,0.0,24.0,348.95500000000004,21.69,785.0,1.0,0
0.0,0.0,6.0,43.0,1.0,10.0,348.95500000000004,38.94,505.0,2.0,1
0.0,0.0,-9.0,18.0,0.0,4.0,293.25,33.26,482.0,1.0,0
0.0,0.0,-17.0,9.0,0.0,6.0,333.51,38.94,266.0,3.0,0
0.0,0.0,-10.0,3.0,0.0,1.0,313.09,13.19,1293.0,1.0,0
0.0,0.0,-11.0,6.0,0.0,5.0,348.95500000000004,37.11,3610.0,4.0,0
0.0,0.0,-12.0,21.0,0.0,6.0,348.95500000000004,34.88,919.0,5.0,0
0.0,0.0,-12.0,9.0,0.0,1.0,348.95500000000004,38.94,577.0,1.0,0
0.0,0.0,-8.0,15.0,0.0,4.0,238.41,19.41,528.0,2.0,0
0.0,0.0,-11.0,3.0,0.0,10.0,305.51,31.51,92.0,2.0,0
0.0,0.0,-10.0,12.0,0.0,8.0,348.95500000000004,38.94,2390.0,1.0,0
0.0,0.0,-6.0,1.0,0.0,3.0,270.0,10.01,602.0,1.0,0
0.0,0.0,-1.0,26.0,0.0,6.0,283.73,19.73,391.0,3.0,0
0.0,0.0,-23.0,5.0,0.0,2.0,348.95500000000004,27.44,1277.0,1.0,0
0.0,0.0,-13.0,3.0,0.0,5.0,265.64,31.84,311.0,1.0,0
0.0,0.0,-16.0,21.0,0.0,4.0,227.62,27.72,409.0,1.0,0
0.0,0.0,-21.0,16.0,0.0,10.0,266.14,28.14,330.0,1.0,0
0.0,0.0,-31.0,10.0,0.0,8.0,247.22,38.94,993.0,5.0,0
0.0,0.0,-9.0,19.0,0.0,1.0,348.95500000000004,38.94,1461.0,1.0,1
0.0,0.5,1.0,21.0,0.5,9.5,697.9100000000001,77.88,1135.0,4.0,1
0.0,0.0,-12.0,3.0,0.0,10.0,348.95500000000004,10.54,1259.0,1.0,0
0.0,0.0,-8.0,9.0,0.0,1.0,283.78,38.94,1893.0,1.0,0
0.0,0.0,-6.0,20.0,0.0,10.0,348.95500000000004,38.94,685.0,4.0,1
0.0,0.0,-11.0,16.0,0.0,8.0,348.95500000000004,38.94,1066.0,1.0,0
0.0,0.0,-27.0,11.0,0.0,10.0,348.95500000000004,38.94,816.0,1.0,0
0.0,0.0,-19.0,6.0,0.0,3.0,303.11,17.21,496.0,2.0,0
0.0,0.0,-23.0,7.0,0.0,10.0,348.95500000000004,23.6,588.0,2.0,0
0.0,0.0,-8.0,7.0,0.0,1.0,348.95500000000004,36.11,251.5,1.0,0
0.0,0.0,-20.0,7.0,0.0,6.0,287.3,29.3,471.0,5.0,0
0.0,0.0,-26.0,5.0,0.0,6.0,210.6,17.6,2558.0,1.0,0
0.0,0.0,-11.0,14.0,0.0,2.5,348.95500000000004,38.94,3632.0,4.0,0
0.0,0.0,-7.0,22.0,0.0,10.0,263.94,38.94,2938.0,2.0,1
0.0,0.0,-17.0,9.0,0.0,6.0,295.38,38.94,642.0,1.0,0
0.0,0.0,1.0,25.0,1.0,1.0,348.95500000000004,19.05,361.0,1.0,0
0.0,0.0,-8.0,12.0,0.0,10.0,280.46,38.94,791.0,1.0,0
0.0,0.0,-22.0,8.0,0.0,2.0,348.95500000000004,18.49,2020.0,2.0,1
0.0,0.0,7.0,24.0,1.0,3.0,348.95500000000004,37.54,1176.0,3.0,0
0.0,0.0,-21.0,7.0,0.0,10.0,348.95500000000004,21.22,2644.0,6.0,0
0.0,0.0,-3.0,24.0,0.0,4.0,211.72,21.82,278.0,2.0,0
0.0,0.0,-21.0,16.0,0.0,1.0,240.71,38.94,1290.0,1.0,0
0.0,0.0,-17.0,13.0,0.0,1.0,348.95500000000004,38.94,339.0,1.0,1
0.0,0.0,-7.0,15.0,0.0,1.0,348.95500000000004,38.94,2083.0,1.0,0
0.0,0.0,-8.0,14.0,0.0,3.0,221.89,21.89,1457.0,1.0,0
0.0,0.0,-22.0,8.0,0.0,8.0,265.6,15.7,391.0,3.0,1
0.0,0.0,-21.0,5.0,0.0,2.0,348.95500000000004,27.2,1011.0,2.0,0
0.0,0.0,-14.0,13.0,0.0,4.0,218.08,20.08,870.0,5.0,0
0.0,0.0,-8.0,12.0,0.0,6.0,332.22,38.94,485.0,5.0,0
0.0,0.0,-13.0,7.0,0.0,8.0,348.95500000000004,27.7,1791.0,4.0,0
0.0,0.0,-17.0,11.0,0.0,1.0,348.95500000000004,19.6,1081.0,2.0,0
0.0,0.0,-18.0,1.0,0.0,5.0,248.0,18.0,189.0,1.0,0
0.0,0.0,-13.0,43.0,0.0,6.0,348.95500000000004,32.42,2872.0,7.0,0
0.0,0.0,-13.0,10.0,0.0,3.0,348.95500000000004,33.32,1885.0,1.0,0
0.0,0.0,0.0,27.0,0.0,8.0,278.37,38.37,992.0,1.0,1
0.0,0.0,-6.0,7.0,0.0,7.0,348.95500000000004,38.94,266.0,1.0,0
0.0,0.0,-18.0,11.0,0.0,6.0,348.95500000000004,38.94,317.0,1.0,1
0.0,0.0,0.0,20.0,0.0,4.0,348.95500000000004,15.79,3774.0,1.0,0
0.0,0.0,-7.0,6.0,0.0,3.0,242.13,12.23,192.0,1.0,0
0.0,0.0,14.0,53.0,1.0,7.0,348.95500000000004,16.12,555.0,2.0,1
0.0,0.0,5.0,34.0,1.0,1.0,183.73,14.93,496.0,1.0,1
0.0,0.0,-21.0,5.0,0.0,2.0,232.55,14.55,843.0,1.0,0
0.0,0.0,11.0,34.0,1.0,1.0,261.9,34.95,620.0,1.0,1
0.0,0.0,-13.0,2.0,0.0,5.0,348.95500000000004,10.48,181.0,1.0,0
0.0,0.0,-20.0,14.0,0.0,6.0,348.95500000000004,31.66,619.0,1.0,1
0.0,0.0,-18.0,9.0,0.0,3.0,348.95500000000004,38.94,216.5,1.0,1
0.0,0.0,-10.0,18.0,0.0,2.0,243.24,23.25,527.0,2.0,0
0.0,0.0,-28.0,6.0,0.0,3.0,184.43,38.94,1893.0,1.0,0
0.0,0.0,-19.0,12.0,0.0,8.0,348.95500000000004,38.94,1043.0,1.0,0
0.0,0.0,-18.0,14.0,0.0,1.0,348.95500000000004,20.69,625.0,1.0,0
0.0,0.0,-3.0,2.0,0.0,8.0,340.47,10.47,2644.0,6.0,0
0.0,0.0,-6.0,8.0,0.0,6.0,245.27,18.32,555.0,1.0,0
0.0,0.0,-16.0,4.0,0.0,1.0,201.82,12.82,232.0,1.0,0
0.0,0.0,-25.0,4.0,0.0,2.0,276.52,21.52,982.0,1.0,0
0.0,0.0,-14.0,8.0,0.0,10.0,273.22,13.32,293.0,1.0,0
0.0,0.0,-19.0,6.0,0.0,10.0,239.42,19.42,617.0,2.0,0
0.0,0.0,-6.0,2.0,0.0,2.0,235.92,15.28,919.0,1.0,0
0.0,0.0,-2.0,44.0,0.0,3.0,243.33,38.94,1147.0,2.0,1
0.0,0.0,-48.0,26.0,0.0,10.0,267.9,28.0,383.0,3.0,0
0.0,0.0,-17.0,6.0,0.0,1.0,308.68,20.98,3752.0,2.0,0
0.0,0.0,-27.0,6.0,0.0,8.0,348.95500000000004,16.54,1813.0,3.0,0
0.0,0.0,-15.0,5.0,0.0,10.0,348.95500000000004,14.58,1705.0,1.0,0
0.0,0.0,-10.0,2.0,0.0,1.0,207.74,8.74,279.0,1.0,1
0.0,0.0,-6.0,4.0,0.0,5.0,223.76,14.76,1139.0,3.0,0
0.0,0.0,-13.0,18.0,0.0,5.0,246.04,17.04,784.0,2.0,1
0.0,0.0,-14.0,35.0,0.0,1.0,216.96,38.94,468.0,1.0,0
0.0,0.0,-16.0,8.0,0.0,5.0,272.61,17.0,514.0,2.0,0
0.0,0.0,-9.0,8.0,0.0,8.0,348.95500000000004,12.0,182.0,1.0,0
0.0,0.0,-23.0,12.0,0.0,4.0,348.95500000000004,21.38,1379.0,1.0,0
0.0,0.0,-1.0,13.0,0.0,1.0,348.95500000000004,9.7,501.0,4.0,0
0.0,0.0,-6.0,25.0,0.0,6.0,348.95500000000004,38.94,935.0,1.0,0
0.0,0.0,-3.0,14.0,0.0,3.0,284.71,14.72,1172.0,3.0,0
0.0,0.0,19.0,46.0,1.0,1.0,348.95500000000004,22.02,2353.0,2.0,1
0.0,0.0,-9.0,8.0,0.0,5.0,348.95500000000004,38.78,2056.0,1.0,0
0.0,0.0,-9.0,4.0,0.0,10.0,348.95500000000004,38.94,809.0,5.0,0
0.0,0.0,0.0,10.0,0.0,4.0,348.95500000000004,26.22,3839.0,4.0,0
0.0,0.0,-32.0,19.0,0.0,10.0,342.69,12.7,728.0,4.0,1
0.0,0.0,-18.0,10.0,0.0,1.0,260.36,16.47,594.0,1.0,0
0.0,0.0,-4.0,23.0,0.0,1.0,318.53,18.54,1892.0,4.0,0
0.0,0.0,-23.0,7.0,0.0,10.0,348.95500000000004,38.94,547.0,2.0,0
0.0,0.0,-5.0,15.0,0.0,3.0,348.95500000000004,24.07,1217.0,3.0,0
0.0,0.0,-23.0,6.0,0.0,3.0,348.95500000000004,17.009999999999998,635.0,1.0,1
0.0,0.0,-12.0,12.0,0.0,1.0,348.95500000000004,34.25,333.0,3.0,0
0.0,0.0,5.0,25.0,1.0,1.0,314.57,24.57,1271.0,1.0,1
0.0,0.0,-9.0,18.0,0.0,1.0,217.78,38.94,621.0,1.0,0
0.0,0.0,-18.0,8.0,0.0,3.0,279.59,15.6,2025.0,2.0,0
0.0,0.0,-7.0,18.0,0.0,7.0,348.95500000000004,38.94,1277.0,5.0,1
0.0,0.0,1.0,26.0,1.0,5.0,348.95500000000004,18.94,1338.0,2.0,0
0.0,0.0,-11.0,20.0,0.0,10.0,348.95500000000004,20.23,210.0,1.0,0
0.0,0.0,-11.0,14.0,0.0,8.0,232.03,13.03,617.0,2.0,0
0.0,0.0,3.0,31.0,1.0,2.0,225.21,38.94,1923.0,2.0,1
0.0,0.0,-15.0,5.0,0.0,1.0,348.95500000000004,34.34,3542.0,1.0,0
0.0,0.0,-10.0,11.0,0.0,1.0,348.95500000000004,38.94,2162.0,1.0,1
0.0,0.0,-22.0,6.0,0.0,6.0,299.85,38.94,446.0,5.0,0
0.0,0.0,-17.0,20.0,0.0,1.0,348.95500000000004,38.94,402.2857142857143,1.0,1
0.0,0.0,-6.0,6.0,0.0,1.0,292.65,17.65,512.0,1.0,0
0.0,0.0,-10.0,18.0,0.0,3.0,221.96,34.97,1156.0,2.0,0
0.0,0.0,-35.0,8.0,0.0,8.0,348.95500000000004,38.94,516.0,1.0,0
0.0,0.0,-23.0,3.0,0.0,8.0,348.95500000000004,18.51,1283.0,5.0,0
0.0,0.0,-24.0,9.0,0.0,1.0,348.95500000000004,30.96,393.0,1.0,0
0.0,0.0,7.0,28.0,1.0,4.0,348.95500000000004,38.94,774.0,1.0,1
0.0,0.0,-9.0,4.0,0.0,3.0,343.07,11.07,1914.0,5.0,0
0.0,0.0,-26.0,7.0,0.0,3.0,348.95500000000004,38.94,982.0,3.0,0
0.0,0.0,-8.0,2.0,0.0,6.0,308.28,9.28,1081.0,2.0,0
0.0,0.0,-11.0,10.0,0.0,6.0,318.4,18.41,753.0,2.0,0
0.0,0.0,-7.0,18.0,0.0,1.0,244.35,17.35,1295.0,1.0,0
0.0,0.0,-18.0,10.0,0.0,4.0,273.39,21.25,722.0,7.0,0
0.0,0.0,-16.0,6.0,0.0,8.0,348.95500000000004,20.86,1331.0,2.0,0
0.0,0.0,-14.0,4.0,0.0,4.0,348.95500000000004,13.55,176.0,1.0,0
0.0,0.0,-19.0,11.0,0.0,10.0,265.73,15.83,391.0,3.0,0
0.0,0.0,-7.0,16.0,0.0,1.0,348.95500000000004,24.41,679.0,2.0,0
0.0,0.0,-8.0,5.0,0.0,1.0,348.95500000000004,16.65,1947.0,1.0,0
0.0,0.0,-15.0,19.0,0.0,4.0,283.06,31.26,708.0,4.0,0
0.0,0.0,-18.0,3.0,0.0,2.0,275.72,38.94,759.0,5.0,0
0.0,0.0,-18.0,22.0,0.0,10.0,348.95500000000004,38.94,730.0,2.0,0
0.0,0.0,-41.0,5.0,0.0,10.0,348.95500000000004,31.58,2075.0,3.0,0
0.0,0.0,-12.0,8.0,0.0,3.0,348.95500000000004,13.61,522.0,1.0,0
0.0,0.0,-13.0,4.0,0.0,1.0,348.95500000000004,17.56,535.0,1.0,0
0.0,0.0,-11.0,7.0,0.0,8.0,348.95500000000004,38.51,3610.0,4.0,0
0.0,0.0,-8.0,15.0,0.0,7.0,245.35,16.35,582.0,1.0,0
0.0,0.0,-13.0,3.0,0.0,5.0,340.47,10.47,2644.0,6.0,0
0.0,0.0,-6.0,3.0,0.0,1.0,335.04,10.04,2644.0,6.0,0
0.0,0.0,-15.0,9.0,0.0,1.0,348.95500000000004,26.6,1384.0,3.0,0
0.0,0.0,-18.0,10.0,0.0,2.0,264.04,38.94,928.0,1.0,1
0.0,0.0,-15.0,8.0,0.0,4.0,283.32,22.32,783.0,1.0,0
0.0,0.0,-21.0,5.0,0.0,3.0,348.95500000000004,36.37,298.0,1.0,0
0.0,0.0,-10.0,8.0,0.0,10.0,348.95500000000004,25.36,1224.0,3.0,0
0.0,0.0,-4.0,2.0,0.0,8.0,235.83,16.83,249.0,3.0,0
0.0,0.0,-15.0,8.0,0.0,4.0,292.28,22.38,273.0,1.0,0
0.0,0.0,-14.0,8.0,0.0,6.0,348.95500000000004,38.94,3610.0,4.0,0
0.0,0.0,1.0,25.0,1.0,5.0,348.95500000000004,38.94,249.0,3.0,0
0.0,0.0,-12.0,2.0,0.0,4.0,221.92,17.02,178.0,2.0,1
0.0,0.0,-14.0,16.0,0.0,7.0,281.08,19.08,708.0,2.0,0
0.0,0.0,-18.0,8.0,0.0,2.0,348.95500000000004,38.94,570.0,1.0,0
0.0,0.0,-10.0,5.0,0.0,8.0,348.95500000000004,30.35,217.0,3.0,0
0.0,0.0,-12.0,14.0,0.0,10.0,348.95500000000004,36.85,1492.0,5.0,0
0.0,0.0,-18.0,9.0,0.0,8.0,225.23,26.23,524.0,1.0,0
0.0,0.0,-10.0,3.0,0.0,4.0,348.95500000000004,13.81,626.0,1.0,0
0.0,0.0,-15.0,8.0,0.0,2.0,209.0,0.0,236.0,1.0,0
0.0,0.0,-6.0,26.0,0.0,5.0,348.95500000000004,35.26,809.0,1.0,0
0.0,0.0,-14.0,12.0,0.0,1.0,348.95500000000004,38.94,867.0,3.0,0
0.0,0.0,-13.0,14.0,0.0,7.0,348.95500000000004,38.94,2161.0,1.0,0
0.0,0.0,-16.0,12.0,0.0,2.0,289.41,38.94,757.0,1.0,0
0.0,0.0,-15.0,10.0,0.0,4.0,348.95500000000004,36.15,1892.0,4.0,0
0.0,0.0,-20.0,6.0,0.0,5.0,348.95500000000004,17.02,1056.0,1.0,0
0.0,0.0,-16.0,8.0,0.0,1.0,205.87,26.87,2188.0,2.0,0
0.0,0.0,-17.0,4.0,0.0,2.0,348.95500000000004,13.2,388.0,1.0,0
0.0,0.0,-18.0,9.0,0.0,8.0,263.76,14.76,300.0,1.0,0
0.0,0.0,-17.0,8.0,0.0,8.0,348.95500000000004,21.4,1125.0,3.0,0
0.0,0.0,-18.0,6.0,0.0,6.0,348.95500000000004,20.9,2329.0,1.0,0
0.0,0.0,-37.0,13.0,0.0,1.0,222.71,23.71,234.0,1.0,0
0.0,0.0,-18.0,4.0,0.0,10.0,348.95500000000004,15.69,1654.0,3.0,0
0.0,0.0,-15.0,13.0,0.0,5.0,348.95500000000004,38.94,1853.0,3.0,0
0.0,0.0,-5.0,17.0,0.0,3.0,348.95500000000004,38.94,332.0,1.0,0
0.0,0.0,-9.0,18.0,0.0,10.0,215.5,38.94,1054.0,2.0,0
0.0,0.0,-16.0,6.0,0.0,8.0,278.47,38.94,345.0,1.0,0
0.0,0.0,-6.0,19.0,0.0,1.0,206.87,31.97,830.0,4.0,0
0.0,0.0,-18.0,8.0,0.0,18.0,348.95500000000004,38.94,1726.0,5.0,0
0.0,0.0,-14.0,11.0,0.0,10.0,348.95500000000004,38.94,1176.0,3.0,0
0.0,0.0,-4.0,21.0,0.0,8.0,348.95500000000004,38.94,1800.0,7.0,0
0.0,0.0,-9.0,24.0,0.0,5.0,259.96,23.97,514.0,2.0,0
0.0,0.0,-17.0,7.0,0.0,1.0,348.95500000000004,38.94,1297.0,1.0,0
0.0,0.0,-15.0,8.0,0.0,2.0,210.99,16.99,1355.0,1.0,0
0.0,0.0,-15.0,7.0,0.0,5.0,283.32,22.32,783.0,1.0,0
0.0,0.0,-6.0,17.0,0.0,1.0,241.93,22.03,282.0,1.0,1
0.0,0.0,-5.0,13.0,0.0,4.0,230.6,33.61,1156.0,2.0,0
0.0,0.0,-11.0,11.0,0.0,10.0,348.95500000000004,24.59,3893.0,1.0,0
0.0,0.0,-12.0,15.0,0.0,6.0,184.0,15.0,652.0,3.0,0
0.0,0.0,-7.0,12.0,0.0,6.0,186.82,16.82,514.0,2.0,0
0.0,0.0,-13.0,4.0,0.0,4.0,348.95500000000004,38.81,1270.0,3.0,0
0.0,0.0,-18.0,14.0,0.0,1.0,348.95500000000004,19.7,625.0,1.0,0
0.0,0.0,-6.0,13.0,0.0,10.0,348.95500000000004,38.94,866.0,6.0,1
0.0,0.0,-14.0,8.0,0.0,3.0,348.95500000000004,38.94,1291.0,4.0,1
0.0,0.0,-17.0,12.0,0.0,2.0,216.28,16.28,608.0,1.0,0
0.0,0.0,-15.0,6.0,0.0,1.0,229.0,20.0,1246.0,1.0,0
0.0,0.0,-13.0,10.0,0.0,1.0,294.75,24.76,1172.0,3.0,0
0.0,0.0,-39.0,9.0,0.0,1.0,348.95500000000004,17.66,625.0,1.0,0
0.0,0.0,-6.0,19.0,0.0,8.0,348.95500000000004,34.51,3611.0,4.0,0
0.0,0.0,-17.0,6.0,0.0,8.0,348.95500000000004,38.94,617.0,1.0,1
0.0,0.0,-19.0,9.0,0.0,5.0,348.95500000000004,33.95,714.5,1.0,1
0.0,0.0,-13.0,9.0,0.0,8.0,348.95500000000004,18.65,536.0,3.0,0
0.0,0.0,-8.0,19.0,0.0,3.0,215.15,15.15,608.0,1.0,0
0.0,0.0,-4.0,11.0,0.0,8.0,348.95500000000004,11.36,1586.0,1.0,0
0.0,0.0,-12.0,12.0,0.0,10.0,348.95500000000004,30.22,327.0,4.0,0
0.0,0.0,-15.0,10.0,0.0,12.0,348.95500000000004,38.94,704.0,1.6666666666666667,1
0.0,0.0,-14.0,8.0,0.0,6.0,317.85,17.86,2165.0,2.0,1
0.0,0.0,-1.0,27.0,0.0,1.0,348.95500000000004,38.94,556.0,1.0,0
0.0,0.0,-3.0,22.0,0.0,10.0,348.95500000000004,33.22,1125.0,6.0,0
0.0,0.0,-5.0,23.0,0.0,3.0,307.14,27.24,584.0,2.0,0
0.0,0.0,7.0,29.0,1.0,10.0,296.61,16.71,820.0,1.0,0
0.0,0.0,-16.0,7.0,0.0,1.0,270.54,38.94,395.0,2.0,0
0.0,0.0,-10.0,18.0,0.0,2.0,348.95500000000004,21.59,913.0,3.0,0
0.0,0.0,-28.0,12.0,0.0,1.0,348.95500000000004,38.94,426.0,7.0,0
0.0,0.0,-6.0,15.0,0.0,3.0,348.95500000000004,34.69,2352.0,3.0,0
0.0,0.0,-8.0,15.0,0.0,4.0,267.16,38.94,1289.0,3.0,0
0.0,0.0,-3.0,23.0,0.0,10.0,257.83,17.93,426.0,2.0,0
0.0,0.0,-24.0,7.0,0.0,5.0,276.47,16.57,649.0,3.0,0
0.0,0.0,7.0,53.0,1.0,8.0,348.95500000000004,17.55,1338.0,2.0,0
0.0,0.0,-16.0,7.0,0.0,1.0,348.95500000000004,38.94,1002.0,3.0,1
0.0,0.0,-25.0,9.0,0.0,8.0,334.59,18.69,207.0,1.0,1
0.0,0.0,-4.0,22.0,0.0,7.0,348.95500000000004,31.9,429.0,7.0,0
0.0,0.0,-18.0,14.0,0.0,10.0,348.95500000000004,18.89,3121.0,4.0,0
0.0,0.0,-8.0,2.0,0.0,3.0,348.95500000000004,10.8,1015.0,1.0,0
0.0,0.0,-22.0,1.0,0.0,3.0,339.56,9.57,1690.0,1.0,0
0.0,0.0,-9.0,18.0,0.0,6.0,266.0,16.5,274.0,4.0,0
0.0,0.0,-21.0,7.0,0.0,1.0,226.66,38.94,796.0,3.0,0
0.0,0.0,-19.0,7.0,0.0,10.0,348.95500000000004,38.94,640.0,4.0,0
0.0,0.0,-10.0,6.0,0.0,10.0,271.64,29.75,1092.5,1.0,1
0.0,0.0,-12.0,10.0,0.0,10.0,348.95500000000004,18.14,850.0,1.0,0
0.0,0.0,-16.0,4.0,0.0,1.0,347.89,17.99,1024.0,1.0,0
0.0,0.0,-5.0,6.0,0.0,5.0,348.95500000000004,32.96,459.5,1.0,1
0.0,0.0,-12.0,16.0,0.0,7.0,348.95500000000004,23.21,872.0,2.0,1
0.0,0.0,-14.0,11.0,0.0,8.0,348.95500000000004,18.36,980.0,1.0,0
0.0,0.0,-15.0,14.0,0.0,1.0,259.33,38.94,421.0,2.0,1
0.0,0.0,-10.0,15.0,0.0,2.0,263.66,34.66,776.0,2.0,0
0.0,0.0,-6.0,18.0,0.0,2.0,265.31,35.41,852.0,3.0,0
0.0,0.0,-9.0,13.0,0.0,10.0,348.95500000000004,19.9,527.0,1.0,0
0.0,0.0,-22.0,9.0,0.0,10.0,285.34,38.94,487.0,1.0,0
0.0,0.0,-12.0,19.0,0.0,3.0,229.63,29.73,325.0,1.0,0
0.0,0.0,-36.0,8.0,0.0,10.0,348.95500000000004,38.94,757.5,2.5,0
0.0,0.0,-16.0,13.0,0.0,4.0,206.77,31.87,1988.0,3.0,0
0.0,0.0,-16.0,9.0,0.0,5.0,348.95500000000004,23.21,872.0,2.0,0
0.0,0.0,-16.0,8.0,0.0,4.0,244.4,29.9,1484.0,5.0,0
0.0,0.0,7.0,30.0,1.0,3.0,215.05,15.15,200.0,2.0,1
0.0,0.0,-18.0,8.0,0.0,9.0,348.95500000000004,36.77,719.0,6.0,0
0.0,0.0,-15.0,6.0,0.0,10.0,279.74,24.78,489.5,1.0,0
0.0,0.0,-8.0,4.0,0.0,8.0,348.95500000000004,16.32,1453.0,1.0,1
0.0,0.0,-4.0,6.0,0.0,3.0,348.95500000000004,24.089999999999996,918.6666666666666,1.0,1
0.0,0.0,15.0,40.0,1.0,10.0,197.64,38.94,621.0,1.0,1
0.0,0.0,5.0,36.0,1.0,8.0,334.98,34.98,668.0,1.0,0
0.0,0.0,-23.0,15.0,0.0,5.0,348.95500000000004,38.94,606.0,2.0,0
0.0,0.0,-15.0,15.0,0.0,8.0,308.24,38.94,341.0,2.0,0
0.0,0.0,-12.0,20.0,0.0,8.0,348.95500000000004,38.94,3632.0,4.0,0
0.0,0.0,-9.0,13.0,0.0,10.0,264.59,19.59,528.0,2.0,0
0.0,0.0,-22.0,16.0,0.0,7.0,344.74,38.94,2043.0,5.0,0
0.0,0.0,-6.0,9.0,0.0,10.0,348.95500000000004,26.25,556.0,1.0,0
0.0,0.0,-4.0,26.0,0.0,12.0,327.5,27.6,1682.0,1.0,0
0.0,0.0,-14.0,6.0,0.0,4.0,348.95500000000004,17.02,644.0,1.0,0
0.0,0.0,5.0,23.0,1.0,1.0,348.95500000000004,16.26,1162.0,1.0,1
0.0,0.0,-15.0,9.0,0.0,5.0,239.68,38.94,365.0,2.0,0
0.0,0.0,-21.0,8.0,0.0,2.0,348.95500000000004,38.94,240.0,1.0,0
0.0,0.0,-17.0,9.0,0.0,8.0,267.88,27.98,654.0,1.0,0
0.0,0.0,-18.0,6.0,0.0,6.0,267.51,15.51,1042.0,1.0,0
0.0,0.0,-10.0,4.0,0.0,3.0,266.75,16.85,601.0,2.0,0
0.0,0.0,-19.0,11.0,0.0,5.0,348.95500000000004,17.91,2498.0,1.0,0
0.0,0.0,-24.0,6.0,0.0,10.0,348.95500000000004,38.94,1176.0,6.0,0
0.0,0.0,14.0,35.0,1.0,2.0,216.18,38.94,658.0,3.0,1
0.0,0.0,-10.0,7.0,0.0,2.0,227.48,27.48,635.0,1.0,0
0.0,0.0,-13.0,13.0,0.0,2.0,195.0,16.0,2162.0,1.0,1
0.0,0.0,-11.0,1.0,0.0,6.0,241.17,38.94,698.0,1.0,0
0.0,0.0,-1.0,19.0,0.0,1.0,348.95500000000004,35.93,268.0,2.0,0
0.0,0.0,-13.0,13.0,0.0,6.0,348.95500000000004,18.95,582.0,3.0,0
0.0,0.0,-13.0,11.0,0.0,3.0,348.95500000000004,18.16,1657.0,3.0,1
0.0,0.0,-13.0,1.0,0.0,10.0,233.92,9.92,279.0,1.0,0
0.0,0.0,-11.0,14.0,0.0,10.0,348.95500000000004,33.51,761.0,2.0,0
0.0,0.0,-13.0,3.0,0.0,8.0,348.95500000000004,11.61,473.0,1.0,0
0.0,0.0,-16.0,8.0,0.0,8.0,235.41,16.41,738.0,4.0,0
0.0,0.0,-17.0,7.0,0.0,10.0,348.95500000000004,25.59,514.0,1.0,0
0.0,0.0,19.0,48.0,1.0,1.0,348.95500000000004,10.29,404.0,3.0,1
0.0,0.0,-20.0,13.0,0.0,1.0,232.54,22.55,516.0,1.0,0
0.0,0.0,-19.0,9.0,0.0,8.0,248.28,23.28,619.0,1.0,0
0.0,0.0,-19.0,16.0,0.0,1.0,348.95500000000004,38.94,2219.0,4.0,0
0.0,0.0,-12.0,6.0,0.0,2.0,258.33,38.94,417.0,2.0,0
0.0,0.0,-14.0,4.0,0.0,10.0,348.95500000000004,38.94,402.0,1.0,0
0.0,0.0,-6.0,1.0,0.0,10.0,309.41,9.51,435.0,1.0,0
0.0,0.0,-29.0,23.0,0.0,8.0,248.92,38.94,236.0,1.0,0
0.0,0.0,-7.0,12.0,0.0,8.0,348.95500000000004,38.94,1350.0,1.0,1
0.0,0.0,-8.0,18.0,0.0,10.0,348.95500000000004,25.15,2027.0,4.0,0
0.0,0.0,-24.0,16.0,0.0,10.0,331.4,21.41,2582.0,3.0,1
0.0,0.0,-14.0,8.0,0.0,1.0,348.95500000000004,37.019999999999996,1219.0,3.0,0
0.0,0.0,-9.0,15.0,0.0,1.0,348.95500000000004,38.94,1176.0,3.0,0
0.0,0.0,-8.0,28.0,0.0,6.0,307.43,22.44,756.0,1.0,0
0.0,0.0,-12.0,15.0,0.0,1.0,263.87,13.88,393.0,1.0,0
0.0,0.0,-7.0,8.0,0.0,1.0,238.56,38.94,1396.0,2.0,1
0.0,0.0,-13.0,9.0,0.0,1.0,236.24,16.3,3745.0,6.0,0
0.0,0.0,-14.0,4.0,0.0,2.0,348.95500000000004,14.62,1462.0,1.0,0
0.0,0.0,-32.0,12.0,0.0,3.0,348.95500000000004,25.79,388.0,2.0,0
0.0,0.0,-29.0,12.0,0.0,6.0,219.18,19.28,446.0,5.0,0
0.0,0.0,-7.0,7.0,0.0,8.0,278.67,13.67,270.0,5.0,0
0.0,0.0,1.0,18.0,1.0,20.0,348.95500000000004,36.31,293.0,1.0,1
0.0,0.0,6.0,27.0,1.0,3.0,348.95500000000004,38.94,266.5,1.0,0
0.0,0.0,-15.0,9.0,0.0,3.0,348.95500000000004,23.82,1201.0,1.0,0
0.0,0.0,-22.0,14.0,0.0,8.0,262.24,24.25,832.0,1.0,0
0.0,0.0,-28.0,7.0,0.0,10.0,348.95500000000004,38.94,606.0,2.0,0
0.0,0.0,-7.0,5.0,0.0,1.0,235.83,16.83,216.0,3.0,0
0.0,0.0,-2.0,7.0,0.0,2.0,308.8,38.94,1237.0,5.0,0
0.0,0.0,-11.0,17.0,0.0,1.0,348.95500000000004,33.83,1447.0,5.0,1
0.0,0.0,-27.0,5.0,0.0,8.0,230.52,38.94,178.0,1.0,1
0.0,0.0,-17.0,20.0,0.0,8.0,348.95500000000004,19.73,904.0,1.0,1
0.0,0.0,-20.0,11.0,0.0,1.0,348.95500000000004,38.94,1105.0,1.0,0
0.0,0.0,6.0,42.0,1.0,1.0,348.95500000000004,38.94,1398.0,1.0,1
0.0,0.0,-6.0,21.0,0.0,5.0,348.95500000000004,38.94,574.0,2.0,0
0.0,0.0,-13.0,18.0,0.0,10.0,348.95500000000004,28.29,217.0,3.0,1
0.0,0.0,-21.0,13.0,0.0,4.0,257.25,19.25,330.0,1.0,1
0.0,0.0,-15.0,11.0,0.0,10.0,348.95500000000004,21.29,1771.0,3.0,0
0.0,0.0,-4.0,2.0,0.0,2.0,259.81,9.91,1281.0,3.0,0
0.0,0.0,-20.0,7.0,0.0,3.0,218.27,19.27,613.0,4.0,0
0.0,0.0,-22.0,4.0,0.0,1.0,302.3,38.94,225.0,3.0,0
0.0,0.0,-11.0,11.0,0.0,1.0,348.95500000000004,24.19,983.0,2.0,0
0.0,0.0,-24.0,4.0,0.0,10.0,348.95500000000004,28.18,1849.0,3.0,0
0.0,0.0,-5.0,22.0,0.0,4.0,267.74,38.74,730.0,3.0,0
0.0,0.0,-9.0,3.0,0.0,5.0,247.93,8.93,694.0,1.0,0
0.0,0.0,-26.0,5.0,0.0,1.0,348.95500000000004,38.94,266.0,3.0,0
0.0,0.0,-16.0,6.0,0.0,1.0,348.95500000000004,38.94,1109.0,1.0,0
0.0,0.0,-6.0,9.0,0.0,1.0,210.27,8.67,1057.0,6.0,1
0.0,0.0,-14.0,7.0,0.0,5.0,194.91,15.01,789.0,10.0,0
0.0,0.0,-13.0,8.0,0.0,1.0,348.95500000000004,33.98,520.0,1.0,0
0.0,0.0,-15.0,10.0,0.0,1.0,251.65,22.61,603.0,1.0,0
0.0,0.0,26.0,51.0,1.0,1.0,201.74,21.75,750.0,1.0,1
0.0,0.0,-10.0,5.0,0.0,1.0,348.95500000000004,10.78,614.0,2.0,0
0.0,0.0,-14.0,15.0,0.0,6.0,317.85,17.86,823.0,2.0,0
0.0,0.0,-26.0,18.0,0.0,3.0,187.57,38.94,1058.0,1.0,0
0.0,0.0,-2.0,26.0,0.0,3.0,348.95500000000004,20.4,540.0,1.0,0
0.0,0.0,-12.0,9.0,0.0,3.0,266.89,20.27,1246.0,1.0,0
0.0,0.0,-12.0,17.0,0.0,10.0,311.21,38.94,592.0,2.0,0
0.0,0.0,1.0,26.0,1.0,1.0,295.7,16.7,1620.0,3.0,0
0.0,0.0,-17.0,12.0,0.0,1.0,348.95500000000004,38.94,1247.0,6.0,0
0.0,0.0,-14.0,4.0,0.0,8.0,236.54,16.64,2652.0,9.0,0
0.0,0.0,-15.0,33.0,0.0,1.0,340.5,38.94,1141.0,1.0,0
0.0,0.0,-17.0,4.0,0.0,7.0,348.95500000000004,36.06,162.0,3.0,0
0.0,0.0,-33.0,22.0,0.0,1.0,348.95500000000004,20.39,1534.0,2.0,0
0.0,0.0,-9.0,20.0,0.0,2.6666666666666665,348.95500000000004,38.94,373.0,1.0,1
0.0,0.0,-16.0,10.0,0.0,1.0,182.69,12.69,631.0,2.0,0
0.0,0.0,-18.0,14.0,0.0,4.0,348.95500000000004,37.76,3902.0,7.0,0
0.0,0.0,-6.0,15.0,0.0,8.0,304.47,38.94,604.0,1.3333333333333333,0
0.0,0.0,-22.0,7.0,0.0,1.0,348.95500000000004,38.94,2586.0,3.0,0
0.0,0.0,-3.0,15.0,0.0,5.0,348.95500000000004,13.95,598.0,2.0,0
0.0,0.0,-16.0,9.0,0.0,1.0,337.83,38.94,762.0,3.0,0
0.0,0.0,-8.0,6.0,0.0,5.0,313.85,28.85,1297.0,3.0,0
0.0,0.0,-11.0,22.0,0.0,8.0,236.97,17.97,481.0,1.0,0
0.0,0.0,-7.0,14.0,0.0,5.0,266.4,16.5,420.0,3.0,0
0.0,0.0,-19.0,6.0,0.0,1.0,207.7,13.7,398.0,2.0,0
0.0,0.0,-8.0,4.0,0.0,2.0,257.34,9.36,252.0,1.0,0
0.0,0.0,-14.0,7.0,0.0,3.0,311.82,22.82,1892.0,4.0,0
0.0,0.0,-16.0,7.0,0.0,8.0,348.95500000000004,20.26,1198.0,6.0,0
0.0,0.0,19.0,54.0,1.0,5.0,226.31,38.94,234.0,1.0,1
0.0,0.0,-19.0,10.0,0.0,4.0,216.64,17.64,330.0,1.0,0
0.0,0.0,-18.0,8.0,0.0,8.0,301.77,16.17,549.0,1.0,0
0.0,0.0,-15.0,4.0,0.0,10.0,348.95500000000004,18.14,1801.0,6.0,0
0.0,0.0,-9.0,2.0,0.0,8.0,348.95500000000004,14.04,625.0,1.0,0
0.0,0.0,-13.0,13.0,0.0,3.0,348.95500000000004,38.94,2644.0,6.0,0
0.0,0.0,-5.0,7.0,0.0,10.0,348.95500000000004,18.4,232.0,1.0,0
0.0,0.0,-29.0,16.0,0.0,1.6666666666666667,348.95500000000004,36.86,521.0,3.0,0
0.0,0.0,-20.0,6.0,0.0,1.0,288.76,19.76,261.0,6.0,0
0.0,0.0,-13.0,15.0,0.0,2.0,257.22,38.22,494.0,1.0,0
0.0,0.0,-16.0,9.0,0.0,10.0,267.54,19.54,1588.0,2.0,1
0.0,0.0,-14.0,5.0,0.0,4.0,308.43,38.94,674.0,1.0,1
0.0,0.0,-5.0,8.0,0.0,8.0,348.95500000000004,38.94,133.0,2.0,0
0.0,0.0,-5.0,19.0,0.0,1.0,248.55,18.86,713.0,2.0,0
0.0,0.0,-2.0,26.0,0.0,8.0,348.95500000000004,37.76,3902.0,7.0,0
0.0,0.0,-7.0,18.0,0.0,10.0,348.95500000000004,38.94,148.0,1.0,0
0.0,0.0,1.0,25.0,1.0,4.0,328.73,19.73,1186.0,2.0,0
0.0,0.0,-15.0,4.0,0.0,8.0,252.32,14.33,830.0,1.0,0
0.0,0.0,-24.0,7.0,0.0,10.0,348.95500000000004,38.94,1426.0,1.0,1
0.0,0.0,-16.0,12.0,0.0,8.0,348.95500000000004,38.94,1737.0,4.0,0
0.0,0.0,-11.0,10.0,0.0,1.0,348.95500000000004,22.46,566.0,2.0,0
0.0,0.0,-12.0,9.0,0.0,1.0,348.95500000000004,38.94,1254.0,4.0,0
0.0,0.0,-14.0,5.0,0.0,2.0,348.95500000000004,23.65,167.0,1.0,0
0.0,0.0,-13.0,5.0,0.0,8.0,292.92,38.94,1893.0,1.0,0
0.0,0.0,-13.0,15.0,0.0,8.0,348.95500000000004,38.94,1002.0,3.0,0
0.0,0.0,-8.0,19.0,0.0,10.0,296.61,16.71,629.0,1.0,0
0.0,0.0,36.0,71.0,1.0,1.0,215.11,38.94,829.0,4.0,1
0.0,0.0,-16.0,11.0,0.0,6.0,348.95500000000004,38.94,603.0,1.0,1
0.0,0.0,-14.0,13.0,0.0,2.0,257.43,22.44,1330.0,2.0,0
0.0,0.0,-6.0,9.0,0.0,2.0,348.95500000000004,14.02,1800.0,7.0,0
0.0,0.0,-7.0,11.0,0.0,5.0,248.22,18.32,233.0,3.0,0
0.0,0.0,-7.0,15.0,0.0,5.0,283.67,37.05,1246.0,1.0,0
0.0,0.0,-12.0,11.0,0.0,8.0,348.95500000000004,38.94,1063.0,2.0,0
0.0,0.0,-6.0,4.0,0.0,4.0,348.95500000000004,29.6,786.0,4.0,0
0.0,0.0,-2.0,32.0,0.0,1.0,195.0,17.01,412.0,1.0,0
0.0,0.0,-15.0,15.0,0.0,4.0,218.58,18.68,499.0,1.0,0
0.0,0.0,-12.0,3.0,0.0,1.0,234.05,24.05,1161.0,10.0,0
0.0,0.0,-22.0,16.0,0.0,4.0,194.48,27.49,1456.0,1.0,0
0.0,0.0,-7.0,8.0,0.0,2.0,348.95500000000004,16.67,905.0,1.0,1
0.0,0.0,-13.0,8.0,0.0,5.0,265.84,16.84,1233.0,4.0,0
0.0,0.0,28.0,48.0,1.0,4.0,328.17,28.18,361.0,2.0,1
0.0,0.0,-11.0,24.0,0.0,10.0,213.41,14.41,270.0,1.0,0
0.0,0.0,-16.0,8.0,0.0,1.0,273.25,14.25,547.0,1.0,0
0.0,0.0,-14.0,7.0,0.0,7.0,275.69,16.69,501.0,4.0,0
0.0,0.0,-7.0,17.0,0.0,1.0,260.57,19.57,234.0,1.0,0
0.0,0.0,-22.0,7.0,0.0,1.0,221.7,27.9,455.0,1.0,1
0.6666666666666666,0.6666666666666666,-19.0,8.0,0.0,4.0,1046.8650000000002,73.25999999999999,759.0,2.3333333333333335,1
0.0,0.0,-20.0,12.0,0.0,10.0,304.77,16.77,278.0,1.0,0
0.0,0.0,-13.0,11.0,0.0,1.0,348.95500000000004,13.52,911.0,3.0,0
0.0,0.0,-24.0,9.0,0.0,8.0,348.95500000000004,38.94,2644.0,6.0,0
0.0,0.0,-20.0,9.0,0.0,3.0,336.61,38.94,731.0,1.0,0
0.0,0.0,-9.0,14.0,0.0,2.0,255.6,34.96,919.0,1.0,1
0.0,0.0,-39.0,14.0,0.0,1.0,281.43,38.94,728.0,4.0,0
0.0,0.0,-10.0,2.0,0.0,1.0,234.08,14.09,998.0,1.0,0
0.0,0.0,4.0,26.0,1.0,3.0,318.25,18.35,2795.0,5.0,1
0.0,0.0,-12.0,5.0,0.0,10.0,348.95500000000004,17.76,556.0,1.0,0
0.0,0.0,-11.0,13.0,0.0,10.0,348.95500000000004,38.94,1363.0,2.0,0
0.0,0.0,-12.0,21.0,0.0,1.0,246.04,18.04,1153.0,1.0,0
0.0,0.0,-6.0,9.0,0.0,8.0,348.95500000000004,19.33,1125.0,3.0,0
0.0,0.0,-15.0,6.0,0.0,10.0,348.95500000000004,38.94,2583.0,10.0,0
0.0,0.0,-13.0,11.0,0.0,8.0,348.95500000000004,18.8,1573.0,1.0,1
0.0,0.0,-11.0,27.0,0.0,2.0,251.98,38.94,920.0,1.0,1
0.0,0.0,-14.0,9.0,0.0,4.0,246.26,16.36,236.0,1.0,0
0.0,0.0,-7.0,7.0,0.0,2.0,243.74,9.83,163.0,1.0,0
0.0,0.0,-14.0,23.0,0.0,5.0,348.95500000000004,38.94,674.0,1.0,0
0.0,0.0,-14.0,9.0,0.0,1.0,203.67,12.84,1116.0,1.0,0
0.0,0.0,-15.0,9.0,0.0,8.0,211.77,17.12,784.0,1.0,0
0.0,0.0,-10.0,18.0,0.0,8.0,348.95500000000004,21.56,1070.0,1.0,0
0.0,0.0,-17.0,12.0,0.0,6.0,348.95500000000004,38.94,1447.0,4.0,0
0.0,0.0,-14.0,4.0,0.0,5.0,279.1,24.1,182.0,1.0,0
0.0,0.0,-2.0,22.0,0.0,1.0,297.2,38.94,878.0,1.0,0
0.0,0.0,-22.0,15.0,0.0,1.0,240.45,16.45,279.0,1.0,0
0.0,0.0,-11.0,24.0,0.0,5.0,228.69,29.79,2287.0,1.0,0
0.0,0.0,-24.0,12.0,0.0,10.0,348.95500000000004,38.94,982.0,3.0,0
0.0,0.0,-7.0,22.0,0.0,1.0,241.22,16.32,768.0,1.0,0
0.0,0.0,-20.0,8.0,0.0,5.5,312.2,36.44,606.0,2.0,0
0.0,0.0,-33.0,10.0,0.0,8.0,348.95500000000004,38.94,205.66666666666666,3.6666666666666665,0
0.0,0.0,-18.0,13.0,0.0,2.0,251.29,16.39,500.0,1.0,0
0.0,0.0,-9.0,36.0,0.0,1.0,208.11,38.94,2204.0,1.0,0
0.0,0.0,-12.0,1.0,0.0,1.0,267.5,27.5,1034.0,2.0,0
0.0,0.0,-16.0,15.0,0.0,7.0,348.95500000000004,22.85,625.0,1.0,0
0.0,0.0,-7.0,6.0,0.0,1.0,348.95500000000004,36.26,573.0,5.0,0
0.0,0.0,-6.0,22.0,0.0,10.0,348.95500000000004,38.94,789.5,3.5,0
0.0,0.0,-35.0,10.0,0.0,5.0,229.74,38.94,693.0,1.0,1
0.0,0.0,-15.0,13.0,0.0,10.0,309.35,30.35,500.0,1.0,0
0.0,0.0,-8.0,5.0,0.0,6.0,348.95500000000004,38.94,1793.0,1.0,0
0.0,0.0,-45.0,7.0,0.0,1.0,348.95500000000004,38.94,261.2,1.0,0
0.0,0.0,1.0,32.0,1.0,8.0,348.95500000000004,38.94,542.0,2.0,0
0.0,0.0,-19.0,3.0,0.0,6.0,348.95500000000004,36.269999999999996,193.0,1.0,0
0.0,0.0,12.0,43.0,1.0,1.0,264.12,38.94,434.0,1.0,1
0.0,0.0,-6.0,7.0,0.0,1.0,348.95500000000004,11.19,497.0,1.0,0
0.0,0.0,-11.0,21.0,0.0,1.0,232.0,34.21,908.5,1.0,1
0.0,0.0,-21.0,3.0,0.0,10.0,328.54,38.94,2938.0,1.0,1
0.0,0.0,-21.0,8.0,0.0,10.0,348.95500000000004,38.94,1075.0,1.0,0
0.0,0.0,-20.0,2.0,0.0,5.0,287.53,38.94,661.0,1.75,1
0.0,0.0,-4.0,41.0,0.0,1.0,348.95500000000004,38.94,312.0,1.0,0
0.0,0.0,-22.0,11.0,0.0,3.0,194.48,27.49,1456.0,1.0,0
0.0,0.0,-13.0,17.0,0.0,1.0,270.16,38.94,1893.0,1.0,1
0.0,0.0,-34.0,8.0,0.0,1.0,348.95500000000004,23.23,1064.0,1.0,0
0.0,0.0,-9.0,9.0,0.0,1.0,283.65,23.75,921.0,4.0,0
0.0,0.0,-16.0,12.0,0.0,5.0,287.03,18.03,217.0,3.0,1
0.0,0.0,-6.0,27.0,0.0,8.0,266.5,16.5,268.0,1.0,0
0.0,0.0,-15.0,10.0,0.0,1.0,348.95500000000004,18.56,473.0,1.0,0
0.0,0.0,-12.0,7.0,0.0,10.0,263.8,22.7,603.0,1.0,0
0.0,0.0,-14.0,11.0,0.0,1.0,348.95500000000004,38.94,416.0,4.0,0
0.0,0.0,-13.0,31.0,0.0,4.0,249.76,38.56,444.0,2.0,1
0.0,0.0,-12.0,37.0,0.0,2.0,265.12,31.14,1296.0,1.0,1
0.0,0.0,-11.0,10.0,0.0,1.0,348.95500000000004,38.94,3632.0,4.0,0
0.0,0.0,-19.0,11.0,0.0,1.0,216.15,38.94,1178.0,1.0,0
0.0,0.0,-16.0,5.0,0.0,8.0,348.95500000000004,10.64,501.0,4.0,0
0.0,0.0,-18.0,4.0,0.0,8.0,234.17,24.27,3035.0,1.0,0
0.0,0.0,-21.0,6.0,0.0,10.0,348.95500000000004,38.94,1601.0,5.0,0
0.0,0.0,-17.0,15.0,0.0,7.0,348.95500000000004,18.21,874.0,1.0,0
0.0,0.0,-18.0,4.0,0.0,10.0,280.8,38.94,2052.0,2.0,0
0.0,0.0,-23.0,14.0,0.0,1.0,224.99,35.09,858.0,1.0,0
0.0,0.0,-8.0,6.0,0.0,6.0,348.95500000000004,15.9,765.0,3.0,0
0.0,0.0,-6.0,17.0,0.0,8.0,348.95500000000004,26.85,2179.0,3.0,0
0.0,0.0,-8.0,14.0,0.0,10.0,348.95500000000004,22.17,160.0,1.0,0
0.0,0.0,-14.0,7.0,0.0,2.0,252.38,31.74,919.0,1.0,0
0.0,0.0,-21.0,6.0,0.0,1.0,348.95500000000004,38.94,245.66666666666666,1.0,0
0.0,0.0,-10.0,2.0,0.0,1.0,301.67,38.94,674.0,1.0,0
0.0,0.0,-21.0,12.0,0.0,5.0,348.95500000000004,22.4,912.0,2.0,0
0.0,0.0,-14.0,9.0,0.0,1.0,256.33,16.43,591.0,2.0,0
0.0,0.0,-15.0,4.0,0.0,2.0,220.43,20.46,409.0,1.0,0
0.0,0.0,-16.0,14.0,0.0,10.0,228.79,29.79,330.0,1.0,0
0.0,0.0,-6.0,20.0,0.0,5.0,311.57,38.94,769.0,1.0,0
0.0,0.0,-8.0,42.0,0.0,9.0,342.12,18.5,599.0,1.0,1
0.0,0.0,-19.0,14.0,0.0,1.0,195.12,38.94,1893.0,1.0,0
0.0,0.0,-16.0,20.0,0.0,10.0,267.94,20.97,3354.0,4.0,0
0.0,0.0,-5.0,18.0,0.0,1.0,252.66,38.94,765.0,5.0,0
0.0,0.0,-6.0,15.0,0.0,6.0,348.95500000000004,22.25,357.0,3.0,0
0.0,0.0,-20.0,4.0,0.0,4.0,347.97,18.07,1182.0,2.0,1
0.0,0.0,-8.0,9.0,0.0,3.0,348.95500000000004,19.96,144.0,2.0,1
0.0,0.0,-7.0,13.0,0.0,1.0,293.36,13.46,527.0,1.0,0
0.0,0.0,-12.0,7.0,0.0,1.0,208.68,38.94,662.0,1.0,1
0.0,0.0,-31.0,10.0,0.0,10.0,348.95500000000004,37.45,3121.5,5.5,0
0.0,0.0,-25.0,9.0,0.0,8.0,348.95500000000004,38.94,501.0,4.0,0
0.0,0.0,-9.0,14.0,0.0,4.0,232.43,18.43,750.0,1.0,0
0.0,0.0,-16.0,12.0,0.0,10.0,348.95500000000004,21.66,760.0,4.0,0
0.0,0.0,-14.0,6.0,0.0,5.0,348.95500000000004,26.25,556.0,1.0,0
0.0,0.0,-7.0,18.0,0.0,6.0,348.95500000000004,18.14,850.0,1.0,0
0.0,0.0,-27.0,12.0,0.0,8.0,227.38,27.48,852.0,1.0,0
0.0,0.0,-10.0,2.0,0.0,10.0,334.8,37.8,1281.0,1.0,0
0.0,0.0,-26.0,10.0,0.0,3.0,348.95500000000004,37.77,753.0,2.0,0
0.0,0.0,-19.0,16.0,0.0,3.0,228.8,33.81,408.0,1.0,0
0.0,0.0,-8.0,6.0,0.0,6.0,348.95500000000004,37.56,686.0,6.0,0
0.0,0.0,-19.0,9.0,0.0,5.0,348.95500000000004,21.67,939.0,1.0,0
0.0,0.0,-29.0,23.0,0.0,1.0,298.67,38.94,838.0,2.0,0
0.0,0.0,-23.0,9.0,0.0,4.5,348.95500000000004,23.6,588.0,2.0,0
0.0,0.0,-13.0,13.0,0.0,6.0,327.42,38.94,750.0,4.0,0
0.0,0.0,-4.0,23.0,0.0,1.0,319.88,38.94,888.0,3.5,0
0.0,0.0,-6.0,6.0,0.0,3.0,348.95500000000004,38.94,272.0,1.0,0
0.0,0.0,-15.0,10.0,0.0,1.0,348.95500000000004,38.94,292.0,1.0,0
0.0,0.0,-13.0,17.0,0.0,8.0,330.69,38.94,1181.0,2.0,0
0.0,0.0,-16.0,7.0,0.0,1.0,348.95500000000004,31.03,867.0,3.0,0
0.0,0.0,-20.0,7.0,0.0,1.4,327.17,28.17,2059.0,4.0,0
0.0,0.0,-14.0,15.0,0.0,4.0,348.95500000000004,38.94,1436.0,4.0,0
0.0,0.0,-16.0,5.0,0.0,7.0,348.95500000000004,33.03,1131.0,3.0,0
0.0,0.0,-7.0,14.0,0.0,1.0,255.69,35.7,1180.0,1.0,0
0.0,0.0,-2.0,14.0,0.0,9.0,348.95500000000004,38.94,1190.0,2.0,0
0.0,0.0,-22.0,7.0,0.0,10.0,348.95500000000004,20.75,1482.0,3.0,0
0.0,0.0,-27.0,6.0,0.0,9.0,348.95500000000004,18.99,111.0,1.0,0
0.0,0.0,-14.0,6.0,0.0,9.0,241.15,38.94,993.0,5.0,0
0.0,0.0,-16.0,10.0,0.0,1.0,190.44,30.64,415.0,6.0,1
0.0,0.0,-14.0,12.0,0.0,3.5,348.95500000000004,38.94,639.0,1.0,0
0.0,0.0,-10.0,10.0,0.0,1.0,348.95500000000004,20.41,2644.0,6.0,0
0.0,0.0,-21.0,17.0,0.0,2.0,266.4,16.5,256.0,1.0,0
0.0,0.0,-6.0,6.0,0.0,1.0,348.95500000000004,19.46,1126.0,3.0,0
0.0,0.0,-15.0,17.0,0.0,1.0,193.44,25.44,252.0,1.0,0
0.0,0.0,-26.0,9.0,0.0,4.0,318.14,38.94,339.0,5.0,0
0.0,0.0,-16.0,9.0,0.0,1.0,220.2,38.94,814.0,1.0,0
0.0,0.0,-15.0,11.0,0.0,8.0,348.95500000000004,19.68,706.0,2.0,0
0.0,0.0,-11.0,12.0,0.0,3.0,212.8,12.9,309.0,1.0,0
0.0,0.0,-17.0,4.0,0.0,5.5,240.36,38.94,404.0,1.0,1
0.0,0.0,-29.0,29.0,0.0,1.0,240.82,38.94,886.0,1.0,0
0.0,0.0,-11.0,8.0,0.0,10.0,348.95500000000004,18.29,536.0,3.0,0
0.0,0.0,-15.0,8.0,0.0,6.0,348.95500000000004,29.36,1410.0,2.0,0
0.0,0.0,-13.0,16.0,0.0,3.0,245.67,35.68,516.0,1.0,0
0.0,0.0,8.0,29.0,1.0,8.0,348.95500000000004,26.88,574.0,2.0,1
0.0,0.0,-14.0,10.0,0.0,8.0,266.94,38.94,259.0,1.0,0
0.0,0.0,-8.0,20.0,0.0,2.0,234.39,37.14,381.5,1.0,0
0.0,0.0,-7.0,3.0,0.0,1.0,348.95500000000004,31.74,1527.0,4.0,0
0.0,0.0,-24.0,8.0,0.0,1.0,249.79,20.79,505.0,4.0,0
0.0,0.0,-18.0,15.0,0.0,4.0,304.35,38.94,757.0,1.0,0
0.0,0.0,-37.0,11.0,0.0,8.0,348.95500000000004,27.79,389.0,3.0,0
0.0,0.0,-5.0,6.0,0.0,1.0,348.95500000000004,38.94,563.0,2.0,0
0.0,0.0,-21.0,12.0,0.0,8.0,348.95500000000004,31.23,998.0,3.0,0
0.0,0.0,-10.0,1.0,0.0,8.0,348.95500000000004,11.61,473.0,1.0,0
0.0,0.0,-6.0,14.0,0.0,4.0,305.63,15.63,1287.0,2.0,0
0.0,0.0,-12.0,6.0,0.0,1.0,348.95500000000004,38.94,1952.0,2.0,0
0.0,0.0,-16.0,16.0,0.0,1.0,254.42,15.42,1057.0,1.0,1
0.0,0.0,0.0,23.0,0.0,10.0,185.85,15.95,416.0,7.0,0
0.0,0.0,17.0,50.0,1.0,1.0,348.95500000000004,38.94,1616.0,3.0,0
0.0,0.0,-17.0,11.0,0.0,10.0,348.95500000000004,20.08,588.0,2.0,1
0.0,0.0,-13.0,7.0,0.0,1.0,236.37,38.94,1050.0,1.0,1
0.0,0.0,-10.0,23.0,0.0,1.0,230.15,16.25,582.0,1.0,0
0.0,0.0,-14.0,28.0,0.0,1.0,348.95500000000004,38.94,2178.0,7.0,0
0.0,0.0,-17.0,22.0,0.0,10.0,348.95500000000004,38.94,982.0,3.0,0
0.0,0.0,-15.0,28.0,0.0,24.0,348.95500000000004,38.94,1486.0,2.0,0
0.0,0.0,2.0,26.0,1.0,1.0,206.92,16.09,1116.0,1.0,1
0.0,0.0,-14.0,10.0,0.0,10.0,348.95500000000004,18.88,1674.0,1.0,0
0.0,0.0,-18.0,13.0,0.0,1.0,348.95500000000004,18.22,549.0,2.0,0
0.0,0.0,-17.0,29.0,0.0,8.0,242.84,38.94,3784.0,7.0,1
0.0,0.0,-10.0,26.0,0.0,5.0,348.95500000000004,38.94,729.0,4.0,1
0.0,0.0,-31.0,18.0,0.0,1.0,251.54,38.94,249.0,4.0,0
0.0,0.0,-5.0,4.0,0.0,1.0,246.44,16.46,901.0,1.0,0
0.0,0.0,-18.0,9.0,0.0,10.0,348.95500000000004,18.21,798.0,2.0,0
0.0,0.0,-7.0,7.0,0.0,2.0,270.74,10.75,1487.0,1.0,0
0.0,0.0,-14.0,15.0,0.0,1.0,348.95500000000004,27.68,1009.0,1.0,0
0.0,0.0,-28.0,13.0,0.0,6.0,348.95500000000004,38.94,1554.0,4.0,0
0.0,0.0,-16.0,18.0,0.0,1.0,299.96,38.94,289.0,1.0,0
0.0,0.0,-4.0,2.0,0.0,8.0,312.93,28.23,807.0,1.0,0
0.0,0.0,-8.0,15.0,0.0,3.0,202.5,38.94,341.0,2.0,1
0.0,0.0,-22.0,15.0,0.0,2.0,207.15,38.94,1456.0,1.0,0
0.0,0.0,-11.0,22.0,0.0,10.0,246.37,26.38,162.0,5.0,0
0.0,0.0,-9.0,17.0,0.0,3.0,247.7,38.94,517.0,1.0,0
0.0,0.0,-15.0,14.0,0.0,5.0,254.82,29.83,269.0,4.0,1
0.0,0.0,-9.0,10.0,0.0,7.0,348.95500000000004,14.91,1164.0,1.0,0
0.0,0.0,-1.0,8.0,0.0,2.0,236.7,16.06,919.0,1.0,0
0.0,0.0,-14.0,15.0,0.0,6.0,196.01,22.02,431.0,2.0,0
0.0,0.0,18.0,41.0,1.0,1.0,246.26,16.36,236.0,1.0,0
0.0,0.0,-12.0,10.0,0.0,8.0,261.46,25.66,178.0,1.0,1
0.0,0.0,14.0,29.0,1.0,1.0,348.95500000000004,38.94,171.0,3.0,1
0.0,0.0,-27.0,7.0,0.0,8.0,348.95500000000004,38.94,302.0,1.0,0
0.0,0.0,-23.0,5.0,0.0,8.0,348.95500000000004,20.19,3352.0,5.0,0
0.0,0.0,-11.0,13.0,0.0,8.0,348.95500000000004,38.94,1710.0,2.0,0
0.0,0.0,17.0,42.0,1.0,8.0,343.71,17.05,1472.0,1.0,1
0.0,0.0,-18.0,41.0,0.0,10.0,348.95500000000004,38.94,1352.0,1.0,0
0.0,0.0,-7.0,30.0,0.0,10.0,256.92,38.94,1158.0,1.0,1
0.0,0.0,-8.0,35.0,0.0,2.0,348.95500000000004,20.02,874.0,1.0,0
0.0,0.0,-8.0,15.0,0.0,10.0,348.95500000000004,21.44,1511.0,1.0,0
0.0,0.0,-13.0,24.0,0.0,5.0,305.57,38.94,300.0,1.0,0
0.0,0.0,-12.0,8.0,0.0,10.0,348.95500000000004,38.94,631.0,1.0,0
0.0,0.0,-2.0,18.0,0.0,6.0,319.24,38.94,444.0,1.0,1
0.0,0.0,14.0,33.0,1.0,4.0,348.07,23.07,2644.0,6.0,1
0.0,0.0,-14.0,14.0,0.0,1.0,348.95500000000004,38.94,1120.0,1.0,1
0.0,0.0,-21.0,10.0,0.0,6.0,321.38,38.94,392.0,1.0,0
0.0,0.0,-16.0,9.0,0.0,1.0,348.95500000000004,19.82,214.0,4.0,0
0.0,0.0,3.0,19.0,1.0,1.0,245.44,25.44,68.0,3.0,1
0.0,0.0,-27.0,15.0,0.0,1.0,320.28,38.94,293.0,1.0,1
0.0,0.0,-44.0,9.0,0.0,10.0,348.95500000000004,38.94,1433.0,5.0,0
0.0,0.0,-8.0,2.0,0.0,5.0,348.95500000000004,10.0,708.0,5.0,0
0.0,0.0,-18.0,14.0,0.0,3.0,294.7,16.7,547.0,1.0,1
0.0,0.0,-12.0,14.0,0.0,8.0,348.95500000000004,21.8,876.0,2.0,0
0.0,0.0,-26.0,15.0,0.0,1.0,348.95500000000004,22.68,623.0,1.0,0
0.0,0.0,-13.0,5.0,0.0,2.0,295.8,30.8,270.0,5.0,0
0.0,0.0,-17.0,11.0,0.0,5.0,293.38,38.94,599.0,1.0,0
0.0,0.0,-8.0,6.0,0.0,4.0,348.95500000000004,38.94,357.0,3.0,0
0.0,0.0,-21.0,11.0,0.0,1.0,312.7,38.94,771.0,1.0,0
0.0,0.0,-13.0,14.0,0.0,1.0,348.95500000000004,38.94,1157.0,1.0,1
0.0,0.0,-7.0,8.0,0.0,8.0,348.95500000000004,16.25,765.0,3.0,0
0.0,0.0,-5.0,26.0,0.0,8.0,348.95500000000004,38.94,378.0,2.0,0
0.0,0.0,-16.0,11.0,0.0,1.0,218.96,18.97,1492.0,10.0,0
0.0,0.0,-14.0,9.0,0.0,6.0,215.19,15.49,344.0,3.0,0
0.0,0.0,-28.0,6.0,0.0,4.0,205.07,16.07,965.0,3.0,0
0.0,0.0,5.0,31.0,1.0,6.0,348.95500000000004,38.94,1135.0,5.0,1
0.0,0.0,-22.0,11.0,0.0,10.0,218.54,18.65,279.0,1.0,0
0.0,0.0,-8.0,16.0,0.0,1.0,191.58,21.68,188.0,2.0,0
0.0,0.0,-8.0,9.0,0.0,1.0,348.95500000000004,11.58,1949.0,2.0,1
0.0,0.0,-27.0,13.0,0.0,1.0,348.95500000000004,38.94,1309.0,3.0,0
0.0,0.0,-21.0,5.0,0.0,1.0,214.11,15.11,330.0,1.0,0
0.0,0.0,-8.0,16.0,0.0,1.0,348.95500000000004,38.94,653.0,3.0,0
0.0,0.0,-11.0,1.0,0.0,1.0,348.95500000000004,27.73,396.0,1.0,0
0.0,0.0,-13.0,6.0,0.0,8.0,348.95500000000004,16.76,1813.0,3.0,0
0.0,0.0,-6.0,5.0,0.0,2.0,314.66,14.76,344.0,2.0,0
0.0,0.0,-16.0,10.0,0.0,6.0,348.95500000000004,28.04,1199.0,3.0,0
0.0,0.0,-19.0,13.0,0.0,2.0,348.95500000000004,22.74,1102.0,2.0,1
0.0,0.0,-15.0,8.0,0.0,2.0,205.97000000000003,17.97,508.0,3.0,0
0.0,0.0,-19.0,20.0,0.0,10.0,348.95500000000004,38.94,792.0,1.0,1
0.0,0.0,-5.0,13.0,0.0,7.0,241.61,14.61,292.0,1.0,0
0.0,0.0,-9.0,12.0,0.0,1.0,333.63,13.63,711.0,1.0,0
0.0,0.0,-6.0,22.0,0.0,15.0,322.96,23.96,2043.0,5.0,0
0.0,0.0,-24.0,22.0,0.0,1.0,192.45,38.94,461.0,3.0,0
0.0,0.0,-12.0,10.0,0.0,3.0,270.88,15.88,1313.0,1.0,0
0.0,0.0,-1.0,33.0,0.0,8.0,348.95500000000004,18.87,644.0,1.0,0
0.0,0.0,-23.0,22.0,0.0,5.0,348.95500000000004,38.94,1190.0,2.0,0
0.0,0.0,-12.0,22.0,0.0,1.0,348.95500000000004,38.94,1105.0,1.0,0
0.0,0.0,-6.0,4.0,0.0,10.0,348.95500000000004,30.12,3200.0,4.0,0
0.0,0.0,-35.0,6.0,0.0,6.0,224.8,38.94,508.3333333333333,2.6666666666666665,1
0.0,0.0,-16.0,8.0,0.0,5.0,318.43,38.94,196.5,1.0,0
0.0,0.0,-7.0,33.0,0.0,6.0,348.95500000000004,38.94,3120.0,1.0,0
0.0,0.0,-15.0,8.0,0.0,10.0,257.45,30.38,839.0,1.0,0
0.0,0.0,1.0,24.0,1.0,6.0,330.04,21.04,366.0,1.0,0
0.0,0.0,-15.0,10.0,0.0,2.0,235.39,19.39,676.0,2.0,0
0.0,0.0,-16.0,5.0,0.0,2.0,228.87,26.87,1253.0,2.0,1
0.0,0.0,-17.0,11.0,0.0,1.0,332.58,38.94,597.0,1.0,0
0.0,0.0,-15.0,10.0,0.0,1.0,190.48000000000002,23.49,1456.0,1.0,0
0.0,0.0,-21.0,12.0,0.0,1.5,348.95500000000004,38.94,556.0,4.0,0
0.0,0.0,-21.0,18.0,0.0,1.0,348.95500000000004,38.94,243.0,1.0,0
0.0,0.0,-10.0,3.0,0.0,1.0,348.95500000000004,13.86,2242.0,2.0,0
0.0,0.0,-15.0,8.0,0.0,10.0,317.56,22.56,579.0,1.0,0
0.0,0.0,-21.0,6.0,0.0,2.0,233.83,38.94,694.0,3.5,1
0.0,0.0,1.0,31.0,1.0,1.0,334.98,34.98,2894.0,1.0,0
0.0,0.0,-12.0,13.0,0.0,6.0,348.95500000000004,21.73,3319.0,6.0,0
0.0,0.0,-17.0,8.0,0.0,1.0,348.95500000000004,19.05,1455.0,1.0,0
0.0,0.0,-8.0,7.0,0.0,10.0,348.95500000000004,29.86,753.0,2.0,0
0.0,0.0,-15.0,8.0,0.0,1.0,201.82,12.82,232.0,1.0,0
0.0,0.0,-1.0,28.0,0.0,12.0,348.95500000000004,38.94,3632.0,4.0,0
0.0,0.0,-28.0,13.0,0.0,3.0,344.62,38.94,540.0,3.0,1
0.0,0.0,-21.0,11.0,0.0,1.0,247.48,19.48,1153.0,1.0,0
0.0,0.0,-44.0,12.0,0.0,10.0,280.0,30.0,756.0,1.0,0
0.0,0.0,-11.0,7.0,0.0,6.0,343.71,13.71,2644.0,6.0,0
0.0,0.0,6.0,36.0,1.0,4.0,348.95500000000004,38.94,884.0,1.0,1
0.0,0.0,-19.0,8.0,0.0,8.0,348.95500000000004,38.94,1552.0,5.0,0
0.0,0.0,-15.0,12.0,0.0,1.0,233.55,14.55,608.0,1.0,0
0.0,0.0,0.0,14.0,0.0,4.0,348.95500000000004,31.85,942.0,6.5,0
0.0,0.0,-41.0,9.0,0.0,4.0,348.95500000000004,26.6,1384.0,3.0,0
0.0,0.0,-11.0,7.0,0.0,2.0,348.95500000000004,14.7,1499.0,1.0,0
0.0,0.0,-4.0,28.0,0.0,3.0,253.05,38.94,750.0,1.0,0
0.0,0.0,-27.0,14.0,0.0,1.0,339.8,38.94,226.0,6.0,1
0.0,0.0,-18.0,1.0,0.0,8.0,313.11,13.12,1139.0,3.0,0
0.0,0.0,13.0,56.0,1.0,10.0,348.95500000000004,38.94,1190.0,2.0,1
0.0,0.0,-9.0,14.0,0.0,7.0,287.42,17.52,335.0,3.0,0
0.0,0.0,-19.0,18.0,0.0,1.0,242.59,27.59,516.0,1.0,0
0.0,0.0,-11.0,6.0,0.0,8.0,249.52,29.72,314.0,2.0,0
0.0,0.0,-15.0,8.0,0.0,2.0,256.33,16.43,1715.0,4.0,0
0.0,0.0,-8.0,19.0,0.0,2.0,348.95500000000004,19.95,850.0,1.0,0
0.0,0.0,-1.0,29.0,0.0,1.0,294.76,24.76,1628.0,6.0,0
0.0,0.0,-20.0,13.0,0.0,7.0,348.95500000000004,38.94,1176.0,3.0,0
0.0,0.0,-11.0,20.0,0.0,1.0,348.95500000000004,38.94,1398.0,1.0,0
0.0,0.0,-12.0,11.0,0.0,4.0,348.95500000000004,20.59,912.0,2.0,1
0.0,0.0,-21.0,11.0,0.0,1.0,348.95500000000004,38.94,1285.0,1.0,0
0.0,0.0,-7.0,7.0,0.0,8.0,348.95500000000004,13.08,474.0,3.0,0
0.0,0.0,14.0,37.0,1.0,4.0,194.48,27.49,1456.0,1.0,1
0.0,0.0,-15.0,7.0,0.0,5.0,348.95500000000004,15.88,2846.0,3.0,0
0.0,0.0,-20.0,16.0,0.0,8.0,348.95500000000004,18.43,329.0,1.0,0
0.0,0.0,-8.0,14.0,0.0,10.0,221.98,32.08,317.0,3.0,0
0.0,0.0,-21.0,26.0,0.0,4.0,314.84,16.84,2165.0,2.0,0
0.0,0.0,-30.0,17.0,0.0,8.0,348.95500000000004,38.94,425.0,1.0,0
0.0,0.0,-13.0,8.0,0.0,1.0,252.38,31.74,919.0,1.0,0
0.0,0.0,-9.0,12.0,0.0,10.0,348.95500000000004,38.94,1180.0,1.0,0
0.0,0.0,-7.0,22.0,0.0,5.0,348.95500000000004,32.17,1102.0,1.5,0
0.0,0.0,-10.0,14.0,0.0,3.0,233.83,34.93,487.0,3.0,0
0.0,0.0,10.0,44.0,1.0,8.0,243.26,33.27,708.0,2.0,1
0.0,0.0,1.0,27.0,1.0,8.0,348.95500000000004,35.73,1436.0,4.0,0
0.0,0.0,-19.0,3.0,0.0,10.0,348.95500000000004,19.34,559.0,1.0,0
0.0,0.0,-23.0,15.0,0.0,1.0,348.95500000000004,38.94,801.0,1.0,0
0.0,0.0,-8.0,2.0,0.0,7.0,212.59,12.6,940.0,1.0,0
0.0,0.0,-6.0,16.0,0.0,10.0,348.95500000000004,23.44,1801.0,6.0,1
0.0,0.0,-21.0,11.0,0.0,10.0,348.95500000000004,38.94,1582.0,1.0,0
0.0,0.0,9.0,31.0,1.0,4.0,218.35,18.65,344.0,3.0,1
0.0,0.0,-21.0,6.0,0.0,7.0,348.95500000000004,38.94,3188.0,6.0,0
0.0,0.0,-4.0,22.0,0.0,1.0,348.95500000000004,27.55,2644.0,6.0,0
0.0,0.0,-14.0,21.0,0.0,10.0,348.95500000000004,31.58,452.0,1.0,0
0.0,0.0,-20.0,14.0,0.0,6.0,309.99,30.99,472.0,4.0,0
0.0,0.0,-15.0,9.0,0.0,3.0,233.09,38.94,998.0,3.0,1
0.0,0.0,-21.0,14.0,0.0,1.0,203.7,38.7,606.0,2.0,0
0.0,0.0,-41.0,14.0,0.0,8.0,348.95500000000004,24.52,657.0,1.0,1
0.0,0.0,5.0,33.0,1.0,7.0,348.95500000000004,19.44,612.0,3.0,1
0.0,0.0,-15.0,7.0,0.0,8.0,239.34,19.34,820.0,5.0,0
0.0,0.0,-3.0,9.0,0.0,5.0,348.95500000000004,25.45,531.0,1.0,0
0.0,0.0,0.0,13.0,0.0,10.0,348.95500000000004,31.03,209.0,2.0,1
0.0,0.0,-21.0,9.0,0.0,5.0,279.46,29.66,298.5,1.0,1
0.0,0.0,6.0,26.0,1.0,4.0,218.27,19.27,1052.0,6.0,1
0.0,0.0,-23.0,22.0,0.0,1.0,317.4,38.94,1511.0,4.0,0
0.0,0.0,-34.0,10.0,0.0,1.0,348.95500000000004,20.19,2644.0,6.0,0
0.0,0.0,9.0,37.0,1.0,1.0,348.95500000000004,38.94,1176.0,3.0,0
0.0,0.0,-28.0,26.0,0.0,5.0,289.51,38.94,900.0,2.0,1
0.0,0.0,-8.0,19.0,0.0,1.0,348.95500000000004,24.97,2715.0,2.0,0
0.0,0.0,-8.0,19.0,0.0,6.0,266.68,38.94,341.0,2.0,1
0.0,0.0,-10.0,8.0,0.0,1.0,348.95500000000004,13.55,925.0,2.0,0
0.0,0.0,-12.0,10.0,0.0,3.0,237.63,17.73,481.0,4.0,0
0.0,0.0,-10.0,10.0,0.0,10.0,348.95500000000004,34.78,269.0,1.0,1
0.0,0.0,-21.0,7.0,0.0,1.0,249.49,19.49,677.0,1.0,0
0.0,0.0,-12.0,3.0,0.0,10.0,335.47,10.47,2644.0,6.0,0
0.0,0.0,-32.0,18.0,0.0,6.0,348.95500000000004,36.05,738.0,5.0,0
0.0,0.0,-5.0,3.0,0.0,1.0,348.95500000000004,38.94,1527.0,4.0,0
0.0,0.0,-15.0,8.0,0.0,1.0,251.54,38.94,946.6666666666666,1.6666666666666667,1
0.0,0.0,-17.0,17.0,0.0,1.0,280.08,38.94,1180.0,1.0,0
0.0,0.0,-21.0,10.0,0.0,2.0,210.92,17.12,455.0,1.0,0
0.0,0.0,-10.0,22.0,0.0,9.0,348.95500000000004,38.94,1211.0,5.0,0
0.0,0.0,-53.0,3.0,0.0,10.0,292.26,38.69,1479.0,1.0,0
0.0,0.0,-16.0,6.0,0.0,8.0,233.38,19.3,297.0,1.0,1
0.0,0.0,-17.0,17.0,0.0,10.0,348.95500000000004,38.94,2083.0,3.0,1
0.0,0.0,-8.0,4.0,0.0,1.0,239.6,38.94,408.0,1.0,0
0.0,0.0,-16.0,2.0,0.0,2.0,249.41,10.42,427.0,1.0,0
0.0,0.0,-23.0,10.0,0.0,10.0,348.95500000000004,38.94,1441.0,1.0,0
0.0,0.0,-8.0,13.0,0.0,8.0,348.95500000000004,23.8,829.0,1.0,0
0.0,0.0,-6.0,7.0,0.0,2.0,289.21,31.2,401.0,1.0,1
0.0,0.0,-6.0,14.0,0.0,4.0,310.65,38.94,245.0,1.0,0
0.0,0.0,-14.0,5.0,0.0,10.0,297.02,38.94,703.2857142857143,1.0,1
0.0,0.0,-7.0,12.0,0.0,1.0,328.6,13.7,553.0,1.0,0
0.0,0.0,3.0,22.0,1.0,10.0,269.53,19.63,584.0,1.0,1
0.0,0.0,-6.0,15.0,0.0,1.0,265.99,17.99,276.0,1.0,0
0.0,0.0,-18.0,8.0,0.0,1.0,341.02,16.02,2644.0,6.0,0
0.0,0.0,-7.0,14.0,0.0,1.0,215.05,15.15,1479.0,2.0,0
0.0,0.0,-13.0,9.0,0.0,4.0,348.95500000000004,38.94,864.0,3.0,0
0.0,0.0,-24.0,4.0,0.0,2.0,308.45,19.45,645.0,1.0,0
0.0,0.0,-21.0,10.0,0.0,1.0,348.95500000000004,23.46,383.0,1.0,0
0.0,0.0,-4.0,14.0,0.0,6.0,348.95500000000004,32.99,1447.0,5.0,0
0.0,0.0,-22.0,12.0,0.0,2.0,314.54,38.94,606.0,2.0,0
0.0,0.0,-10.0,15.0,0.0,1.0,348.95500000000004,38.94,1394.0,1.0,0
0.0,0.0,-26.0,7.0,0.0,10.0,348.95500000000004,27.55,2644.0,6.0,0
0.0,0.0,-14.0,9.0,0.0,10.0,348.95500000000004,38.94,868.0,2.0,0
0.0,0.0,-10.0,16.0,0.0,1.0,235.4,38.94,1893.0,1.0,0
0.0,0.0,8.0,38.0,1.0,4.0,348.95500000000004,38.94,1932.0,5.0,1
0.0,0.0,-25.0,4.0,0.0,10.0,299.34,38.94,776.0,1.0,0
0.0,0.0,-15.0,14.0,0.0,4.0,348.95500000000004,29.03,869.0,7.0,0
0.0,0.0,-16.0,17.0,0.0,1.0,190.48,23.49,1456.0,1.0,0
0.0,0.0,-20.0,8.0,0.0,3.0,348.95500000000004,34.65,1258.5,2.0,0
0.0,0.0,2.0,25.0,1.0,1.0,348.95500000000004,38.94,1347.0,5.0,0
0.0,0.0,-26.0,3.0,0.0,2.0,314.43,15.43,1479.0,3.0,0
0.0,0.0,-17.0,18.0,0.0,1.0,220.79,21.79,330.0,1.0,0
0.0,0.0,-19.0,4.0,0.0,3.0,308.57,24.57,1277.0,1.0,0
0.0,0.0,-15.0,15.0,0.0,8.0,237.59,22.59,516.0,1.0,0
0.0,0.0,-11.0,11.0,0.0,2.0,216.83,23.93,2304.0,5.0,0
0.0,0.0,6.0,36.0,1.0,10.0,285.91,38.94,355.0,2.0,0
0.0,0.0,-11.0,12.0,0.0,10.0,228.86,38.94,252.0,1.0,1
0.0,0.0,-14.0,11.0,0.0,10.0,304.7,26.7,731.0,1.0,0
0.0,0.0,-15.0,19.0,0.0,1.0,195.12,38.94,1893.0,1.0,0
0.0,0.0,-12.0,9.0,0.0,1.0,226.9,13.0,582.0,1.0,1
0.0,0.0,-10.0,27.0,0.0,3.0,265.98,16.5,138.0,1.0,0
0.0,0.0,-4.0,31.0,0.0,10.0,264.54,24.55,1001.0,1.0,0
0.0,0.0,-11.0,24.0,0.0,10.0,348.95500000000004,38.79,1447.0,5.0,1
0.0,0.0,-10.0,14.0,0.0,10.0,304.52,38.94,674.0,1.0,0
0.0,0.0,-13.0,11.0,0.0,7.0,348.95500000000004,22.27,440.0,7.0,0
0.0,0.0,-16.0,10.0,0.0,6.0,206.68,21.78,234.0,1.0,0
0.0,0.0,-10.0,14.0,0.0,1.0,348.95500000000004,38.94,289.0,1.0,1
0.0,0.0,-19.0,12.0,0.0,10.0,348.95500000000004,34.26,72.0,1.0,0
0.0,0.0,12.0,39.0,1.0,10.0,342.07,38.94,289.0,1.0,1
0.0,0.0,-30.0,9.0,0.0,1.0,348.95500000000004,20.33,1067.0,2.0,0
0.0,0.0,2.0,26.0,1.0,7.0,298.2,18.21,1292.0,3.0,1
0.0,0.0,-2.0,20.0,0.0,10.0,348.95500000000004,20.52,1410.0,2.0,0
0.0,0.0,-14.0,21.0,0.0,4.0,202.7,38.94,171.5,5.5,1
0.0,0.0,-11.0,4.0,0.0,1.0,218.98,18.98,1376.0,3.0,0
0.0,0.0,-18.0,13.0,0.0,4.0,237.43,23.43,750.0,1.0,0
0.0,0.0,-6.0,7.0,0.0,1.0,303.39,33.49,2368.0,1.0,0
0.0,0.0,-26.0,5.0,0.0,8.0,214.14,16.14,1256.0,2.0,0
0.0,0.0,-30.0,12.0,0.0,2.0,221.81,36.0,2455.0,2.0,0
0.0,0.0,-15.0,14.0,0.0,1.0,205.07,16.07,232.0,1.0,0
0.0,0.0,-17.0,10.0,0.0,10.0,348.95500000000004,38.94,464.0,2.0,1
0.0,0.0,9.0,24.0,1.0,8.0,196.08,38.94,295.0,1.0,1
0.0,0.0,8.0,20.0,1.0,1.0,348.95500000000004,26.55,3896.0,7.0,1
0.0,0.0,-27.0,7.0,0.0,8.0,219.52,38.94,218.0,3.0,0
0.0,0.0,-10.0,14.0,0.0,1.0,203.08,38.94,894.0,1.0,0
0.0,0.0,-14.0,20.0,0.0,1.0,224.87,34.87,3270.0,4.0,0
0.0,0.0,-8.0,13.0,0.0,1.0,242.23,28.23,616.0,1.0,0
0.0,0.0,-14.0,12.0,0.0,10.0,348.95500000000004,38.94,2083.0,3.0,1
0.0,0.0,-27.0,5.0,0.0,8.0,235.03,38.94,1479.0,1.0,0
0.0,0.0,-13.0,13.0,0.0,3.0,275.34,15.57,606.0,2.0,0
0.0,0.0,8.0,30.0,1.0,5.0,247.51,38.94,821.0,1.0,1
0.0,0.0,-10.0,10.0,0.0,10.0,348.95500000000004,38.46,1012.0,6.0,0
0.0,0.0,-13.0,21.0,0.0,5.0,244.31,24.41,219.0,5.0,1
0.0,0.0,-22.0,3.0,0.0,1.0,348.95500000000004,23.02,692.0,3.0,0
0.0,0.0,-9.0,1.0,0.0,6.0,258.9,9.0,638.0,1.0,0
0.0,0.0,-9.0,2.0,0.0,3.0,348.95500000000004,15.27,872.0,2.0,0
0.0,0.0,-5.0,7.0,0.0,5.0,279.65,9.65,547.0,1.0,0
0.0,0.0,-21.0,14.0,0.0,2.0,196.01,17.01,1413.0,2.0,0
0.0,0.0,-27.0,7.0,0.0,5.0,326.24,16.34,574.0,1.0,0
0.0,0.0,-7.0,33.0,0.0,1.0,249.62,38.94,1159.0,2.0,1
0.0,0.0,-16.0,6.0,0.0,3.0,348.95500000000004,21.86,914.0,2.0,0
0.0,0.0,-10.0,9.0,0.0,6.0,288.32,13.42,547.0,1.0,0
0.0,0.0,-14.0,5.0,0.0,4.0,281.87,32.07,756.5,3.0,0
0.0,0.0,-10.0,12.0,0.0,7.0,317.97,19.97,501.0,4.0,0
0.0,0.0,-11.0,4.0,0.0,10.0,348.95500000000004,18.2,3437.0,6.0,0
0.0,0.0,-7.0,16.0,0.0,10.0,284.77,38.94,419.0,3.0,0
0.0,0.0,-15.0,14.0,0.0,1.0,188.34,18.44,919.0,5.0,1
0.0,0.0,175.0,191.0,1.0,6.0,348.95500000000004,38.94,1190.0,2.0,1
0.0,0.0,-8.0,5.0,0.0,8.0,348.95500000000004,19.89,2243.0,5.0,0
0.0,0.0,-15.0,8.0,0.0,4.0,212.18,32.78,1540.0,2.0,0
0.0,0.0,-7.0,17.0,0.0,5.0,328.76,38.94,762.0,3.0,0
0.0,0.0,-14.0,9.0,0.0,4.0,348.95500000000004,21.46,349.0,3.0,0
0.0,0.0,-11.0,20.0,0.0,4.0,236.19,38.94,963.0,4.0,1
0.0,0.0,-18.0,7.0,0.0,3.0,348.95500000000004,17.25,2540.0,4.0,0
0.0,0.0,-30.0,18.0,0.0,2.0,225.9,17.9,529.0,1.0,0
0.0,0.0,-17.0,10.0,0.0,4.0,224.71,38.94,2188.0,2.0,1
0.0,0.0,-24.0,6.0,0.0,5.0,306.69,16.79,587.0,2.0,0
0.0,0.0,0.0,16.0,0.0,1.0,260.92,38.94,123.0,7.0,0
0.0,0.0,-3.0,29.0,0.0,5.0,236.71,36.72,531.0,3.0,0
0.0,0.0,-13.0,6.0,0.0,3.0,191.93,12.12,380.0,1.0,0
0.0,0.0,-10.0,13.0,0.0,8.0,238.81,13.91,1044.0,1.0,0
0.0,0.0,-16.0,8.0,0.0,8.0,297.37,17.4,557.0,1.0,0
0.0,0.0,-8.0,5.0,0.0,1.0,333.79,33.89,1775.0,1.0,0
0.0,0.0,-7.0,20.0,0.0,4.0,211.0,31.1,409.0,2.0,0
0.0,0.0,-16.0,15.0,0.0,3.0,336.32,26.33,2582.0,3.0,0
0.0,0.0,-14.0,12.0,0.0,1.0,348.95500000000004,38.94,1620.0,1.0,1
0.0,0.0,2.0,29.0,1.0,1.0,214.71,38.94,626.0,1.0,1
0.0,0.0,-10.0,16.0,0.0,10.0,348.95500000000004,19.15,1056.0,1.0,0
0.0,0.0,-4.0,6.0,0.0,4.0,348.95500000000004,20.41,2644.0,6.0,0
0.0,0.0,-13.0,18.0,0.0,1.0,348.95500000000004,26.44,472.0,1.0,0
0.0,0.0,-13.0,8.0,0.0,8.0,348.95500000000004,29.35,653.0,2.0,0
0.0,0.0,-11.0,8.0,0.0,1.0,291.03,26.03,582.0,1.0,0
0.0,0.0,13.0,35.0,1.0,1.0,348.95500000000004,20.94,439.0,5.0,1
0.0,0.0,-4.0,16.0,0.0,1.0,222.9,13.9,570.0,2.0,0
0.0,0.0,-12.0,8.0,0.0,10.0,348.95500000000004,38.94,125.0,2.0,0
0.0,0.0,-14.0,5.0,0.0,4.0,285.26,15.36,1351.0,7.0,0
0.0,0.0,-6.0,12.0,0.0,10.0,348.95500000000004,35.7,1426.0,1.0,0
0.0,0.0,-9.0,10.0,0.0,10.0,269.75,19.85,501.0,2.0,0
0.0,0.0,-20.0,16.0,0.0,1.0,221.79,21.89,904.0,1.0,0
0.0,0.0,-18.0,6.0,0.0,1.0,348.95500000000004,38.94,512.0,1.0,1
0.0,0.0,-18.0,8.0,0.0,8.0,348.95500000000004,21.69,625.0,1.0,0
0.0,0.0,-21.0,8.0,0.0,4.0,309.28,38.94,526.0,2.0,1
0.0,0.0,-13.0,12.0,0.0,1.0,299.47,24.47,690.0,1.0,0
0.0,0.0,2.0,21.0,1.0,1.0,348.95500000000004,38.94,1345.0,8.0,0
0.0,0.0,-19.0,10.0,0.0,5.0,348.95500000000004,38.36,543.5,1.0,0
0.0,0.0,-17.0,4.0,0.0,7.0,348.95500000000004,19.45,616.0,3.0,0
0.0,0.0,-13.0,4.0,0.0,2.0,237.48,37.49,998.0,3.0,0
0.0,0.0,-5.0,7.0,0.0,1.0,274.85,12.46,770.0,1.0,0
0.0,0.0,-13.0,6.0,0.0,5.0,250.02,30.12,2115.0,1.0,0
0.0,0.0,-20.0,3.0,0.0,5.0,269.44,38.94,366.0,2.0,0
0.0,0.0,-19.0,7.0,0.0,6.0,323.92,38.94,1435.0,2.0,0
0.0,0.0,-13.0,3.0,0.0,10.0,348.95500000000004,12.15,666.0,2.0,0
0.0,0.0,-14.0,15.0,0.0,10.0,348.95500000000004,26.37,1240.0,4.0,0
0.0,0.0,-16.0,7.0,0.0,4.0,223.98,12.98,109.0,1.0,0
0.0,0.0,-11.0,18.0,0.0,1.0,348.95500000000004,38.94,555.5,1.5,0
0.0,0.0,-14.0,16.0,0.0,3.0,274.58,24.68,391.0,3.0,0
0.0,0.0,-7.0,12.0,0.0,3.0,348.95500000000004,38.94,1345.0,6.0,0
0.0,0.0,1.0,22.0,1.0,6.0,209.19,38.94,333.0,1.0,0
0.0,0.0,-17.0,15.0,0.0,10.0,348.95500000000004,38.94,564.3333333333334,1.0,0
0.0,0.0,-25.0,22.0,0.0,5.0,348.95500000000004,38.94,867.5,2.5,0
0.0,0.0,5.0,28.0,1.0,1.0,348.95500000000004,38.94,1946.0,4.0,1
0.0,0.0,-10.0,10.0,0.0,3.0,244.02,38.94,511.5,1.0,1
0.0,0.0,-15.0,7.0,0.0,10.0,283.92,38.94,382.6666666666667,1.3333333333333333,1
0.0,0.0,-9.0,3.0,0.0,10.0,348.95500000000004,19.98,2686.0,1.0,0
0.0,0.0,-23.0,39.0,0.0,6.0,348.95500000000004,19.18,1338.0,2.0,0
0.0,0.0,-7.0,22.0,0.0,3.0,348.95500000000004,38.94,2017.0,7.0,0
0.0,0.0,-17.0,17.0,0.0,8.0,315.34,38.94,1893.0,1.0,0
0.0,0.0,-12.0,18.0,0.0,8.0,347.77,28.77,606.0,2.0,0
0.0,0.0,-6.0,16.0,0.0,10.0,348.95500000000004,23.14,347.0,1.0,0
0.0,0.0,0.0,29.0,0.0,6.0,348.95500000000004,23.6,874.0,1.0,0
0.0,0.0,-13.0,8.0,0.0,10.0,348.95500000000004,28.53,395.0,3.0,1
0.0,0.0,-3.0,31.0,0.0,5.0,284.9,35.0,87.0,3.0,0
0.0,0.0,-15.0,3.0,0.0,8.0,233.84,9.34,309.0,1.0,1
0.0,0.0,-8.0,10.0,0.0,8.0,348.95500000000004,37.54,1176.0,3.0,0
0.0,0.0,29.0,77.0,1.0,4.0,287.65,17.65,78.0,1.0,1
0.0,0.0,-6.0,16.0,0.0,1.0,269.25,38.94,664.0,1.0,1
0.0,0.0,-20.0,13.0,0.0,1.0,257.44,17.44,1120.0,3.0,0
0.0,0.0,2.0,26.0,1.0,3.0,234.2,34.4,259.0,1.0,1
0.0,0.0,-26.0,4.0,0.0,1.0,348.95500000000004,18.4,600.0,3.0,0
0.0,0.0,-16.0,5.0,0.0,1.0,348.95500000000004,36.75,1058.0,1.0,0
0.0,0.0,-7.0,14.0,0.0,10.0,348.95500000000004,26.05,1259.0,1.0,0
0.0,0.0,-20.0,6.0,0.0,1.0,228.16,28.26,2419.0,1.0,0
0.0,0.0,-26.0,8.0,0.0,1.0,278.1,38.94,890.0,1.0,1
0.0,0.0,-14.0,10.0,0.0,8.0,348.95500000000004,21.33,289.0,1.0,0
0.0,0.0,-13.0,15.0,0.0,1.0,253.02,35.02,731.0,4.5,0
0.0,0.0,-13.0,30.0,0.0,8.0,348.95500000000004,38.94,269.0,1.0,0
0.0,0.0,-15.0,23.0,0.0,6.0,329.25,38.94,1116.0,4.0,1
0.0,0.0,-16.0,8.0,0.0,9.0,348.95500000000004,27.75,2352.0,3.0,0
0.0,0.0,-11.0,3.0,0.0,1.0,348.95500000000004,27.71,927.0,1.0,0
0.0,0.0,-22.0,9.0,0.0,4.0,348.95500000000004,21.44,2873.0,8.0,0
0.0,0.0,-26.0,6.0,0.0,1.0,312.34,37.03,2546.0,4.0,0
0.0,0.0,-14.0,9.0,0.0,8.0,232.47,38.94,1126.0,3.0,0
0.0,0.0,-12.0,8.0,0.0,1.0,255.38,38.94,1132.0,8.0,0
0.0,0.0,-11.0,12.0,0.0,1.0,320.96,38.94,3145.0,3.0,0
0.5,0.5,-6.0,8.0,0.0,5.0,697.9100000000001,42.83,1802.5,4.0,1
0.0,0.0,8.0,38.0,1.0,4.0,218.65,18.65,363.0,4.0,1
0.0,0.0,-26.0,7.0,0.0,6.0,348.95500000000004,21.71,2166.0,3.0,0
0.0,0.0,-6.0,8.0,0.0,5.0,217.8,17.82,737.5,2.5,0
0.0,0.0,5.0,32.0,1.0,4.0,348.95500000000004,38.94,1732.0,2.0,1
0.0,0.0,-6.0,5.0,0.0,8.0,348.95500000000004,38.94,2868.0,3.0,0
0.0,0.0,-14.0,20.0,0.0,1.0,294.78,38.94,1135.0,1.0,1
0.0,0.0,-7.0,28.0,0.0,10.0,348.95500000000004,38.94,926.0,1.0,1
0.0,0.0,-8.0,10.0,0.0,5.0,348.95500000000004,38.94,1500.0,4.0,0
0.0,0.0,-17.0,14.0,0.0,5.0,198.28,34.03,278.0,1.0,1
0.0,0.0,-20.0,14.0,0.0,10.0,268.86,28.96,2382.0,3.0,0
0.0,0.0,-3.0,18.0,0.0,5.0,348.95500000000004,17.41,1459.0,9.0,0
0.0,0.0,-7.0,18.0,0.0,8.0,250.3,16.39,163.0,1.0,0
0.0,0.0,-23.0,4.0,0.0,1.0,196.01,17.01,1413.0,2.0,1
0.0,0.0,-10.0,13.0,0.0,10.0,248.85,18.86,1001.0,1.0,0
0.0,0.0,-21.0,16.0,0.0,10.0,348.95500000000004,38.94,94.0,1.0,0
0.0,0.0,-8.0,15.0,0.0,3.0,195.0,15.01,457.0,2.0,1
0.0,0.0,-21.0,9.0,0.0,10.0,348.95500000000004,19.02,625.0,1.0,0
0.0,0.0,-5.0,11.0,0.0,4.0,348.95500000000004,26.52,554.0,3.0,0
0.0,0.0,1.0,26.0,1.0,2.0,203.34,14.34,305.0,3.0,0
0.0,0.0,-16.0,10.0,0.0,8.0,348.95500000000004,38.94,3611.0,4.0,0
0.0,0.0,-17.0,16.0,0.0,8.0,348.95500000000004,25.03,2644.0,6.0,0
0.0,0.0,8.0,32.0,1.0,1.0,314.84,16.84,1019.0,3.0,0
0.0,0.0,-12.0,22.0,0.0,1.0,214.38,36.38,307.0,8.0,0
0.0,0.0,-11.0,17.0,0.0,1.0,288.23,18.33,1208.0,1.0,0
0.0,0.0,-16.0,8.0,0.0,5.0,271.43,16.53,883.0,4.0,0
0.0,0.0,-6.0,23.0,0.0,6.0,231.95,32.05,233.0,1.0,0
0.0,0.0,-15.0,10.0,0.0,1.0,298.99,19.09,852.0,2.0,0
0.0,0.0,-11.0,13.0,0.0,6.0,348.95500000000004,24.9,960.0,4.0,1
0.0,0.0,-17.0,12.0,0.0,1.0,322.85,22.95,2795.0,5.0,0
0.0,0.0,7.0,31.0,1.0,8.0,348.95500000000004,38.94,430.0,1.0,1
0.0,0.0,-2.0,21.0,0.0,1.0,262.83,26.93,1892.0,4.0,0
0.0,0.0,-18.0,18.0,0.0,2.0,242.95,27.95,516.0,1.0,0
0.0,0.0,-14.0,4.0,0.0,1.0,315.54,38.94,986.0,2.4285714285714284,0
0.0,0.0,-14.0,8.0,0.0,7.0,271.69,38.94,1132.0,8.0,0
0.0,0.0,7.0,25.0,1.0,1.0,238.07,13.07,3177.0,1.0,0
0.0,0.0,-7.0,9.0,0.0,10.0,348.95500000000004,38.94,462.0,3.0,0
0.0,0.0,-22.0,6.0,0.0,3.0,203.42,23.419999999999998,1510.5,1.0,0
0.0,0.0,-10.0,6.0,0.0,10.0,275.38,16.13,463.0,1.0,0
0.0,0.0,-18.0,3.0,0.0,8.0,348.95500000000004,22.71,518.5,2.5,1
0.0,0.0,10.0,38.0,1.0,8.0,348.95500000000004,38.94,264.0,1.0,1
0.0,0.0,-26.0,14.0,0.0,10.0,348.95500000000004,38.94,977.0,1.0,1
0.0,0.0,-13.0,19.0,0.0,2.0,202.5,38.94,366.0,2.0,1
0.0,0.0,-10.0,7.0,0.0,5.0,257.51,37.62,498.0,1.0,0
0.0,0.0,-15.0,11.0,0.0,5.0,348.95500000000004,38.94,878.0,1.0,0
0.0,0.0,-34.0,11.0,0.0,6.0,348.95500000000004,38.94,277.5,1.0,0
0.0,0.0,2.0,23.0,1.0,8.0,237.01,19.45,231.0,1.0,0
0.0,0.0,-15.0,18.0,0.0,6.0,348.95500000000004,20.84,606.0,2.0,0
0.0,0.0,9.0,26.0,1.0,10.0,348.95500000000004,20.74,202.0,1.0,1
0.5,0.5,-5.0,8.0,0.0,1.5,285.68,46.72,789.5,2.5,0
0.0,0.0,-17.0,9.0,0.0,2.0,295.26,35.36,298.0,1.0,0
0.0,0.0,-15.0,13.0,0.0,2.0,282.4,32.4,775.0,6.0,0
0.0,0.0,8.0,36.0,1.0,1.0,300.36,38.94,757.0,1.0,1
0.0,0.0,2.0,31.0,1.0,2.0,328.51,18.61,511.0,1.0,0
0.0,0.0,-9.0,10.0,0.0,6.0,273.22,13.32,293.0,1.0,0
0.0,0.0,0.0,9.0,0.0,1.0,292.63,38.94,606.0,2.0,0
0.0,0.0,-16.0,16.0,0.0,10.0,348.95500000000004,38.94,2723.0,4.0,0
0.0,0.0,-2.0,30.0,0.0,4.0,236.17,38.94,1120.0,1.0,1
0.0,0.0,-7.0,13.0,0.0,3.0,310.1,30.3,511.0,4.0,0
0.0,0.0,-14.0,14.0,0.0,2.0,263.47,38.94,1156.0,1.0,0
0.0,0.0,-5.0,17.0,0.0,1.0,348.95500000000004,38.94,186.0,6.0,0
0.0,0.0,-7.0,22.0,0.0,2.0,267.12,38.94,830.0,4.0,0
0.0,0.0,-17.0,15.0,0.0,1.0,238.68,38.94,341.0,2.0,0
0.0,0.0,-11.0,25.0,0.0,5.0,348.95500000000004,38.94,869.0,7.0,0
0.0,0.0,-10.0,1.0,0.0,3.0,279.78,10.78,638.0,4.0,1
0.0,0.0,-10.0,12.0,0.0,7.0,348.95500000000004,38.94,1341.0,5.0,0
0.0,0.0,-7.0,9.0,0.0,3.0,245.69,13.13,1128.0,2.0,0
0.0,0.0,-10.0,16.0,0.0,1.0,348.95500000000004,26.85,1353.0,7.0,0
0.0,0.0,-20.0,9.0,0.0,1.0,348.95500000000004,38.94,421.0,1.0,1
0.0,0.0,-14.0,10.0,0.0,6.0,234.29,17.28,3382.0,6.0,0
0.0,0.0,-7.0,12.0,0.0,10.0,313.5,13.6,369.0,3.0,0
0.0,0.0,-18.0,11.0,0.0,1.0,348.95500000000004,37.66,187.0,5.0,0
0.0,0.0,-14.0,9.0,0.0,6.0,319.94,38.94,408.0,1.0,0
0.0,0.0,-16.0,7.0,0.0,4.0,286.09,17.09,499.0,1.0,0
0.0,0.0,-15.0,8.0,0.0,1.0,214.02,34.12,2071.0,1.0,0
0.0,0.0,-17.0,5.0,0.0,8.0,201.65,21.75,294.0,1.0,0
0.0,0.0,-22.0,12.0,0.0,6.0,348.95500000000004,36.07,2644.0,6.0,0
0.0,0.0,-20.0,12.0,0.0,5.0,286.9,38.94,871.0,6.0,0
0.0,0.0,-27.0,18.0,0.0,8.0,348.95500000000004,38.94,415.0,1.0,0
0.0,0.0,-12.0,8.0,0.0,10.0,348.95500000000004,37.8,1813.0,3.0,0
0.0,0.0,-2.0,20.0,0.0,2.0,227.62,27.72,1156.0,1.0,0
0.0,0.0,-6.0,10.0,0.0,5.0,348.95500000000004,38.94,1205.0,1.0,0
0.0,0.0,-27.0,4.0,0.0,4.0,317.48,38.94,1732.0,5.0,0
0.0,0.0,-24.0,9.0,0.0,6.0,276.59,16.7,587.0,1.0,0
0.0,0.0,-14.0,6.0,0.0,6.0,248.4,19.4,317.0,1.0,0
0.0,0.0,-14.0,25.0,0.0,8.0,348.95500000000004,38.94,674.0,1.0,0
0.0,0.0,-17.0,32.0,0.0,2.0,257.21,37.31,1671.0,1.0,0
0.0,0.0,15.0,47.0,1.0,5.0,315.75,15.85,488.0,1.0,1
0.0,0.0,-33.0,1.0,0.0,5.0,249.09,38.94,806.5,4.0,1
0.0,0.0,-16.0,7.0,0.0,5.0,223.51,23.61,317.0,3.0,0
0.0,0.0,-14.0,14.0,0.0,8.0,348.95500000000004,38.94,313.0,1.0,0
0.0,0.0,-21.0,11.0,0.0,10.0,348.95500000000004,19.95,150.0,1.0,0
0.0,0.0,-6.0,8.0,0.0,2.0,348.95500000000004,22.12,304.0,1.0,0
0.0,0.0,-15.0,13.0,0.0,10.0,348.95500000000004,38.94,1352.0,1.0,0
0.0,0.0,-11.0,16.0,0.0,7.0,348.95500000000004,38.94,582.0,1.0,1
0.0,0.0,-20.0,8.0,0.0,1.0,206.97,17.09,72.0,1.0,0
0.0,0.0,-15.0,12.0,0.0,3.0,234.08,34.28,452.0,1.0,0
0.0,0.0,-2.0,20.0,0.0,10.0,287.62,18.62,1233.0,1.0,0
0.0,0.0,-13.0,26.0,0.0,1.0,348.95500000000004,25.35,655.0,5.0,1
0.0,0.0,-21.0,3.0,0.0,1.0,340.07,10.07,2644.0,6.0,0
0.0,0.0,-13.0,12.0,0.0,8.0,348.95500000000004,38.94,3133.0,3.0,0
0.0,0.0,-23.0,13.0,0.0,10.0,348.95500000000004,38.94,1448.0,1.0,0
0.0,0.0,9.0,30.0,1.0,10.0,348.95500000000004,38.94,611.0,1.0,1
0.0,0.0,-6.0,19.0,0.0,2.0,332.16,38.94,740.0,2.0,0
0.0,0.0,-10.0,10.0,0.0,5.0,272.71,32.71,347.0,4.0,0
0.0,0.0,-8.0,18.0,0.0,4.0,348.95500000000004,20.59,912.0,2.0,0
0.0,0.0,-10.0,7.0,0.0,1.0,267.28,13.28,2904.0,2.0,0
0.0,0.0,-14.0,1.0,0.0,1.0,258.9,9.0,744.0,2.0,0
0.0,0.0,-14.0,18.0,0.0,1.0,348.95500000000004,38.94,633.0,2.0,1
0.0,0.0,-15.0,10.0,0.0,1.0,215.11,38.94,1249.0,1.0,0
0.0,0.0,-13.0,10.0,0.0,7.0,348.95500000000004,38.94,793.0,2.0,0
0.0,0.0,-13.0,4.0,0.0,8.0,348.95500000000004,36.019999999999996,603.0,1.0,0
0.0,0.0,2.0,19.0,1.0,1.0,280.12,30.12,771.0,1.0,0
0.0,0.0,-10.0,6.0,0.0,10.0,348.95500000000004,27.24,1405.0,1.0,0
0.0,0.0,0.0,27.0,0.0,2.0,198.53,21.73,248.0,1.0,0
0.0,0.0,-17.0,15.0,0.0,1.0,209.59,18.59,190.0,1.0,0
0.0,0.0,-14.0,13.0,0.0,2.0,204.27,17.07,624.0,3.0,1
0.0,0.0,-12.0,30.0,0.0,9.0,239.49,38.94,621.0,1.0,0
0.0,0.0,-23.0,10.0,0.0,4.0,348.95500000000004,38.94,1732.0,1.0,0
0.0,0.0,-8.0,5.0,0.0,1.0,207.58,8.58,1786.0,1.0,0
0.0,0.0,-16.0,6.0,0.0,1.0,348.95500000000004,38.94,2370.0,2.0,0
0.0,0.0,-25.0,15.0,0.0,1.0,348.95500000000004,38.94,833.0,1.0,0
0.0,0.0,-13.0,6.0,0.0,3.0,348.95500000000004,24.34,1463.0,3.0,0
0.0,0.0,-15.0,13.0,0.0,1.0,348.95500000000004,21.04,666.0,2.0,0
0.0,0.0,-9.0,6.0,0.0,8.0,338.64,38.94,674.0,1.0,0
0.0,0.0,-9.0,23.0,0.0,1.0,348.95500000000004,17.34,505.0,1.0,0
0.0,0.0,-4.0,9.0,0.0,3.0,269.9,19.9,561.0,1.0,0
0.0,0.0,-13.0,3.0,0.0,4.0,244.15,14.16,934.0,1.0,0
0.0,0.0,-23.0,11.0,0.0,10.0,217.96,18.96,665.0,2.0,0
0.0,0.0,-27.0,16.0,0.0,1.0,295.52,35.62,507.0,1.0,0
0.0,0.0,-26.0,19.0,0.0,1.0,229.98,33.18,676.0,2.0,0
0.0,0.0,-8.0,15.0,0.0,1.0,230.15,16.25,582.0,1.0,0
0.0,0.0,-3.0,13.0,0.0,1.0,313.61,38.94,326.0,2.0,0
0.0,0.0,-5.0,22.0,0.0,1.0,348.95500000000004,38.94,1211.0,5.0,1
0.0,0.0,-10.0,35.0,0.0,7.0,348.95500000000004,38.94,2515.0,1.0,0
0.0,0.0,-15.0,5.0,0.0,8.0,276.78,38.94,531.3333333333334,4.0,0
0.0,0.0,-3.0,20.0,0.0,5.0,348.95500000000004,20.27,512.0,3.0,0
0.0,0.0,-2.0,21.0,0.0,10.0,348.95500000000004,17.2,784.0,1.0,0
0.0,0.0,-28.0,7.0,0.0,10.0,294.82,38.94,419.0,3.0,0
0.0,0.0,1.0,23.0,1.0,2.0,191.68,21.68,514.0,2.0,0
0.0,0.0,-17.0,10.0,0.0,2.0,275.98,36.18,236.0,1.0,0
0.0,0.0,-6.0,30.0,0.0,2.0,217.45,26.62,1116.0,1.0,0
0.0,0.0,-8.0,12.0,0.0,1.0,280.65,38.94,956.0,5.0,0
0.0,0.0,-5.0,9.0,0.0,1.0,315.18,25.18,1531.0,1.0,0
0.0,0.0,-14.0,36.0,0.0,4.0,263.22,38.94,1156.0,2.0,0
0.0,0.0,-11.0,12.0,0.0,1.0,348.95500000000004,13.72,2287.0,5.0,0
0.0,0.0,-14.0,4.0,0.0,1.0,348.95500000000004,38.94,822.0,3.0,0
0.0,0.0,-14.0,8.0,0.0,8.0,287.97,38.94,623.0,1.0,0
0.0,0.0,-39.0,10.0,0.0,6.0,305.0,38.94,426.0,6.0,0
0.0,0.0,-10.0,13.0,0.0,6.0,316.76,16.86,1450.0,1.0,0
0.0,0.0,-29.0,6.0,0.0,4.0,249.49,19.49,677.0,1.0,0
0.0,0.0,-16.0,15.0,0.0,1.0,228.53,38.63,902.0,3.0,0
0.0,0.0,-3.0,26.0,0.0,10.0,241.73,38.94,1192.0,1.0,0
0.0,0.0,-7.0,5.0,0.0,1.0,260.5,19.4,603.0,1.0,0
0.0,0.0,-23.0,17.0,0.0,10.0,214.17,38.94,395.0,1.0,0
0.0,0.0,-7.0,29.0,0.0,5.0,348.95500000000004,38.94,468.0,1.0,0
0.0,0.0,-23.0,5.0,0.0,4.0,348.95500000000004,17.21,625.0,1.0,0
0.0,0.0,-3.0,23.0,0.0,2.0,288.27,38.94,912.0,1.0,0
0.0,0.0,-8.0,14.0,0.0,1.0,291.49,38.94,523.0,2.0,1
0.0,0.0,-32.0,13.0,0.0,6.0,312.02,27.02,117.0,1.0,0
0.0,0.0,-3.0,21.0,0.0,8.0,348.95500000000004,34.21,1949.0,4.0,0
0.0,0.0,-7.0,16.0,0.0,10.0,348.95500000000004,19.47,175.0,1.0,0
0.0,0.0,-21.0,17.0,0.0,4.0,348.95500000000004,38.94,1893.0,1.0,1
0.0,0.0,11.0,42.0,1.0,4.0,348.95500000000004,25.69,623.0,1.0,1
0.0,0.0,-6.0,19.0,0.0,1.0,348.95500000000004,23.21,867.0,3.0,1
0.0,0.0,26.0,65.0,1.0,4.0,227.61,34.62,1128.0,1.0,1
0.0,0.0,-2.0,20.0,0.0,10.0,348.95500000000004,38.94,1345.0,6.0,0
0.0,0.0,-16.0,8.0,0.0,1.0,211.75,21.75,1430.0,8.0,0
0.0,0.0,-18.0,11.0,0.0,4.0,348.95500000000004,18.17,1034.0,1.0,0
0.0,0.0,-13.0,8.0,0.0,1.0,327.72,28.42,620.0,4.0,0
0.0,0.0,-11.0,10.0,0.0,10.0,276.47,16.57,753.0,2.0,0
0.0,0.0,-15.0,13.0,0.0,1.0,291.37,22.37,802.0,2.0,0
0.0,0.0,-18.0,10.0,0.0,3.0,246.3,38.94,2188.0,2.0,0
0.0,0.0,-11.0,1.0,0.0,8.0,275.19,15.29,298.0,1.0,0
0.0,0.0,-1.0,13.0,0.0,8.0,195.1,10.11,3734.0,5.0,0
0.0,0.0,-5.0,9.0,0.0,10.0,281.71,10.71,647.0,2.0,0
0.0,0.0,-6.0,7.0,0.0,8.0,348.95500000000004,23.24,507.0,1.0,0
0.0,0.0,14.0,47.0,1.0,8.0,348.95500000000004,19.94,644.0,1.0,1
0.0,0.0,-15.0,10.0,0.0,7.0,348.95500000000004,38.94,386.0,1.0,0
0.0,0.0,-15.0,4.0,0.0,1.0,284.9,35.91,526.0,2.0,0
0.0,0.0,12.0,33.0,1.0,4.0,204.92,34.93,1456.0,1.0,1
0.0,0.0,-9.0,14.0,0.0,5.0,348.95500000000004,18.64,2881.0,1.0,0
0.0,0.0,-7.0,21.0,0.0,1.0,348.95500000000004,28.68,451.0,1.0,0
0.0,0.0,-22.0,6.0,0.0,3.0,303.19,18.29,726.0,2.0,0
0.0,0.0,-30.0,6.0,0.0,4.0,220.12,21.12,330.0,1.0,0
0.0,0.0,-33.0,4.0,0.0,8.0,348.95500000000004,38.94,1321.0,4.0,1
0.0,0.0,-22.0,17.0,0.0,1.0,348.95500000000004,27.15,210.0,1.0,0
0.0,0.0,-17.0,2.0,0.0,3.0,299.6,9.61,1702.0,4.0,0
0.0,0.0,-8.0,17.0,0.0,10.0,348.95500000000004,28.64,462.0,1.0,0
0.0,0.0,-23.0,6.0,0.0,1.0,261.71,9.71,2055.0,1.0,0
0.0,0.0,-8.0,18.0,0.0,4.0,254.02,36.02,396.0,3.0,0
0.0,0.0,-15.0,9.0,0.0,5.0,348.95500000000004,27.92,1028.0,3.0,0
0.0,0.0,-10.0,13.0,0.0,1.0,348.95500000000004,16.66,648.0,2.0,0
0.0,0.0,-11.0,10.0,0.0,10.0,348.95500000000004,33.93,1543.0,3.0,0
0.0,0.0,-16.0,12.0,0.0,1.0,322.02,38.94,1828.0,1.0,0
0.0,0.0,-9.0,10.0,0.0,10.0,348.95500000000004,21.91,670.0,1.0,0
0.0,0.0,-8.0,29.0,0.0,6.0,216.68,38.94,830.0,4.0,0
0.0,0.0,1.0,9.0,1.0,1.0,256.59,26.59,756.0,1.0,0
0.0,0.0,-13.0,5.0,0.0,2.0,328.14,28.14,175.0,1.0,0
0.0,0.0,-13.0,19.0,0.0,10.0,348.95500000000004,19.98,355.0,1.0,0
0.0,0.0,-9.0,8.0,0.0,1.0,335.61,38.94,419.0,3.0,0
0.0,0.0,-7.0,24.0,0.0,1.0,286.32,38.94,1157.0,1.0,0
0.0,0.0,-15.0,7.0,0.0,8.0,348.95500000000004,13.95,580.0,1.0,0
0.0,0.0,-10.0,21.0,0.0,3.0,254.44,38.94,302.0,1.0,0
0.0,0.0,-14.0,9.0,0.0,1.0,348.95500000000004,15.94,468.0,1.0,0
0.0,0.0,-25.0,5.0,0.0,8.0,277.7,38.94,1005.0,5.0,0
0.0,0.0,-7.0,14.0,0.0,1.0,218.8,38.94,210.5,1.0,0
0.0,0.0,6.0,43.0,1.0,1.0,226.72,38.94,794.0,1.0,1
0.0,0.0,4.0,19.0,1.0,9.0,348.95500000000004,24.53,1145.0,1.0,0
0.0,0.0,5.0,23.0,1.0,3.0,239.42,19.42,617.0,2.0,0
0.0,0.0,-28.0,12.0,0.0,4.0,291.72,38.94,2031.0,1.0,0
0.0,0.0,-13.0,2.0,0.0,4.5,336.92,38.94,674.0,1.0,0
0.0,0.0,0.0,25.0,0.0,8.0,233.4,38.94,439.0,2.0,0
0.0,0.0,-29.0,8.0,0.0,8.0,238.78,19.78,442.0,1.0,0
0.0,0.0,26.0,52.0,1.0,8.0,348.95500000000004,22.8,1865.0,1.0,1
0.0,0.0,-10.0,11.0,0.0,5.0,348.95500000000004,38.94,1893.0,1.0,0
0.0,0.0,1.0,26.0,1.0,10.0,348.95500000000004,19.36,2496.0,1.0,0
0.0,0.0,-24.0,7.0,0.0,1.0,348.95500000000004,38.94,532.0,1.5,0
0.0,0.0,-11.0,11.0,0.0,10.0,348.95500000000004,18.21,182.0,1.0,0
0.0,0.0,-5.0,17.0,0.0,1.0,217.09,37.19,1120.0,1.0,1
0.0,0.0,49.0,81.0,1.0,3.0,223.26,24.26,1167.0,1.0,1
0.0,0.0,-8.0,8.0,0.0,8.0,348.95500000000004,16.87,600.0,1.0,0
0.0,0.0,-20.0,22.0,0.0,6.0,348.95500000000004,38.94,240.0,1.0,0
0.0,0.0,-14.0,9.0,0.0,1.0,348.95500000000004,33.11,3890.0,2.0,0
0.0,0.0,-23.0,9.0,0.0,1.0,348.95500000000004,32.28,1254.0,2.0,1
0.0,0.0,-6.0,20.0,0.0,4.0,256.43,16.43,500.0,1.0,0
0.0,0.0,-15.0,7.0,0.0,4.0,348.8,19.58,1220.0,1.0,0
0.0,0.0,-20.0,19.0,0.0,8.0,348.95500000000004,37.47,1580.0,1.0,0
0.0,0.0,4.0,33.0,1.0,2.0,348.95500000000004,18.94,1654.0,3.0,0
0.0,0.0,-2.0,5.0,0.0,4.0,348.95500000000004,38.94,471.0,1.0,1
0.0,0.0,-11.0,4.0,0.0,1.0,348.95500000000004,20.11,1447.0,5.0,0
0.0,0.0,-8.0,3.0,0.0,2.0,348.95500000000004,16.1,3893.0,1.0,0
0.0,0.0,-8.0,4.0,0.0,1.0,348.95500000000004,17.91,1969.0,2.0,0
0.0,0.0,-19.0,16.0,0.0,1.0,208.0,18.04,1802.0,3.0,1
0.0,0.0,-23.0,7.0,0.0,3.0,288.68,18.98,479.0,1.5,0
0.0,0.0,-9.0,4.0,0.0,1.0,244.15,14.16,1001.0,1.0,0
0.0,0.0,-18.0,11.0,0.0,5.0,348.95500000000004,36.94,747.0,4.0,0
0.0,0.0,-14.0,9.0,0.0,8.0,348.95500000000004,19.69,175.0,1.0,0
0.0,0.0,-16.0,11.0,0.0,2.0,202.76,21.76,1131.0,1.0,0
0.0,0.0,-14.0,3.0,0.0,4.0,255.91,12.91,855.0,2.0,0
0.0,0.0,-15.0,14.0,0.0,4.0,288.9,38.94,1009.5,1.0,0
0.0,0.0,-13.0,15.0,0.0,6.0,348.95500000000004,22.76,3330.0,3.0,0
0.0,0.0,-15.0,12.0,0.0,6.0,205.98,16.08,148.0,1.0,0
0.0,0.0,-7.0,22.0,0.0,1.0,207.08,17.09,800.0,2.0,0
0.0,0.0,-10.0,12.0,0.0,4.0,224.84,32.86,203.0,1.0,0
0.0,0.0,-19.0,11.0,0.0,8.0,227.38,27.48,233.0,1.0,0
0.0,0.0,4.0,24.0,1.0,10.0,259.94,17.94,1451.0,1.0,1
0.0,0.0,-15.0,1.0,0.0,8.0,348.95500000000004,13.41,210.0,1.0,0
0.0,0.0,-6.0,13.0,0.0,10.0,348.95500000000004,25.07,1635.0,1.0,0
0.0,0.0,-13.0,9.0,0.0,4.0,295.7,16.7,561.0,1.0,0
0.0,0.0,-7.0,7.0,0.0,1.0,348.95500000000004,38.94,721.0,6.0,0
0.0,0.0,-19.0,10.0,0.0,8.0,227.48,38.94,398.0,3.0,0
0.0,0.0,-9.0,4.0,0.0,2.0,240.58,21.58,419.0,3.0,0
0.0,0.0,-14.0,8.0,0.0,10.0,348.95500000000004,19.82,3330.0,3.0,0
0.0,0.0,-8.0,22.0,0.0,2.0,270.28,38.94,1113.0,10.0,0
0.0,0.0,-15.0,6.0,0.0,1.0,234.28,15.28,1362.0,3.0,1
0.0,0.0,3.0,45.0,1.0,6.0,348.95500000000004,38.94,1135.0,1.0,1
0.0,0.0,-15.0,7.0,0.0,1.0,348.95500000000004,38.94,508.0,5.0,0
0.0,0.0,-5.0,6.0,0.0,1.0,206.82,26.92,2071.0,1.0,0
0.0,0.0,-22.0,17.0,0.0,6.0,226.07,38.07,353.3333333333333,4.666666666666667,1
0.0,0.0,-26.0,7.0,0.0,1.0,312.84,38.94,390.0,1.0,0
0.0,0.0,-9.0,12.0,0.0,8.0,348.95500000000004,32.16,1335.5,1.0,1
0.0,0.0,-22.0,12.0,0.0,3.0,241.43,38.94,245.66666666666666,1.0,0
0.0,0.0,-9.0,26.0,0.0,10.0,281.82,26.82,271.0,1.0,0
0.0,0.0,-2.0,15.0,0.0,1.0,237.68,12.78,846.0,1.0,0
0.0,0.0,-2.0,44.0,0.0,2.0,284.43,38.94,1156.0,2.0,0
0.0,0.0,-11.0,17.0,0.0,6.0,348.95500000000004,38.94,306.0,1.0,0
0.0,0.0,-12.0,12.0,0.0,2.0,348.95500000000004,38.94,1781.0,3.0,0
0.0,0.0,-12.0,6.0,0.0,1.0,271.86,29.86,720.0,1.0,0
0.0,0.0,-27.0,9.0,0.0,6.0,348.95500000000004,26.0,670.0,5.0,1
0.0,0.0,-14.0,17.0,0.0,8.0,225.3,20.4,602.0,1.0,0
0.0,0.0,-14.0,12.0,0.0,8.0,321.82,26.82,425.0,1.0,0
0.0,0.0,5.0,27.0,1.0,1.0,348.95500000000004,27.24,383.0,1.0,1
0.0,0.0,-14.0,10.0,0.0,1.0,348.95500000000004,24.12,680.0,2.0,0
0.0,0.0,10.0,32.0,1.0,3.0,268.77,38.94,331.0,4.0,1
0.0,0.0,-2.0,15.0,0.0,3.0,192.39,14.4,916.0,2.0,0
0.0,0.0,-17.0,21.0,0.0,1.0,238.38,38.94,1168.0,1.0,0
0.0,0.0,-11.0,1.0,0.0,3.0,308.86,9.86,840.0,3.0,1
0.0,0.0,-15.0,26.0,0.0,1.0,348.95500000000004,38.94,430.0,1.0,0
0.0,0.0,-14.0,6.0,0.0,4.0,242.1,13.1,582.0,1.0,0
0.0,0.0,22.0,54.0,1.0,8.0,348.95500000000004,38.94,1115.0,3.0,1
0.0,0.0,-14.0,9.0,0.0,10.0,327.37,27.38,1892.0,4.0,0
0.0,0.0,8.0,27.0,1.0,10.0,294.7,15.7,567.0,5.0,1
0.0,0.0,-3.0,60.0,0.0,1.0,348.95500000000004,15.67,542.0,1.0,1
0.0,0.0,-21.0,15.0,0.0,5.0,248.84,38.94,162.0,5.0,0
0.0,0.0,-10.0,26.0,0.0,4.0,222.69,22.7,625.0,3.0,0
0.0,0.0,-20.0,9.0,0.0,1.0,204.07,16.07,465.0,1.0,0
0.0,0.0,-17.0,10.0,0.0,10.0,340.49,38.94,674.0,1.0,0
0.0,0.0,-12.0,3.0,0.0,4.0,240.58,21.58,419.0,3.0,0
0.0,0.0,-17.0,4.0,0.0,8.0,348.95500000000004,15.78,536.0,3.0,0
0.0,0.0,-18.0,6.0,0.0,1.0,225.21,16.21,1306.0,3.0,0
0.0,0.0,-14.0,12.0,0.0,1.0,348.95500000000004,38.94,3270.0,4.0,0
0.0,0.0,-17.0,6.0,0.0,3.0,348.95500000000004,35.14,344.0,2.0,0
0.0,0.0,-16.0,2.0,0.0,8.0,348.95500000000004,22.509999999999998,611.5,1.0,0
0.0,0.0,-16.0,9.0,0.0,3.0,348.95500000000004,38.94,712.0,2.0,0
0.0,0.0,-33.0,9.0,0.0,10.0,348.95500000000004,20.79,1498.0,4.0,0
0.0,0.0,-15.0,19.0,0.0,8.0,222.1,23.1,582.0,1.0,0
0.0,0.0,-20.0,8.0,0.0,1.0,348.95500000000004,29.11,1212.0,1.0,0
0.0,0.0,-3.0,30.0,0.0,1.0,217.06,17.16,906.0,2.0,0
0.0,0.0,-28.0,6.0,0.0,3.0,348.95500000000004,20.32,3902.0,7.0,0
0.0,0.0,-9.0,4.0,0.0,10.0,348.95500000000004,21.2,126.0,2.0,0
0.0,0.0,-19.0,10.0,0.0,2.0,348.95500000000004,17.19,501.0,4.0,0
0.0,0.0,-6.0,6.0,0.0,2.0,280.7,10.7,1207.0,1.0,0
0.0,0.0,-16.0,10.0,0.0,8.0,322.1,38.94,1082.0,6.0,1
0.0,0.0,0.0,14.0,0.0,8.0,200.91,14.91,1903.0,1.0,0
0.0,0.0,-7.0,18.0,0.0,5.0,322.8,23.8,446.0,2.0,0
0.0,0.0,-6.0,5.0,0.0,5.0,348.95500000000004,38.94,1237.0,1.0,0
0.0,0.0,-14.0,8.0,0.0,4.0,207.1,27.3,244.0,1.0,1
0.0,0.0,-26.0,16.0,0.0,5.0,348.95500000000004,21.06,745.0,3.0,0
0.0,0.0,-15.0,16.0,0.0,1.0,214.14,16.14,2876.0,4.0,0
0.0,0.0,-25.0,11.0,0.0,8.0,309.28,38.94,526.0,2.0,0
0.0,0.0,-19.0,12.0,0.0,1.0,215.14,16.14,256.0,1.0,0
0.0,0.0,-7.0,14.0,0.0,1.0,348.95500000000004,38.94,3247.0,2.0,0
0.0,0.0,-6.0,16.0,0.0,6.0,220.4,38.94,634.0,1.0,0
0.0,0.0,-13.0,20.0,0.0,2.0,348.13,38.94,432.0,1.0,0
0.0,0.0,-30.0,10.0,0.0,8.0,251.51,38.94,664.0,1.0,0
0.0,0.0,-17.0,6.0,0.0,3.0,216.15,16.16,1492.0,10.0,0
0.0,0.0,-16.0,10.0,0.0,6.0,348.95500000000004,27.97,774.0,3.0,0
0.0,0.0,-1.0,28.0,0.0,1.0,228.14,17.24,617.0,2.0,0
0.0,0.0,-16.0,10.0,0.0,5.0,248.38,15.38,84.0,1.0,0
0.0,0.0,-7.0,4.0,0.0,8.0,274.71,10.21,647.0,2.0,0
0.0,0.0,-6.0,13.0,0.0,2.0,276.74,38.74,902.0,2.0,0
0.0,0.0,-23.0,12.0,0.0,10.0,348.95500000000004,38.94,756.0,1.0,0
0.0,0.0,-14.0,12.0,0.0,6.0,229.15,23.15,744.0,2.0,0
0.0,0.0,-33.0,6.0,0.0,1.0,282.82,17.82,877.0,1.0,0
0.0,0.0,-7.0,10.0,0.0,5.0,255.33,15.43,2789.0,1.0,0
0.0,0.0,-14.0,11.0,0.0,1.0,348.95500000000004,38.94,3581.0,7.0,0
0.0,0.0,-11.0,7.0,0.0,3.0,212.73,19.23,991.0,3.0,0
0.0,0.0,-12.0,11.0,0.0,1.0,348.95500000000004,38.94,363.0,1.0,0
0.0,0.0,1.0,26.0,1.0,5.0,348.95500000000004,38.94,312.0,1.0,0
0.0,0.0,-2.0,11.0,0.0,5.0,348.95500000000004,14.41,786.0,2.0,0
0.0,0.0,-17.0,16.0,0.0,4.0,348.95500000000004,36.3,380.0,4.0,0
0.0,0.0,-35.0,4.0,0.0,6.0,348.95500000000004,20.63,111.0,1.0,0
0.0,0.0,-21.0,15.0,0.0,3.0,348.95500000000004,38.94,625.0,1.0,0
0.0,0.0,9.0,31.0,1.0,1.0,348.95500000000004,34.49,3896.0,7.0,1
0.0,0.0,-9.0,13.0,0.0,8.0,267.41,17.51,677.0,5.0,0
0.0,0.0,-14.0,13.0,0.0,1.5,348.95500000000004,38.94,1274.0,1.0,0
0.0,0.0,-1.0,19.0,0.0,10.0,348.95500000000004,38.94,1128.0,1.0,1
0.0,0.0,-12.0,10.0,0.0,12.0,348.95500000000004,28.1,855.0,5.0,0
0.0,0.0,-22.0,6.0,0.0,8.0,298.83,19.83,501.0,4.0,0
0.0,0.0,-12.0,7.0,0.0,6.0,348.95500000000004,38.94,1369.0,2.0,0
0.0,0.0,-7.0,24.0,0.0,1.0,348.95500000000004,38.94,252.0,1.0,1
0.0,0.0,-12.0,4.0,0.0,1.0,244.99,33.09,2417.0,1.0,0
0.0,0.0,-10.0,4.0,0.0,10.0,198.4,28.4,851.0,1.0,0
0.0,0.0,-15.0,8.0,0.0,8.0,309.63,10.63,1884.0,1.0,0
0.0,0.0,-14.0,11.0,0.0,3.0,243.11,24.11,236.0,1.0,0
0.0,0.0,-14.0,9.0,0.0,3.0,348.95500000000004,19.88,95.0,1.0,0
0.0,0.0,-13.0,7.0,0.0,7.0,341.18,38.94,1018.0,2.0,0
0.0,0.0,-13.0,4.0,0.0,5.0,348.95500000000004,16.19,437.0,4.0,0
0.0,0.0,-24.0,7.0,0.0,1.0,250.39,17.39,805.0,1.0,0
0.0,0.0,-22.0,27.0,0.0,10.0,348.95500000000004,38.94,427.0,1.0,1
0.0,0.0,-13.0,11.0,0.0,3.0,348.95500000000004,14.16,2010.0,2.0,0
0.0,0.0,-11.0,18.0,0.0,10.0,348.95500000000004,17.54,2304.0,4.0,0
0.0,0.0,-3.0,16.0,0.0,4.0,272.29,38.94,1036.0,3.0,0
0.0,0.0,-14.0,10.0,0.0,1.0,241.15,38.94,993.0,5.0,0
0.0,0.0,-6.0,5.0,0.0,10.0,348.95500000000004,23.89,1294.0,2.0,0
0.0,0.0,-8.0,9.0,0.0,10.0,348.95500000000004,15.71,468.0,1.0,0
0.0,0.0,-16.0,14.0,0.0,1.0,208.51,18.61,1885.0,1.0,0
0.0,0.0,-21.0,3.0,0.0,5.0,348.95500000000004,14.15,625.0,1.0,0
0.0,0.0,-4.0,22.0,0.0,4.0,286.25,38.94,2115.0,1.0,0
0.0,0.0,-34.0,15.0,0.0,1.0,348.95500000000004,30.0,683.0,1.0,0
0.0,0.0,-11.0,15.0,0.0,10.0,225.04,25.05,571.0,5.0,0
0.0,0.0,-10.0,4.0,0.0,1.0,253.06,23.16,1132.0,8.0,0
0.0,0.0,-20.0,11.0,0.0,5.0,348.95500000000004,38.94,888.0,2.0,0
0.0,0.0,-18.0,12.0,0.0,1.0,348.95500000000004,20.69,1217.0,3.0,0
0.0,0.0,-20.0,14.0,0.0,4.0,235.28,16.28,617.0,2.0,1
0.0,0.0,-19.0,16.0,0.0,6.0,261.36,17.47,594.0,1.0,1
0.0,0.0,-10.0,23.0,0.0,1.0,220.58,38.94,1893.0,1.0,0
0.0,0.0,-7.0,17.0,0.0,5.0,348.95500000000004,24.26,1240.0,4.0,0
0.0,0.0,-2.0,19.0,0.0,10.0,348.95500000000004,25.16,905.0,1.0,0
0.0,0.0,7.0,30.0,1.0,7.0,348.95500000000004,38.94,1499.0,1.0,0
0.0,0.0,-10.0,10.0,0.0,3.0,277.52,18.52,557.0,5.0,0
0.0,0.0,6.0,25.0,1.0,2.0,348.95500000000004,15.71,468.0,1.0,1
0.0,0.0,-7.0,5.0,0.0,10.0,245.7,16.7,438.0,1.0,0
0.0,0.0,-11.0,8.0,0.0,8.0,348.95500000000004,15.83,623.0,1.0,0
0.0,0.0,-15.0,5.0,0.0,8.0,304.33,38.94,1281.0,3.0,0
0.0,0.0,-19.0,3.0,0.0,10.0,216.85,26.95,959.0,4.0,0
0.0,0.0,-21.0,11.0,0.0,4.0,348.95500000000004,33.34,1125.0,3.0,0
0.0,0.0,-16.0,9.0,0.0,5.0,348.95500000000004,19.96,1165.0,1.0,0
0.0,0.0,-14.0,4.0,0.0,1.0,336.36,36.6,345.0,1.0,0
0.0,0.0,-5.0,17.0,0.0,3.0,226.22,38.94,343.0,4.0,0
0.0,0.0,-8.0,13.0,0.0,1.0,296.08,19.19,579.0,1.0,0
0.0,0.0,-14.0,7.0,0.0,1.0,348.95500000000004,38.94,506.0,1.0,0
0.0,0.0,1.0,14.0,1.0,5.0,246.44,16.46,901.0,1.0,0
0.0,0.0,-21.0,8.0,0.0,4.0,315.72,35.72,573.0,8.0,0
0.0,0.0,-21.0,9.0,0.0,1.0,348.95500000000004,25.33,323.0,3.0,0
0.0,0.0,-14.0,18.0,0.0,2.0,208.51,18.61,1885.0,1.0,0
0.0,0.0,-13.0,40.0,0.0,1.0,227.83,28.13,344.0,3.0,0
0.0,0.0,-13.0,12.0,0.0,10.0,348.95500000000004,21.98,876.0,2.0,0
0.0,0.0,-4.0,20.0,0.0,2.0,222.3,38.94,831.0,2.0,0
0.0,0.0,9.0,34.0,1.0,20.0,241.93,22.03,282.0,1.0,1
0.0,0.0,-7.0,22.0,0.0,1.0,236.09,38.94,351.0,1.0,0
0.0,0.0,-9.0,8.0,0.0,6.0,197.87,17.97,289.0,1.0,0
0.0,0.0,-10.0,6.0,0.0,10.0,348.95500000000004,15.56,1129.0,4.0,0
0.0,0.0,-16.0,6.0,0.0,2.0,273.04,23.05,989.0,1.0,0
0.0,0.0,0.0,25.0,0.0,7.0,343.71,18.71,2644.0,6.0,0
0.0,0.0,-5.0,18.0,0.0,5.0,348.95500000000004,38.94,2194.0,4.0,0
0.0,0.0,-6.0,24.0,0.0,8.0,348.95500000000004,18.88,1654.0,3.0,0
0.0,0.0,-14.0,4.0,0.0,4.0,348.95500000000004,13.57,1800.0,7.0,0
0.0,0.0,-9.0,6.0,0.0,1.0,239.66,24.66,1059.0,5.0,0
0.0,0.0,-19.0,9.0,0.0,1.0,348.95500000000004,38.94,1839.0,4.0,0
0.0,0.0,-11.0,5.0,0.0,10.0,287.0,38.94,1705.0,1.0,0
0.0,0.0,-16.0,13.0,0.0,5.0,348.95500000000004,19.49,646.0,1.0,0
0.0,0.0,-12.0,11.0,0.0,1.0,348.95500000000004,29.9,452.0,1.0,0
0.0,0.0,-15.0,12.0,0.0,7.0,348.95500000000004,19.51,788.0,1.0,0
0.0,0.0,-13.0,5.0,0.0,3.0,281.26,16.36,298.0,1.0,0
0.0,0.0,-14.0,7.0,0.0,1.0,348.95500000000004,38.94,860.0,2.0,0
0.0,0.0,-14.0,13.0,0.0,2.0,348.95500000000004,24.12,3319.0,6.0,0
0.0,0.0,-23.0,8.0,0.0,10.0,348.95500000000004,38.94,1263.0,2.0,0
0.0,0.0,-11.0,18.0,0.0,1.0,256.77,38.94,186.0,1.0,0
0.0,0.0,-7.0,5.0,0.0,1.0,348.95500000000004,38.94,1176.0,3.0,0
0.0,0.0,-8.0,6.0,0.0,8.0,232.14,16.919999999999998,635.5,3.0,1
0.0,0.0,-18.0,16.0,0.0,10.0,348.95500000000004,38.94,625.0,1.0,0
0.0,0.0,-20.0,5.0,0.0,1.0,277.59,32.59,1071.0,1.0,0
0.0,0.0,-12.0,2.0,0.0,8.0,348.95500000000004,16.79,187.0,1.0,0
0.0,0.0,-15.0,8.0,0.0,4.0,208.91,38.94,830.0,4.0,0
0.0,0.0,-4.0,9.0,0.0,10.0,348.95500000000004,38.94,1447.0,5.0,0
0.0,0.0,-10.0,12.0,0.0,8.0,348.95500000000004,19.75,1165.0,1.0,0
0.0,0.0,-8.0,7.0,0.0,5.0,247.5,26.86,919.0,1.0,0
0.0,0.0,-16.0,8.0,0.0,10.0,348.95500000000004,38.94,2973.0,3.0,0
0.0,0.0,-17.0,11.0,0.0,10.0,348.95500000000004,35.87,983.0,2.0,0
0.0,0.0,8.0,33.0,1.0,1.0,218.32,18.52,226.0,2.0,1
0.0,0.0,-12.0,3.0,0.0,1.0,348.95500000000004,35.37,1271.0,4.0,0
0.0,0.0,-22.0,17.0,0.0,1.0,348.95500000000004,38.94,526.0,2.0,0
0.0,0.0,-9.0,16.0,0.0,5.0,261.9,34.95,555.0,1.0,0
0.0,0.0,-14.0,19.0,0.0,4.0,341.02,38.94,644.0,3.0,0
0.0,0.0,-14.0,6.0,0.0,1.0,219.32,15.52,1348.0,2.0,0
0.0,0.0,-22.0,15.0,0.0,3.0,348.95500000000004,38.94,740.0,1.0,1
0.0,0.0,9.0,17.0,1.0,1.0,348.95500000000004,28.69,598.0,3.0,0
0.0,0.0,-14.0,18.0,0.0,1.0,229.02,38.94,1083.0,1.0,0
0.0,0.0,-1.0,5.0,0.0,1.0,278.91,33.51,1169.0,3.0,0
0.0,0.0,-13.0,10.0,0.0,1.0,257.44,16.44,1194.0,2.0,0
0.0,0.0,-3.0,15.0,0.0,1.0,348.95500000000004,14.08,230.0,1.0,1
0.0,0.0,-15.0,23.0,0.0,10.0,348.95500000000004,17.55,1338.0,1.0,0
0.0,0.0,-12.0,17.0,0.0,8.0,337.23,37.24,1002.0,3.0,0
0.0,0.0,-2.0,7.0,0.0,8.0,215.98,16.01,494.0,2.0,0
0.0,0.0,-10.0,7.0,0.0,5.0,348.95500000000004,23.52,1426.0,1.0,0
0.0,0.0,-8.0,13.0,0.0,8.0,326.38,38.94,1156.5,1.0,0
0.0,0.0,-7.0,19.0,0.0,3.0,286.56,26.66,298.0,1.0,0
0.0,0.0,-6.0,11.0,0.0,10.0,348.95500000000004,21.4,2141.0,1.0,0
0.0,0.0,22.0,56.0,1.0,3.0,206.08,16.08,186.0,1.0,0
0.0,0.0,-10.0,13.0,0.0,7.0,219.27,19.28,344.0,1.0,0
0.0,0.0,-14.0,14.0,0.0,6.0,348.95500000000004,38.94,1645.0,4.0,0
0.0,0.0,-16.0,21.0,0.0,1.0,281.96,27.06,883.0,4.0,0
0.0,0.0,-7.0,27.0,0.0,1.0,226.27,33.27,2558.0,1.0,0
0.0,0.0,-16.0,7.0,0.0,8.0,340.08,24.03,1624.0,3.0,0
0.0,0.0,-27.0,17.0,0.0,10.0,348.95500000000004,38.94,531.0,3.0,0
0.0,0.0,-14.0,8.0,0.0,8.0,348.95500000000004,32.56,470.0,2.5,1
0.0,0.0,-15.0,19.0,0.0,4.0,279.96,38.94,1450.0,3.0,1
0.0,0.0,-10.0,30.0,0.0,5.0,194.0,35.0,236.0,1.0,0
0.0,0.0,-18.0,14.0,0.0,5.0,268.45,38.94,1324.0,1.0,0
0.0,0.0,-26.0,4.0,0.0,4.0,348.95500000000004,38.94,511.0,4.0,0
0.0,0.0,-21.0,5.0,0.0,8.0,345.49,31.689999999999998,295.0,1.0,0
0.0,0.0,-15.0,10.0,0.0,1.0,348.95500000000004,32.1,1126.0,3.0,0
0.0,0.0,-9.0,21.0,0.0,3.0,238.69,18.79,236.0,1.0,0
0.0,0.0,10.0,27.0,1.0,6.0,208.2,19.2,593.0,2.0,0
0.0,0.0,-18.0,8.0,0.0,5.0,319.33,19.35,1086.0,2.0,0
0.0,0.0,-36.0,18.0,0.0,1.0,258.25,19.25,636.0,1.0,0
0.0,0.0,-14.0,7.0,0.0,1.0,348.95500000000004,38.94,925.0,5.0,0
0.0,0.0,-5.0,7.0,0.0,10.0,348.95500000000004,18.81,1447.0,5.0,0
0.0,0.0,12.0,47.0,1.0,4.0,348.95500000000004,38.94,912.0,2.0,1
0.0,0.0,-4.0,21.0,0.0,10.0,342.09,38.94,816.0,2.0,1
0.0,0.0,-16.0,4.0,0.0,10.0,336.05,38.94,779.0,4.5,0
0.0,0.0,-16.0,14.0,0.0,1.0,264.66,38.94,1068.5,2.5,0
0.0,0.0,-7.0,24.0,0.0,1.0,233.04,24.04,236.0,1.0,0
0.0,0.0,-6.0,13.0,0.0,1.0,348.95500000000004,38.94,742.0,2.0,1
0.0,0.0,-17.0,24.0,0.0,2.0,348.95500000000004,38.94,622.5,1.5,0
0.0,0.0,-2.0,30.0,0.0,10.0,348.95500000000004,31.98,625.0,1.0,1
0.0,0.0,-6.0,15.0,0.0,1.0,348.95500000000004,17.1,606.0,2.0,0
0.0,0.0,-17.0,14.0,0.0,2.0,348.95500000000004,38.94,1048.0,2.0,0
0.0,0.0,-9.0,25.0,0.0,3.0,323.52,38.94,676.0,2.0,0
0.0,0.0,-17.0,10.0,0.0,10.0,201.96,22.96,323.0,1.0,0
0.0,0.0,-15.0,7.0,0.0,1.0,221.52,38.94,875.5,1.0,0
0.0,0.0,-2.0,30.0,0.0,1.0,187.36,18.46,602.0,2.0,0
0.0,0.0,-8.0,3.0,0.0,5.0,288.56,35.56,288.0,1.0,0
0.0,0.0,-15.0,5.0,0.0,4.0,348.95500000000004,20.75,2030.0,2.0,0
0.0,0.0,-13.0,15.0,0.0,3.0,281.95,38.94,179.0,1.0,0
0.0,0.0,-15.0,15.0,0.0,3.0,348.95500000000004,38.94,465.0,1.0,1
0.0,0.0,-6.0,13.0,0.0,1.0,218.45,14.45,236.0,1.0,0
0.0,0.0,-12.0,10.0,0.0,6.0,264.09,38.94,166.5,1.0,1
0.0,0.0,-14.0,24.0,0.0,8.0,348.95500000000004,38.94,452.0,1.0,0
0.0,0.0,15.0,33.0,1.0,1.0,348.95500000000004,38.94,1952.0,2.0,1
0.0,0.0,10.0,28.0,1.0,1.0,340.12,11.12,472.0,1.0,1
0.0,0.0,-5.0,10.0,0.0,10.0,348.95500000000004,14.6,439.0,5.0,0
0.0,0.0,-8.0,12.0,0.0,10.0,348.95500000000004,38.94,3611.0,4.0,0
0.0,0.0,-30.0,7.0,0.0,5.0,216.15,17.15,474.0,2.0,0
0.0,0.0,-13.0,14.0,0.0,10.0,348.95500000000004,17.54,1914.0,5.0,0
0.0,0.0,5.0,39.0,1.0,8.0,210.01,16.11,295.0,1.0,1
0.0,0.0,-8.0,16.0,0.0,2.0,348.95500000000004,38.94,579.0,2.0,0
0.0,0.0,-16.0,7.0,0.0,10.0,348.95500000000004,23.16,2685.0,2.0,0
0.0,0.0,-3.0,5.0,0.0,1.0,286.42,16.42,581.0,1.0,0
0.0,0.0,-41.0,12.0,0.0,1.0,238.95,38.94,678.0,4.0,0
0.0,0.0,-8.0,44.0,0.0,10.0,348.95500000000004,38.94,696.0,1.0,1
0.0,0.0,-11.0,12.0,0.0,5.0,348.95500000000004,38.94,1893.0,1.0,0
0.0,0.0,-6.0,3.0,0.0,5.0,348.95500000000004,38.94,133.0,2.0,0
0.0,0.0,3.0,18.0,1.0,1.0,348.95500000000004,38.94,524.0,3.0,1
0.0,0.0,-7.0,3.0,0.0,5.0,284.99,28.69,576.0,1.0,0
0.0,0.0,-10.0,9.0,0.0,1.0,348.95500000000004,38.94,569.5,1.0,0
0.0,0.0,-12.0,2.0,0.0,5.0,348.95500000000004,10.57,2165.0,2.0,0
0.0,0.0,-7.0,14.0,0.0,10.0,319.57,19.67,629.0,1.0,0
0.0,0.0,-5.0,22.0,0.0,7.0,305.68,15.78,528.0,2.0,0
0.0,0.0,-1.0,2.0,0.0,4.0,260.5,10.5,858.0,3.0,0
0.0,0.0,-46.0,7.0,0.0,5.0,348.95500000000004,38.94,2432.0,4.0,1
0.0,0.0,-19.0,3.0,0.0,6.0,348.95500000000004,38.94,1297.0,3.0,0
0.0,0.0,-18.0,21.0,0.0,8.0,348.95500000000004,38.94,1315.0,2.0,0
0.0,0.0,-12.0,18.0,0.0,6.0,191.58,21.68,188.0,2.0,0
0.0,0.0,-14.0,6.0,0.0,4.0,269.23,14.23,566.0,1.0,0
0.0,0.0,-17.0,7.0,0.0,1.0,348.95500000000004,38.94,315.0,1.0,1
0.0,0.0,-2.0,33.0,0.0,2.0,348.95500000000004,38.94,709.0,2.0,0
0.0,0.0,0.0,4.0,0.0,1.0,258.7,38.94,419.0,3.0,0
0.0,0.0,-16.0,6.0,0.0,8.0,203.14,18.54,713.0,2.0,0
0.0,0.0,29.0,64.0,1.0,10.0,205.53,26.53,1132.0,5.0,1
0.0,0.0,-11.0,13.0,0.0,10.0,348.95500000000004,19.35,885.0,3.0,0
0.0,0.0,-16.0,8.0,0.0,7.0,221.79,21.89,233.0,1.0,0
0.0,0.0,-15.0,10.0,0.0,4.0,348.95500000000004,38.94,2364.3333333333335,1.6666666666666667,0
0.0,0.0,-21.0,11.0,0.0,2.0,348.95500000000004,21.52,886.0,4.0,0
0.0,0.0,-12.0,5.0,0.0,8.0,348.95500000000004,25.77,1948.0,1.0,0
0.0,0.0,-5.0,25.0,0.0,5.5,315.02,38.94,455.0,1.0,0
0.0,0.0,-15.0,9.0,0.0,8.0,196.01,16.01,1153.0,4.0,0
0.0,0.0,-11.0,11.0,0.0,8.0,348.95500000000004,38.94,1176.0,3.0,0
0.0,0.0,7.0,45.0,1.0,1.0,231.96,21.96,3760.0,1.0,1
0.0,0.0,-7.0,6.0,0.0,1.0,257.67,38.94,490.3333333333333,3.6666666666666665,0
0.0,0.0,-10.0,11.0,0.0,5.0,250.5,27.6,417.5,1.0,0
0.0,0.0,-18.0,5.0,0.0,5.0,298.92,38.94,87.0,3.0,0
0.0,0.0,-17.0,7.0,0.0,2.0,348.95500000000004,38.94,920.0,1.0,0
0.0,0.0,-6.0,23.0,0.0,1.0,221.64,20.65,590.0,2.0,0
0.0,0.0,-18.0,17.0,0.0,6.0,217.84,17.84,424.0,1.0,0
0.0,0.0,-6.0,15.0,0.0,10.0,247.75,14.75,460.0,2.0,0
0.0,0.0,-25.0,6.0,0.0,1.0,276.9,28.0,606.0,2.0,0
0.0,0.0,-52.0,17.0,0.0,2.0,272.39,38.94,478.0,1.0,0
0.0,0.0,-8.0,13.0,0.0,4.0,217.06,17.16,305.0,2.0,1
0.0,0.0,18.0,41.0,1.0,8.0,330.27,16.37,489.0,1.0,1
0.0,0.0,-15.0,6.0,0.0,1.0,211.89,12.89,500.0,1.0,0
0.0,0.0,-19.0,5.0,0.0,2.0,260.58,38.94,345.0,1.0,1
0.0,0.0,-14.0,2.0,0.0,1.0,329.54,14.64,2118.0,2.0,0
0.0,0.0,-18.0,7.0,0.0,5.0,253.36,38.94,272.0,1.0,0
0.0,0.0,-13.0,6.0,0.0,8.0,276.68,38.94,1356.0,3.0,0
0.0,0.0,-7.0,13.0,0.0,3.0,221.29,19.29,548.0,3.0,0
0.0,0.0,-27.0,14.0,0.0,1.0,348.95500000000004,36.69,623.0,4.0,0
0.0,0.0,-13.0,10.0,0.0,1.0,348.95500000000004,19.98,927.0,1.0,0
0.0,0.0,-40.0,15.0,0.0,10.0,290.76,30.86,1305.0,1.0,0
0.0,0.0,55.0,79.0,1.0,10.0,236.97,17.97,838.0,2.0,0
0.0,0.0,-9.0,12.0,0.0,1.0,254.01,14.02,1199.0,3.0,0
0.0,0.0,-11.0,6.0,0.0,4.0,322.89,22.9,1892.0,4.0,0
0.0,0.0,-12.0,6.0,0.0,3.0,247.71,38.94,271.0,1.0,0
0.0,0.0,-9.0,20.0,0.0,7.0,197.64,38.94,621.0,1.0,0
0.0,0.0,7.0,45.0,1.0,1.0,348.95500000000004,38.94,1064.0,1.0,1
0.0,0.0,-24.0,10.0,0.0,12.0,294.48,38.94,1120.0,1.0,0
0.0,0.0,-7.0,6.0,0.0,7.0,261.29,14.39,463.0,2.0,0
0.0,0.0,-14.0,18.0,0.0,4.0,292.58,32.59,582.0,1.0,0
0.0,0.0,-24.0,17.0,0.0,1.0,348.95500000000004,38.94,2161.0,1.0,0
0.0,0.0,-11.0,10.0,0.0,4.0,348.95500000000004,38.94,2164.0,1.0,0
0.0,0.0,-13.0,7.0,0.0,6.0,348.95500000000004,38.94,913.0,3.0,0
0.0,0.0,-16.0,7.0,0.0,2.0,237.47,21.91,3758.0,1.0,0
0.0,0.0,-15.0,6.0,0.0,6.0,348.95500000000004,18.73,675.0,2.0,0
0.0,0.0,-22.0,4.0,0.0,8.0,329.97,10.97,389.0,1.0,0
0.0,0.0,-14.0,3.0,0.0,10.0,348.95500000000004,21.78,1092.0,1.0,0
0.0,0.0,-19.0,5.0,0.0,7.0,348.95500000000004,17.59,915.0,2.0,0
0.0,0.0,-23.0,4.0,0.0,10.0,246.61,27.61,627.0,2.0,0
0.0,0.0,-26.0,15.0,0.0,5.0,274.01,38.94,934.0,1.0,0
0.0,0.0,3.0,30.0,1.0,5.0,248.34,38.94,1157.0,1.0,1
0.0,0.0,-6.0,13.0,0.0,10.0,318.4,18.41,753.0,2.0,0
0.0,0.0,-15.0,7.0,0.0,1.0,348.95500000000004,37.65,1834.0,1.0,0
0.0,0.0,12.0,40.0,1.0,6.0,320.39,38.94,503.0,1.0,0
0.0,0.0,-15.0,4.0,0.0,2.0,348.95500000000004,38.94,1559.0,1.0,1
0.0,0.0,-9.0,2.0,0.0,4.0,228.78,8.79,1062.0,3.0,0
0.0,0.0,-16.0,14.0,0.0,2.0,348.95500000000004,21.77,1165.0,1.0,0
0.0,0.0,-5.0,11.0,0.0,10.0,348.95500000000004,38.94,2119.0,2.0,0
0.0,0.0,-27.0,7.0,0.0,1.0,236.5,38.94,786.0,5.0,0
0.0,0.0,-15.0,6.0,0.0,2.0,348.95500000000004,19.56,404.0,3.0,0
0.0,0.0,-20.0,5.0,0.0,10.0,348.95500000000004,38.94,636.0,1.0,0
0.0,0.0,-3.0,13.0,0.0,10.0,348.95500000000004,33.37,729.0,1.0,0
0.0,0.0,-33.0,2.0,0.0,7.0,348.95500000000004,20.86,1168.0,3.0,0
0.0,0.0,-19.0,9.0,0.0,1.0,284.9,14.91,220.0,1.0,1
0.0,0.0,5.0,40.0,1.0,1.0,348.95500000000004,31.02,1083.0,4.0,1
0.0,0.0,2.0,27.0,1.0,1.0,348.95500000000004,20.59,1021.0,4.0,0
0.0,0.0,-14.0,14.0,0.0,8.0,348.95500000000004,27.72,388.0,2.0,0
0.0,0.0,-15.0,7.0,0.0,10.0,348.95500000000004,21.01,728.0,3.0,0
0.0,0.0,-8.0,4.0,0.0,8.0,348.95500000000004,11.45,667.0,3.0,0
0.0,0.0,-17.0,14.0,0.0,5.0,275.2,28.58,1246.0,1.0,0
0.0,0.0,-28.0,7.0,0.0,10.0,307.88,27.98,596.0,1.0,0
0.0,0.0,-18.0,3.0,0.0,2.0,303.46,14.46,811.0,3.0,0
0.0,0.0,-8.0,20.0,0.0,1.0,347.89,38.94,674.0,1.0,0
0.0,0.0,-6.0,14.0,0.0,1.0,243.2,33.4,1023.0,1.0,0
0.0,0.0,-16.0,5.0,0.0,10.0,321.31,38.94,1844.0,4.0,0
0.0,0.0,-11.0,6.0,0.0,5.0,245.68,26.68,123.0,7.0,1
0.0,0.0,1.0,32.0,1.0,1.0,217.64,18.64,345.0,9.0,1
0.0,0.0,-8.0,18.0,0.0,8.0,348.95500000000004,20.06,329.0,1.0,0
0.0,0.0,-31.0,7.0,0.0,10.0,348.95500000000004,38.94,634.0,5.0,0
0.0,0.0,-22.0,3.0,0.0,10.0,279.07,38.07,321.3333333333333,1.0,1
0.0,0.0,-12.0,4.0,0.0,3.0,348.95500000000004,9.96,746.0,2.0,0
0.0,0.0,-19.0,10.0,0.0,6.0,273.36,23.46,443.0,2.0,0
0.0,0.0,-17.0,7.0,0.0,10.0,348.95500000000004,18.96,1547.0,2.0,0
0.0,0.0,-19.0,12.0,0.0,3.0,348.95500000000004,38.94,766.0,3.0,0
0.0,0.0,1.0,22.0,1.0,3.0,348.95500000000004,38.94,664.0,1.0,0
0.0,0.0,-1.0,1.0,0.0,1.0,348.95500000000004,18.84,646.0,1.0,0
0.0,0.0,14.0,43.0,1.0,1.0,348.95500000000004,38.94,191.0,4.0,1
0.0,0.0,-10.0,11.0,0.0,3.0,336.89,16.99,849.0,1.0,1
0.0,0.0,-13.0,2.0,0.0,3.0,299.79,26.79,1107.0,3.0,1
0.0,0.0,-12.0,1.0,0.0,1.0,348.95500000000004,25.77,568.6666666666666,1.0,0
0.0,0.0,4.0,20.0,1.0,1.0,348.95500000000004,38.94,756.0,1.0,1
0.0,0.0,-15.0,12.0,0.0,10.0,279.9,38.94,2233.0,1.0,0
0.0,0.0,-17.0,8.0,0.0,1.0,348.95500000000004,18.7,625.0,1.0,0
0.0,0.0,-14.0,6.0,0.0,10.0,348.95500000000004,25.9,464.0,1.0,0
0.0,0.0,-22.0,9.0,0.0,3.0,348.95500000000004,38.94,963.3333333333334,2.3333333333333335,0
0.0,0.0,-36.0,14.0,0.0,1.0,348.95500000000004,25.21,766.0,1.0,0
0.0,0.0,-5.0,22.0,0.0,4.0,348.95500000000004,38.94,758.0,1.0,0
0.0,0.0,-10.0,19.0,0.0,4.0,348.95500000000004,38.94,1131.0,1.0,0
0.0,0.0,-19.0,17.0,0.0,4.0,201.54,38.94,2597.0,10.0,0
0.0,0.0,-18.0,11.0,0.0,8.0,309.4,38.94,748.0,2.0,0
0.0,0.0,-27.0,10.0,0.0,2.0,348.95500000000004,25.04,934.0,8.0,1
0.0,0.0,-32.0,12.0,0.0,10.0,227.68,38.94,266.5,1.0,1
0.0,0.0,-25.0,6.0,0.0,4.0,296.24,26.24,977.0,1.0,0
0.0,0.0,-7.0,20.0,0.0,3.0,234.39,37.14,381.5,1.0,0
0.0,0.0,-11.0,13.0,0.0,1.0,348.95500000000004,23.22,1344.0,1.0,0
0.0,0.0,-31.0,21.0,0.0,1.0,260.84,38.94,1094.0,1.0,0
0.0,0.0,-10.0,14.0,0.0,1.0,333.6,38.94,452.0,1.0,0
0.0,0.0,-6.0,16.0,0.0,10.0,348.95500000000004,38.56,3490.0,8.0,0
0.0,0.0,-13.0,12.0,0.0,1.0,304.27,14.37,605.0,5.0,0
0.0,0.0,-12.0,21.0,0.0,1.0,348.95500000000004,38.94,2403.0,1.0,0
0.0,0.0,-26.0,4.0,0.0,9.0,297.39,18.39,764.0,3.0,0
0.0,0.0,-9.0,7.0,0.0,1.0,293.58,25.11,2717.0,2.0,1
0.0,0.0,-5.0,16.0,0.0,4.0,348.95500000000004,38.94,240.0,1.0,0
0.0,0.0,-12.0,1.0,0.0,10.0,244.15,14.16,1001.0,1.0,0
0.0,0.0,-16.0,13.0,0.0,6.0,321.69,38.94,192.5,2.0,0
0.0,0.0,-8.0,19.0,0.0,3.0,242.48,26.54,1885.0,1.0,0
0.0,0.0,-6.0,23.0,0.0,2.0,238.69,18.79,236.0,1.0,0
0.0,0.0,-21.0,11.0,0.0,2.0,331.41,31.51,885.0,3.0,0
0.0,0.0,-15.0,8.0,0.0,4.0,231.79,32.79,993.0,5.0,0
0.0,0.0,-12.0,7.0,0.0,1.0,348.95500000000004,38.94,753.0,1.0,0
0.0,0.0,-14.0,8.0,0.0,1.0,348.95500000000004,38.94,1527.0,4.0,0
0.0,0.0,-13.0,5.0,0.0,1.0,219.73,20.73,1119.0,4.0,0
0.0,0.0,-15.0,22.0,0.0,10.0,219.51,38.94,308.0,1.0,1
0.0,0.0,-12.0,18.0,0.0,4.0,348.95500000000004,37.03,817.0,2.0,0
0.0,0.0,-12.0,12.0,0.0,1.0,258.56,28.56,915.0,3.0,0
0.0,0.0,-7.0,14.0,0.0,1.0,348.95500000000004,20.79,371.0,2.0,0
0.0,0.0,-11.0,1.0,0.0,7.0,255.44,16.84,274.0,1.0,0
0.0,0.0,-1.0,20.0,0.0,5.0,348.95500000000004,17.18,913.0,3.0,1
0.0,0.0,-15.0,9.0,0.0,1.0,348.95500000000004,38.94,1309.0,6.0,0
0.0,0.0,-26.0,5.0,0.0,8.0,235.26,35.26,963.0,1.0,0
0.0,0.0,-34.0,7.0,0.0,8.0,339.55,9.56,482.0,2.0,0
0.0,0.0,-15.0,17.0,0.0,8.0,348.95500000000004,38.94,216.0,3.0,0
0.0,0.0,-19.0,5.0,0.0,8.0,248.35,18.36,688.0,1.0,0
0.0,0.0,-9.0,11.0,0.0,1.0,348.95500000000004,38.94,608.0,2.0,0
0.0,0.0,-12.0,9.0,0.0,10.0,348.95500000000004,38.94,1433.0,5.0,0
0.0,0.0,-13.0,7.0,0.0,2.0,253.28,15.28,1893.0,1.0,0
0.0,0.0,-26.0,25.0,0.0,1.0,348.95500000000004,18.55,1266.0,4.0,1
0.0,0.0,-7.0,12.0,0.0,8.0,257.94,37.3,918.0,1.0,1
0.0,0.0,-7.0,12.0,0.0,1.0,216.26,19.26,612.0,1.0,0
0.0,0.0,-14.0,7.0,0.0,6.0,348.95500000000004,22.8,1865.0,1.0,0
0.0,0.0,-13.0,16.0,0.0,3.0,267.93,15.93,1042.0,1.0,0
0.0,0.0,-15.0,10.0,0.0,1.0,348.95500000000004,18.35,1125.0,3.0,1
0.0,0.0,-6.0,35.0,0.0,4.0,348.95500000000004,38.94,694.0,7.0,0
0.0,0.0,7.0,25.0,1.0,1.0,245.99,16.49,1879.0,1.0,0
0.0,0.0,-22.0,7.0,0.0,1.0,228.37,18.38,708.0,2.0,0
0.0,0.0,-20.0,8.0,0.0,4.0,348.95500000000004,22.29,943.0,4.0,0
0.0,0.0,-11.0,8.0,0.0,1.0,304.38,36.38,209.0,1.0,0
0.0,0.0,-21.0,6.0,0.0,5.5,348.95500000000004,38.94,1064.0,1.0,0
0.0,0.0,-6.0,21.0,0.0,4.0,192.78,38.94,764.0,1.0,0
0.0,0.0,-14.0,3.0,0.0,10.0,348.95500000000004,16.08,179.0,1.0,0
0.0,0.0,-12.0,10.0,0.0,6.0,246.82,26.82,617.0,2.0,0
0.0,0.0,-13.0,12.0,0.0,10.0,348.95500000000004,29.74,1009.0,2.0,0
0.0,0.0,8.0,36.0,1.0,8.0,348.95500000000004,20.39,940.0,2.0,0
0.0,0.0,-19.0,4.0,0.0,5.0,267.99,18.0,970.0,1.0,0
0.0,0.0,-22.0,7.0,0.0,1.0,348.95500000000004,30.26,388.0,2.0,0
0.0,0.0,-7.0,8.0,0.0,10.0,209.76,9.77,448.0,2.0,0
0.0,0.0,-15.0,11.0,0.0,8.0,296.32,36.32,704.0,4.0,1
0.0,0.0,-9.0,14.0,0.0,2.0,187.65,20.66,1620.0,1.0,0
0.0,0.0,-13.0,6.0,0.0,7.0,274.84,14.94,2789.0,1.0,0
0.0,0.0,-11.0,21.0,0.0,1.0,287.3,38.94,381.0,4.0,1
0.0,0.0,-20.0,8.0,0.0,1.0,348.95500000000004,38.94,1949.0,4.0,0
0.0,0.0,-14.0,20.0,0.0,5.0,253.99,33.99,683.0,3.0,0
0.0,0.0,-14.0,5.0,0.0,2.0,203.67,12.84,1116.0,1.0,0
0.0,0.0,-29.0,5.0,0.0,8.0,348.95500000000004,17.83,1343.0,3.0,0
0.0,0.0,-7.0,21.0,0.0,1.0,258.01,38.94,941.0,1.0,0
0.0,0.0,-10.0,12.0,0.0,5.0,348.95500000000004,38.94,3490.0,8.0,0
0.0,0.0,6.0,41.0,1.0,3.0,224.97,38.94,798.0,1.0,1
0.0,0.0,-18.0,15.0,0.0,7.0,284.68,34.79,1180.0,1.0,0
0.0,0.0,-21.0,8.0,0.0,8.0,348.95500000000004,38.94,552.0,1.0,0
0.0,0.0,-17.0,5.0,0.0,8.0,196.35,16.89,291.0,1.0,0
0.0,0.0,-6.0,21.0,0.0,1.0,286.54,16.64,163.0,1.0,0
0.0,0.0,-22.0,4.0,0.0,4.0,224.87,34.88,264.5,1.0,1
0.0,0.0,-23.0,29.0,0.0,1.0,229.42,38.94,333.0,1.0,0
0.0,0.0,-2.0,25.0,0.0,4.0,243.14,38.94,921.0,7.0,0
0.0,0.0,-1.0,25.0,0.0,2.0,222.68,18.68,236.0,1.0,0
0.0,0.0,-17.0,5.0,0.0,1.0,330.7,10.8,663.0,2.0,0
0.0,0.0,-13.0,10.0,0.0,4.0,299.39,19.4,606.0,2.0,0
0.0,0.0,-5.0,24.0,0.0,1.0,269.3,38.94,1180.0,1.0,0
0.0,0.0,-1.0,24.0,0.0,1.0,348.07,23.07,2644.0,6.0,0
0.0,0.0,-9.0,21.0,0.0,10.0,232.95,17.95,1269.0,6.0,0
0.0,0.0,-12.0,18.0,0.0,1.0,348.95500000000004,38.94,925.0,5.0,0
0.0,0.0,-9.0,6.0,0.0,4.0,213.75,14.75,784.0,1.0,0
0.0,0.0,3.0,36.0,1.0,10.0,348.95500000000004,38.94,982.0,3.0,0
0.0,0.5,-4.0,15.0,0.0,15.0,697.9100000000001,64.74000000000001,3632.0,4.0,0
0.0,0.0,-19.0,4.0,0.0,3.0,227.51,14.51,855.0,2.0,0
0.0,0.0,25.0,70.0,1.0,1.0,348.95500000000004,38.94,982.0,3.0,1
0.0,0.0,0.0,7.0,0.0,10.0,348.95500000000004,38.94,1203.0,2.0,0
0.0,0.0,80.0,107.0,1.0,10.0,348.95500000000004,38.94,175.0,2.0,0
0.0,0.0,-14.0,3.0,0.0,10.0,320.01,38.94,387.0,1.0,0
0.0,0.0,-3.0,23.0,0.0,2.0,305.01,38.94,756.0,1.0,0
0.0,0.0,-10.0,13.0,0.0,8.0,228.63,34.63,1926.0,1.0,0
0.0,0.0,-4.0,14.0,0.0,4.0,235.81,25.82,516.0,1.0,0
0.0,0.0,-21.0,13.0,0.0,1.0,240.09,38.94,81.0,1.0,1
0.0,0.0,-13.0,10.0,0.0,1.0,196.5,27.5,661.0,3.0,0
0.0,0.0,-13.0,4.0,0.0,10.0,348.95500000000004,13.76,606.0,2.0,0
0.0,0.0,-12.0,11.0,0.0,1.0,348.95500000000004,38.94,779.0,1.0,0
0.0,0.0,-22.0,9.0,0.0,1.0,290.68,32.68,2590.0,5.0,0
0.0,0.0,-23.0,14.0,0.0,10.0,348.95500000000004,38.94,1582.0,1.0,0
0.0,0.0,-14.0,19.0,0.0,1.0,271.28,38.94,928.0,1.0,0
0.0,0.0,-10.0,10.0,0.0,1.0,348.95500000000004,38.94,2213.0,4.0,0
0.0,0.0,-23.0,5.0,0.0,1.0,248.29,28.39,283.0,3.0,0
0.0,0.0,-20.0,12.0,0.0,5.0,312.38,19.48,355.0,1.0,0
0.0,0.0,-16.0,19.0,0.0,1.0,348.95500000000004,38.94,964.0,1.0,0
0.0,0.0,-7.0,2.0,0.0,1.0,348.95500000000004,38.94,557.0,5.0,0
0.0,0.0,-16.0,10.0,0.0,3.0,348.95500000000004,23.82,447.0,6.0,0
0.0,0.0,-1.0,22.0,0.0,1.0,348.95500000000004,38.94,383.0,1.0,0
0.0,0.0,-16.0,15.0,0.0,1.0,195.0,17.01,916.0,2.0,0
0.0,0.0,-7.0,8.0,0.0,1.0,214.97,24.98,903.0,5.0,0
0.0,0.0,-14.0,16.0,0.0,10.0,203.83,23.84,1159.0,1.0,0
0.0,0.0,-16.0,8.0,0.0,5.0,348.95500000000004,18.68,954.0,4.0,0
0.0,0.0,-18.0,5.0,0.0,1.0,313.18,14.18,1479.0,3.0,0
0.0,0.0,-3.0,4.0,0.0,5.0,259.15,19.45,646.0,1.0,0
0.0,0.0,8.0,33.0,1.0,6.0,348.95500000000004,38.94,1212.0,3.0,1
0.0,0.0,-13.0,8.0,0.0,10.0,348.95500000000004,18.7,478.0,2.0,0
0.0,0.0,-13.0,13.0,0.0,3.0,259.33,38.94,955.0,1.5,1
0.0,0.0,-7.0,18.0,0.0,10.0,348.95500000000004,24.73,383.0,2.0,1
0.0,0.0,-13.0,21.0,0.0,10.0,333.54,34.54,2667.0,5.0,0
0.0,0.0,-19.0,19.0,0.0,10.0,348.95500000000004,19.94,337.7142857142857,1.0,0
0.0,0.0,-7.0,15.0,0.0,1.0,348.95500000000004,15.52,1338.0,2.0,0
0.0,0.0,-2.0,2.0,0.0,3.0,348.95500000000004,14.1,1378.0,1.0,1
0.0,0.0,-1.0,34.0,0.0,3.0,319.44,26.54,355.0,1.0,0
0.0,0.0,-15.0,19.0,0.0,10.0,334.8,38.94,115.0,1.0,0
0.0,0.0,-16.0,18.0,0.0,5.0,273.01,38.94,603.0,1.0,0
0.0,0.0,-6.0,14.0,0.0,1.0,212.73,13.83,811.0,3.0,0
0.0,0.0,-12.0,4.0,0.0,1.0,209.76,9.77,465.0,1.0,0
0.0,0.0,-13.0,9.0,0.0,1.0,194.5,15.01,1632.0,3.0,0
0.0,0.0,-18.0,11.0,0.0,2.0,216.05,16.15,1132.0,8.0,0
0.0,0.0,-15.0,17.0,0.0,4.0,348.95500000000004,34.48,2003.0,1.0,0
0.0,0.0,-13.0,6.0,0.0,3.0,348.95500000000004,14.3,3121.0,4.0,0
0.0,0.0,-12.0,7.0,0.0,10.0,348.95500000000004,37.6,1384.0,3.0,0
0.0,0.0,-9.0,12.0,0.0,8.0,348.95500000000004,25.03,2644.0,6.0,0
0.0,0.0,-10.0,9.0,0.0,10.0,348.95500000000004,38.94,422.0,5.0,1
0.0,0.0,-20.0,14.0,0.0,8.0,211.01,16.11,734.0,2.0,0
0.0,0.0,-25.0,19.0,0.0,1.0,348.95500000000004,38.94,444.0,1.0,0
0.0,0.0,-9.0,21.0,0.0,5.0,348.95500000000004,27.29,210.0,1.0,0
0.0,0.0,-15.0,11.0,0.0,6.0,295.81,38.94,2030.0,1.0,0
0.0,0.0,-6.0,20.0,0.0,4.0,348.95500000000004,38.94,388.0,3.0,0
0.0,0.0,2.0,43.0,1.0,10.0,348.95500000000004,16.45,542.0,2.0,1
0.0,0.0,-6.0,7.0,0.0,10.0,348.95500000000004,13.19,582.0,3.0,0
0.0,0.0,-18.0,5.0,0.0,3.0,348.95500000000004,15.72,549.0,2.0,0
0.0,0.0,-17.0,7.0,0.0,1.0,269.17,33.17,279.5,1.0,1
0.0,0.0,-18.0,14.0,0.0,5.0,278.26,38.94,2041.0,3.0,0
0.0,0.0,-14.0,12.0,0.0,4.0,315.26,16.26,2304.0,3.0,0
0.0,0.0,-18.0,16.0,0.0,8.0,348.95500000000004,38.94,313.0,1.0,1
0.0,0.0,96.0,126.0,1.0,10.0,348.95500000000004,38.94,1075.0,1.0,1
0.0,0.0,-9.0,14.0,0.0,1.0,340.13,20.13,1314.0,4.0,0
0.0,0.0,-2.0,20.0,0.0,1.0,348.95500000000004,38.94,189.0,1.0,0
0.0,0.0,-28.0,6.0,0.0,1.0,249.18,19.19,784.0,2.0,0
0.0,0.0,-16.0,6.0,0.0,3.0,254.23,38.94,402.0,2.0,0
0.0,0.0,-6.0,17.0,0.0,1.0,337.5,38.94,360.6,2.0,0
0.0,0.0,-9.0,17.0,0.0,2.0,341.08,38.94,1172.0,3.0,0
0.0,0.0,-3.0,7.0,0.0,1.0,348.95500000000004,11.86,1558.0,1.0,0
0.0,0.0,-6.0,7.0,0.0,10.0,348.95500000000004,35.15,603.0,1.0,0
0.0,0.0,-21.0,7.0,0.0,3.0,223.83,38.94,1423.0,2.0,1
0.0,0.0,-5.0,11.0,0.0,2.0,348.95500000000004,33.68,1363.0,2.0,0
0.0,0.0,-4.0,20.0,0.0,8.0,348.95500000000004,38.94,298.0,1.0,0
0.0,0.0,11.0,37.0,1.0,1.0,348.95500000000004,20.67,1209.0,1.0,1
0.0,0.0,-6.0,22.0,0.0,3.0,197.97,22.07,1159.0,3.0,0
0.0,0.0,-20.0,9.0,0.0,8.0,348.95500000000004,38.94,1070.0,1.0,0
0.0,0.0,-7.0,18.0,0.0,1.0,348.95500000000004,38.94,2245.0,1.0,0
0.0,0.0,-2.0,22.0,0.0,2.0,242.44,19.44,536.0,1.0,0
0.0,0.0,-9.0,25.0,0.0,1.0,274.06,38.94,201.0,1.0,0
0.0,0.0,-8.0,7.0,0.0,1.0,190.4,15.43,409.0,1.0,0
0.0,0.0,-1.0,7.0,0.0,1.0,315.54,16.54,789.0,6.0,0
0.0,0.0,5.0,19.0,1.0,1.0,292.98,38.94,1525.0,3.0,0
0.0,0.0,-10.0,5.0,0.0,8.0,348.95500000000004,32.1,281.0,1.0,0
0.0,0.0,-17.0,7.0,0.0,10.0,348.95500000000004,38.94,348.0,5.0,0
0.0,0.0,-15.0,8.0,0.0,5.0,348.95500000000004,38.94,3611.0,4.0,0
0.0,0.0,-23.0,4.0,0.0,4.0,348.95500000000004,38.94,897.0,2.0,0
0.0,0.0,-11.0,17.0,0.0,8.0,348.95500000000004,26.26,388.0,2.0,0
0.0,0.0,15.0,41.0,1.0,1.0,343.35,38.94,1690.0,2.0,1
0.0,0.0,-18.0,6.0,0.0,3.0,348.95500000000004,18.6,805.0,2.0,0
0.0,0.0,-19.0,6.0,0.0,10.0,348.95500000000004,38.94,1467.0,2.0,0
0.0,0.3333333333333333,-20.0,14.0,0.0,1.0,477.37,37.67,519.3333333333334,3.0,1
0.0,0.0,-17.0,3.0,0.0,10.0,253.08,13.18,640.0,1.0,0
0.0,0.0,-8.0,20.0,0.0,3.0,193.8,18.8,622.0,2.0,0
0.0,0.0,-10.0,1.0,0.0,8.0,267.68,8.68,501.0,4.0,0
0.0,0.0,-17.0,12.0,0.0,4.0,230.15,16.25,582.0,1.0,0
0.0,0.0,-22.0,13.0,0.0,2.0,348.95500000000004,19.71,677.0,1.0,0
0.0,0.0,-20.0,12.0,0.0,8.0,348.95500000000004,19.5,440.0,2.0,0
0.0,0.0,-5.0,33.0,0.0,1.0,284.91,38.94,603.0,1.0,0
0.0,0.0,3.0,32.0,1.0,4.0,240.32,15.32,3177.0,1.0,1
0.0,0.0,-12.0,8.0,0.0,10.0,314.43,15.43,1479.0,3.0,0
0.0,0.0,-31.0,7.0,0.0,6.0,348.95500000000004,20.62,625.0,1.0,0
0.0,0.0,-13.0,11.0,0.0,2.0,255.42,16.42,494.0,1.0,0
0.0,0.0,-19.0,14.0,0.0,5.0,348.95500000000004,38.94,612.0,2.0,0
0.0,0.0,-16.0,16.0,0.0,7.0,193.9,16.0,452.0,2.0,0
0.0,0.0,-16.0,6.0,0.0,3.0,255.28,37.28,214.0,1.0,0
0.0,0.0,2.0,16.0,1.0,1.0,248.94,38.94,903.0,6.0,0
0.0,0.0,-8.0,3.0,0.0,10.0,348.95500000000004,20.6,2378.0,6.0,0
0.0,0.0,-14.0,14.0,0.0,10.0,348.95500000000004,38.94,728.0,2.0,0
0.0,0.0,-14.0,6.0,0.0,10.0,348.95500000000004,38.94,1701.0,2.0,0
0.0,0.0,-21.0,8.0,0.0,4.0,348.95500000000004,38.94,1750.0,2.0,0
0.0,0.0,-8.0,20.0,0.0,1.0,250.02,38.94,1094.0,1.0,0
0.0,0.0,-10.0,33.0,0.0,1.0,265.12,31.14,1296.0,1.0,0
0.0,0.0,-5.0,4.0,0.0,10.0,255.99,15.99,971.0,1.0,0
0.0,0.0,-13.0,13.0,0.0,1.0,348.95500000000004,38.94,217.0,3.0,0
0.0,0.0,-20.0,13.0,0.0,3.0,321.67,32.67,1060.0,1.0,0
0.0,0.0,-8.0,21.0,0.0,10.0,348.95500000000004,38.94,259.0,1.0,1
0.0,0.0,-30.0,7.0,0.0,8.0,334.98,16.98,580.0,1.0,0
0.0,0.0,-12.0,8.0,0.0,1.0,251.88,18.88,503.0,1.0,0
0.0,0.0,-10.0,10.0,0.0,5.0,348.95500000000004,33.68,1363.0,2.0,0
0.0,0.0,-11.0,5.0,0.0,6.0,348.95500000000004,17.0,2720.0,5.0,1
0.0,0.0,-10.0,18.0,0.0,2.0,348.95500000000004,27.64,2685.0,2.0,0
0.0,0.0,-20.0,22.0,0.0,1.0,309.16,38.94,293.0,1.0,0
0.0,0.0,-19.0,7.0,0.0,2.0,307.11,20.11,359.0,1.0,0
0.0,0.0,-17.0,7.0,0.0,8.0,348.95500000000004,20.01,3902.0,7.0,0
0.0,0.0,-19.0,3.0,0.0,3.0,348.95500000000004,38.94,1294.0,5.0,0
0.0,0.0,-16.0,9.0,0.0,5.5,346.38,16.48,210.0,1.0,0
0.0,0.0,-7.0,2.0,0.0,3.0,348.95500000000004,21.11,1800.0,7.0,0
0.0,0.0,-16.0,2.0,0.0,2.0,348.95500000000004,16.04,1092.0,1.0,0
0.0,0.0,-5.0,17.0,0.0,1.0,348.95500000000004,38.94,573.0,1.0,0
0.0,0.0,-12.0,7.0,0.0,1.0,279.91,19.92,1487.0,1.0,0
0.0,0.0,-8.0,11.0,0.0,9.0,348.95500000000004,24.09,2352.0,3.0,0
0.0,0.0,-15.0,20.0,0.0,5.0,348.95500000000004,38.94,696.0,2.0,0
0.0,0.0,-13.0,6.0,0.0,2.0,285.78,15.79,606.0,2.0,0
0.0,0.0,-12.0,23.0,0.0,1.0,216.68,38.94,833.0,4.0,0
0.0,0.0,-23.0,5.0,0.0,7.0,348.95500000000004,16.16,905.0,1.0,0
0.0,0.0,-16.0,4.0,0.0,4.0,227.47,27.48,570.0,1.0,0
0.0,0.0,-15.0,15.0,0.0,4.0,348.95500000000004,38.94,1154.0,1.0,0
0.0,0.0,-8.0,9.0,0.0,1.0,348.95500000000004,38.94,2188.0,2.0,0
0.0,0.0,-25.0,5.0,0.0,10.0,348.95500000000004,31.16,2136.0,1.0,0
0.0,0.0,-10.0,18.0,0.0,10.0,348.95500000000004,38.94,779.0,2.0,0
0.0,0.0,-13.0,3.0,0.0,1.0,335.47,10.47,2644.0,6.0,0
0.0,0.0,-14.0,8.0,0.0,6.0,348.95500000000004,38.94,1135.0,5.0,1
0.0,0.0,-20.0,8.0,0.0,6.0,238.21,38.31,510.0,1.0,0
0.0,0.0,-9.0,5.0,0.0,6.0,227.4,8.4,632.0,1.0,0
0.0,0.0,-16.0,12.0,0.0,4.0,235.06,35.16,813.0,2.0,0
0.0,0.0,-19.0,8.0,0.0,10.0,348.95500000000004,35.05,2587.0,1.0,1
0.0,0.0,-18.0,3.0,0.0,4.0,306.12,17.12,527.0,1.0,0
0.0,0.0,-17.0,2.0,0.0,8.0,348.95500000000004,11.86,641.0,1.0,0
0.0,0.0,-20.0,13.0,0.0,12.0,219.21,38.94,918.0,1.0,0
0.0,0.0,5.0,32.0,1.0,2.0,196.02,26.03,903.0,1.0,0
0.0,0.0,-15.0,22.0,0.0,10.0,348.95500000000004,38.94,1089.0,1.0,0
0.0,0.0,-13.0,8.0,0.0,1.0,301.64,38.94,574.6666666666666,1.0,1
0.0,0.0,-4.0,3.0,0.0,1.0,259.03,19.23,1668.0,3.0,0
0.0,0.0,3.0,22.0,1.0,4.0,348.95500000000004,22.92,293.0,1.0,0
0.0,0.0,-9.0,3.0,0.0,1.0,258.98,29.98,771.0,1.0,1
0.0,0.0,-17.0,16.0,0.0,8.0,348.95500000000004,38.94,209.0,2.0,0
0.0,0.0,-3.0,19.0,0.0,5.0,348.95500000000004,17.96,1750.0,4.0,0
0.0,0.0,-27.0,8.0,0.0,10.0,348.95500000000004,38.94,3352.0,5.0,0
0.0,0.0,-9.0,13.0,0.0,10.0,225.88,26.08,259.0,1.0,0
0.0,0.0,-19.0,6.0,0.0,7.0,348.95500000000004,30.02,287.0,1.0,0
0.0,0.0,-13.0,8.0,0.0,1.0,348.95500000000004,38.94,1830.0,1.0,1
0.0,0.0,-4.0,26.0,0.0,3.0,296.32,36.32,704.0,3.0,1
0.0,0.0,-1.0,21.0,0.0,1.0,213.06,38.94,457.0,2.0,1
0.0,0.0,-44.0,11.0,0.0,4.0,222.9,23.9,330.0,1.0,0
0.0,0.0,-14.0,13.0,0.0,1.0,348.95500000000004,23.75,2145.0,1.0,0
0.0,0.0,-15.0,7.0,0.0,5.5,290.07,20.17,871.0,1.0,0
0.0,0.0,-15.0,20.0,0.0,7.0,348.95500000000004,26.29,2295.0,4.0,0
0.0,0.0,-10.0,13.0,0.0,2.0,348.95500000000004,38.94,397.0,4.0,1
0.0,0.0,-14.0,13.0,0.0,1.0,317.26,37.38,957.0,1.0,0
0.0,0.0,-21.0,7.0,0.0,8.0,290.86,38.94,408.0,1.0,0
0.0,0.0,-15.0,3.0,0.0,8.0,341.49,21.52,557.0,1.0,0
0.0,0.0,-9.0,5.0,0.0,8.0,198.36,12.51,787.0,1.0,1
0.0,0.0,-12.0,20.0,0.0,2.0,217.67,18.67,872.0,1.0,0
0.0,0.0,-15.0,5.0,0.0,3.0,286.78,36.88,2031.0,1.0,0
0.0,0.0,-10.0,18.0,0.0,1.0,348.95500000000004,34.38,1131.0,3.0,0
0.0,0.0,-13.0,12.0,0.0,7.0,348.95500000000004,13.07,107.0,1.0,0
0.0,0.0,-13.0,30.0,0.0,1.0,247.68,38.94,674.0,1.0,1
0.0,0.0,16.0,33.0,1.0,10.0,348.95500000000004,22.86,3194.0,4.0,1
0.0,0.0,-7.0,7.0,0.0,1.0,697.9100000000001,61.96,1361.0,1.0,0
0.0,0.0,-12.0,31.0,0.0,5.0,283.61,38.94,750.0,2.0,0
0.0,0.0,22.0,47.0,1.0,1.0,348.95500000000004,38.94,930.0,7.0,1
0.0,0.0,-35.0,10.0,0.0,2.0,240.87,30.88,940.0,1.0,0
0.0,0.0,-11.0,12.0,0.0,3.0,348.95500000000004,19.28,1135.0,5.0,0
0.0,0.0,-10.0,4.0,0.0,1.0,348.95500000000004,17.09,388.0,2.0,0
0.0,0.0,-9.0,15.0,0.0,1.0,302.35,22.45,288.0,6.0,0
0.0,0.0,-10.0,13.0,0.0,10.0,306.18,36.38,744.0,2.0,0
0.0,0.0,-15.0,14.0,0.0,1.0,321.54,22.54,824.0,1.0,1
0.0,0.0,-10.0,18.0,0.0,2.0,257.45,22.45,1885.0,1.0,0
0.0,0.0,-23.0,10.0,0.0,5.0,251.86,38.94,186.0,1.0,0
0.0,0.0,-17.0,10.0,0.0,1.0,315.73,15.83,619.0,1.0,0
0.0,0.0,-7.0,12.0,0.0,8.0,231.79,32.79,993.0,5.0,0
0.0,0.0,-12.0,9.0,0.0,5.0,259.6,19.25,2518.0,2.0,0
0.0,0.0,-20.0,4.0,0.0,1.0,217.85,20.35,431.0,3.0,0
0.0,0.0,-8.0,40.0,0.0,5.0,348.95500000000004,38.94,696.0,1.0,1
0.0,0.0,-9.0,23.0,0.0,1.0,191.83,21.84,1350.0,1.0,0
0.0,0.0,-34.0,2.0,0.0,3.0,348.95500000000004,38.94,341.6,2.0,0
0.0,0.0,-16.0,6.0,0.0,1.0,348.95500000000004,38.94,573.0,2.0,0
0.0,0.0,-12.0,9.0,0.0,9.0,311.23,38.94,254.5,2.5,0
0.0,0.0,-19.0,9.0,0.0,1.0,233.97,38.94,530.0,6.0,0
0.0,0.0,-7.0,15.0,0.0,10.0,348.95500000000004,35.71,868.0,1.0,0
0.0,0.0,-13.0,12.0,0.0,6.0,195.0,16.0,582.0,1.0,0
0.0,0.0,-6.0,23.0,0.0,1.0,348.95500000000004,38.94,1141.0,1.0,0
0.0,0.0,-9.0,3.0,0.0,1.0,283.91999999999996,34.93,1136.5,3.0,1
0.0,0.0,-7.0,3.0,0.0,4.0,348.95500000000004,38.63,373.0,3.0,0
0.0,0.0,-30.0,8.0,0.0,6.0,348.95500000000004,19.99,127.0,1.0,0
0.0,0.0,-21.0,4.0,0.0,5.0,288.79,18.8,825.0,1.0,0
0.0,0.0,-17.0,8.0,0.0,2.0,348.95500000000004,16.17,2427.0,1.0,0
0.0,0.0,-21.0,11.0,0.0,4.0,348.95500000000004,38.94,1345.0,6.0,0
0.0,0.0,28.0,47.0,1.0,2.0,210.89,12.89,582.0,1.0,1
0.0,0.0,-14.0,15.0,0.0,1.0,205.98,16.08,203.0,4.0,0
0.0,0.0,-27.0,7.0,0.0,1.0,348.95500000000004,23.76,867.0,5.0,0
0.0,0.0,-10.0,7.0,0.0,8.0,348.95500000000004,38.94,1296.0,4.0,0
0.0,0.0,6.0,31.0,1.0,2.0,224.7,27.7,185.0,1.0,1
0.0,0.0,-6.0,13.0,0.0,6.0,212.83,13.83,279.0,1.0,1
0.0,0.0,-21.0,10.0,0.0,5.0,348.95500000000004,38.94,3464.0,4.0,0
0.0,0.0,-14.0,1.0,0.0,2.0,253.14,13.14,736.0,1.0,0
0.0,0.0,1.0,40.0,1.0,1.0,328.63,28.64,823.0,2.0,1
0.0,0.0,-3.0,29.0,0.0,10.0,348.95500000000004,33.57,653.0,2.0,0
0.0,0.0,-9.0,11.0,0.0,1.0,203.67,12.84,1116.0,1.0,1
0.0,0.0,-15.0,9.0,0.0,1.0,313.78,18.78,1869.0,5.0,0
0.0,0.0,-12.0,8.0,0.0,10.0,299.24,19.25,581.0,2.0,0
0.0,0.0,41.0,65.0,1.0,4.0,344.7,14.7,2644.0,6.0,1
0.0,0.0,-16.0,8.0,0.0,5.0,343.71,13.71,2644.0,6.0,0
0.0,0.0,-16.0,18.0,0.0,4.0,210.6,17.6,2558.0,1.0,0
0.0,0.0,-8.0,17.0,0.0,3.0,246.26,16.36,640.0,1.0,0
0.0,0.0,-13.0,6.0,0.0,3.0,318.4,18.41,753.0,2.0,0
0.0,0.0,7.0,30.0,1.0,5.0,348.95500000000004,33.17,176.0,3.0,1
0.0,0.0,-15.0,22.0,0.0,4.0,324.32,24.42,606.0,2.0,0
0.0,0.0,-24.0,19.0,0.0,8.0,348.95500000000004,30.63,1811.0,6.0,0
0.0,0.0,-4.0,8.0,0.0,1.0,348.95500000000004,38.94,1616.0,1.0,0
0.0,0.0,-13.0,5.0,0.0,2.0,238.46,8.47,729.0,1.0,0
0.0,0.0,-19.0,45.0,0.0,6.0,280.86,38.94,601.0,1.0,0
0.0,0.0,-24.0,7.0,0.0,3.0,306.94,16.95,297.0,2.0,0
0.0,0.0,-4.0,21.0,0.0,1.0,348.95500000000004,37.26,347.0,1.0,0
0.0,0.0,-14.0,15.0,0.0,7.0,213.33,38.77,1224.0,3.0,0
0.0,0.0,-11.0,3.0,0.0,6.0,214.41,14.51,264.0,1.0,0
0.0,0.0,-22.0,13.0,0.0,6.0,277.08,38.94,236.0,1.0,0
0.0,0.0,-24.0,18.0,0.0,10.0,348.95500000000004,38.94,900.0,4.0,0
0.0,0.0,-16.0,6.0,0.0,6.0,315.73,15.83,146.0,1.0,0
0.0,0.0,0.0,33.0,0.0,2.0,321.54,22.54,2304.0,3.0,1
0.0,0.0,-18.0,10.0,0.0,10.0,348.95500000000004,38.5,676.0,1.5,0
0.0,0.0,-36.0,8.0,0.0,12.0,348.95500000000004,14.89,297.0,1.0,0
0.0,0.0,-5.0,1.0,0.0,8.0,348.95500000000004,38.94,112.0,1.0,0
0.0,0.0,-11.0,2.0,0.0,2.0,225.85,15.86,516.0,1.0,0
0.0,0.0,-24.0,9.0,0.0,10.0,268.73,19.03,1596.0,1.0,0
0.0,0.0,-17.0,7.0,0.0,1.0,348.95500000000004,38.94,770.0,1.0,0
0.0,0.0,-10.0,18.0,0.0,1.5,348.95500000000004,21.73,623.0,1.0,0
0.0,0.0,-13.0,5.0,0.0,1.0,348.95500000000004,17.23,1033.0,4.0,0
0.0,0.0,-12.0,9.0,0.0,10.0,236.32,16.42,696.0,1.0,0
0.0,0.0,-6.0,16.0,0.0,1.0,249.2,28.5,344.0,3.0,0
0.0,0.0,-13.0,10.0,0.0,8.0,348.95500000000004,21.75,2167.0,6.0,0
0.0,0.0,-10.0,12.0,0.0,10.0,289.85,20.85,498.0,1.0,0
0.0,0.0,-9.0,21.0,0.0,2.5,348.95500000000004,19.69,672.0,2.0,0
0.0,0.0,-12.0,7.0,0.0,4.0,329.42,29.62,790.0,6.0,0
0.0,0.0,-8.0,2.0,0.0,1.0,348.95500000000004,17.67,1426.0,1.0,0
0.0,0.0,-9.0,4.0,0.0,10.0,348.95500000000004,36.66,504.0,3.0,0
0.0,0.0,-13.0,10.0,0.0,3.0,302.46,19.26,1258.0,4.0,0
0.0,0.0,-11.0,9.0,0.0,3.0,245.19,16.19,784.0,1.0,0
0.0,0.0,-7.0,6.0,0.0,10.0,348.95500000000004,18.2,3437.0,6.0,0
0.0,0.0,-7.0,25.0,0.0,2.0,220.17,38.94,874.0,1.0,0
0.0,0.0,-11.0,16.0,0.0,6.0,348.95500000000004,31.98,625.0,1.0,0
0.0,0.0,-16.0,10.0,0.0,6.0,200.02,15.02,606.0,2.0,0
0.0,0.0,-32.0,18.0,0.0,4.0,313.5,13.6,2165.0,2.0,0
0.0,0.0,-19.0,8.0,0.0,4.0,348.95500000000004,38.94,920.0,3.0,0
0.0,0.0,-13.0,12.0,0.0,1.0,262.33,38.94,2235.0,1.0,0
0.0,0.0,-3.0,27.0,0.0,2.0,258.23,38.23,463.0,2.0,0
0.0,0.0,-11.0,9.0,0.0,3.0,348.95500000000004,20.04,388.0,2.0,0
0.0,0.0,-22.0,8.0,0.0,1.0,271.92,36.8,929.0,1.0,0
0.0,0.0,-8.0,13.0,0.0,4.0,225.04,25.05,571.0,5.0,0
0.0,0.0,-12.0,8.0,0.0,4.0,348.95500000000004,19.05,1020.0,3.0,0
0.0,0.0,-13.0,21.0,0.0,4.0,307.14,27.24,1715.0,4.0,1
0.0,0.0,-7.0,14.0,0.0,3.0,209.21,19.21,612.0,1.0,0
0.0,0.0,-23.0,16.0,0.0,8.0,246.53,21.53,1540.0,1.0,0
0.0,0.0,-14.0,13.0,0.0,10.0,318.44,38.94,402.0,2.0,0
0.0,0.0,-8.0,10.0,0.0,10.0,321.58,21.59,753.0,2.0,0
0.0,0.0,-13.0,8.0,0.0,4.0,314.43,15.43,1479.0,3.0,0
0.0,0.0,-5.0,26.0,0.0,10.0,348.95500000000004,23.99,999.0,2.0,0
0.0,0.0,-1.0,27.0,0.0,1.0,208.99,38.94,1831.3333333333333,1.0,1
0.0,0.0,-12.0,7.0,0.0,1.0,213.54,13.84,2830.0,2.0,0
0.0,0.0,-14.0,19.0,0.0,10.0,348.79,38.94,734.0,2.0,0
0.0,0.0,-12.0,12.0,0.0,5.5,348.95500000000004,38.94,1199.0,10.0,0
0.0,0.0,-14.0,8.0,0.0,6.0,308.28,30.28,511.0,4.0,1
0.0,0.0,-13.0,11.0,0.0,10.0,348.95500000000004,21.76,492.0,1.0,0
0.0,0.0,-15.0,11.0,0.0,10.0,348.95500000000004,38.94,709.0,1.0,1
0.0,0.0,-10.0,10.0,0.0,4.0,296.28,38.94,2262.0,4.0,0
0.0,0.0,-9.0,8.0,0.0,1.0,311.88,38.94,980.0,1.0,0
0.0,0.0,-8.0,23.0,0.0,10.0,236.92,38.94,301.0,3.0,0
0.0,0.0,-13.0,12.0,0.0,10.0,348.95500000000004,36.23,1313.0,4.0,0
0.0,0.0,-14.0,10.0,0.0,3.0,296.71,16.71,820.0,1.0,0
0.0,0.0,8.0,29.0,1.0,1.0,239.05,21.24,672.0,3.0,1
0.0,0.0,-15.0,1.0,0.0,5.0,348.95500000000004,38.94,811.0,1.0,0
0.0,0.0,-4.0,31.0,0.0,8.0,348.95500000000004,38.94,625.0,1.0,0
0.0,0.0,-13.0,9.0,0.0,10.0,348.95500000000004,18.2,569.0,3.0,0
0.0,0.0,-6.0,13.0,0.0,1.0,348.95500000000004,38.94,3265.0,2.0,0
0.0,0.0,-4.0,38.0,0.0,3.0,348.95500000000004,21.8,504.0,3.0,1
0.0,0.0,-24.0,15.0,0.0,1.0,207.73,38.73,758.0,6.0,0
0.0,0.0,-14.0,11.0,0.0,4.0,286.56,26.66,293.0,1.0,0
0.0,0.0,-11.0,8.0,0.0,10.0,251.69,18.34,273.0,1.0,0
0.0,0.0,-18.0,7.0,0.0,7.0,212.73,13.73,234.0,1.0,0
0.0,0.0,-23.0,5.0,0.0,3.0,318.37,38.94,440.0,1.0,0
0.0,0.0,-13.0,11.0,0.0,3.0,291.32,31.32,3767.0,1.0,0
0.0,0.0,-13.0,10.0,0.0,7.0,249.29,19.49,422.0,1.0,0
0.0,0.0,-15.0,3.0,0.0,8.0,348.95500000000004,38.94,836.0,3.0,0
0.0,0.0,-7.0,21.0,0.0,4.0,292.28,38.94,722.0,1.0,0
0.0,0.0,-14.0,2.0,0.0,1.0,246.82,38.94,742.0,2.0,0
0.0,0.0,5.0,36.0,1.0,10.0,280.59,38.94,838.0,2.0,0
0.0,0.0,-11.0,1.0,0.0,4.0,197.84,13.84,758.0,6.0,0
0.0,0.0,-16.0,20.0,0.0,7.0,348.95500000000004,28.71,625.0,1.0,0
0.0,0.0,-18.0,8.0,0.0,10.0,324.88,34.9,428.0,2.0,0
0.0,0.0,-11.0,2.0,0.0,3.0,235.69,10.79,1044.0,1.0,0
0.0,0.0,-15.0,11.0,0.0,4.0,203.34,14.34,353.0,7.0,0
0.0,0.0,-18.0,18.0,0.0,10.0,348.95500000000004,38.94,884.6666666666666,1.0,1
0.0,0.0,-5.0,6.0,0.0,6.0,348.95500000000004,38.94,943.0,1.0,0
0.0,0.0,-4.0,19.0,0.0,4.0,218.84,12.94,905.0,2.0,0
0.0,0.0,-2.0,20.0,0.0,10.0,345.87,38.94,674.0,1.0,0
0.0,0.0,-4.0,15.0,0.0,4.0,251.1,14.1,528.0,2.0,0
0.0,0.0,-9.0,19.0,0.0,1.0,322.78,22.88,219.0,4.0,0
0.0,0.0,-12.0,14.0,0.0,2.0,289.79,34.79,256.5,1.0,0
0.0,0.0,2.0,22.0,1.0,8.0,236.0,21.0,708.0,2.0,1
0.0,0.0,-9.0,14.0,0.0,7.0,348.95500000000004,24.22,1243.0,2.0,0
0.0,0.0,-28.0,54.0,0.0,2.0,262.07,38.94,621.0,1.0,0
0.0,0.0,9.0,45.0,1.0,2.0,244.27,36.77,1224.0,3.0,1
0.0,0.0,-19.0,5.0,0.0,1.0,253.17000000000002,13.18,2025.0,2.0,0
0.0,0.0,-14.0,34.0,0.0,5.0,259.6,28.299999999999997,340.5,2.0,1
0.0,0.0,11.0,33.0,1.0,7.0,348.95500000000004,33.96,336.0,2.0,1
0.0,0.0,-7.0,10.0,0.0,1.0,285.78,15.79,606.0,2.0,0
0.0,0.0,-2.0,18.0,0.0,1.0,242.37,22.38,162.0,4.0,0
0.0,0.0,-12.0,11.0,0.0,3.0,187.43,18.43,409.0,4.0,1
0.0,0.0,-14.0,10.0,0.0,1.0,222.14,22.24,1159.0,3.0,0
0.0,0.0,-15.0,9.0,0.0,5.0,228.52,14.52,236.0,1.0,0
0.0,0.0,-14.0,11.0,0.0,1.0,344.06,27.06,1841.0,7.0,0
0.0,0.0,-12.0,14.0,0.0,1.0,286.64,17.64,232.0,1.0,0
0.0,0.0,-20.0,2.0,0.0,4.0,238.72,20.36,237.0,1.0,0
0.0,0.0,12.0,38.0,1.0,10.0,348.95500000000004,38.94,1345.0,8.0,1
0.0,0.0,-7.0,5.0,0.0,1.0,348.95500000000004,19.08,296.0,1.0,0
0.0,0.0,-23.0,5.0,0.0,6.0,285.02,35.02,756.0,1.0,0
0.0,0.0,-9.0,10.0,0.0,1.0,348.95500000000004,38.94,502.0,3.0,0
0.0,0.0,-10.0,9.0,0.0,5.0,278.47,19.07,1035.0,2.0,0
0.0,0.0,-9.0,14.0,0.0,1.0,214.32,14.42,619.0,1.0,0
0.0,0.0,-12.0,11.0,0.0,3.0,209.2,19.22,779.0,1.0,0
0.0,0.0,-12.0,11.0,0.0,6.0,263.89,16.49,980.0,1.0,1
0.0,0.0,-12.0,5.0,0.0,9.0,348.95500000000004,38.94,1662.0,2.5,0
0.0,0.0,-6.0,7.0,0.0,10.0,348.95500000000004,38.94,1534.0,6.0,1
0.0,0.0,-14.0,3.0,0.0,10.0,348.95500000000004,25.44,2795.0,5.0,0
0.0,0.0,-6.0,21.0,0.0,3.0,280.23,38.94,620.0,1.0,0
0.0,0.0,-6.0,16.0,0.0,10.0,348.95500000000004,27.99,1447.0,5.0,0
0.0,0.0,-6.0,11.0,0.0,1.0,348.95500000000004,31.72,322.0,1.0,1
0.0,0.0,-16.0,8.0,0.0,1.0,348.95500000000004,38.94,831.0,7.0,0
0.0,0.0,-17.0,5.0,0.0,2.0,277.97,38.94,771.0,1.0,0
0.0,0.0,1.0,24.0,1.0,5.0,212.03,22.13,1021.0,3.0,0
0.0,0.0,-16.0,5.0,0.0,1.0,330.06,38.94,329.6666666666667,2.0,1
0.0,0.0,-10.0,28.0,0.0,1.0,307.24,27.24,1883.0,1.0,0
0.0,0.0,-21.0,9.0,0.0,10.0,348.95500000000004,21.31,1499.0,1.0,0
0.0,0.0,-17.0,21.0,0.0,2.0,348.95500000000004,25.78,875.0,1.0,0
0.0,0.0,11.0,39.0,1.0,1.3333333333333333,348.95500000000004,38.94,417.0,2.0,1
0.0,0.0,15.0,38.0,1.0,10.0,348.95500000000004,25.04,814.0,2.0,1
0.0,0.0,13.0,54.0,1.0,5.0,348.95500000000004,38.94,982.0,3.0,1
0.0,0.0,-21.0,14.0,0.0,5.5,348.95500000000004,38.94,606.0,2.0,0
0.0,0.0,-13.0,14.0,0.0,3.0,326.94,26.94,1678.0,1.0,0
0.0,0.0,-24.0,9.0,0.0,8.0,348.95500000000004,38.94,586.0,1.0,0
0.0,0.0,-22.0,13.0,0.0,1.0,217.96,18.96,270.0,1.0,0
0.0,0.0,15.0,49.0,1.0,8.0,328.15,29.15,524.0,4.0,1
0.0,0.0,-25.0,7.0,0.0,1.0,245.35,16.35,977.0,4.0,0
0.0,0.0,-16.0,7.0,0.0,1.0,200.28,25.48,477.5,1.0,0
0.0,0.0,-50.0,4.0,0.0,5.0,348.95500000000004,38.94,606.0,2.0,0
0.0,0.0,-11.0,14.0,0.0,2.0,237.29,22.3,875.0,2.0,0
0.0,0.0,40.0,68.0,1.0,1.0,348.95500000000004,31.23,998.0,3.0,0
0.0,0.0,-12.0,10.0,0.0,1.0,348.95500000000004,34.18,543.0,1.0,0
0.0,0.0,-14.0,7.0,0.0,10.0,348.95500000000004,28.18,1849.0,3.0,0
0.0,0.0,-7.0,17.0,0.0,3.0,253.32,17.41,769.0,1.0,0
0.0,0.0,-12.0,10.0,0.0,1.0,348.95500000000004,38.94,1910.0,4.0,0
0.0,0.0,-11.0,21.0,0.0,1.0,348.95500000000004,35.32,383.0,1.0,0
0.0,0.0,-7.0,25.0,0.0,10.0,348.95500000000004,38.94,613.6666666666666,1.0,1
0.0,0.0,-28.0,36.0,0.0,3.0,348.95500000000004,38.94,1190.0,1.0,0
0.0,0.0,-1.0,18.0,0.0,8.0,348.95500000000004,20.26,1859.0,3.0,0
0.0,0.0,-9.0,6.0,0.0,4.0,247.68,38.94,1703.0,1.0,0
0.0,0.0,-11.0,13.0,0.0,2.0,348.95500000000004,21.34,738.0,1.0,0
0.0,0.0,-19.0,7.0,0.0,1.0,348.95500000000004,26.05,600.0,3.0,0
0.0,0.0,-14.0,10.0,0.0,5.0,348.95500000000004,22.76,1245.0,5.0,0
0.0,0.0,-18.0,15.0,0.0,2.0,265.41,35.41,558.0,1.0,0
0.0,0.0,-16.0,4.0,0.0,4.0,237.32,37.36,714.0,1.0,1
0.0,0.0,-8.0,16.0,0.0,8.0,348.95500000000004,38.94,754.0,1.0,0
0.0,0.0,-17.0,7.0,0.0,1.0,255.44,26.44,1037.0,6.0,0
0.0,0.0,-13.0,9.0,0.0,6.0,261.76,20.66,603.0,1.0,0
0.0,0.0,-13.0,6.0,0.0,2.0,188.8,18.82,1495.0,3.0,0
0.0,0.0,-15.0,11.0,0.0,8.0,348.95500000000004,20.34,1942.0,1.0,0
0.0,0.0,-22.0,5.0,0.0,1.0,217.55,17.65,1100.0,6.0,0
0.0,0.0,-11.0,19.0,0.0,6.0,348.95500000000004,38.94,982.0,4.0,0
0.0,0.0,-20.0,12.0,0.0,1.0,243.04,14.04,536.0,1.0,0
0.0,0.0,-9.0,12.0,0.0,1.0,250.4,38.94,1161.0,10.0,0
0.0,0.0,-10.0,11.0,0.0,1.0,312.82,34.82,969.0,1.0,0
0.0,0.0,-18.0,5.0,0.0,3.0,263.95,38.94,922.0,3.0,1
0.0,0.0,-6.0,7.0,0.0,8.0,348.95500000000004,23.92,547.0,2.0,0
0.0,0.0,-1.0,3.0,0.0,10.0,348.95500000000004,38.94,729.0,1.0,0
0.0,0.0,-12.0,8.0,0.0,6.0,318.44,38.94,674.0,1.0,0
0.0,0.0,9.0,34.0,1.0,2.0,317.97,19.97,501.0,4.0,0
0.0,0.0,-6.0,19.0,0.0,8.0,294.7,16.7,547.0,1.0,0
0.0,0.0,-9.0,16.0,0.0,1.0,213.9,23.91,1285.0,3.0,0
0.0,0.0,-13.0,10.0,0.0,6.0,326.92,17.92,473.0,1.0,0
0.0,0.0,-11.0,11.0,0.0,3.0,348.95500000000004,27.76,1105.0,1.0,0
0.0,0.0,-18.0,16.0,0.0,6.0,315.84,16.84,547.0,1.0,0
0.0,0.0,0.0,18.0,0.0,1.0,348.95500000000004,38.94,486.0,3.0,0
0.0,0.0,-14.0,16.0,0.0,5.0,294.18,38.94,1257.0,1.0,0
0.0,0.0,-13.0,6.0,0.0,8.0,348.95500000000004,38.94,1404.0,4.0,0
0.0,0.0,-9.0,9.0,0.0,5.0,348.95500000000004,22.72,1411.0,1.0,0
0.0,0.0,-13.0,14.0,0.0,10.0,348.95500000000004,38.94,551.0,3.0,0
0.0,0.0,-33.0,8.0,0.0,6.0,334.54,34.55,399.0,1.0,0
0.0,0.0,-20.0,4.0,0.0,8.0,333.81,15.81,266.0,2.0,0
0.0,0.0,-22.0,19.0,0.0,10.0,348.95500000000004,38.94,1171.0,1.0,0
0.0,0.0,-13.0,31.0,0.0,8.0,348.95500000000004,38.94,554.0,1.0,0
0.0,0.0,-16.0,7.0,0.0,2.0,348.95500000000004,38.94,191.0,4.0,0
0.0,0.0,-1.0,25.0,0.0,1.0,242.14,38.94,446.0,1.0,0
0.0,0.0,-9.0,24.0,0.0,3.0,192.95,24.05,606.0,2.0,0
0.0,0.0,-6.0,24.0,0.0,1.0,303.64,38.94,449.0,3.0,0
0.0,0.0,-35.0,8.0,0.0,1.0,218.47,19.47,3696.0,3.0,0
0.0,0.0,-15.0,24.0,0.0,4.0,193.56,33.57,162.0,1.0,0
0.0,0.0,-11.0,17.0,0.0,7.0,348.95500000000004,38.94,246.0,1.0,0
0.0,0.0,-12.0,10.0,0.0,10.0,348.95500000000004,23.52,1972.0,2.0,0
0.0,0.0,-32.0,11.0,0.0,10.0,348.95500000000004,38.94,1494.0,3.0,0
0.0,0.0,-14.0,19.0,0.0,3.0,217.82,38.94,1456.0,1.0,0
0.0,0.0,-7.0,18.0,0.0,8.0,221.89,38.94,1366.0,5.0,0
0.0,0.0,-13.0,7.0,0.0,10.0,336.31,16.41,574.0,1.0,0
0.0,0.0,-10.0,3.0,0.0,4.0,325.95,10.95,1914.0,5.0,0
0.0,0.0,-14.0,8.0,0.0,4.0,287.64,17.65,793.0,1.0,0
0.0,0.0,-19.0,6.0,0.0,1.0,274.12,25.12,2277.0,1.0,0
0.0,0.0,-10.0,2.0,0.0,10.0,348.95500000000004,15.4,1496.0,3.0,0
0.0,0.0,-44.0,21.0,0.0,1.0,348.95500000000004,38.94,310.0,2.0,0
0.0,0.0,3.0,33.0,1.0,3.0,279.1,29.11,748.0,2.0,1
0.0,0.0,-21.0,10.0,0.0,6.0,296.61,16.71,547.0,1.0,0
0.0,0.0,-21.0,18.0,0.0,10.0,319.34,34.44,376.0,1.0,0
0.0,0.0,-9.0,9.0,0.0,8.0,348.95500000000004,38.94,817.0,1.0,0
0.0,0.0,8.0,34.0,1.0,10.0,300.49,38.94,756.0,1.0,1
0.0,0.0,-11.0,13.0,0.0,5.0,348.95500000000004,23.79,1784.0,6.0,0
0.0,0.0,-29.0,17.0,0.0,1.0,348.95500000000004,38.94,1455.0,1.0,0
0.0,0.0,-4.0,20.0,0.0,8.0,256.24,17.43,545.0,1.0,0
0.0,0.0,0.0,24.0,0.0,1.0,269.25,26.25,855.0,2.0,0
0.0,0.0,-3.0,23.0,0.0,8.0,348.95500000000004,38.94,3632.0,4.0,0
0.0,0.0,-17.0,11.0,0.0,8.0,234.19,35.19,863.0,4.0,0
0.0,0.0,-21.0,2.0,0.0,3.0,250.53,38.94,208.0,1.0,1
0.0,0.0,29.0,58.0,1.0,3.0,289.04,19.14,1092.0,1.0,0
0.0,0.0,50.0,77.0,1.0,8.0,348.95500000000004,34.69,625.0,1.0,1
0.0,0.0,2.0,13.0,1.0,1.0,288.88,21.0,1051.0,1.0,0
0.0,0.0,-20.0,4.0,0.0,1.0,348.95500000000004,17.21,625.0,1.0,0
0.0,0.0,-12.0,9.0,0.0,5.0,270.67,24.05,1246.0,1.0,0
0.0,0.0,-15.0,10.0,0.0,5.0,348.95500000000004,38.0,289.0,1.0,0
0.0,0.0,-13.0,29.0,0.0,1.0,343.91,38.94,1282.0,6.0,0
0.0,0.0,-26.0,13.0,0.0,6.0,319.51,24.61,402.0,2.0,0
0.0,0.0,-24.0,21.0,0.0,10.0,259.56,38.94,330.0,1.0,0
0.0,0.0,-9.0,23.0,0.0,3.0,348.95500000000004,38.94,808.0,1.0,0
0.0,0.0,-21.0,27.0,0.0,2.0,246.92,38.94,330.0,1.0,0
0.0,0.0,-8.0,12.0,0.0,1.0,284.13,14.23,3007.0,6.0,1
0.0,0.0,-4.0,5.0,0.0,10.0,348.95500000000004,25.53,1930.0,1.0,0
0.0,0.0,-8.0,7.0,0.0,15.0,256.87,38.94,417.0,1.0,0
0.0,0.0,-14.0,3.0,0.0,4.0,265.57,24.37,340.5,1.0,0
0.0,0.0,-10.0,12.0,0.0,4.0,241.62,26.06,3758.0,1.0,0
0.0,0.0,-20.0,22.0,0.0,7.0,348.95500000000004,38.94,416.0,1.0,0
0.0,0.0,-15.0,5.0,0.0,1.0,310.67,15.67,1869.0,5.0,0
0.0,0.0,-5.0,7.0,0.0,4.0,348.95500000000004,22.57,719.0,6.0,0
0.0,0.0,-19.0,14.0,0.0,8.0,348.95500000000004,18.95,910.0,3.0,0
0.0,0.0,-10.0,11.0,0.0,1.0,256.29,22.29,1092.0,1.0,0
0.0,0.0,-5.0,21.0,0.0,10.0,348.95500000000004,38.94,1547.0,1.0,0
0.0,0.0,-14.0,7.0,0.0,8.0,348.95500000000004,38.94,1031.0,6.0,1
0.0,0.0,-2.0,10.0,0.0,5.0,348.95500000000004,27.06,860.0,2.0,0
0.0,0.0,-20.0,3.0,0.0,1.0,348.95500000000004,38.94,648.0,3.3333333333333335,0
0.0,0.0,-11.0,10.0,0.0,6.0,348.95500000000004,38.94,480.3333333333333,1.0,1
0.0,0.0,-17.0,6.0,0.0,4.0,348.95500000000004,38.94,2667.0,5.0,0
0.0,0.0,-20.0,18.0,0.0,10.0,348.95500000000004,38.94,1141.0,1.0,0
0.0,0.0,-7.0,15.0,0.0,1.0,348.95500000000004,38.94,463.0,1.0,0
0.0,0.0,-13.0,4.0,0.0,5.0,308.16,28.18,781.0,1.0,0
0.0,0.0,-8.0,10.0,0.0,10.0,348.95500000000004,29.79,1970.0,4.0,0
0.0,0.0,-5.0,27.0,0.0,10.0,348.95500000000004,38.94,1507.0,4.0,0
0.0,0.0,-10.0,17.0,0.0,10.0,319.33,20.33,625.0,1.0,0
0.0,0.0,3.0,43.0,1.0,1.0,220.78,38.94,1135.0,1.0,1
0.0,0.0,-13.0,12.0,0.0,5.0,348.95500000000004,28.66,1672.0,2.0,0
0.0,0.0,-14.0,8.0,0.0,1.0,348.95500000000004,21.33,673.0,3.0,0
0.0,0.0,9.0,33.0,1.0,1.0,191.58,21.68,298.0,1.0,1
0.0,0.0,-21.0,11.0,0.0,10.0,348.95500000000004,38.94,2154.0,5.0,0
0.0,0.0,-12.0,14.0,0.0,4.0,262.25,32.26,934.0,1.0,0
0.0,0.0,34.0,59.0,1.0,4.5,291.19,24.19,3580.0,1.0,1
0.0,0.0,-10.0,13.0,0.0,6.0,348.95500000000004,18.81,660.0,2.0,0
0.0,0.0,-10.0,5.0,0.0,1.0,348.95500000000004,29.17,1135.0,5.0,0
0.0,0.0,-14.0,9.0,0.0,10.0,348.95500000000004,38.94,864.0,1.0,0
0.0,0.0,-12.0,12.0,0.0,10.0,348.95500000000004,38.94,877.0,4.0,0
0.0,0.0,-9.0,16.0,0.0,1.0,234.46,14.56,236.0,1.0,0
0.0,0.0,6.0,35.0,1.0,5.0,224.71,38.94,2188.0,2.0,1
0.0,0.0,-20.0,8.0,0.0,2.0,228.62,18.72,236.0,1.0,0
0.0,0.0,-9.0,5.0,0.0,6.0,348.95500000000004,11.34,1172.0,2.0,0
0.0,0.0,-2.0,17.0,0.0,4.0,255.76,16.77,621.0,1.0,0
0.0,0.0,-10.0,6.0,0.0,1.0,317.07,23.87,872.0,1.0,0
0.0,0.0,-18.0,9.0,0.0,8.0,348.95500000000004,33.7,293.0,1.0,0
0.0,0.0,-11.0,14.0,0.0,1.0,348.95500000000004,36.96,856.0,1.0,0
0.0,0.0,42.0,68.0,1.0,10.0,188.4,28.5,729.0,1.0,1
0.0,0.0,20.0,48.0,1.0,1.0,241.22,16.32,582.0,1.0,1
0.0,0.0,-14.0,3.0,0.0,1.0,284.9,35.91,526.0,2.0,1
0.0,0.0,-8.0,7.0,0.0,1.0,348.95500000000004,38.94,982.0,2.0,0
0.0,0.0,-15.0,7.0,0.0,1.0,348.95500000000004,34.62,1584.0,5.0,0
0.0,0.0,-17.0,7.0,0.0,2.0,344.05,29.15,157.0,1.0,0
0.0,0.0,-15.0,9.0,0.0,8.0,348.95500000000004,18.13,1310.0,2.0,0
0.0,0.0,-21.0,15.0,0.0,6.0,325.41,38.94,500.0,1.0,1
0.0,0.0,-15.0,1.0,0.0,1.0,252.83,32.93,518.0,1.0,0
0.0,0.0,-21.0,10.0,0.0,10.0,237.0,22.0,516.0,1.0,0
0.0,0.0,-15.0,6.0,0.0,5.0,261.16,22.16,530.0,1.0,0
0.0,0.0,21.0,45.0,1.0,8.0,224.68,24.78,1140.0,1.0,1
0.0,0.0,-11.0,12.0,0.0,10.0,348.95500000000004,26.52,841.0,1.0,0
0.0,0.0,-12.0,20.0,0.0,10.0,278.06,19.06,2999.0,1.0,0
0.0,0.0,-15.0,13.0,0.0,2.0,261.46,25.66,178.0,1.0,1
0.5,0.5,-6.0,12.0,0.0,5.5,697.9100000000001,40.41,753.5,1.0,0
0.0,0.0,-3.0,13.0,0.0,8.0,207.23,18.23,266.0,1.0,0
0.0,0.0,-14.0,18.0,0.0,4.0,348.95500000000004,38.94,811.0,1.0,0
0.0,0.0,-6.0,7.0,0.0,2.0,258.0,9.0,777.0,4.0,0
0.0,0.0,-8.0,16.0,0.0,2.0,201.82,34.83,1456.0,1.0,0
0.0,0.0,-21.0,9.0,0.0,3.0,214.41,14.42,1340.0,1.0,0
0.0,0.0,-16.0,7.0,0.0,8.0,296.03,16.13,616.0,1.0,0
0.0,0.0,-9.0,7.0,0.0,1.0,348.95500000000004,30.06,2615.0,1.0,0
0.0,0.0,-23.0,14.0,0.0,10.0,348.95500000000004,38.94,679.3333333333334,5.0,1
0.0,0.0,-11.0,7.0,0.0,1.0,348.95500000000004,38.94,1294.0,5.0,0
0.0,0.0,-13.0,1.0,0.0,10.0,284.9,35.91,526.0,2.0,1
0.0,0.0,-15.0,17.0,0.0,5.0,229.68,38.94,819.0,1.0,0
0.0,0.0,-21.0,11.0,0.0,9.0,348.95500000000004,38.94,1211.0,5.0,0
0.0,0.0,-41.0,10.0,0.0,8.0,348.95500000000004,17.42,1932.0,2.0,1
0.0,0.0,-20.0,6.0,0.0,6.0,348.95500000000004,18.41,621.0,3.0,0
0.0,0.0,-1.0,6.0,0.0,1.0,299.18,10.18,527.0,1.0,0
0.0,0.0,-13.0,11.0,0.0,2.0,348.95500000000004,10.75,1222.0,2.0,0
0.0,0.0,31.0,58.0,1.0,6.0,220.82,38.94,303.0,2.0,1
0.0,0.0,-10.0,9.0,0.0,3.0,337.33,38.94,402.0,2.0,0
0.0,0.0,-6.0,8.0,0.0,10.0,323.52,13.62,890.0,1.0,0
0.0,0.0,-14.0,7.0,0.0,2.0,247.84,27.84,901.0,4.0,0
0.0,0.0,-23.0,10.0,0.0,10.0,348.95500000000004,38.94,1345.0,8.0,0
0.0,0.0,-15.0,9.0,0.0,5.0,348.95500000000004,22.72,1100.0,1.0,0
0.0,0.0,-22.0,10.0,0.0,10.0,348.95500000000004,33.96,812.0,3.0,0
0.0,0.0,-4.0,1.0,0.0,2.0,329.45,18.45,772.0,1.0,0
0.0,0.0,-3.0,21.0,0.0,5.0,259.64,20.64,728.0,4.0,0
0.0,0.0,-14.0,20.0,0.0,1.0,348.95500000000004,30.27,1811.0,6.0,0
0.0,0.0,-8.0,20.0,0.0,1.0,218.09,38.94,1987.0,3.0,0
0.0,0.0,-20.0,12.0,0.0,1.0,201.49,38.94,409.6666666666667,1.0,0
0.0,0.0,-25.0,6.0,0.0,1.0,252.99,33.99,607.0,2.0,0
0.0,0.0,-18.0,6.0,0.0,10.0,231.27,26.27,162.0,5.0,0
0.0,0.0,-15.0,7.0,0.0,20.0,348.95500000000004,35.36,1658.0,5.0,0
0.0,0.0,-26.0,14.0,0.0,10.0,348.95500000000004,38.94,527.0,1.0,0
0.0,0.0,-9.0,12.0,0.0,4.0,348.95500000000004,38.94,827.0,3.0,0
0.0,0.0,22.0,45.0,1.0,7.0,348.95500000000004,38.94,1935.0,1.0,1
0.0,0.0,-21.0,18.0,0.0,10.0,347.26,18.06,1114.0,4.0,1
0.0,0.0,-51.0,16.0,0.0,6.0,345.86,38.94,1069.5,1.0,0
0.0,0.0,-18.0,14.0,0.0,10.0,348.95500000000004,38.94,1455.0,6.0,0
0.0,0.0,-14.0,4.0,0.0,4.0,348.95500000000004,14.58,559.0,1.0,0
0.0,0.0,7.0,36.0,1.0,3.0,348.95500000000004,38.94,912.0,2.0,1
0.0,0.0,-6.0,6.0,0.0,1.0,344.33,18.17,1131.0,3.0,0
0.0,0.0,-10.0,8.0,0.0,2.0,348.95500000000004,21.67,1436.0,4.0,0
0.0,0.0,-6.0,15.0,0.0,1.0,217.1,18.1,716.0,3.0,0
0.0,0.0,-32.0,7.0,0.0,8.0,348.95500000000004,29.52,617.0,1.0,0
0.0,0.0,-2.0,2.0,0.0,4.0,340.47,10.47,2644.0,6.0,0
0.0,0.0,-4.0,25.0,0.0,3.0,348.95500000000004,38.94,256.0,1.0,0
0.0,0.0,6.0,47.0,1.0,4.0,194.45,29.55,2173.0,5.0,1
0.0,0.0,9.0,33.0,1.0,1.0,212.92,37.92,232.0,1.0,1
0.0,0.0,-11.0,13.0,0.0,1.0,348.95500000000004,19.82,3330.0,3.0,0
0.0,0.0,-19.0,12.0,0.0,1.0,348.95500000000004,38.94,3504.0,4.0,0
0.0,0.0,-22.0,13.0,0.0,10.0,348.95500000000004,18.82,1547.0,1.0,1
0.0,0.0,-16.0,5.0,0.0,1.0,227.12,35.52,156.0,1.0,0
0.0,0.0,-13.0,10.0,0.0,5.0,323.38,24.38,2059.0,3.0,0
0.0,0.0,-21.0,4.0,0.0,10.0,348.95500000000004,38.94,380.6666666666667,1.3333333333333333,1
0.0,0.0,-14.0,8.0,0.0,1.0,348.95500000000004,38.94,1186.0,4.0,0
0.0,0.0,-53.0,5.0,0.0,6.0,334.01,34.02,819.0,4.0,0
0.0,0.0,-16.0,8.0,0.0,1.0,348.95500000000004,18.23,610.0,1.0,0
0.0,0.0,-1.0,13.0,0.0,1.0,204.53,8.63,542.0,1.0,0
0.0,0.0,-4.0,24.0,0.0,1.0,193.53,28.53,402.0,2.0,0
0.0,0.0,-20.0,1.0,0.0,1.0,348.95500000000004,17.21,606.0,2.0,0
0.0,0.0,-5.0,2.0,0.0,5.0,348.95500000000004,38.94,616.0,1.0,0
0.0,0.0,-21.0,9.0,0.0,3.0,348.95500000000004,17.25,1513.0,1.0,1
0.0,0.0,-23.0,6.0,0.0,2.0,348.95500000000004,28.78,1386.0,1.0,0
0.0,0.0,-20.0,4.0,0.0,10.0,348.95500000000004,38.94,535.5,1.0,0
0.0,0.0,-13.0,15.0,0.0,1.0,348.95500000000004,38.94,518.0,1.0,0
0.0,0.0,-15.0,11.0,0.0,2.0,311.59,32.6,709.0,1.0,0
0.0,0.0,-12.0,18.0,0.0,1.0,348.95500000000004,38.94,1147.0,1.0,0
0.0,0.0,-15.0,5.0,0.0,8.0,221.92,38.94,409.5,1.0,0
0.0,0.0,-7.0,6.0,0.0,8.0,328.38,13.41,2795.0,5.0,1
0.0,0.0,-20.0,16.0,0.0,8.0,280.8,38.94,1157.0,1.0,0
0.0,0.0,-9.0,12.0,0.0,3.0,195.0,17.01,916.0,2.0,0
0.0,0.0,-18.0,17.0,0.0,3.0,348.95500000000004,38.94,700.0,2.0,0
0.0,0.0,-46.0,7.0,0.0,10.0,348.95500000000004,33.69,1688.0,4.0,1
0.0,0.0,7.0,37.0,1.0,8.0,348.95500000000004,31.86,573.0,5.0,1
0.0,0.0,-7.0,3.0,0.0,1.0,348.95500000000004,38.94,538.0,2.0,0
0.0,0.0,-2.0,8.0,0.0,4.0,326.57,10.57,499.0,1.0,1
0.0,0.0,-21.0,7.0,0.0,6.0,241.95,38.94,561.0,1.0,0
0.0,0.0,1.0,28.0,1.0,8.0,348.95500000000004,38.94,779.0,2.0,0
0.0,0.0,-6.0,7.0,0.0,1.0,249.9,11.09,545.0,1.0,0
0.0,0.0,-14.0,15.0,0.0,8.0,348.95500000000004,38.94,427.0,1.0,0
0.0,0.0,-13.0,10.0,0.0,8.0,348.95500000000004,38.94,1394.0,2.0,0
0.0,0.0,-8.0,30.0,0.0,3.0,312.4,38.94,2950.0,1.0,0
0.0,0.0,-18.0,6.0,0.0,8.0,236.32,16.42,1614.0,2.0,0
0.0,0.0,-15.0,11.0,0.0,8.0,348.95500000000004,38.94,3610.0,4.0,0
0.0,0.0,-18.0,7.0,0.0,6.0,348.95500000000004,18.3,1056.0,1.0,0
0.0,0.0,-10.0,19.0,0.0,2.0,348.95500000000004,38.94,94.0,1.0,0
0.0,0.0,-21.0,8.0,0.0,3.0,348.95500000000004,23.19,1142.0,2.0,0
0.0,0.0,-18.0,10.0,0.0,5.0,309.48,38.94,540.0,4.0,1
0.0,0.0,-1.0,4.0,0.0,20.0,348.95500000000004,20.05,1136.0,4.0,0
0.0,0.0,-20.0,13.0,0.0,10.0,328.74,38.94,457.0,1.0,0
0.0,0.0,-26.0,16.0,0.0,3.0,348.95500000000004,38.94,92.0,2.0,0
0.0,0.0,-7.0,28.0,0.0,9.0,348.95500000000004,35.0,1978.0,1.0,0
0.0,0.0,10.0,42.0,1.0,1.0,348.95500000000004,20.43,745.0,3.0,1
0.0,0.0,-9.0,9.0,0.0,10.0,317.19,38.94,111.0,1.0,1
0.0,0.0,-12.0,6.0,0.0,10.0,222.66,12.67,465.0,6.0,0
0.0,0.0,-6.0,3.0,0.0,6.0,236.86,17.06,590.0,1.0,0
0.0,0.0,-18.0,8.0,0.0,3.5,348.95500000000004,21.77,1944.0,1.0,1
0.0,0.0,-1.0,27.0,0.0,6.0,309.25,38.94,606.0,2.0,0
0.0,0.0,-10.0,17.0,0.0,6.0,308.42,38.94,769.0,1.0,0
0.0,0.0,-19.0,28.0,0.0,3.0,263.18,14.18,1003.0,2.0,1
0.0,0.0,-15.0,9.0,0.0,4.0,348.95500000000004,23.43,692.0,3.0,0
0.0,0.0,-1.0,27.0,0.0,1.0,214.41,14.42,240.0,1.0,0
0.0,0.0,-10.0,28.0,0.0,5.0,348.95500000000004,20.18,501.0,4.0,0
0.0,0.0,28.0,51.0,1.0,1.0,193.19,38.94,1398.0,1.0,1
0.0,0.0,-15.0,8.0,0.0,6.0,341.91,12.91,720.0,1.0,0
0.0,0.0,-21.0,6.0,0.0,6.0,308.13,38.94,422.0,1.0,0
0.0,0.0,-17.0,18.0,0.0,1.0,348.95500000000004,38.94,636.0,1.0,1
0.0,0.0,-10.0,24.0,0.0,6.0,348.95500000000004,38.94,1891.0,1.0,0
0.0,0.0,0.0,24.0,0.0,10.0,348.95500000000004,21.92,293.0,1.0,0
0.0,0.0,-12.0,18.0,0.0,8.0,348.95500000000004,24.59,2011.0,5.0,0
0.0,0.0,-15.0,25.0,0.0,3.0,226.83,38.94,1350.0,1.0,0
0.0,0.0,-10.0,17.0,0.0,1.0,298.32,38.94,618.0,2.0,0
0.0,0.0,-22.0,10.0,0.0,10.0,348.95500000000004,38.94,779.0,2.0,0
0.0,0.0,1.0,21.0,1.0,8.0,309.28,38.94,526.0,2.0,0
0.0,0.0,-19.0,10.0,0.0,3.0,348.95500000000004,22.15,1138.0,2.0,0
0.0,0.0,27.0,63.0,1.0,6.0,323.72,34.9,956.0,1.0,0
0.0,0.0,-18.0,8.0,0.0,1.0,272.58,22.59,748.0,2.0,0
0.0,0.0,-30.0,8.0,0.0,5.0,348.95500000000004,25.73,1944.0,1.0,0
0.0,0.0,-14.0,8.0,0.0,8.0,308.13,38.94,230.0,1.0,1
0.0,0.0,-31.0,8.0,0.0,4.0,216.64,17.64,330.0,1.0,0
0.0,0.0,-14.0,12.0,0.0,5.0,285.1,35.11,748.0,2.0,0
0.0,0.0,-15.0,20.0,0.0,10.0,348.95500000000004,38.94,243.0,1.0,0
0.0,0.0,-21.0,6.0,0.0,10.0,227.47,27.48,631.0,2.0,0
0.0,0.0,-35.0,3.0,0.0,2.0,348.95500000000004,17.66,1611.0,2.0,0
0.0,0.0,-6.0,12.0,0.0,8.0,278.1,15.2,1255.0,2.0,0
0.0,0.0,-13.0,11.0,0.0,8.0,348.95500000000004,24.56,590.0,2.0,0
0.0,0.0,-5.0,5.0,0.0,1.0,201.94,11.95,854.0,1.0,0
0.0,0.0,-14.0,6.0,0.0,5.0,243.01,13.11,236.0,1.0,0
0.0,0.0,-19.0,15.0,0.0,1.0,348.95500000000004,22.95,2807.0,1.0,0
0.0,0.0,-8.0,13.0,0.0,2.0,272.16,34.16,1963.0,4.0,0
0.0,0.0,-22.0,6.0,0.0,6.0,348.95500000000004,20.69,625.0,1.0,0
0.0,0.0,-16.0,13.0,0.0,1.0,338.07,38.94,757.0,1.0,0
0.0,0.0,-15.0,6.0,0.0,1.0,283.05,18.05,270.0,5.0,0
0.0,0.0,-23.0,5.0,0.0,1.0,348.95500000000004,22.9,96.0,1.0,0
0.0,0.0,1.0,22.0,1.0,8.0,226.14,26.24,289.0,1.0,0
0.0,0.0,-1.0,27.0,0.0,1.0,262.07,22.17,268.0,1.0,1
0.0,0.0,-21.0,28.0,0.0,2.0,235.13,38.94,916.0,2.0,0
0.0,0.0,8.0,28.0,1.0,1.0,273.65,38.94,162.0,1.0,1
0.0,0.0,-31.0,10.0,0.0,9.0,212.57999999999998,38.94,1107.0,2.0,0
0.0,0.0,24.0,66.0,1.0,8.0,348.95500000000004,38.94,3632.0,4.0,1
0.0,0.0,-14.0,18.0,0.0,15.0,348.95500000000004,28.49,1949.0,4.0,0
0.0,0.0,-33.0,2.0,0.0,8.0,348.95500000000004,21.64,820.0,3.0,0
0.0,0.0,-20.0,13.0,0.0,3.0,260.1,38.94,606.0,2.0,0
0.0,0.0,-22.0,8.0,0.0,2.0,348.95500000000004,36.17,395.0,1.0,0
0.0,0.0,-18.0,11.0,0.0,1.0,348.95500000000004,38.94,3006.0,2.0,0
0.0,0.0,4.0,37.0,1.0,1.0,348.95500000000004,38.94,796.0,3.0,0
0.0,0.0,-2.0,22.0,0.0,2.0,225.04,25.05,619.0,2.0,0
0.0,0.0,-21.0,11.0,0.0,1.0,348.95500000000004,38.94,677.0,1.0,0
0.0,0.0,3.0,41.0,1.0,10.0,348.95500000000004,29.73,2219.0,4.0,0
0.0,0.0,-19.0,6.0,0.0,3.0,233.66,38.94,738.0,1.0,0
0.0,0.0,-11.0,12.0,0.0,1.0,200.01,38.94,366.0,2.0,0
0.0,0.0,-15.0,7.0,0.0,4.0,279.86,38.94,156.0,1.0,0
0.0,0.0,-25.0,7.0,0.0,2.0,348.95500000000004,16.97,3939.0,2.0,0
0.0,0.0,7.0,34.0,1.0,3.0,266.5,17.5,917.0,4.0,0
0.0,0.0,-14.0,8.0,0.0,4.0,308.09,28.1,606.0,2.0,0
0.0,0.0,5.0,27.0,1.0,10.0,348.95500000000004,38.94,916.0,1.0,0
0.0,0.0,-8.0,5.0,0.0,1.0,209.94,15.94,450.5,5.0,0
0.0,0.0,-8.0,16.0,0.0,10.0,197.87,17.97,289.0,1.0,0
0.0,0.0,-20.0,20.0,0.0,1.0,348.95500000000004,38.94,326.0,1.0,0
0.0,0.0,-11.0,6.0,0.0,2.0,280.92,11.02,3053.0,4.0,0
0.0,0.0,-13.0,5.0,0.0,3.0,234.46,14.56,1696.0,1.0,0
0.0,0.0,-21.0,16.0,0.0,1.0,215.3,35.3,871.0,4.0,0
0.0,0.0,-12.0,7.0,0.0,2.0,256.59,26.59,756.0,1.0,0
0.0,0.0,-24.0,12.0,0.0,1.0,348.95500000000004,38.94,528.25,2.25,0
0.0,0.0,-14.0,6.0,0.0,10.0,348.95500000000004,12.15,1517.0,1.0,0
0.0,0.0,3.0,38.0,1.0,1.0,348.95500000000004,38.94,2032.0,3.0,1
0.0,0.0,-17.0,13.0,0.0,8.0,348.95500000000004,36.57,1585.0,6.0,0
0.0,0.0,-3.0,1.0,0.0,5.0,312.11,13.11,1465.0,5.0,0
0.0,0.0,-17.0,12.0,0.0,4.0,205.07,16.07,232.0,1.0,0
0.0,0.0,-10.0,7.0,0.0,2.0,348.95500000000004,29.49,1297.0,3.0,0
0.0,0.0,-20.0,19.0,0.0,8.0,320.89,20.99,1336.0,2.0,0
0.0,0.0,-28.0,10.0,0.0,4.0,303.72,23.74,1469.0,4.0,0
0.0,0.0,-7.0,20.0,0.0,8.0,348.95500000000004,38.94,2130.0,3.0,0
0.0,0.0,-7.0,3.0,0.0,2.0,348.95500000000004,25.53,368.0,1.0,0
0.0,0.0,-21.0,7.0,0.0,1.0,277.82,27.83,1164.0,5.0,0
0.0,0.0,-20.0,7.0,0.0,2.0,240.52,38.94,1375.0,2.5,1
0.0,0.0,15.0,46.0,1.0,1.0,348.95500000000004,38.94,257.0,3.0,1
0.0,0.0,-14.0,11.0,0.0,5.0,348.95500000000004,21.98,875.0,1.0,0
0.0,0.0,-4.0,14.0,0.0,6.0,223.79,27.89,439.0,2.0,0
0.0,0.0,-16.0,10.0,0.0,1.0,211.67,35.87,817.3333333333334,1.0,0
0.0,0.0,-16.0,7.0,0.0,5.0,254.34,14.34,528.0,2.0,0
0.0,0.0,-13.0,10.0,0.0,2.0,348.95500000000004,19.39,1918.0,1.0,0
0.0,0.0,-8.0,10.0,0.0,1.0,348.95500000000004,37.0,1885.0,1.0,0
0.0,0.0,-20.0,11.0,0.0,2.0,245.0,31.0,1058.0,1.0,0
0.0,0.0,-27.0,9.0,0.0,1.0,348.95500000000004,38.94,3504.0,4.0,0
0.0,0.0,-23.0,2.0,0.0,6.0,348.95500000000004,38.94,413.0,2.0,0
0.0,0.0,-21.0,7.0,0.0,1.0,348.95500000000004,38.94,451.0,3.0,0
0.0,0.0,5.0,32.0,1.0,3.0,320.58,21.58,2043.0,5.0,1
0.0,0.0,-15.0,11.0,0.0,1.3333333333333333,310.46,27.26,1258.0,4.0,1
0.0,0.0,-9.0,16.0,0.0,4.0,243.11,24.11,236.0,1.0,0
0.0,0.0,-7.0,24.0,0.0,1.0,212.02,16.12,465.0,1.0,0
0.0,0.0,-18.0,8.0,0.0,1.0,348.95500000000004,26.8,1632.0,10.0,0
0.0,0.0,-11.0,11.0,0.0,6.0,318.55,32.65,469.0,2.0,0
0.0,0.0,-2.0,15.0,0.0,3.0,348.95500000000004,33.03,841.0,4.0,0
0.0,0.0,-6.0,18.0,0.0,6.0,318.97,19.97,1709.0,1.0,0
0.0,0.0,-11.0,7.0,0.0,10.0,213.74,33.76,459.0,3.0,0
0.0,0.0,1.0,28.0,1.0,4.0,226.47,27.47,1167.0,1.0,1
0.0,0.0,-17.0,7.0,0.0,10.0,293.36,13.46,443.0,2.0,0
0.0,0.0,-16.0,12.0,0.0,1.0,213.9,18.0,254.0,1.0,0
0.0,0.0,-14.0,13.0,0.0,10.0,216.64,17.64,216.0,3.0,0
0.0,0.0,-14.0,12.0,0.0,3.0,210.56,30.76,244.0,1.0,1
0.0,0.0,-6.0,22.0,0.0,5.0,348.95500000000004,21.13,779.0,5.0,0
0.0,0.0,-12.0,16.0,0.0,1.0,348.95500000000004,21.47,2768.0,3.0,0
0.0,0.0,-9.0,19.0,0.0,10.0,246.87,38.94,1464.0,4.0,0
0.0,0.0,-8.0,12.0,0.0,8.0,348.95500000000004,38.94,1439.0,1.0,0
0.0,0.0,-11.0,11.0,0.0,1.0,250.84,31.04,549.0,1.0,0
0.0,0.0,-12.0,20.0,0.0,2.0,348.95500000000004,27.91,786.0,2.0,0
0.0,0.0,-40.0,11.0,0.0,5.0,348.95500000000004,38.94,222.0,2.0,1
0.0,0.0,-5.0,3.0,0.0,1.0,348.95500000000004,18.41,1931.0,1.0,0
0.0,0.0,-13.0,1.0,0.0,10.0,341.11,11.12,1222.0,2.0,0
0.0,0.0,-13.0,6.0,0.0,6.0,348.95500000000004,37.54,1176.0,3.0,0
0.0,0.0,-14.0,13.0,0.0,2.0,254.77,38.94,546.0,1.0,0
0.0,0.0,-15.0,6.0,0.0,2.0,266.77,25.77,809.0,1.0,0
0.0,0.0,-14.0,11.0,0.0,10.0,348.95500000000004,38.94,977.0,1.0,1
0.0,0.0,2.0,18.0,1.0,3.0,263.18,14.18,700.0,4.0,1
0.0,0.0,-17.0,10.0,0.0,10.0,266.42,26.52,877.0,1.0,0
0.0,0.0,-14.0,8.0,0.0,10.0,348.95500000000004,38.94,2050.0,4.0,1
0.0,0.0,94.0,133.0,1.0,10.0,348.95500000000004,38.94,982.0,3.0,1
0.0,0.0,-7.0,11.0,0.0,3.0,238.25,18.25,313.0,1.0,0
0.0,0.0,-27.0,8.0,0.0,5.0,316.64,27.64,1586.0,8.0,1
0.0,0.0,-20.0,10.0,0.0,6.0,348.95500000000004,38.94,2151.0,1.0,0
0.0,0.0,-11.0,14.0,0.0,1.0,348.95500000000004,33.22,1125.0,6.0,0
0.0,0.0,-11.0,17.0,0.0,10.0,196.72,21.72,1450.0,2.0,0
0.0,0.0,-14.0,19.0,0.0,8.0,279.56,38.94,677.0,1.0,0
0.0,0.0,-19.0,15.0,0.0,7.0,220.24,38.94,350.0,1.0,0
0.0,0.0,-13.0,1.0,0.0,5.0,277.12,9.13,2025.0,2.0,0
0.0,0.0,-6.0,2.0,0.0,4.0,244.81,14.91,341.0,3.0,0
0.0,0.0,-13.0,5.0,0.0,2.0,209.21,10.21,234.0,1.0,1
0.0,0.0,-1.0,10.0,0.0,3.0,348.95500000000004,38.94,2357.0,6.0,0
0.0,0.0,-12.0,13.0,0.0,3.0,348.95500000000004,18.08,1162.0,2.0,0
0.0,0.0,-13.0,20.0,0.0,8.0,287.65,38.65,528.0,2.0,0
0.0,0.0,-19.0,12.0,0.0,3.0,348.95500000000004,16.19,501.0,4.0,0
0.0,0.0,-3.0,3.0,0.0,10.0,259.01,14.02,851.0,2.0,0
0.0,0.0,-15.0,3.0,0.0,3.0,348.95500000000004,25.8,379.5,2.0,0
0.0,0.0,-10.0,10.0,0.0,10.0,348.95500000000004,28.83,478.0,5.0,0
0.0,0.0,-23.0,6.0,0.0,10.0,261.13,38.94,372.5,1.0,1
0.0,0.0,-1.0,22.0,0.0,10.0,348.95500000000004,20.39,1243.0,2.0,0
0.0,0.0,-8.0,2.0,0.0,1.0,212.09,14.09,1090.0,1.0,0
0.0,0.0,-13.0,6.0,0.0,1.0,254.22,14.23,1001.0,1.0,0
0.0,0.0,-22.0,14.0,0.0,2.0,260.97,22.97,2066.0,1.0,0
0.0,0.0,-8.0,12.0,0.0,1.0,196.01,16.01,871.0,4.0,0
0.0,0.0,-20.0,9.0,0.0,1.0,348.95500000000004,17.51,1331.0,2.0,1
0.0,0.0,-7.0,4.0,0.0,1.0,348.95500000000004,12.86,1070.0,1.0,0
0.0,0.0,-5.0,6.0,0.0,4.0,348.95500000000004,38.94,3542.0,1.0,0
0.0,0.0,-7.0,3.0,0.0,1.0,348.95500000000004,16.32,1453.0,1.0,0
0.0,0.0,-13.0,7.0,0.0,1.0,204.25,14.35,623.0,6.0,0
0.0,0.0,-26.0,13.0,0.0,4.0,348.95500000000004,38.94,665.0,1.0,1
0.0,0.0,-12.0,8.0,0.0,5.0,348.95500000000004,26.76,1244.0,7.0,0
0.0,0.0,-14.0,11.0,0.0,10.0,205.87,26.87,2188.0,2.0,0
0.0,0.0,-14.0,9.0,0.0,8.0,348.95500000000004,17.59,915.0,2.0,0
0.0,0.0,-11.0,18.0,0.0,1.0,263.84,38.94,933.0,1.0,0
0.0,0.0,-3.0,28.0,0.0,5.0,211.12,16.12,527.0,1.0,0
0.0,0.0,-7.0,20.0,0.0,2.0,256.31,38.94,1161.0,10.0,0
0.0,0.0,-17.0,9.0,0.0,2.0,273.31,13.32,234.0,1.0,0
0.0,0.0,-34.0,9.0,0.0,4.0,237.59,22.59,708.0,2.0,0
0.0,0.0,-16.0,7.0,0.0,2.0,234.46,14.56,236.0,1.0,0
0.0,0.0,-9.0,7.0,0.0,1.0,348.95500000000004,38.94,235.0,2.0,0
0.0,0.0,-13.0,19.0,0.0,1.5,325.47,35.57,302.0,3.0,0
0.0,0.0,-21.0,33.0,0.0,8.0,348.95500000000004,38.94,3632.0,4.0,0
0.0,0.0,-32.0,8.0,0.0,6.0,325.62,18.12,2377.0,2.0,0
0.0,0.0,-23.0,4.0,0.0,4.0,218.64,18.65,386.0,5.0,0
0.0,0.0,6.0,35.0,1.0,8.0,260.27,35.37,582.0,1.0,1
0.0,0.0,-14.0,16.0,0.0,6.0,212.82,27.83,3734.0,5.0,0
0.0,0.0,-12.0,9.0,0.0,4.0,215.05,15.15,436.0,1.0,0
0.0,0.0,-18.0,5.0,0.0,1.0,268.2,38.94,1025.0,4.0,1
0.0,0.0,-23.0,8.0,0.0,10.0,348.95500000000004,24.1,964.0,1.0,0
0.0,0.0,-21.0,4.0,0.0,5.0,311.35,11.36,1002.0,3.0,0
0.0,0.0,-16.0,13.0,0.0,1.0,348.95500000000004,18.87,644.0,1.0,0
0.0,0.0,-22.0,21.0,0.0,6.0,348.95500000000004,38.94,1271.0,5.0,0
0.0,0.0,-11.0,15.0,0.0,1.0,256.5,38.94,823.0,1.0,0
0.0,0.0,4.0,21.0,1.0,1.0,348.95500000000004,16.54,1209.0,1.0,1
0.0,0.0,-9.0,17.0,0.0,1.0,250.84,31.04,236.0,1.0,0
0.0,0.0,-18.0,7.0,0.0,10.0,226.71,17.71,518.0,2.0,0
0.0,0.0,-8.0,18.0,0.0,4.0,224.71,38.94,2188.0,2.0,0
0.0,0.0,-56.0,28.0,0.0,1.0,239.8,38.94,248.0,2.0,0
0.0,0.0,-23.0,5.0,0.0,8.0,348.95500000000004,37.39,927.0,2.0,0
0.0,0.0,-10.0,6.0,0.0,1.0,348.95500000000004,38.94,363.0,1.0,0
0.0,0.0,-36.0,4.0,0.0,3.0,348.95500000000004,38.94,437.0,1.3333333333333333,0
0.0,0.0,-5.0,3.0,0.0,10.0,348.95500000000004,21.76,3419.0,1.0,1
0.0,0.0,-26.0,13.0,0.0,2.0,236.0,21.0,516.0,1.0,0
0.0,0.0,-13.0,6.0,0.0,1.0,243.01,13.11,236.0,1.0,0
0.0,0.0,-27.0,4.0,0.0,2.0,207.57,18.57,772.0,1.0,0
0.0,0.0,-23.0,6.0,0.0,5.0,348.95500000000004,38.94,1278.0,5.0,0
0.0,0.0,0.0,27.0,0.0,4.0,348.95500000000004,27.61,747.0,1.0,1
0.0,0.0,-4.0,25.0,0.0,1.0,348.95500000000004,38.94,2569.0,2.0,1
0.0,0.0,-22.0,9.0,0.0,10.0,348.95500000000004,22.77,771.0,1.0,0
0.0,0.0,-18.0,6.0,0.0,4.0,220.02,25.02,1006.0,2.0,0
0.0,0.0,-5.0,9.0,0.0,4.0,242.67,38.94,666.0,4.0,0
0.0,0.0,-8.0,23.0,0.0,10.0,348.95500000000004,38.94,500.0,1.0,0
0.0,0.0,-18.0,14.0,0.0,10.0,348.95500000000004,38.94,1465.0,10.0,0
0.0,0.0,-23.0,14.0,0.0,1.0,217.21,38.94,392.5,1.0,0
0.0,0.0,5.0,24.0,1.0,3.0,222.38,24.38,569.0,1.0,1
0.0,0.0,-15.0,8.0,0.0,2.0,214.14,15.14,1008.0,8.0,0
0.0,0.0,-13.0,10.0,0.0,2.0,302.55,38.94,576.0,1.0,0
0.0,0.0,-28.0,11.0,0.0,5.0,348.95500000000004,38.94,207.0,1.0,1
0.0,0.0,-29.0,11.0,0.0,8.0,348.95500000000004,38.94,2432.0,4.0,1
0.0,0.0,-11.0,8.0,0.0,6.0,301.75,16.75,581.0,2.0,0
0.0,0.0,-16.0,9.0,0.0,2.0,348.95500000000004,20.74,916.0,1.0,0
0.0,0.0,-12.0,20.0,0.0,10.0,215.05,15.15,1479.0,2.0,1
0.0,0.0,-13.0,13.0,0.0,4.0,185.94,15.95,185.0,3.0,0
0.0,0.0,-42.0,2.0,0.0,1.0,348.95500000000004,19.99,738.0,2.0,0
0.0,0.0,-14.0,7.0,0.0,1.0,217.81,18.11,2830.0,2.0,0
0.0,0.0,-12.0,8.0,0.0,2.0,348.95500000000004,17.25,671.0,1.0,0
0.0,0.0,-16.0,5.0,0.0,5.0,314.21,15.21,1479.0,3.0,0
0.0,0.0,-15.0,13.0,0.0,1.0,273.46,24.46,1513.0,3.0,0
0.0,0.0,-16.0,16.0,0.0,1.0,348.95500000000004,30.32,3330.0,3.0,0
0.0,0.0,-9.0,13.0,0.0,1.0,348.95500000000004,35.02,418.0,1.0,0
0.0,0.0,-9.0,11.0,0.0,10.0,341.02,16.02,2644.0,6.0,0
0.0,0.0,-17.0,9.0,0.0,8.0,348.95500000000004,29.28,2685.0,1.0,1
0.0,0.0,-21.0,13.0,0.0,4.0,230.66,20.66,971.0,1.0,0
0.0,0.0,-14.0,4.0,0.0,1.0,348.95500000000004,24.24,388.0,2.0,0
0.0,0.0,-12.0,7.0,0.0,3.0,328.08,28.18,885.0,3.0,0
0.0,0.0,-7.0,8.0,0.0,1.0,252.35,23.35,993.0,5.0,1
0.0,0.0,-10.0,17.0,0.0,1.0,257.82,18.92,221.0,1.0,0
0.0,0.0,-9.0,10.0,0.0,7.0,348.95500000000004,14.02,582.0,1.0,0
0.0,0.0,-29.0,5.0,0.0,1.0,348.95500000000004,20.96,1267.0,1.0,0
0.0,0.0,-1.0,19.0,0.0,8.0,224.7,14.71,708.0,2.0,0
0.0,0.0,-1.0,9.0,0.0,2.0,194.53,9.04,2853.0,1.0,0
0.0,0.0,-20.0,23.0,0.0,5.0,348.95500000000004,30.06,520.0,1.0,0
0.0,0.0,-8.0,11.0,0.0,8.0,337.09,33.29,308.5,1.5,0
0.0,0.0,-6.0,1.0,0.0,1.0,237.6,12.6,1438.0,5.0,0
0.0,0.0,-28.0,1.0,0.0,10.0,348.95500000000004,16.89,379.0,1.0,0
0.0,0.0,-8.0,25.0,0.0,10.0,348.95500000000004,38.94,1062.0,3.0,0
0.0,0.0,1.0,27.0,1.0,5.0,218.27,19.27,162.0,1.0,0
0.0,0.0,-7.0,3.0,0.0,10.0,348.95500000000004,11.38,1087.0,7.0,1
0.0,0.0,-7.0,19.0,0.0,9.0,348.95500000000004,24.09,2352.0,3.0,0
0.0,0.0,-15.0,9.0,0.0,3.0,348.95500000000004,31.98,625.0,1.0,0
0.0,0.0,-8.0,4.0,0.0,1.0,262.67,12.77,723.0,8.0,0
0.0,0.0,-2.0,29.0,0.0,1.0,216.87,32.81,278.0,1.0,0
0.0,0.0,-18.0,7.0,0.0,1.0,186.6,16.63,3217.0,2.0,0
0.0,0.0,-13.0,6.0,0.0,10.0,260.92,22.92,286.0,1.0,0
0.0,0.0,-15.0,2.0,0.0,4.0,348.95500000000004,20.82,1136.0,4.0,0
0.0,0.0,-19.0,6.0,0.0,3.0,288.54,38.94,870.0,1.0,0
0.0,0.0,-16.0,21.0,0.0,1.0,246.92,29.92,705.0,1.0,0
0.0,0.0,-12.0,7.0,0.0,3.0,214.69,38.94,337.0,1.0,1
0.0,0.0,-12.0,10.0,0.0,5.0,348.95500000000004,18.43,329.0,1.0,0
0.0,0.0,-5.0,16.0,0.0,4.0,299.39,19.4,606.0,2.0,0
0.0,0.0,13.0,30.0,1.0,3.0,299.6,38.94,654.0,1.0,1
0.0,0.0,-16.0,7.0,0.0,1.0,348.95500000000004,13.14,1003.0,1.0,0
0.0,0.0,-2.0,25.0,0.0,8.0,348.77,18.77,2644.0,6.0,0
0.0,0.0,-7.0,14.0,0.0,12.0,321.58,22.58,2043.0,5.0,1
0.0,0.0,-8.0,15.0,0.0,6.0,276.26,24.26,2055.0,1.0,0
0.0,0.0,-14.0,12.0,0.0,1.0,278.0,18.01,1487.0,1.0,0
0.0,0.0,-13.0,16.0,0.0,10.0,307.9,19.9,772.0,1.0,0
0.0,0.0,-17.0,29.0,0.0,6.0,332.12,38.94,1148.0,1.0,0
0.0,0.0,-14.0,1.0,0.0,1.0,263.59,38.94,513.0,2.0,0
0.0,0.0,-17.0,11.0,0.0,5.0,348.95500000000004,27.42,995.0,4.0,0
0.0,0.0,-18.0,9.0,0.0,1.0,348.95500000000004,22.85,625.0,1.0,0
0.0,0.0,-12.0,12.0,0.0,1.0,278.86,33.86,2359.0,6.0,0
0.0,0.0,-5.0,22.0,0.0,1.0,348.95500000000004,38.94,1946.0,4.0,0
0.0,0.0,-3.0,15.0,0.0,5.0,212.94,23.04,179.0,1.0,0
0.0,0.0,-24.0,8.0,0.0,1.0,232.07,19.07,1687.0,1.0,0
0.0,0.0,-15.0,7.0,0.0,10.0,306.79,16.79,137.0,1.0,0
0.0,0.0,-11.0,11.0,0.0,4.0,348.95500000000004,38.94,344.0,5.0,0
0.0,0.0,-10.0,7.0,0.0,3.0,282.41,12.51,1948.0,1.0,0
0.0,0.0,-10.0,10.0,0.0,1.0,240.61,20.62,356.0,1.0,0
0.0,0.0,-6.0,19.0,0.0,8.0,252.51,19.51,460.0,2.0,0
0.0,0.0,-17.0,12.0,0.0,1.0,348.95500000000004,36.53,2358.0,6.0,0
0.0,0.0,5.0,20.0,1.0,1.0,234.62,15.62,236.0,1.0,0
0.0,0.0,10.0,53.0,1.0,1.0,348.95500000000004,31.95,1458.0,1.0,1
0.0,0.0,-15.0,7.0,0.0,6.0,348.95500000000004,30.41,1002.0,3.0,0
0.0,0.0,-12.0,14.0,0.0,2.0,302.41,38.94,960.0,2.0,0
0.0,0.0,-10.0,19.0,0.0,1.0,186.52,33.52,322.0,1.0,0
0.0,0.0,-9.0,12.0,0.0,1.0,248.36,19.32,603.0,1.0,0
0.0,0.0,-17.0,3.0,0.0,1.0,206.87,26.88,2188.0,2.0,0
0.0,0.0,-15.0,6.0,0.0,8.0,304.52,38.94,674.0,1.0,0
0.0,0.0,-8.0,11.0,0.0,10.0,348.95500000000004,38.94,3011.0,1.0,0
0.0,0.0,-7.0,15.0,0.0,8.0,228.63,34.63,1926.0,1.0,1
0.0,0.0,-8.0,7.0,0.0,9.0,348.95500000000004,38.94,704.0,6.0,0
0.0,0.0,-19.0,15.0,0.0,1.0,324.96,24.97,753.0,2.0,0
0.0,0.0,-15.0,9.0,0.0,1.0,348.95500000000004,38.379999999999995,794.5,2.0,1
0.0,0.0,-13.0,25.0,0.0,3.0,265.75,17.5,858.0,1.0,0
0.0,0.0,-30.0,5.0,0.0,8.0,348.95500000000004,38.94,187.0,1.0,0
0.0,0.0,-8.0,14.0,0.0,10.0,348.95500000000004,38.94,886.0,5.0,0
0.0,0.0,-10.0,17.0,0.0,1.0,225.03,35.13,1885.0,1.0,0
0.0,0.0,3.0,22.0,1.0,10.0,348.95500000000004,38.94,382.0,2.0,0
0.0,0.0,-8.0,12.0,0.0,8.0,348.95500000000004,31.74,293.0,1.0,0
0.0,0.0,-8.0,13.0,0.0,4.0,266.4,16.5,638.0,1.0,0
0.0,0.0,-21.0,12.0,0.0,10.0,348.95500000000004,38.94,1172.0,2.0,0
0.0,0.0,-10.0,1.0,0.0,6.0,289.11,9.21,527.0,1.0,0
0.0,0.0,-27.0,8.0,0.0,10.0,348.95500000000004,38.94,2416.0,1.0,0
0.0,0.0,-13.0,6.0,0.0,1.0,348.95500000000004,20.4,388.0,2.0,0
0.0,0.0,-14.0,10.0,0.0,3.0,313.72,28.72,3146.0,6.0,0
0.0,0.0,-9.0,11.0,0.0,1.0,348.95500000000004,21.18,216.0,3.0,0
0.0,0.0,-11.0,10.0,0.0,4.0,262.14,13.24,638.0,1.0,0
0.0,0.0,-5.0,23.0,0.0,1.0,348.95500000000004,35.0,1091.0,3.0,0
0.0,0.0,-8.0,6.0,0.0,1.0,240.31,24.31,426.0,5.0,0
0.0,0.0,-8.0,12.0,0.0,2.0,234.0,24.01,516.0,1.0,0
0.0,0.0,13.0,45.0,1.0,10.0,258.68,38.68,313.0,1.0,1
0.0,0.0,-13.0,9.0,0.0,6.0,285.79,16.79,582.0,1.0,0
0.0,0.0,-14.0,14.0,0.0,8.0,348.95500000000004,38.94,562.0,2.0,0
0.0,0.0,-14.0,21.0,0.0,4.0,217.87,27.88,1326.0,1.0,0
0.0,0.0,35.0,71.0,1.0,10.0,305.41,38.94,551.0,2.0,0
0.0,0.0,-16.0,2.0,0.0,2.0,348.95500000000004,19.22,1305.0,1.0,1
0.0,0.0,-21.0,11.0,0.0,10.0,348.95500000000004,38.94,3869.0,1.0,0
0.0,0.0,-13.0,8.0,0.0,8.0,348.95500000000004,38.94,603.0,1.0,0
0.0,0.0,-18.0,7.0,0.0,3.0,348.95500000000004,38.94,1396.0,2.0,0
0.0,0.0,-14.0,8.0,0.0,1.0,348.95500000000004,15.76,605.0,1.0,0
0.0,0.0,-20.0,11.0,0.0,15.0,348.95500000000004,38.94,3913.0,2.0,0
0.0,0.0,2.0,24.0,1.0,6.0,348.95500000000004,36.11,1290.0,3.0,1
0.0,0.0,-12.0,5.0,0.0,3.0,348.95500000000004,38.94,919.0,1.5,0
0.0,0.0,-8.0,17.0,0.0,10.0,348.95500000000004,27.31,601.0,4.0,0
0.0,0.0,-9.0,2.0,0.0,10.0,266.55,16.65,1164.0,4.0,0
0.0,0.0,-14.0,17.0,0.0,4.0,348.95500000000004,38.94,1180.0,4.0,0
0.0,0.0,-14.0,7.0,0.0,1.0,348.95500000000004,16.2,885.0,4.0,0
0.0,0.0,-15.0,16.0,0.0,10.0,211.12,16.12,1069.0,1.0,0
0.0,0.0,-2.0,28.0,0.0,4.0,233.18,23.18,617.0,2.0,0
0.0,0.0,-16.0,13.0,0.0,10.0,348.95500000000004,38.94,603.0,1.0,0
0.0,0.0,-50.0,24.0,0.0,10.0,240.22,38.94,164.0,2.0,0
0.0,0.0,-21.0,9.0,0.0,8.0,348.95500000000004,25.33,886.0,4.0,0
0.0,0.0,-26.0,11.0,0.0,5.0,348.95500000000004,38.94,1130.0,2.0,0
0.0,0.0,-8.0,9.0,0.0,1.0,236.64,38.94,236.0,3.0,0
0.0,0.0,-11.0,1.0,0.0,3.0,236.79,28.32,3616.0,5.0,0
0.0,0.0,-12.0,9.0,0.0,4.0,221.35,32.35,301.0,3.0,0
0.0,0.0,-12.0,2.0,0.0,1.0,318.01,10.51,2377.0,2.0,0
0.0,0.0,-21.0,7.0,0.0,1.0,348.95500000000004,38.94,419.0,2.0,0
0.0,0.0,-26.0,9.0,0.0,2.0,211.12,16.12,1004.0,1.0,0
0.0,0.0,-18.0,18.0,0.0,8.0,348.95500000000004,38.94,3632.0,4.0,0
0.0,0.0,-15.0,7.0,0.0,10.0,280.61,16.61,672.0,2.0,0
0.0,0.0,13.0,35.0,1.0,3.0,334.98,20.08,2118.0,2.0,1
0.0,0.0,-10.0,12.0,0.0,6.0,348.95500000000004,38.94,314.0,1.0,0
0.0,0.0,-10.0,10.0,0.0,1.0,348.95500000000004,38.94,363.0,1.0,0
0.0,0.0,-14.0,21.0,0.0,8.0,205.34,35.35,1187.0,1.0,0
0.0,0.0,-10.0,3.0,0.0,4.0,258.89,38.94,408.0,1.0,0
0.0,0.0,14.0,62.0,1.0,1.0,310.53,38.94,787.0,1.0,0
0.0,0.0,-12.0,17.0,0.0,6.0,348.95500000000004,38.94,1102.0,2.0,0
0.0,0.0,0.0,19.0,0.0,3.0,243.33,24.33,1102.0,1.0,0
0.0,0.0,-13.0,10.0,0.0,1.0,230.48,38.94,869.0,5.0,0
0.0,0.0,-14.0,2.0,0.0,10.0,265.77,15.14,162.0,4.0,0
0.0,0.0,-5.0,4.0,0.0,1.0,223.27,13.37,245.0,2.0,0
0.0,0.0,-14.0,5.0,0.0,1.0,275.21,10.21,877.0,1.0,0
0.0,0.0,-11.0,9.0,0.0,3.0,193.14,13.440000000000001,341.0,2.0,0
0.0,0.0,4.0,36.0,1.0,5.0,245.35,16.35,582.0,1.0,1
0.0,0.0,-11.0,16.0,0.0,1.0,348.95500000000004,38.94,894.0,1.0,0
0.0,0.0,-8.0,6.0,0.0,8.0,290.0,30.0,1031.0,6.0,0
0.0,0.0,-17.0,6.0,0.0,9.0,348.95500000000004,25.16,905.0,1.0,0
0.0,0.0,-9.0,9.0,0.0,10.0,348.95500000000004,38.94,765.0,2.0,1
0.0,0.0,-8.0,16.0,0.0,10.0,246.36,16.36,407.0,1.0,0
0.0,0.0,-28.0,11.0,0.0,8.0,307.9,19.9,772.0,1.0,0
0.0,0.0,-5.0,21.0,0.0,4.0,348.95500000000004,15.25,910.0,4.0,0
0.0,0.0,-17.0,5.0,0.0,3.0,309.12,16.22,355.0,1.0,0
0.0,0.0,1.0,28.0,1.0,4.0,249.99,35.989999999999995,298.0,2.5,0
0.0,0.0,-11.0,8.0,0.0,10.0,348.95500000000004,17.07,852.0,1.0,0
0.0,0.0,-17.0,19.0,0.0,3.0,348.95500000000004,38.94,794.0,1.0,0
0.0,0.0,-21.0,13.0,0.0,6.0,339.64,38.94,1384.0,5.0,0
0.0,0.0,6.0,31.0,1.0,10.0,348.95500000000004,32.33,2378.0,6.0,1
0.0,0.0,-19.0,11.0,0.0,4.0,216.06,19.26,676.0,1.0,0
0.0,0.0,-15.0,6.0,0.0,9.0,348.95500000000004,38.94,1384.0,5.0,0
0.0,0.0,-1.0,32.0,0.0,1.0,348.95500000000004,21.28,3728.0,1.0,0
0.0,0.0,-21.0,5.0,0.0,6.0,242.44,19.44,543.0,1.0,0
0.0,0.0,-21.0,6.0,0.0,1.0,235.19,15.29,151.0,5.0,0
0.0,0.0,-22.0,15.0,0.0,1.0,348.95500000000004,38.94,316.0,1.0,0
0.0,0.0,-9.0,15.0,0.0,8.0,348.95500000000004,38.94,925.0,5.0,0
0.0,0.0,0.0,26.0,0.0,8.0,348.95500000000004,33.54,217.0,3.0,0
0.0,0.0,-28.0,7.0,0.0,8.0,348.95500000000004,38.94,133.0,2.0,0
0.0,0.0,-13.0,3.0,0.0,10.0,320.3,20.4,573.0,3.0,0
0.0,0.0,-7.0,22.0,0.0,1.0,348.95500000000004,31.74,1598.0,1.0,0
0.0,0.0,-17.0,3.0,0.0,3.0,293.36,13.46,584.0,2.0,0
0.0,0.0,-22.0,9.0,0.0,10.0,348.95500000000004,22.05,1451.0,4.0,0
0.0,0.0,-33.0,7.0,0.0,5.0,262.75,13.25,505.0,3.0,0
0.0,0.0,-18.0,4.0,0.0,4.0,199.15,21.16,363.0,1.0,0
0.0,0.0,-15.0,15.0,0.0,1.0,190.42,30.62,498.0,2.0,0
0.0,0.0,-7.0,22.0,0.0,10.0,348.95500000000004,38.94,3632.0,4.0,0
0.0,0.0,-7.0,18.0,0.0,10.0,348.95500000000004,19.88,500.0,1.0,1
0.0,0.0,-12.0,3.0,0.0,1.0,348.95500000000004,15.27,867.0,3.0,0
0.0,0.0,-14.0,8.0,0.0,3.0,232.75,18.75,750.0,1.0,0
0.0,0.0,-8.0,8.0,0.0,5.0,289.11,9.21,443.0,2.0,0
0.0,0.0,-1.0,26.0,0.0,2.0,190.48,23.49,1456.0,1.0,1
0.0,0.0,-17.0,14.0,0.0,5.0,245.35,16.35,582.0,1.0,0
0.0,0.0,-16.0,7.0,0.0,5.0,206.7,28.7,740.0,1.0,0
0.0,0.0,-15.0,9.0,0.0,1.0,212.88,36.9,660.0,1.0,0
0.0,0.0,-7.0,5.0,0.0,8.0,247.74,27.84,297.0,1.0,0
0.0,0.0,-21.0,14.0,0.0,6.0,343.85,23.95,1642.0,1.0,0
0.0,0.0,-12.0,7.0,0.0,10.0,348.95500000000004,38.94,872.0,3.0,0
0.0,0.0,-20.0,12.0,0.0,3.0,279.38,19.39,2032.0,6.0,0
0.0,0.0,-13.0,10.0,0.0,10.0,348.95500000000004,26.82,3866.0,10.0,0
0.0,0.0,-11.0,4.0,0.0,1.0,316.09,16.6,2856.0,5.0,0
0.0,0.0,-13.0,7.0,0.0,1.0,283.02,38.94,400.0,3.0,0
0.0,0.0,-7.0,12.0,0.0,5.0,348.95500000000004,24.66,3893.0,1.0,0
0.0,0.0,-4.0,4.0,0.0,1.0,348.48,18.58,235.0,1.0,0
0.0,0.0,2.0,34.0,1.0,1.0,243.11,24.11,236.0,1.0,0
0.0,0.0,-20.0,8.0,0.0,5.0,348.95500000000004,38.94,1707.0,2.0,0
0.5,0.5,-11.0,16.0,0.0,6.0,459.355,44.21,1495.5,2.5,1
0.0,0.0,-7.0,15.0,0.0,1.0,198.72,21.73,1620.0,1.0,0
0.0,0.0,-11.0,14.0,0.0,5.0,264.45,24.55,904.0,4.0,0
0.0,0.0,-9.0,6.0,0.0,3.0,237.0,14.0,536.0,1.0,0
0.0,0.0,-8.0,14.0,0.0,6.0,308.42,38.94,770.0,1.0,0
0.0,0.0,-8.0,12.0,0.0,2.0,293.59,17.69,537.0,1.0,0
0.0,0.0,-7.0,6.0,0.0,1.0,341.62,11.72,581.0,1.0,0
0.0,0.0,-3.0,20.0,0.0,8.0,348.95500000000004,38.94,1231.0,6.0,0
0.0,0.0,-5.0,22.0,0.0,3.0,207.02,38.94,1424.0,4.0,0
0.0,0.0,-23.0,17.0,0.0,4.0,237.94,38.94,330.0,1.0,0
0.0,0.0,-20.0,4.0,0.0,10.0,230.9,38.94,247.0,1.0,0
0.0,0.0,-15.0,30.0,0.0,2.0,326.8,38.94,1158.0,1.0,0
0.0,0.0,-13.0,22.0,0.0,1.0,254.47,24.48,934.0,1.0,0
0.0,0.0,-12.0,19.0,0.0,1.0,215.05,15.15,547.0,3.0,1
0.0,0.0,-7.0,13.0,0.0,10.0,348.95500000000004,20.9,742.0,3.0,0
0.0,0.0,-28.0,7.0,0.0,2.0,197.03,16.02,2442.0,4.0,0
0.0,0.0,-11.0,5.0,0.0,10.0,348.95500000000004,38.94,2098.0,1.0,0
0.0,0.0,-10.0,22.0,0.0,10.0,193.98,34.0,2141.0,1.0,0
0.0,0.0,-9.0,4.0,0.0,5.0,229.2,19.3,731.0,5.0,0
0.0,0.0,-17.0,2.0,0.0,2.0,264.67,14.77,983.0,4.0,0
0.0,0.0,-23.0,8.0,0.0,8.0,240.08,38.94,469.5,1.0,0
0.0,0.0,-23.0,13.0,0.0,4.0,238.69,18.79,236.0,1.0,0
0.0,0.0,-13.0,10.0,0.0,3.0,233.19,35.19,1948.0,2.0,0
0.0,0.0,-11.0,7.0,0.0,6.0,348.95500000000004,17.74,671.0,2.0,0
0.0,0.0,-16.0,13.0,0.0,1.0,325.26,38.94,249.0,4.0,0
0.0,0.0,-10.0,10.0,0.0,2.0,247.23,17.24,934.0,1.0,0
0.0,0.0,-16.0,6.0,0.0,1.0,348.95500000000004,35.47,739.0,3.0,1
0.0,0.0,-14.0,10.0,0.0,5.0,315.11,15.12,915.0,2.0,0
0.0,0.0,-29.0,2.0,0.0,7.0,348.95500000000004,16.46,344.0,1.0,0
0.0,0.0,-24.0,14.0,0.0,10.0,348.95500000000004,38.94,3976.0,3.0,0
0.0,0.0,-9.0,7.0,0.0,1.0,348.95500000000004,38.94,1549.0,1.0,0
0.0,0.0,-19.0,17.0,0.0,10.0,348.95500000000004,33.92,2378.0,6.0,0
0.0,0.0,-18.0,15.0,0.0,3.0,348.95500000000004,20.18,393.0,1.0,0
0.0,0.0,-16.0,6.0,0.0,8.0,348.95500000000004,27.26,858.0,1.0,0
0.0,0.0,-15.0,13.0,0.0,8.0,233.55,14.55,608.0,1.0,0
0.0,0.0,-16.0,9.0,0.0,1.0,279.04,20.05,2125.0,1.0,0
0.0,0.0,-14.0,11.0,0.0,1.0,251.16,38.94,364.0,1.0,0
0.0,0.0,-7.0,13.0,0.0,1.0,272.63,31.53,603.0,1.0,0
0.0,0.0,1.0,25.0,1.0,5.0,262.1,38.94,793.0,2.0,0
0.0,0.0,-7.0,28.0,0.0,8.0,305.57,38.94,300.0,1.0,0
0.0,0.0,-15.0,18.0,0.0,5.0,348.95500000000004,38.94,429.0,4.0,0
0.0,0.0,-15.0,7.0,0.0,1.0,348.95500000000004,22.089999999999996,628.5,1.5,1
0.0,0.0,-21.0,11.0,0.0,6.0,348.95500000000004,38.94,287.0,3.0,0
0.0,0.0,3.0,32.0,1.0,1.0,230.97,38.94,1197.0,1.0,1
0.0,0.0,-16.0,11.0,0.0,3.0,213.79,34.79,3314.0,2.0,0
0.0,0.0,-2.0,18.0,0.0,3.0,246.36,38.94,822.0,2.0,0
0.0,0.0,-20.0,11.0,0.0,8.0,198.72,21.73,1620.0,1.0,0
0.0,0.0,-22.0,11.0,0.0,10.0,348.95500000000004,38.94,92.0,2.0,0
0.0,0.0,-6.0,26.0,0.0,1.0,348.95500000000004,38.94,606.0,2.0,0
0.0,0.0,-14.0,8.0,0.0,10.0,348.95500000000004,36.49,564.0,7.0,0
0.0,0.0,-6.0,15.0,0.0,2.0,291.07,38.94,769.0,1.0,0
0.0,0.0,-17.0,8.0,0.0,10.0,348.95500000000004,38.94,896.0,4.0,0
0.0,0.0,-13.0,4.0,0.0,1.0,298.58,38.94,395.0,3.0,0
0.0,0.0,-21.0,10.0,0.0,1.0,327.76,38.94,3752.0,2.0,0
0.0,0.0,-16.0,8.0,0.0,4.5,337.52,20.52,1840.0,5.0,0
0.0,0.0,-14.0,11.0,0.0,1.5,326.1,21.1,272.0,1.0,0
0.0,0.0,-13.0,3.0,0.0,1.0,348.95500000000004,34.239999999999995,555.0,1.0,0
0.0,0.0,-25.0,8.0,0.0,10.0,238.19,28.2,2598.0,1.0,0
0.0,0.0,-14.0,7.0,0.0,4.0,249.39,19.49,822.0,1.0,0
0.0,0.0,-7.0,26.0,0.0,3.0,348.95500000000004,29.3,625.0,1.0,0
0.0,0.0,-10.0,12.0,0.0,10.0,216.83,17.83,273.0,1.0,0
0.0,0.0,-7.0,3.0,0.0,3.0,335.04,10.04,2644.0,6.0,0
0.0,0.0,-20.0,9.0,0.0,10.0,348.95500000000004,38.94,498.0,1.0,0
0.0,0.0,-15.0,20.0,0.0,3.0,296.51,38.94,1101.0,1.0,0
0.0,0.0,-12.0,20.0,0.0,8.0,348.95500000000004,19.94,452.0,1.0,0
0.0,0.0,-11.0,15.0,0.0,8.0,284.38,16.62,595.0,1.0,1
0.0,0.0,-12.0,13.0,0.0,1.0,187.34,17.44,815.0,4.0,0
0.0,0.0,-27.0,11.0,0.0,2.0,348.95500000000004,26.0,320.0,1.0,0
0.0,0.0,12.0,39.0,1.0,1.0,348.95500000000004,38.25,287.0,3.0,1
0.0,0.0,-22.0,18.0,0.0,1.0,348.95500000000004,30.08,1942.0,1.0,0
0.0,0.0,-12.0,15.0,0.0,10.0,348.95500000000004,38.94,569.0,5.0,0
0.0,0.0,-32.0,10.0,0.0,3.0,240.75,38.94,383.5,1.0,1
0.0,0.0,-10.0,8.0,0.0,8.0,258.91,9.01,501.0,4.0,1
0.0,0.0,-15.0,14.0,0.0,10.0,348.95500000000004,38.94,94.0,1.0,0
0.0,0.0,-17.0,9.0,0.0,10.0,216.05,16.15,579.0,1.0,0
0.0,0.0,-14.0,9.0,0.0,10.0,209.0,0.0,236.0,1.0,0
0.0,0.0,-16.0,6.0,0.0,2.0,336.28,36.6,363.0,1.0,0
0.0,0.0,-18.0,9.0,0.0,10.0,207.57,27.58,325.0,3.0,0
0.0,0.0,-15.0,19.0,0.0,10.0,286.64,16.64,293.0,1.0,0
0.0,0.0,-22.0,7.0,0.0,1.0,348.95500000000004,38.94,383.0,1.0,0
0.0,0.0,-14.0,12.0,0.0,1.0,348.95500000000004,38.94,964.0,3.0,0
0.0,0.0,-15.0,7.0,0.0,3.0,342.38,38.94,449.0,1.25,1
0.0,0.0,-24.0,18.0,0.0,10.0,297.17,27.17,293.0,1.0,1
0.0,0.0,21.0,52.0,1.0,1.0,271.23,22.23,288.0,1.0,0
0.0,0.0,-28.0,6.0,0.0,2.0,348.95500000000004,38.94,1002.0,3.0,0
0.0,0.0,-10.0,13.0,0.0,2.0,348.95500000000004,19.16,1113.0,4.0,0
0.0,0.0,-13.0,5.0,0.0,1.0,348.95500000000004,35.05,2220.0,1.0,0
0.0,0.0,-25.0,3.0,0.0,10.0,348.95500000000004,37.4,3072.0,1.0,0
0.0,0.0,10.0,40.0,1.0,3.0,192.61,25.62,1620.0,1.0,0
0.0,0.0,-13.0,21.0,0.0,8.0,348.95500000000004,21.3,295.0,1.0,1
0.0,0.0,-10.0,15.0,0.0,1.0,267.53,37.54,1200.0,1.0,1
0.0,0.0,-15.0,15.0,0.0,6.0,348.95500000000004,38.94,423.0,5.0,0
0.0,0.0,-16.0,9.0,0.0,1.0,212.82,20.32,1968.0,3.0,0
0.0,0.0,-13.0,18.0,0.0,8.0,348.95500000000004,38.94,1105.0,1.0,1
0.0,0.0,-17.0,6.0,0.0,2.0,348.95500000000004,38.94,1194.0,4.0,0
0.0,0.0,-6.0,15.0,0.0,10.0,255.84,36.04,996.0,10.0,0
0.0,0.0,-6.0,6.0,0.0,8.0,298.35,23.700000000000003,1649.0,1.0,0
0.0,0.0,-15.0,10.0,0.0,3.0,321.17,23.17,405.0,2.0,0
0.0,0.0,52.0,78.0,1.0,8.0,348.95500000000004,19.53,2644.0,6.0,1
0.0,0.0,-23.0,5.0,0.0,3.0,217.54,17.65,279.0,1.0,0
0.0,0.0,-9.0,1.0,0.0,3.0,348.95500000000004,10.94,236.0,1.0,0
0.0,0.0,-14.0,13.0,0.0,8.0,269.41,32.41,687.0,1.0,0
0.0,0.0,-15.0,17.0,0.0,1.0,227.1,37.1,422.0,1.0,0
0.0,0.0,-10.0,3.0,0.0,3.0,269.01,10.01,805.0,1.0,0
0.0,0.0,-13.0,7.0,0.0,10.0,312.59,13.59,626.0,3.0,1
0.0,0.0,5.0,7.0,1.0,3.0,340.47,10.47,2644.0,6.0,1
0.0,0.0,-29.0,5.0,0.0,10.0,348.95500000000004,38.94,283.0,4.0,0
0.0,0.0,-13.0,17.0,0.0,1.0,295.68,16.7,644.0,3.0,0
0.0,0.0,-11.0,8.0,0.0,1.0,348.95500000000004,38.51,3632.0,4.0,0
0.0,0.0,-13.0,21.0,0.0,4.0,348.95500000000004,38.94,912.0,2.0,0
0.0,0.0,7.0,30.0,1.0,1.0,348.95500000000004,38.94,712.0,4.0,1
0.0,0.0,-23.0,11.0,0.0,1.0,348.95500000000004,27.55,2644.0,6.0,0
0.0,0.0,-29.0,8.0,0.0,10.0,348.95500000000004,27.0,865.0,3.0,0
0.0,0.0,-8.0,16.0,0.0,4.0,192.39,14.4,916.0,2.0,0
0.0,0.0,-17.0,12.0,0.0,1.0,348.95500000000004,29.38,1176.0,6.0,0
0.0,0.0,-21.0,6.0,0.0,10.0,201.65,21.75,265.0,1.0,0
0.0,0.0,-12.0,29.0,0.0,1.0,348.95500000000004,38.94,3610.0,4.0,0
0.0,0.0,8.0,38.0,1.0,1.0,348.95500000000004,38.94,269.5,1.0,1
0.0,0.0,16.0,48.0,1.0,1.0,190.37,38.94,1893.0,1.0,1
0.0,0.0,-17.0,5.0,0.0,10.0,348.95500000000004,38.94,2311.0,1.0,0
0.0,0.0,-11.0,11.0,0.0,1.0,317.1,28.1,1060.0,1.0,0
0.0,0.0,-15.0,7.0,0.0,10.0,211.89,12.89,481.0,1.0,0
0.0,0.0,-21.0,7.0,0.0,10.0,231.38,38.94,336.0,1.0,0
0.0,0.0,-9.0,2.0,0.0,10.0,348.95500000000004,25.18,2944.0,2.0,0
0.0,0.0,-14.0,15.0,0.0,10.0,348.95500000000004,38.94,1792.0,6.0,0
0.0,0.0,-7.0,27.0,0.0,3.0,234.52,36.52,789.0,4.0,0
0.0,0.0,-6.0,4.0,0.0,10.0,348.95500000000004,17.92,1033.0,4.0,0
0.0,0.0,7.0,35.0,1.0,8.0,348.95500000000004,38.94,411.0,1.0,0
0.0,0.0,-26.0,14.0,0.0,8.0,348.95500000000004,33.29,452.0,1.0,0
0.0,0.0,14.0,49.0,1.0,1.0,196.37,26.47,567.0,1.0,1
0.0,0.0,-10.0,13.0,0.0,1.0,348.95500000000004,22.22,388.0,3.0,0
0.0,0.0,-28.0,9.0,0.0,4.0,348.95500000000004,38.94,424.0,1.0,0
0.0,0.0,-41.0,5.0,0.0,10.0,348.95500000000004,18.0,757.0,6.0,0
0.0,0.0,-10.0,19.0,0.0,4.0,276.27,38.94,1158.0,1.0,0
0.0,0.0,-16.0,3.0,0.0,1.0,275.68,15.98,1580.0,1.0,0
0.0,0.0,4.0,26.0,1.0,10.0,348.95500000000004,38.94,1279.0,4.0,0
0.0,0.0,20.0,47.0,1.0,3.0,308.84,38.94,523.0,3.0,1
0.0,0.0,-18.0,9.0,0.0,3.0,322.84,22.94,3522.0,1.0,0
0.0,0.0,-5.0,12.0,0.0,2.0,348.95500000000004,19.42,536.0,1.0,0
0.0,0.0,-9.0,12.0,0.0,1.0,300.15,38.849999999999994,1186.0,1.0,1
0.0,0.0,-12.0,12.0,0.0,15.0,348.95500000000004,22.0,610.0,1.0,1
0.0,0.0,31.0,55.0,1.0,4.0,276.57,16.57,439.0,1.0,1
0.0,0.0,-15.0,7.0,0.0,6.0,342.39,38.94,2006.0,4.0,0
0.0,0.0,-29.0,9.0,0.0,8.0,348.95500000000004,35.3,1424.0,3.0,0
0.0,0.0,-10.0,27.0,0.0,8.0,348.95500000000004,38.94,945.0,1.0,0
0.0,0.0,-8.0,2.0,0.0,5.0,250.48,10.49,514.0,2.0,0
0.0,0.0,-7.0,13.0,0.0,3.0,238.5,38.94,361.0,4.0,0
0.0,0.0,-6.0,21.0,0.0,10.0,348.95500000000004,17.1,2400.0,2.0,0
0.0,0.0,1.0,17.0,1.0,5.0,348.95500000000004,18.94,670.0,3.0,0
0.0,0.0,-6.0,25.0,0.0,1.0,220.04,38.94,1128.0,1.0,0
0.0,0.0,-14.0,3.0,0.0,1.0,348.95500000000004,17.66,2208.0,1.0,0
0.0,0.0,-11.0,19.0,0.0,8.0,215.14,16.14,500.0,1.0,0
0.0,0.0,-13.0,9.0,0.0,10.0,239.32,38.94,1249.0,1.0,0
0.0,0.0,-27.0,10.0,0.0,8.0,310.18,38.94,582.0,1.0,0
0.0,0.0,-10.0,22.0,0.0,3.0,246.92,38.94,330.0,1.0,0
0.0,0.0,-25.0,8.0,0.0,10.0,348.95500000000004,38.94,151.0,1.0,0
0.0,0.0,-21.0,9.0,0.0,1.0,348.95500000000004,33.22,452.0,1.0,0
0.0,0.0,-20.0,22.0,0.0,3.0,225.12,20.62,3729.0,1.0,0
0.0,0.0,-7.0,6.0,0.0,8.0,199.14,10.14,854.0,2.0,0
0.0,0.0,-13.0,4.0,0.0,5.0,228.3,9.3,528.0,2.0,0
0.0,0.0,6.0,14.0,1.0,1.0,333.03,17.049999999999997,631.5,1.0,1
0.0,0.0,-9.0,15.0,0.0,1.0,348.95500000000004,21.6,976.0,2.0,0
0.0,0.0,-17.0,25.0,0.0,4.0,207.73,37.74,1350.0,1.0,0
0.0,0.0,-8.0,13.0,0.0,10.0,278.66,38.94,407.0,1.0,1
0.0,0.0,-18.0,13.0,0.0,5.0,348.95500000000004,38.94,551.0,3.0,0
0.0,0.0,-12.0,3.0,0.0,3.0,348.95500000000004,11.85,2897.0,1.0,0
0.0,0.0,-13.0,14.0,0.0,10.0,214.1,38.94,721.0,15.0,0
0.0,0.0,-11.0,12.0,0.0,1.0,231.27,26.27,162.0,5.0,0
0.0,0.0,-10.0,16.0,0.0,10.0,261.46,25.66,178.0,1.0,0
0.0,0.0,-15.0,8.0,0.0,1.0,231.27,26.27,162.0,5.0,0
0.0,0.0,-12.0,2.0,0.0,10.0,348.95500000000004,18.94,1012.0,2.0,0
0.0,0.0,-19.0,8.0,0.0,8.0,348.95500000000004,30.87,687.0,1.0,0
0.0,0.0,-8.0,20.0,0.0,4.0,222.99,18.0,1296.0,2.0,0
0.0,0.0,-14.0,6.0,0.0,10.0,348.95500000000004,38.94,2566.0,1.0,0
0.0,0.0,-15.0,23.0,0.0,1.0,348.95500000000004,38.94,835.75,1.5,1
0.0,0.0,-10.0,7.0,0.0,10.0,348.95500000000004,38.94,571.0,2.0,0
0.0,0.0,-14.0,3.0,0.0,7.0,347.52,35.6,764.0,1.0,0
0.0,0.0,-15.0,12.0,0.0,8.0,348.95500000000004,23.8,589.0,3.0,0
0.0,0.0,-10.0,10.0,0.0,8.0,348.95500000000004,38.94,1500.0,4.0,1
0.0,0.0,-14.0,8.0,0.0,1.0,212.83,13.83,582.0,1.0,0
0.0,0.0,-19.0,12.0,0.0,10.0,348.95500000000004,26.15,3756.0,1.0,0
0.0,0.0,0.0,13.0,0.0,1.1428571428571428,348.95500000000004,10.38,588.0,2.0,0
0.0,0.0,-14.0,6.0,0.0,1.0,264.33,38.94,267.0,2.0,0
0.0,0.0,-23.0,4.0,0.0,2.0,236.81,37.21,294.0,1.0,0
0.0,0.0,-7.0,6.0,0.0,2.0,348.95500000000004,16.26,179.0,1.0,0
0.0,0.0,-6.0,15.0,0.0,5.0,348.95500000000004,33.82,1310.0,1.0,1
0.0,0.0,-41.0,14.0,0.0,5.5,247.19,38.94,330.0,1.0,0
0.0,0.0,-4.0,3.0,0.0,1.0,348.95500000000004,38.94,2145.0,8.0,0
0.0,0.0,0.0,28.0,0.0,2.0,348.95500000000004,31.96,625.0,1.0,0
0.0,0.0,-3.0,8.0,0.0,1.0,348.95500000000004,14.65,666.0,2.0,0
0.0,0.0,-14.0,16.0,0.0,4.0,218.08,20.08,395.0,3.0,0
0.0,0.0,-15.0,10.0,0.0,10.0,348.95500000000004,18.23,595.0,1.0,0
0.0,0.0,-13.0,3.0,0.0,1.0,348.95500000000004,38.64,2223.0,1.0,0
0.0,0.0,-15.0,14.0,0.0,6.0,348.95500000000004,38.94,625.0,1.0,0
0.0,0.0,-3.0,17.0,0.0,1.0,232.53,35.54,1159.0,1.0,0
0.0,0.0,-14.0,13.0,0.0,1.0,227.05,38.94,1526.0,1.0,1
0.0,0.0,-3.0,20.0,0.0,1.0,298.18,23.23,2138.0,1.0,0
0.0,0.0,-4.0,27.0,0.0,5.0,348.95500000000004,38.94,442.0,6.0,0
0.0,0.0,-19.0,3.0,0.0,4.0,234.46,14.56,236.0,1.0,0
0.0,0.0,-3.0,11.0,0.0,3.0,348.95500000000004,38.94,1345.0,8.0,0
0.0,0.0,-2.0,7.0,0.0,1.0,279.65,9.65,547.0,1.0,0
0.0,0.0,-25.0,6.0,0.0,3.0,274.54,35.54,311.0,1.0,0
0.0,0.0,-11.0,13.0,0.0,2.0,345.79,15.79,2644.0,6.0,0
0.0,0.0,-78.0,13.0,0.0,6.0,320.73,38.94,455.0,6.0,0
0.0,0.0,-16.0,16.0,0.0,1.0,348.95500000000004,38.94,3916.0,3.0,0
0.0,0.0,-7.0,26.0,0.0,5.0,250.53,38.94,1012.0,4.0,0
0.0,0.0,-17.0,19.0,0.0,10.0,198.67,38.67,3948.0,1.0,0
0.0,0.0,-10.0,12.0,0.0,10.0,195.18,15.38,380.0,1.0,0
0.0,0.0,-17.0,9.0,0.0,1.0,288.08,38.94,729.0,1.0,0
0.0,0.0,-10.0,12.0,0.0,3.0,245.36,15.36,661.0,3.0,0
0.0,0.0,-11.0,23.0,0.0,1.0,297.27,38.94,214.0,1.0,0
0.0,0.0,-30.0,9.0,0.0,10.0,348.95500000000004,33.5,737.0,1.0,1
0.0,0.0,-21.0,40.0,0.0,1.0,348.95500000000004,38.94,375.0,2.0,0
0.0,0.0,-5.0,15.0,0.0,1.0,196.78,19.13,627.0,1.0,0
0.0,0.0,-11.0,9.0,0.0,1.0,273.98,15.98,589.0,1.0,0
0.0,0.0,-24.0,5.0,0.0,8.0,224.84,38.94,252.0,1.0,1
0.0,0.0,-10.0,7.0,0.0,2.0,346.27,26.37,867.0,3.0,0
0.0,0.0,-8.0,23.0,0.0,1.0,197.82,18.82,1413.0,2.0,0
0.0,0.0,1.0,27.0,1.0,1.0,348.95500000000004,38.94,302.0,1.0,0
0.0,0.0,-15.0,6.0,0.0,6.0,348.95500000000004,19.05,1235.0,1.0,0
0.0,0.0,-14.0,11.0,0.0,20.0,322.58,22.59,753.0,2.0,0
0.0,0.0,-7.0,15.0,0.0,10.0,228.71,18.72,1282.0,4.0,0
0.0,0.0,3.0,23.0,1.0,1.0,348.95500000000004,24.15,1009.0,2.0,0
0.0,0.0,-19.0,8.0,0.0,1.0,322.8,23.8,875.0,3.0,0
0.0,0.0,-16.0,17.0,0.0,10.0,348.95500000000004,38.94,526.0,2.0,0
0.0,0.0,-14.0,9.0,0.0,5.0,267.41,17.51,1015.0,1.0,0
0.0,0.0,-42.0,5.0,0.0,7.0,231.88,27.98,362.5,1.5,1
0.0,0.0,0.0,25.0,0.0,2.0,208.14,22.14,1903.0,1.0,0
0.0,0.0,-5.0,4.0,0.0,8.0,325.37,9.47,775.0,3.0,0
0.0,0.0,-19.0,12.0,0.0,5.5,316.85,16.86,823.0,2.0,0
0.0,0.0,-3.0,13.0,0.0,8.0,214.76,14.76,779.0,1.0,0
0.0,0.0,-8.0,19.0,0.0,3.0,348.95500000000004,38.38,1400.0,7.0,1
0.0,0.0,-14.0,1.0,0.0,2.0,204.83,10.18,784.0,1.0,0
0.0,0.0,-14.0,21.0,0.0,3.0,286.3,38.94,1516.0,2.0,1
0.0,0.0,-17.0,27.0,0.0,1.0,348.95500000000004,38.94,535.0,1.0,0
0.0,0.0,-15.0,19.0,0.0,6.0,348.95500000000004,38.94,606.0,2.0,0
0.0,0.0,7.0,33.0,1.0,10.0,347.56,38.94,771.0,1.0,1
0.0,0.0,-13.0,14.0,0.0,4.0,348.95500000000004,38.94,489.0,1.0,0
0.0,0.0,-15.0,13.0,0.0,1.0,348.95500000000004,16.19,501.0,4.0,0
0.0,0.0,-4.0,17.0,0.0,1.0,309.8,10.8,1479.0,3.0,0
0.0,0.0,-13.0,11.0,0.0,3.0,279.39,20.4,2125.0,1.0,0
0.0,0.0,-14.0,3.0,0.0,4.0,348.95500000000004,9.45,571.0,2.0,0
0.0,0.0,-18.0,10.0,0.0,8.0,225.46,25.56,264.0,1.0,0
0.0,0.0,-21.0,6.0,0.0,7.0,348.95500000000004,22.29,1654.0,3.0,0
0.0,0.0,-13.0,6.0,0.0,8.0,344.84,18.68,1131.0,3.0,0
0.0,0.0,31.0,66.0,1.0,8.0,348.95500000000004,38.94,233.0,2.0,1
0.0,0.0,-2.0,33.0,0.0,1.0,304.36,24.46,443.0,2.0,0
0.0,0.0,-31.0,4.0,0.0,2.0,317.16,17.17,677.0,1.0,0
0.0,0.0,-1.0,12.0,0.0,3.0,348.95500000000004,38.94,611.6,1.0,0
0.0,0.0,-5.0,15.0,0.0,4.0,240.41,20.51,1853.0,3.0,0
0.0,0.0,-15.0,8.0,0.0,1.0,285.63,38.94,1936.0,2.0,0
0.0,0.0,-16.0,7.0,0.0,10.0,315.24,38.94,280.0,1.0,0
0.0,0.0,-18.0,4.0,0.0,10.0,348.95500000000004,38.94,1069.0,3.0,0
0.0,0.0,-15.0,8.0,0.0,4.0,245.22,37.22,903.5,3.0,0
0.0,0.0,-17.0,7.0,0.0,2.0,348.95500000000004,20.69,164.0,1.0,1
0.0,0.0,-12.0,8.0,0.0,1.0,348.95500000000004,38.94,582.0,1.0,0
0.0,0.0,-18.0,9.0,0.0,5.5,348.95500000000004,33.35,653.0,2.0,0
0.0,0.0,-8.0,12.0,0.0,1.0,348.95500000000004,19.77,1458.0,1.0,0
0.0,0.0,-3.0,21.0,0.0,2.0,348.95500000000004,20.65,1267.0,1.0,0
0.0,0.0,-47.0,7.0,0.0,1.0,270.55,38.94,880.0,3.0,1
0.0,0.0,-1.0,13.0,0.0,8.0,234.64,18.64,262.0,1.0,0
0.0,0.0,-22.0,18.0,0.0,10.0,333.04,38.94,1194.0,1.0,0
0.0,0.0,-33.0,3.0,0.0,10.0,327.9,18.0,496.0,2.0,0
0.0,0.0,-17.0,7.0,0.0,10.0,348.95500000000004,17.37,882.0,3.0,0
0.0,0.0,-1.0,35.0,0.0,7.0,348.95500000000004,38.94,427.0,1.0,0
0.0,0.0,18.0,47.0,1.0,1.0,248.88,18.89,787.0,1.0,1
0.0,0.0,-15.0,11.0,0.0,6.0,348.95500000000004,38.94,2566.0,1.0,0
0.0,0.0,-26.0,7.0,0.0,1.0,348.95500000000004,20.67,1605.0,1.0,0
0.0,0.0,-11.0,2.0,0.0,6.0,295.25,15.35,791.0,4.0,0
0.0,0.0,-9.0,12.0,0.0,2.0,279.91,19.92,1487.0,1.0,0
0.0,0.0,-16.0,13.0,0.0,1.0,348.07,23.07,2644.0,6.0,0
0.0,0.0,0.0,21.0,0.0,3.0,348.95500000000004,29.45,287.0,3.0,0
0.0,0.0,-12.0,9.0,0.0,8.0,348.95500000000004,23.09,1831.0,3.0,0
0.0,0.0,-14.0,2.0,0.0,3.0,348.95500000000004,11.75,553.0,1.0,0
0.0,0.0,-7.0,11.0,0.0,10.0,311.18,11.19,915.0,2.0,0
0.0,0.0,-11.0,12.0,0.0,3.0,245.95,25.95,3858.0,3.0,0
0.0,0.0,0.0,5.0,0.0,8.0,232.45,12.56,279.0,1.0,0
0.0,0.0,-13.0,11.0,0.0,1.0,302.38,23.88,584.0,2.0,0
0.0,0.0,-6.0,20.0,0.0,8.0,348.95500000000004,24.03,600.0,3.0,0
0.0,0.0,-13.0,5.0,0.0,5.0,348.95500000000004,25.64,3381.0,1.0,0
0.0,0.0,-24.0,9.0,0.0,8.0,322.02,38.94,622.0,1.0,1
0.0,0.0,-7.0,8.0,0.0,1.0,265.85,15.95,269.0,1.0,0
0.0,0.0,-29.0,5.0,0.0,5.0,348.95500000000004,38.94,703.0,3.0,1
0.0,0.0,-11.0,13.0,0.0,2.0,224.96,38.94,1430.0,8.0,0
0.0,0.0,0.0,21.0,0.0,1.0,193.99,15.0,570.0,1.0,1
0.0,0.0,-25.0,14.0,0.0,1.0,248.74,38.94,1031.0,1.0,0
0.0,0.0,-9.0,13.0,0.0,8.0,348.95500000000004,13.95,580.0,1.0,0
0.0,0.0,-8.0,21.0,0.0,1.0,190.37,38.94,1893.0,1.0,0
0.0,0.0,-11.0,11.0,0.0,8.0,348.95500000000004,38.94,416.0,4.0,0
0.0,0.0,3.0,27.0,1.0,4.0,305.69,16.77,144.0,2.0,1
0.0,0.0,-22.0,6.0,0.0,1.0,210.09,31.09,1987.0,3.0,0
0.0,0.0,-12.0,12.0,0.0,10.0,348.95500000000004,38.94,408.3333333333333,1.6666666666666667,0
0.0,0.0,-21.0,15.0,0.0,1.0,348.95500000000004,25.33,875.0,1.0,1
0.0,0.0,-28.0,4.0,0.0,1.0,348.95500000000004,38.94,1985.0,3.0,0
0.0,0.0,-8.0,11.0,0.0,10.0,348.95500000000004,38.94,1345.0,6.0,0
0.0,0.0,-11.0,7.0,0.0,6.0,348.95500000000004,24.06,471.0,1.0,1
0.0,0.0,-16.0,15.0,0.0,10.0,206.08,17.08,488.0,3.0,0
0.0,0.0,-10.0,11.0,0.0,10.0,218.98,19.28,2830.0,2.0,0
0.0,0.0,-33.0,33.0,0.0,10.0,348.95500000000004,38.94,1085.0,2.0,1
0.0,0.0,-6.0,16.0,0.0,4.0,244.73,34.83,731.0,5.0,0
0.0,0.0,-12.0,3.0,0.0,2.0,277.75,8.75,615.0,1.0,0
0.0,0.0,-7.0,36.0,0.0,1.0,215.47,36.57,268.0,4.0,1
0.0,0.0,-14.0,9.0,0.0,3.0,315.75,15.85,886.0,2.0,0
0.0,0.0,-3.0,14.0,0.0,1.0,228.67,31.68,1158.0,1.0,0
0.0,0.0,3.0,35.0,1.0,1.0,348.95500000000004,38.94,1190.0,2.0,0
0.0,0.0,-11.0,4.0,0.0,3.0,322.06,23.62,639.0,1.5,1
0.0,0.0,-17.0,7.0,0.0,3.0,348.95500000000004,18.88,805.0,2.0,0
0.0,0.0,-7.0,5.0,0.0,8.0,348.95500000000004,27.2,1009.0,1.0,0
0.0,0.0,-17.0,6.0,0.0,7.0,348.95500000000004,38.94,296.25,1.0,1
0.0,0.0,-20.0,11.0,0.0,2.0,348.95500000000004,28.92,850.0,1.0,0
0.5,0.5,1.0,18.0,0.5,8.0,697.9100000000001,56.099999999999994,437.0,1.5,1
0.0,0.0,-27.0,16.0,0.0,4.0,216.64,17.64,2066.0,1.0,0
0.0,0.0,-18.0,10.0,0.0,3.0,348.95500000000004,38.94,387.0,1.0,0
0.0,0.0,-20.0,8.0,0.0,7.0,348.95500000000004,38.94,1935.0,1.0,0
0.0,0.0,-5.0,7.0,0.0,5.0,348.95500000000004,15.43,2021.0,4.0,1
0.0,0.0,-12.0,8.0,0.0,4.5,348.95500000000004,19.82,698.0,3.0,0
0.0,0.0,-31.0,12.0,0.0,1.0,348.95500000000004,18.38,1480.0,2.0,0
0.0,0.0,-14.0,3.0,0.0,7.0,348.95500000000004,15.98,394.0,1.0,0
0.0,0.0,-9.0,20.0,0.0,1.0,348.95500000000004,38.94,1094.0,1.0,0
0.0,0.0,-14.0,12.0,0.0,8.0,231.79,32.79,993.0,5.0,0
0.0,0.0,-18.0,8.0,0.0,1.0,215.6,0.0,348.0,2.0,0
0.0,0.0,-21.0,5.0,0.0,1.0,234.57,38.94,250.0,1.0,0
0.0,0.0,-15.0,10.0,0.0,1.0,222.9,13.9,582.0,1.0,0
0.0,0.0,-3.0,21.0,0.0,8.0,231.8,38.94,472.3333333333333,1.0,1
0.0,0.0,-17.0,8.0,0.0,1.0,348.95500000000004,18.7,625.0,1.0,0
0.0,0.0,-4.0,1.0,0.0,6.0,314.3,14.4,892.0,4.0,0
0.0,0.0,-9.0,10.0,0.0,5.0,348.95500000000004,38.94,955.0,7.0,0
0.0,0.0,-19.0,17.0,0.0,3.0,236.55,38.94,643.0,1.0,0
0.0,0.0,-5.0,3.0,0.0,4.0,348.95500000000004,13.47,512.0,1.0,0
0.0,0.0,-41.0,5.0,0.0,8.0,348.95500000000004,26.549999999999997,1731.0,2.0,1
0.0,0.0,-7.0,18.0,0.0,6.0,218.35,18.65,344.0,3.0,0
0.0,0.0,9.0,43.0,1.0,8.0,222.95,38.94,2188.0,2.0,0
0.0,0.0,-6.0,20.0,0.0,8.0,348.95500000000004,38.94,317.0,1.0,0
0.0,0.0,-21.0,12.0,0.0,1.0,274.12,34.13,1001.0,1.0,0
0.0,0.0,-16.0,15.0,0.0,1.0,221.16,31.159999999999997,555.0,1.0,0
0.0,0.0,-8.0,15.0,0.0,1.0,274.29,24.29,694.0,1.0,1
0.0,0.0,-45.0,4.0,0.0,8.0,340.72,10.82,446.0,2.0,0
0.0,0.0,-9.0,1.0,0.0,1.0,292.86,20.87,223.0,1.0,0
0.0,0.0,30.0,56.0,1.0,4.0,348.95500000000004,38.94,3006.0,2.0,1
0.0,0.0,-12.0,16.0,0.0,1.0,348.95500000000004,33.03,1131.0,3.0,0
0.0,0.0,-12.0,12.0,0.0,1.0,348.95500000000004,20.43,3893.0,1.0,0
0.0,0.0,-6.0,8.0,0.0,10.0,348.95500000000004,10.46,438.0,2.0,0
0.0,0.0,-20.0,16.0,0.0,1.0,318.69,20.19,2013.0,4.0,0
0.0,0.0,-9.0,10.0,0.0,3.0,348.95500000000004,23.64,478.0,2.0,0
0.0,0.0,-15.0,15.0,0.0,10.0,238.38,23.38,516.0,1.0,0
0.0,0.0,-23.0,9.0,0.0,5.0,348.95500000000004,38.94,3464.0,4.0,0
0.0,0.0,-13.0,23.0,0.0,10.0,348.95500000000004,31.98,625.0,1.0,0
0.0,0.0,15.0,55.0,1.0,7.0,348.95500000000004,38.94,1407.0,7.0,1
0.0,0.0,-3.0,18.0,0.0,3.0,264.92,18.3,1246.0,1.0,0
0.0,0.0,-11.0,20.0,0.0,3.0,269.12,38.94,2188.0,2.0,0
0.0,0.0,-8.0,19.0,0.0,1.0,348.95500000000004,38.94,1180.0,1.0,0
0.0,0.0,-13.0,14.0,0.0,1.0,215.31,38.94,306.0,2.0,0
0.0,0.0,-13.0,19.0,0.0,10.0,348.95500000000004,38.94,355.0,1.0,0
0.5,0.5,-20.0,8.0,0.0,1.0,568.825,56.099999999999994,566.5,1.5,0
0.0,0.0,-4.0,2.0,0.0,10.0,258.7,38.94,419.0,3.0,0
0.0,0.0,-18.0,14.0,0.0,10.0,348.95500000000004,38.94,886.5,3.0,0
0.0,0.0,14.0,31.0,1.0,10.0,228.28,18.38,1358.0,7.0,1
0.0,0.0,-12.0,12.0,0.0,5.0,277.08,37.1,1202.0,1.0,0
0.0,0.0,-6.0,14.0,0.0,3.5,278.5,23.5,553.0,1.0,0
0.0,0.0,-4.0,19.0,0.0,1.0,218.27,19.27,1057.0,1.0,0
0.0,0.0,-20.0,7.0,0.0,1.0,314.71,17.71,192.0,1.0,0
0.0,0.0,-14.0,7.0,0.0,1.0,306.78,17.78,566.0,1.0,0
0.0,0.0,-34.0,4.0,0.0,10.0,348.95500000000004,28.38,1865.0,1.0,0
0.0,0.0,-5.0,4.0,0.0,6.0,348.95500000000004,36.46,642.0,1.0,0
0.0,0.0,-16.0,5.0,0.0,1.0,318.93,19.03,317.0,5.0,0
0.0,0.0,-6.0,6.0,0.0,5.0,348.95500000000004,17.78,1654.0,4.0,0
0.0,0.0,-13.0,21.0,0.0,5.0,348.95500000000004,20.32,446.0,2.0,0
0.0,0.0,-15.0,22.0,0.0,10.0,348.95500000000004,38.94,1543.0,4.0,0
0.0,0.0,-14.0,7.0,0.0,1.0,253.9,38.94,687.0,6.0,0
0.0,0.0,-7.0,8.0,0.0,1.0,348.95500000000004,17.76,556.0,1.0,0
0.0,0.0,-14.0,11.0,0.0,4.0,225.07,38.94,1893.0,1.0,0
0.0,0.0,-17.0,8.0,0.0,4.0,212.8,12.9,2085.0,4.0,0
0.0,0.0,-8.0,15.0,0.0,1.0,245.99,26.21,278.0,1.0,0
0.0,0.0,-12.0,9.0,0.0,6.0,336.31,16.41,574.0,1.0,0
0.0,0.0,-16.0,8.0,0.0,3.0,348.95500000000004,18.2,399.0,1.0,1
0.0,0.0,-17.0,17.0,0.0,8.0,348.95500000000004,18.21,874.0,1.0,0
0.0,0.0,11.0,32.0,1.0,10.0,348.95500000000004,38.94,860.0,2.0,1
0.0,0.0,-21.0,31.0,0.0,6.0,348.95500000000004,38.94,606.0,2.0,0
0.0,0.0,-14.0,35.0,0.0,8.0,348.95500000000004,38.94,487.0,2.0,0
0.0,0.0,8.0,32.0,1.0,1.0,269.22,19.32,740.0,1.0,1
0.0,0.0,-9.0,3.0,0.0,7.0,348.95500000000004,38.94,1243.0,2.0,0
0.0,0.0,-14.0,15.0,0.0,10.0,348.95500000000004,31.44,798.0,3.0,0
0.0,0.0,-13.0,4.0,0.0,3.0,348.95500000000004,17.1,719.0,6.0,0
0.0,0.0,-1.0,26.0,0.0,3.0,215.72,29.82,606.0,1.0,0
0.0,0.0,-30.0,6.0,0.0,1.0,348.95500000000004,19.99,2644.0,6.0,0
0.0,0.0,7.0,30.0,1.0,1.0,348.95500000000004,38.94,1977.0,4.0,0
0.0,0.0,-20.0,6.0,0.0,1.5,252.59,22.69,308.0,3.0,0
0.0,0.0,-11.0,10.0,0.0,10.0,348.95500000000004,38.94,1345.0,6.0,0
0.0,0.0,-18.0,5.0,0.0,4.0,287.77,37.77,756.0,1.0,0
0.0,0.0,-18.0,12.0,0.0,2.0,198.99,24.09,1988.0,3.0,0
0.0,0.0,-26.0,4.0,0.0,1.0,246.83,38.94,540.0,5.0,0
0.0,0.0,-19.0,12.0,0.0,6.0,319.11,38.94,248.0,2.0,0
0.0,0.0,-22.0,6.0,0.0,5.0,233.42,18.42,516.0,1.0,0
0.0,0.0,-14.0,6.0,0.0,8.0,200.04,10.14,675.0,5.0,0
0.0,0.0,-10.0,16.0,0.0,6.0,206.99,16.09,232.0,1.0,0
0.0,0.0,-22.0,14.0,0.0,8.0,328.17,28.18,1139.0,3.0,0
0.0,0.0,-9.0,10.0,0.0,4.0,242.49,32.5,722.0,1.0,0
0.0,0.0,-14.0,8.0,0.0,8.0,245.1,38.94,1235.0,2.0,0
0.0,0.0,-6.0,18.0,0.0,10.0,331.8,17.9,489.0,1.0,0
0.0,0.0,0.0,27.0,0.0,8.0,348.95500000000004,24.98,468.0,1.0,0
0.0,0.0,-21.0,9.0,0.0,2.0,249.04,29.04,634.0,4.0,0
0.0,0.0,9.0,44.0,1.0,4.0,294.19,38.94,731.0,5.0,1
0.0,0.0,-14.0,4.0,0.0,10.0,348.95500000000004,25.69,3075.0,1.0,0
0.0,0.0,-17.0,16.0,0.0,5.0,298.5,38.94,1823.0,1.0,0
0.0,0.0,-11.0,3.0,0.0,2.0,317.28,18.28,434.0,1.0,1
0.0,0.0,-21.0,16.0,0.0,1.0,204.53,38.94,204.0,1.0,0
0.0,0.0,-6.0,13.0,0.0,8.0,348.95500000000004,38.94,3863.0,5.0,0
0.0,0.0,-13.0,13.0,0.0,1.0,192.3,38.94,1057.0,3.0,1
0.0,0.0,-13.0,9.0,0.0,1.0,348.95500000000004,38.94,512.0,1.0,0
0.0,0.0,-12.0,2.0,0.0,1.0,244.15,14.16,934.0,1.0,0
0.0,0.0,-14.0,5.0,0.0,10.0,346.74,26.76,794.5,1.0,0
0.0,0.0,-6.0,16.0,0.0,1.0,202.12,32.22,226.0,5.0,0
0.0,0.0,-13.0,9.0,0.0,8.0,348.95500000000004,24.24,2644.0,6.0,0
0.0,0.0,-18.0,4.0,0.0,2.0,348.95500000000004,33.64,289.0,1.0,0
0.0,0.0,19.0,47.0,1.0,6.0,225.71,38.94,2188.0,2.0,0
0.0,0.0,-9.0,14.0,0.0,2.0,223.86,38.94,606.0,2.0,1
0.0,0.0,-20.0,13.0,0.0,1.0,201.65,21.75,795.0,1.0,0
0.0,0.0,-14.0,13.0,0.0,5.0,348.95500000000004,24.92,1344.0,1.0,0
0.0,0.0,-23.0,8.0,0.0,4.0,328.14,28.34,365.0,1.0,1
0.0,0.0,-13.0,13.0,0.0,1.0,234.46,14.56,236.0,1.0,0
0.0,0.0,7.0,34.0,1.0,8.0,333.42,33.62,815.0,1.0,1
0.0,0.0,-4.0,13.0,0.0,1.0,278.52,38.94,644.5,2.0,0
0.0,0.0,-6.0,23.0,0.0,1.0,227.27,22.27,162.0,5.0,0
0.0,0.0,-14.0,11.0,0.0,10.0,291.12,21.13,819.0,4.0,0
0.0,0.0,18.0,30.0,1.0,10.0,348.95500000000004,26.55,3896.0,7.0,1
0.0,0.0,-9.0,7.0,0.0,10.0,310.9,10.91,915.0,2.0,0
0.0,0.0,-15.0,15.0,0.0,4.0,215.14,16.14,500.0,1.0,0
0.0,0.0,-21.0,19.0,0.0,8.0,348.95500000000004,38.94,831.0,2.0,0
0.0,0.0,-27.0,13.0,0.0,10.0,258.85,38.94,1247.3333333333333,5.0,1
0.0,0.0,-1.0,3.0,0.0,1.0,260.5,10.5,849.0,5.0,0
0.0,0.0,-10.0,12.0,0.0,1.0,340.73,38.94,771.0,1.0,0
0.0,0.0,-17.0,16.0,0.0,1.0,270.09,38.94,573.0,8.0,0
0.0,0.0,-13.0,16.0,0.0,1.0,209.12,24.22,1177.0,5.0,0
0.0,0.0,-12.0,10.0,0.0,10.0,296.71,16.71,820.0,1.0,0
0.0,0.0,-4.0,13.0,0.0,1.0,306.99,27.0,1131.0,3.0,0
0.0,0.0,-12.0,7.0,0.0,1.0,220.03,38.94,902.0,3.0,0
0.0,0.0,-14.0,6.0,0.0,1.0,284.9,35.91,526.0,2.0,0
0.0,0.0,-1.0,20.0,0.0,2.0,250.26,38.94,341.0,2.0,0
0.0,0.0,-20.0,12.0,0.0,5.0,234.86,38.94,2918.0,1.0,0
0.0,0.0,-18.0,11.0,0.0,2.0,218.87,21.87,234.0,1.0,0
0.0,0.0,-20.0,7.0,0.0,1.5,348.95500000000004,20.19,2644.0,6.0,0
0.0,0.0,-18.0,11.0,0.0,2.0,290.42,38.94,769.0,1.0,0
0.0,0.0,-21.0,13.0,0.0,4.0,348.95500000000004,38.94,728.0,2.0,0
0.0,0.0,-19.0,9.0,0.0,8.0,232.03,13.03,617.0,2.0,0
0.0,0.0,-5.0,18.0,0.0,8.0,270.53,16.53,2904.0,2.0,0
0.0,0.0,-29.0,8.0,0.0,3.0,348.95500000000004,38.94,940.0,1.0,0
0.0,0.0,-15.0,17.0,0.0,1.0,348.95500000000004,20.19,3352.0,5.0,0
0.0,0.0,-10.0,34.0,0.0,1.0,221.79,21.89,904.0,1.0,1
0.0,0.0,0.0,21.0,0.0,1.0,238.34,38.94,705.6666666666666,1.0,1
0.0,0.0,-11.0,18.0,0.0,1.0,348.95500000000004,38.94,894.0,1.0,0
0.0,0.0,-15.0,7.0,0.0,1.0,322.58,22.59,1169.0,5.0,0
0.0,0.0,-21.0,8.0,0.0,4.0,272.87,38.94,783.6666666666666,1.3333333333333333,1
0.0,0.0,-14.0,9.0,0.0,3.0,235.7,35.9,273.0,1.0,0
0.0,0.0,23.0,52.0,1.0,10.0,348.95500000000004,38.94,505.0,1.0,1
0.0,0.0,-7.0,23.0,0.0,1.0,216.42,38.94,1536.0,2.0,0
0.0,0.0,-25.0,16.0,0.0,6.0,348.95500000000004,38.94,3632.0,4.0,0
0.0,0.0,-12.0,13.0,0.0,8.0,196.99,17.99,1931.0,3.0,0
0.0,0.0,-3.0,15.0,0.0,8.0,348.95500000000004,20.59,2352.0,3.0,0
0.0,0.0,-10.0,12.0,0.0,2.0,254.83,18.93,1892.0,4.0,0
0.0,0.0,-10.0,11.0,0.0,4.0,252.97,32.98,162.0,5.0,0
0.0,0.0,-31.0,9.0,0.0,2.0,348.95500000000004,25.03,1813.0,3.0,0
0.0,0.0,-6.0,19.0,0.0,3.0,186.05,19.06,1456.0,1.0,0
0.0,0.0,-7.0,31.0,0.0,1.0,348.95500000000004,38.94,242.0,4.0,1
0.0,0.0,-18.0,6.0,0.0,6.0,348.95500000000004,29.45,1426.0,1.0,0
0.0,0.0,-8.0,8.0,0.0,4.0,322.89,22.9,1892.0,4.0,0
0.0,0.0,-1.0,21.0,0.0,10.0,185.86,25.96,271.0,1.0,1
0.0,0.0,-14.0,18.0,0.0,10.0,348.95500000000004,38.94,982.0,3.0,1
0.0,0.0,-22.0,11.0,0.0,1.0,309.8,38.94,252.0,1.0,1
0.0,0.0,-13.0,1.0,0.0,4.0,348.95500000000004,36.51,263.0,1.0,0
0.0,0.0,-23.0,6.0,0.0,10.0,348.95500000000004,18.87,2104.0,1.0,0
0.0,0.0,-12.0,5.0,0.0,3.0,182.91,15.92,1456.0,1.0,0
0.0,0.0,-16.0,11.0,0.0,2.0,347.37,17.37,2644.0,6.0,0
0.0,0.0,-11.0,24.0,0.0,1.0,250.73,38.94,345.0,3.0,0
0.0,0.0,-15.0,13.0,0.0,5.0,276.47,16.57,649.0,3.0,1
0.0,0.0,-14.0,8.0,0.0,4.0,348.95500000000004,22.71,1380.0,1.0,0
0.0,0.0,-5.0,25.0,0.0,3.0,236.54,36.54,452.0,1.0,1
0.0,0.0,-25.0,10.0,0.0,1.0,348.95500000000004,38.94,3542.0,1.0,1
0.0,0.0,-21.0,6.0,0.0,4.0,316.34,38.94,1002.0,3.0,0
0.0,0.0,-22.0,11.0,0.0,1.0,298.58,38.94,1430.0,8.0,0
0.0,0.0,-8.0,12.0,0.0,1.0,234.46,14.56,236.0,1.0,0
0.0,0.0,-8.0,25.0,0.0,8.0,236.36,8.46,501.0,4.0,0
0.0,0.0,-20.0,14.0,0.0,8.0,348.95500000000004,20.14,1105.0,1.0,1
0.0,0.0,-10.0,10.0,0.0,6.0,203.74,12.84,232.0,1.0,0
0.0,0.0,-9.0,17.0,0.0,10.0,325.57,35.57,1287.0,2.0,0
0.0,0.0,-50.0,7.0,0.0,10.0,348.95500000000004,38.94,566.5,2.0,1
0.0,0.0,-8.0,20.0,0.0,1.0,217.74,17.84,635.0,1.0,0
0.0,0.0,-10.0,35.0,0.0,5.0,348.95500000000004,38.94,916.0,1.0,0
0.0,0.0,-8.0,13.0,0.0,1.0,287.84,27.86,416.0,1.0,0
0.0,0.0,-12.0,12.0,0.0,18.0,221.5,25.5,1017.0,3.0,0
0.0,0.0,-14.0,15.0,0.0,5.0,272.7,38.94,948.0,1.0,1
0.0,0.0,-12.0,6.0,0.0,8.0,278.91,19.91,540.0,3.0,0
0.0,0.0,-20.0,17.0,0.0,10.0,348.95500000000004,28.22,136.0,4.0,0
0.0,0.0,-14.0,11.0,0.0,3.0,348.95500000000004,38.94,1345.0,6.0,0
0.0,0.0,-13.0,2.0,0.0,1.0,211.6,12.6,1490.0,3.0,0
0.0,0.0,-15.0,9.0,0.0,10.0,283.67,37.05,1246.0,1.0,0
0.0,0.0,2.0,21.0,1.0,1.0,286.77,16.77,547.0,1.0,1
0.0,0.0,-13.0,8.0,0.0,10.0,348.95500000000004,16.09,446.0,2.0,0
0.0,0.0,-22.0,6.0,0.0,5.0,277.52,38.94,494.5,1.0,1
0.0,0.0,12.0,31.0,1.0,2.0,348.95500000000004,28.61,1672.0,2.0,1
0.0,0.0,-12.0,10.0,0.0,1.0,348.95500000000004,29.71,3212.0,3.0,0
0.0,0.0,-8.0,24.0,0.0,5.0,247.16,32.16,516.0,1.0,0
0.0,0.0,7.0,33.0,1.0,6.0,299.7,38.94,769.0,1.0,1
0.0,0.0,-15.0,16.0,0.0,1.0,208.38,38.94,703.0,9.0,1
0.0,0.0,-14.0,9.0,0.0,8.0,315.89,18.99,1337.0,4.0,0
0.0,0.0,-19.0,22.0,0.0,1.0,227.87,38.87,772.0,1.0,0
0.0,0.0,-6.0,9.0,0.0,1.0,286.45,36.949999999999996,1797.0,1.0,0
0.0,0.0,-13.0,3.0,0.0,1.0,314.21,15.21,1479.0,3.0,0
0.0,0.0,-1.0,21.0,0.0,1.0,212.03,34.13,278.0,1.0,1
0.0,0.0,-3.0,30.0,0.0,8.0,236.36,8.46,501.0,4.0,1
0.0,0.0,-1.0,24.0,0.0,6.0,348.95500000000004,38.94,1829.0,1.0,0
0.0,0.0,-14.0,12.0,0.0,1.0,348.95500000000004,34.18,326.0,1.0,0
0.0,0.0,-14.0,6.0,0.0,1.0,262.16,22.17,1001.0,1.0,0
0.0,0.0,3.0,31.0,1.0,1.0,204.2,38.94,741.0,3.0,1
0.0,0.0,-20.0,13.0,0.0,5.0,219.27,19.28,1100.0,2.0,0
0.0,0.0,-17.0,11.0,0.0,1.0,348.95500000000004,38.94,1345.0,8.0,0
0.0,0.0,-5.0,12.0,0.0,10.0,190.88,15.98,194.0,3.0,0
0.0,0.0,-5.0,20.0,0.0,5.0,348.95500000000004,38.94,1635.0,1.0,0
0.0,0.0,21.0,51.0,1.0,8.0,348.95500000000004,20.5,553.0,1.0,0
0.0,0.0,-16.0,15.0,0.0,1.0,253.87,38.94,162.0,5.0,0
0.0,0.0,-15.0,13.0,0.0,5.0,232.03,13.03,617.0,2.0,0
0.0,0.0,38.0,79.0,1.0,3.0,199.77,38.94,985.0,1.0,1
0.0,0.0,-11.0,12.0,0.0,3.0,348.95500000000004,38.94,1176.0,3.0,0
0.0,0.0,-13.0,13.0,0.0,6.0,228.03,18.04,708.0,2.0,0
0.0,0.0,-11.0,11.0,0.0,6.0,246.23,17.23,216.0,3.0,0
0.0,0.0,-6.0,16.0,0.0,2.0,231.62,36.72,3325.0,1.0,1
0.0,0.0,-6.0,7.0,0.0,10.0,348.95500000000004,25.49,2112.0,5.0,0
0.0,0.0,-8.0,12.0,0.0,1.0,348.95500000000004,38.94,2057.0,7.0,0
0.0,0.0,4.0,10.0,1.0,4.0,348.95500000000004,20.05,1136.0,4.0,0
0.0,0.0,-17.0,10.0,0.0,8.0,348.95500000000004,20.64,874.0,2.0,0
0.0,0.0,-3.0,9.0,0.0,1.0,240.1,26.1,820.0,3.5,0
0.0,0.0,-9.0,18.0,0.0,10.0,348.95500000000004,38.71,813.0,3.0,0
0.0,0.0,-25.0,4.0,0.0,10.0,348.95500000000004,38.94,346.5,1.0,0
0.0,0.0,-6.0,6.0,0.0,10.0,348.95500000000004,20.66,936.0,6.0,1
0.0,0.0,-6.0,17.0,0.0,1.0,270.99,38.94,381.0,4.0,0
0.0,0.0,-9.0,8.0,0.0,1.0,319.11,38.94,266.0,3.0,0
0.0,0.0,-8.0,7.0,0.0,1.0,340.28,38.94,415.0,2.0,0
0.0,0.0,-19.0,16.0,0.0,8.0,307.94,28.04,628.0,3.0,0
0.0,0.0,-14.0,3.0,0.0,1.0,348.95500000000004,18.65,948.0,2.0,0
0.0,0.0,-20.0,8.0,0.0,2.0,270.22,38.94,303.0,1.0,0
0.0,0.0,-15.0,15.0,0.0,7.0,240.17,38.94,3314.0,2.0,0
0.0,0.0,-10.0,23.0,0.0,3.0,324.44,38.94,1459.0,1.0,0
0.0,0.0,-7.0,16.0,0.0,1.0,229.54,38.94,1653.0,4.0,0
0.0,0.0,-12.0,6.0,0.0,1.0,321.74,35.44,550.5,1.0,0
0.0,0.0,-24.0,2.0,0.0,10.0,193.59,13.6,3745.0,6.0,0
0.0,0.0,-12.0,21.0,0.0,10.0,348.95500000000004,20.86,439.0,5.0,0
0.0,0.0,-16.0,11.0,0.0,1.0,261.36,38.94,402.0,2.0,0
0.0,0.0,-12.0,11.0,0.0,1.0,348.95500000000004,38.94,1076.0,3.0,0
0.0,0.0,-13.0,18.0,0.0,1.0,330.82,38.94,1828.0,1.0,0
0.0,0.0,-9.0,4.0,0.0,10.0,329.32,38.94,903.0,6.0,0
0.0,0.0,-11.0,6.0,0.0,10.0,348.95500000000004,35.0,975.0,1.0,0
0.0,0.0,-16.0,9.0,0.0,8.0,348.95500000000004,33.03,1131.0,3.0,0
0.0,0.0,-24.0,10.0,0.0,2.0,224.94,25.94,330.0,1.0,0
0.0,0.0,-9.0,18.0,0.0,10.0,333.54,34.54,2010.0,5.0,0
0.0,0.0,-16.0,13.0,0.0,1.0,322.56,23.56,216.0,3.0,0
0.0,0.0,-36.0,11.0,0.0,5.5,348.95500000000004,26.34,874.0,1.0,0
0.0,0.0,-13.0,18.0,0.0,10.0,262.52,22.52,1428.0,1.0,0
0.0,0.0,-10.0,3.0,0.0,1.0,348.95500000000004,12.57,976.0,2.0,0
0.0,0.0,-18.0,16.0,0.0,10.0,348.95500000000004,25.62,596.0,3.0,0
0.0,0.0,-21.0,14.0,0.0,10.0,319.44,26.54,355.0,1.0,0
0.0,0.0,-3.0,10.0,0.0,1.0,217.13,18.13,573.0,5.0,0
0.0,0.0,-4.0,22.0,0.0,4.0,204.87,38.94,1216.0,4.0,0
0.0,0.0,-8.0,18.0,0.0,1.0,229.65,20.65,821.0,1.0,1
0.0,0.0,-11.0,12.0,0.0,1.3333333333333333,348.95500000000004,11.89,1339.0,2.0,0
0.0,0.0,-8.0,20.0,0.0,1.0,182.45,12.69,606.0,2.0,0
0.0,0.0,-8.0,18.0,0.0,10.0,266.4,16.5,602.0,2.0,0
0.0,0.0,-8.0,18.0,0.0,1.0,183.91,14.91,941.0,1.0,1
0.0,0.0,-12.0,12.0,0.0,15.0,221.66,26.04,197.0,11.0,1
0.0,0.0,-12.0,10.0,0.0,4.0,348.95500000000004,18.13,582.0,5.0,0
0.0,0.0,17.0,37.0,1.0,10.0,248.76,18.86,325.0,1.0,1
0.0,0.0,-13.0,15.0,0.0,10.0,348.95500000000004,21.44,2873.0,8.0,1
0.0,0.0,-8.0,5.0,0.0,10.0,348.95500000000004,38.94,493.0,4.0,0
0.0,0.0,35.0,63.0,1.0,4.0,188.65,21.66,1620.0,1.0,1
0.0,0.0,-17.0,5.0,0.0,8.0,348.95500000000004,16.79,674.0,3.0,0
0.0,0.0,-17.0,9.0,0.0,2.0,224.87,27.62,381.5,1.0,0
0.0,0.0,-22.0,5.0,0.0,5.0,348.95500000000004,38.94,235.0,1.0,0
0.0,0.0,-14.0,4.0,0.0,5.0,235.64,15.74,289.0,1.0,0
0.0,0.0,-9.0,9.0,0.0,3.0,234.22,24.23,516.0,1.0,0
0.0,0.0,-18.0,9.0,0.0,4.0,221.79,21.89,1505.0,1.0,0
0.0,0.0,-10.0,3.0,0.0,5.0,348.95500000000004,11.46,753.0,2.0,0
0.0,0.0,-17.0,6.0,0.0,10.0,310.81,16.81,329.0,1.0,1
0.0,0.0,12.0,42.0,1.0,1.0,203.48,35.68,418.0,1.0,1
0.0,0.0,-30.0,11.0,0.0,2.0,348.95500000000004,38.94,1486.0,2.0,0
0.0,0.0,-9.0,8.0,0.0,10.0,321.38,20.21,779.0,2.0,0
0.0,0.0,-14.0,5.0,0.0,3.0,348.95500000000004,16.0,1616.0,3.0,0
0.0,0.0,-9.0,4.0,0.0,6.0,348.95500000000004,18.81,1447.0,5.0,1
0.0,0.0,-5.0,7.0,0.0,8.0,340.07,10.07,2644.0,6.0,0
0.0,0.0,-5.0,2.0,0.0,4.0,299.18,10.18,527.0,1.0,0
0.0,0.0,-15.0,4.0,0.0,10.0,285.79,16.79,582.0,1.0,0
0.0,0.0,-33.0,12.0,0.0,1.0,231.37,38.94,1289.0,2.0,0
0.0,0.0,-12.0,3.0,0.0,8.0,289.57,24.57,582.0,1.0,0
0.0,0.0,-9.0,19.0,0.0,10.0,347.24,38.94,762.0,3.0,0
0.0,0.0,-20.0,6.0,0.0,8.0,243.14,15.34,529.0,1.0,0
0.0,0.0,-10.0,11.0,0.0,2.0,348.95500000000004,38.94,1131.0,3.0,0
0.0,0.0,-21.0,7.0,0.0,8.0,297.83,19.83,501.0,4.0,0
0.0,0.0,-12.0,11.0,0.0,1.0,206.07,16.08,696.0,7.0,0
0.0,0.0,-13.0,5.0,0.0,8.0,348.95500000000004,21.47,885.0,4.0,0
0.0,0.0,-14.0,6.0,0.0,8.0,336.46,38.94,498.0,5.0,0
0.0,0.0,-35.0,7.0,0.0,1.0,348.95500000000004,38.94,1347.0,5.0,0
0.0,0.0,-18.0,3.0,0.0,4.0,234.46,14.56,283.0,3.0,1
0.0,0.0,-19.0,21.0,0.0,1.0,348.95500000000004,38.94,1168.0,1.0,1
0.0,0.0,-11.0,10.0,0.0,7.0,348.95500000000004,19.85,900.0,1.0,1
0.0,0.0,0.0,26.0,0.0,6.0,331.68,38.94,396.0,1.0,1
0.0,0.0,-15.0,15.0,0.0,8.0,348.95500000000004,22.24,378.0,1.0,0
0.0,0.0,-20.0,7.0,0.0,1.0,333.91,20.41,2644.0,6.0,0
0.0,0.0,-12.0,10.0,0.0,5.0,348.95500000000004,38.4,1658.0,5.0,0
0.0,0.0,-19.0,10.0,0.0,1.0,218.64,18.65,417.0,4.0,0
0.0,0.0,2.0,15.0,1.0,2.0,281.51,12.51,2357.0,1.0,1
0.0,0.0,-22.0,6.0,0.0,3.0,251.4,16.4,984.0,1.0,0
0.0,0.0,-15.0,11.0,0.0,10.0,328.59,37.79,636.5,1.0,1
0.0,0.0,-7.0,13.0,0.0,4.0,348.95500000000004,38.94,1885.0,1.0,0
0.0,0.0,-8.0,18.0,0.0,1.0,348.95500000000004,38.94,1089.0,7.0,1
0.0,0.0,-8.0,14.0,0.0,10.0,348.95500000000004,38.94,1332.0,2.0,0
0.0,0.0,-9.0,8.0,0.0,1.0,274.61,32.72,342.0,1.0,0
0.0,0.0,-17.0,16.0,0.0,1.0,276.2,38.94,187.0,5.0,0
0.0,0.0,-7.0,5.0,0.0,3.0,348.95500000000004,20.67,781.0,5.0,0
0.0,0.0,-18.0,11.0,0.0,10.0,348.95500000000004,17.45,1604.0,2.0,0
0.0,0.0,-12.0,10.0,0.0,12.0,348.95500000000004,27.09,3437.0,6.0,0
0.0,0.0,-7.0,25.0,0.0,10.0,276.97,38.94,1128.0,1.0,0
0.0,0.0,10.0,34.0,1.0,10.0,348.95500000000004,38.94,1066.0,1.0,1
0.0,0.0,-10.0,4.0,0.0,8.0,348.95500000000004,38.94,2586.0,3.0,0
0.0,0.0,-25.0,4.0,0.0,5.0,274.24,18.63,514.0,2.0,1
0.0,0.0,-5.0,36.0,0.0,1.0,218.52,38.94,1398.0,1.0,0
0.0,0.0,-8.0,20.0,0.0,10.0,348.95500000000004,25.42,875.0,1.0,0
0.0,0.0,-14.0,16.0,0.0,7.0,348.95500000000004,17.42,1285.0,4.0,0
0.0,0.0,-3.0,9.0,0.0,1.0,348.95500000000004,38.94,302.0,1.0,0
0.0,0.0,-16.0,3.0,0.0,3.0,267.51,15.51,1042.0,1.0,1
0.0,0.0,-5.0,18.0,0.0,8.0,290.72,38.94,526.0,2.0,0
0.0,0.0,-11.0,9.0,0.0,10.0,348.95500000000004,38.94,339.0,1.0,0
0.0,0.0,-7.0,26.0,0.0,10.0,317.51,38.94,349.0,1.0,1
0.0,0.0,-19.0,4.0,0.0,10.0,348.95500000000004,38.94,1328.0,1.0,0
0.0,0.0,-9.0,7.0,0.0,6.0,348.95500000000004,38.94,919.0,2.0,0
0.0,0.0,-14.0,18.0,0.0,10.0,348.95500000000004,26.45,3071.0,4.0,0
0.0,0.0,-11.0,12.0,0.0,6.0,318.59,38.94,388.0,1.0,0
0.0,0.0,6.0,33.0,1.0,4.0,330.57,34.57,1986.5,2.5,1
0.0,0.0,-15.0,16.0,0.0,1.0,348.95500000000004,38.94,982.0,3.0,1
0.0,0.0,6.0,31.0,1.0,6.0,214.14,16.14,582.0,1.0,1
0.0,0.0,-14.0,6.0,0.0,8.0,348.95500000000004,38.94,1978.0,1.0,0
0.0,0.0,-21.0,13.0,0.0,5.0,348.95500000000004,38.94,361.0,1.0,0
0.0,0.0,-9.0,24.0,0.0,8.0,236.36,8.46,501.0,4.0,0
0.0,0.0,-25.0,10.0,0.0,3.0,348.95500000000004,19.94,937.0,2.0,0
0.0,0.0,-15.0,15.0,0.0,9.0,348.95500000000004,38.94,925.0,5.0,0
0.0,0.0,-14.0,13.0,0.0,5.0,348.95500000000004,33.81,3088.0,6.0,0
0.0,0.0,-19.0,16.0,0.0,6.0,348.95500000000004,38.94,409.0,1.0,0
0.0,0.0,-18.0,4.0,0.0,4.0,318.17,38.94,227.0,1.0,0
0.0,0.0,11.0,43.0,1.0,1.0,256.22,38.94,231.0,5.0,1
0.0,0.0,-16.0,15.0,0.0,3.0,254.01,18.09,402.0,1.0,0
0.0,0.0,-7.0,14.0,0.0,10.0,348.95500000000004,38.94,638.6666666666666,2.0,1
0.0,0.0,-11.0,14.0,0.0,1.0,287.06,37.07,748.0,3.0,0
0.0,0.0,-19.0,8.0,0.0,5.0,246.36,16.36,395.0,1.0,0
0.0,0.0,-14.0,12.0,0.0,6.0,306.1,16.2,616.0,1.0,0
0.0,0.0,8.0,39.0,1.0,4.0,203.75,16.75,591.0,3.0,1
0.0,0.0,-2.0,19.0,0.0,10.0,280.63,38.94,603.0,1.0,0
0.0,0.0,-12.0,18.0,0.0,10.0,348.95500000000004,34.95,477.0,1.0,0
0.0,0.0,-9.0,14.0,0.0,8.0,348.95500000000004,38.94,138.0,6.0,0
0.0,0.0,-7.0,19.0,0.0,1.0,228.88,28.9,1658.0,1.0,0
0.0,0.0,-9.0,3.0,0.0,6.0,348.95500000000004,18.34,1689.0,3.0,0
0.0,0.0,-6.0,13.0,0.0,8.0,348.95500000000004,38.94,688.0,3.0,0
0.0,0.0,-6.0,6.0,0.0,2.0,348.95500000000004,38.94,881.0,3.0,0
0.0,0.0,-11.0,14.0,0.0,3.0,255.36,30.36,331.0,4.0,0
0.0,0.0,-18.0,5.0,0.0,4.0,348.95500000000004,15.75,719.0,6.0,0
0.0,0.0,-14.0,9.0,0.0,10.0,348.95500000000004,38.94,1565.0,5.0,0
0.0,0.0,-13.0,11.0,0.0,1.0,348.95500000000004,18.35,1125.0,3.0,0
0.0,0.0,-23.0,6.0,0.0,1.0,348.95500000000004,27.0,412.0,1.0,0
0.0,0.0,-3.0,19.0,0.0,10.0,348.95500000000004,21.29,1083.0,4.0,0
0.0,0.0,-2.0,15.0,0.0,1.0,225.05,30.15,471.0,1.0,0
0.0,0.0,-24.0,7.0,0.0,1.0,348.95500000000004,38.94,310.25,1.0,1
0.0,0.0,4.0,28.0,1.0,1.0,348.95500000000004,32.04,1489.0,1.0,0
0.0,0.0,-20.0,11.0,0.0,8.0,250.11,38.94,1336.0,3.0,0
0.0,0.0,-2.0,15.0,0.0,6.0,243.76,23.86,1132.0,8.0,0
0.0,0.0,-15.0,12.0,0.0,8.0,348.95500000000004,21.6,913.0,3.0,1
0.0,0.0,-20.0,9.0,0.0,3.0,327.62,38.94,375.0,3.0,1
0.0,0.0,-10.0,13.0,0.0,1.0,268.15,16.64,201.0,1.0,0
0.0,0.0,-14.0,13.0,0.0,1.0,219.77,27.78,821.0,1.0,0
0.0,0.0,-16.0,16.0,0.0,4.0,215.15,16.15,474.0,2.0,0
0.0,0.0,-9.0,18.0,0.0,5.0,348.95500000000004,21.22,1425.0,1.0,0
0.0,0.0,-8.0,19.0,0.0,7.0,195.93,26.03,197.0,8.0,1
0.0,0.0,-8.0,13.0,0.0,8.0,348.95500000000004,23.81,2685.0,3.0,0
0.0,0.0,-24.0,23.0,0.0,1.0,348.95500000000004,38.94,862.0,1.0,0
0.0,0.0,-18.0,10.0,0.0,1.0,268.71,30.07,1768.0,4.0,0
0.0,0.0,-21.0,7.0,0.0,1.0,219.59,38.94,440.6666666666667,1.0,1
0.0,0.0,-10.0,28.0,0.0,1.0,348.95500000000004,38.94,982.0,3.0,0
0.0,0.0,-1.0,28.0,0.0,5.0,344.34,38.94,220.0,1.0,1
0.0,0.0,-8.0,10.0,0.0,6.0,348.95500000000004,16.43,452.0,1.0,0
0.0,0.0,-3.0,15.0,0.0,10.0,236.29,16.3,736.0,2.0,0
0.0,0.0,-6.0,4.0,0.0,3.0,299.18,10.18,527.0,1.0,1
0.0,0.0,-7.0,18.0,0.0,5.0,256.92,38.94,1156.0,1.0,0
0.0,0.0,-9.0,9.0,0.0,1.0,348.95500000000004,38.94,1822.5,4.0,1
0.0,0.0,-63.0,8.0,0.0,6.0,348.95500000000004,38.94,812.0,1.0,0
0.0,0.0,-24.0,14.0,0.0,8.0,186.85,16.95,412.0,1.0,0
0.0,0.0,0.0,26.0,0.0,1.0,200.72,17.72,551.0,3.0,0
0.0,0.0,-10.0,21.0,0.0,1.0,199.57,38.94,1188.0,1.0,0
0.0,0.0,-7.0,24.0,0.0,4.0,278.16,18.26,780.0,2.0,0
0.0,0.0,7.0,44.0,1.0,8.0,241.89,38.94,2188.0,2.0,1
0.0,0.0,-14.0,11.0,0.0,2.0,237.63,15.64,164.0,1.0,1
0.0,0.0,-14.0,9.0,0.0,6.0,348.95500000000004,38.94,452.0,1.0,1
0.0,0.0,45.0,69.0,1.0,8.0,348.95500000000004,38.94,913.0,3.0,1
0.0,0.0,-28.0,7.0,0.0,5.0,348.95500000000004,33.42,2442.0,4.0,0
0.0,0.0,-5.0,12.0,0.0,2.0,268.24,10.37,1237.0,8.0,1
0.0,0.0,-3.0,5.0,0.0,1.0,348.95500000000004,37.19,235.33333333333334,1.0,0
0.0,0.0,-15.0,7.0,0.0,1.0,348.95500000000004,38.94,870.75,2.5,0
0.0,0.0,-16.0,17.0,0.0,1.0,348.95500000000004,38.94,1424.0,1.0,0
0.0,0.0,-20.0,6.0,0.0,1.0,312.44,34.44,1146.0,7.0,0
0.0,0.0,-13.0,14.0,0.0,8.0,348.95500000000004,17.59,915.0,2.0,0
0.0,0.5,-16.0,11.0,0.0,1.0,456.28999999999996,55.989999999999995,1240.75,3.5,0
0.0,0.0,-11.0,16.0,0.0,8.0,348.95500000000004,24.11,1034.0,1.0,0
0.0,0.0,-21.0,14.0,0.0,1.0,317.8,17.8,1642.0,1.0,0
0.0,0.0,-6.0,14.0,0.0,3.0,271.14,38.94,188.66666666666666,4.333333333333333,1
0.0,0.0,-13.0,13.0,0.0,8.0,345.29,37.29,1834.0,1.0,0
0.0,0.0,-11.0,17.0,0.0,3.0,216.14,16.15,465.0,1.0,0
0.0,0.0,-26.0,7.0,0.0,3.0,215.55,35.06,2848.0,1.0,0
0.0,0.0,-6.0,16.0,0.0,1.0,348.95500000000004,38.94,2952.0,3.0,0
0.0,0.0,7.0,44.0,1.0,2.0,348.95500000000004,28.32,635.0,1.0,1
0.0,0.0,33.0,56.0,1.0,5.0,190.48,23.49,1456.0,1.0,1
0.0,0.0,-7.0,15.0,0.0,1.0,210.78,38.94,385.0,1.0,1
0.0,0.0,-9.0,23.0,0.0,2.0,215.57,35.76,222.0,9.0,0
0.0,0.0,-18.0,4.0,0.0,5.0,252.09,22.1,985.0,1.0,0
0.0,0.0,-5.0,7.0,0.0,1.0,348.95500000000004,10.19,912.0,1.0,0
0.0,0.0,-12.0,8.0,0.0,8.0,247.23,17.24,1050.0,1.0,1
0.0,0.0,-16.0,11.0,0.0,6.0,230.44,37.45,1156.0,1.0,0
0.0,0.0,-23.0,11.0,0.0,4.0,226.95,38.94,659.0,2.0,0
0.0,0.0,-23.0,4.0,0.0,1.0,348.95500000000004,38.94,1946.0,4.0,0
0.0,0.0,-11.0,13.0,0.0,1.0,240.34,38.94,196.0,1.0,0
0.0,0.0,-8.0,6.0,0.0,1.0,348.95500000000004,38.94,1072.0,4.0,0
0.0,0.0,-13.0,20.0,0.0,1.0,348.95500000000004,38.94,1176.0,4.0,0
0.0,0.0,-11.0,13.0,0.0,3.0,221.16,38.94,765.0,1.0,0
0.0,0.0,-12.0,5.0,0.0,3.0,224.83,14.83,702.0,1.0,0
0.0,0.0,-6.0,24.0,0.0,5.0,271.01,38.94,500.0,2.0,0
0.0,0.0,-4.0,15.0,0.0,10.0,249.25,17.25,281.0,1.0,0
0.0,0.0,-12.0,10.0,0.0,1.0,348.95500000000004,17.14,915.0,2.0,0
0.0,0.0,-20.0,15.0,0.0,10.0,348.95500000000004,38.94,453.0,1.0,0
0.0,0.0,-21.0,12.0,0.0,3.0,186.85,16.95,412.0,1.0,0
0.0,0.0,-8.0,14.0,0.0,10.0,315.84,16.84,365.0,1.0,0
0.0,0.0,16.0,36.0,1.0,6.0,348.95500000000004,38.94,3109.0,6.0,1
0.0,0.0,-18.0,12.0,0.0,2.0,218.64,18.65,604.0,1.0,0
0.0,0.0,-8.0,4.0,0.0,3.0,265.11,28.11,575.0,1.0,0
0.0,0.0,-15.0,9.0,0.0,10.0,348.95500000000004,38.94,3611.0,4.0,0
0.0,0.0,-5.0,15.0,0.0,4.0,215.62,26.17,157.0,9.0,0
0.0,0.0,-9.0,23.0,0.0,10.0,305.59,35.69,1097.0,5.0,0
0.0,0.0,-13.0,26.0,0.0,5.0,249.04,38.94,1128.0,1.0,0
0.0,0.0,-18.0,10.0,0.0,8.0,348.95500000000004,20.02,625.0,1.0,0
0.0,0.0,-9.0,2.0,0.0,8.0,199.79,9.89,800.0,2.0,0
0.0,0.0,-34.0,8.0,0.0,8.0,265.46,38.94,417.0,2.0,1
0.0,0.0,10.0,27.0,1.0,8.0,348.95500000000004,22.99,859.0,1.0,0
0.0,0.0,-10.0,7.0,0.0,10.0,300.74,10.84,605.0,5.0,0
0.0,0.0,-14.0,12.0,0.0,10.0,254.64,38.94,491.5,1.5,0
0.0,0.0,-7.0,3.0,0.0,8.0,348.95500000000004,13.71,387.0,3.0,0
0.0,0.0,-15.0,3.0,0.0,5.0,335.47,10.47,2644.0,6.0,0
0.0,0.0,-22.0,13.0,0.0,1.0,236.48,38.94,1017.0,1.0,1
0.0,0.0,3.0,30.0,1.0,10.0,205.54,18.56,571.0,1.0,1
0.0,0.0,-19.0,12.0,0.0,2.0,348.95500000000004,22.07,452.0,1.0,0
0.0,0.0,-6.0,13.0,0.0,4.0,207.55,8.65,499.0,1.0,0
0.0,0.0,-29.0,10.0,0.0,4.0,348.95500000000004,38.94,1105.0,1.0,0
0.0,0.0,-8.0,11.0,0.0,8.0,212.94,23.04,179.0,1.0,0
0.0,0.0,1.0,8.0,1.0,5.0,248.91,29.91,292.0,7.0,0
0.0,0.0,-19.0,11.0,0.0,3.0,217.55,17.65,261.0,3.0,0
0.0,0.0,-19.0,14.0,0.0,10.0,348.95500000000004,20.88,557.0,1.0,0
0.0,0.0,-16.0,25.0,0.0,1.0,348.95500000000004,27.67,709.0,6.0,0
0.0,0.0,-3.0,13.0,0.0,3.0,314.34,14.35,1892.0,4.0,0
0.0,0.0,1.0,21.0,1.0,1.0,348.95500000000004,38.94,474.0,1.0,0
0.0,0.0,-13.0,20.0,0.0,1.0,283.0,23.0,671.0,2.0,0
0.0,0.0,-24.0,12.0,0.0,4.0,222.04,37.04,850.5,1.0,0
0.0,0.0,-23.0,9.0,0.0,7.0,348.95500000000004,34.56,547.0,1.0,0
0.0,0.0,9.0,30.0,1.0,1.0,311.59,24.59,951.0,1.0,1
0.0,0.0,-15.0,12.0,0.0,8.0,348.95500000000004,38.94,678.0,3.0,0
0.0,0.0,-17.0,14.0,0.0,2.0,244.26,38.94,186.0,1.0,0
0.0,0.0,-11.0,23.0,0.0,10.0,348.95500000000004,38.94,741.0,2.0,0
0.0,0.0,-2.0,7.0,0.0,4.0,204.31,38.94,2386.0,4.0,0
0.0,0.0,-6.0,20.0,0.0,1.0,281.67,21.77,1251.0,1.0,1
0.0,0.0,-9.0,2.0,0.0,2.0,348.95500000000004,19.26,1332.0,2.0,0
0.0,0.0,-20.0,8.0,0.0,15.0,234.63,17.28,62.0,1.0,0
0.0,0.0,-13.0,4.0,0.0,6.0,257.61,8.61,1102.0,2.0,0
0.0,0.0,-8.0,14.0,0.0,10.0,348.95500000000004,24.26,1240.0,4.0,0
0.0,0.0,-12.0,9.0,0.0,1.0,348.95500000000004,38.94,437.0,2.0,1
0.0,0.0,-35.0,13.0,0.0,3.0,217.85,20.35,977.0,1.0,0
0.0,0.0,-14.0,18.0,0.0,8.0,348.95500000000004,38.94,427.0,1.0,0
0.0,0.0,-9.0,23.0,0.0,4.0,348.95500000000004,27.73,2286.0,1.0,1
0.0,0.0,-3.0,22.0,0.0,1.0,247.52,27.62,268.0,1.0,0
0.0,0.0,-17.0,15.0,0.0,6.0,311.49,18.49,1216.0,1.0,0
0.0,0.0,-10.0,9.0,0.0,10.0,348.95500000000004,21.84,1882.0,4.0,0
0.0,0.0,-15.0,11.0,0.0,4.0,348.95500000000004,27.42,995.0,4.0,0
0.0,0.0,-7.0,6.0,0.0,1.0,280.79,37.88999999999999,625.0,3.0,0
0.0,0.0,-28.0,12.0,0.0,2.0,318.0,18.0,237.0,1.0,1
0.0,0.0,-18.0,18.0,0.0,1.0,238.69,18.79,236.0,1.0,0
0.0,0.0,-3.0,26.0,0.0,3.0,315.84,16.84,547.0,1.0,0
0.0,0.0,-8.0,14.0,0.0,5.0,280.63,38.94,603.0,1.0,0
0.0,0.0,-17.0,9.0,0.0,10.0,348.95500000000004,38.94,1660.0,3.0,0
0.0,0.0,-19.0,7.0,0.0,5.0,348.95500000000004,38.94,369.0,4.0,0
0.0,0.0,-14.0,5.0,0.0,5.0,348.95500000000004,30.86,1479.0,3.0,0
0.0,0.0,-6.0,23.0,0.0,1.0,348.95500000000004,38.94,872.0,1.0,0
0.0,0.0,-7.0,7.0,0.0,7.0,348.95500000000004,25.24,357.0,3.0,0
0.0,0.0,8.0,42.0,1.0,3.0,237.86,29.86,575.0,2.0,1
0.0,0.0,-22.0,9.0,0.0,3.0,348.95500000000004,13.77,915.0,2.0,0
0.0,0.0,0.0,23.0,0.0,10.0,224.71,38.94,613.0,2.0,0
0.0,0.0,-14.0,8.0,0.0,3.0,239.42,19.42,617.0,2.0,0
0.0,0.0,-24.0,27.0,0.0,1.0,348.95500000000004,21.63,2197.0,3.0,0
0.0,0.0,-8.0,22.0,0.0,8.0,348.95500000000004,21.73,623.0,1.0,0
0.0,0.0,-5.0,8.0,0.0,1.0,214.41,14.51,297.0,1.0,0
0.0,0.0,-18.0,5.0,0.0,4.0,242.72,18.82,1100.0,6.0,0
0.0,0.0,-4.0,24.0,0.0,1.0,259.45,38.94,1353.0,5.0,0
0.0,0.0,-15.0,19.0,0.0,1.0,348.95500000000004,38.94,1283.0,1.0,1
0.0,0.0,-32.0,13.0,0.0,10.0,348.95500000000004,38.94,706.0,1.0,1
0.0,0.0,4.0,32.0,1.0,4.0,348.95500000000004,38.94,1171.0,1.0,1
0.0,0.0,-15.0,32.0,0.0,10.0,269.75,38.94,1151.0,1.0,1
0.0,0.0,-10.0,10.0,0.0,1.0,232.71,38.94,340.0,2.0,0
0.0,0.0,12.0,49.0,1.0,2.0,288.29,38.94,2073.0,4.0,1
0.0,0.0,-18.0,8.0,0.0,3.0,231.79,32.79,993.0,5.0,0
0.0,0.0,-11.0,16.0,0.0,5.0,335.8,38.94,155.0,5.0,0
0.0,0.0,-15.0,8.0,0.0,8.0,348.95500000000004,17.21,625.0,1.0,1
0.0,0.0,-15.0,12.0,0.0,4.0,226.24,26.24,162.0,5.0,0
0.0,0.0,9.0,29.0,1.0,4.0,348.95500000000004,38.94,946.0,2.0,1
0.0,0.0,-9.0,10.0,0.0,5.0,218.15,38.94,367.0,6.0,0
0.0,0.0,-16.0,4.0,0.0,8.0,344.03,25.03,1011.0,5.0,0
0.0,0.0,-1.0,21.0,0.0,1.0,348.95500000000004,38.94,72.0,1.0,1
0.0,0.0,-12.0,6.0,0.0,1.0,348.95500000000004,17.08,3330.0,3.0,0
0.0,0.0,-11.0,9.0,0.0,4.0,233.93,34.93,3696.0,3.0,0
0.0,0.0,-21.0,14.0,0.0,3.0,236.84,30.94,1516.5,1.0,0
0.0,0.0,-14.0,16.0,0.0,1.0,348.95500000000004,23.71,983.0,2.0,0
0.0,0.0,10.0,40.0,1.0,8.0,348.95500000000004,17.27,677.0,1.0,0
0.0,0.0,-20.0,6.0,0.0,1.0,287.27,38.94,722.0,1.0,0
0.0,0.0,-18.0,5.0,0.0,1.0,239.73,10.73,1745.0,1.0,0
0.0,0.0,-34.0,12.0,0.0,6.0,348.95500000000004,18.0,1262.0,2.0,0
0.0,0.0,-14.0,9.0,0.0,1.3333333333333333,237.47,21.91,3758.0,1.0,0
0.0,0.0,-11.0,9.0,0.0,8.0,267.69,37.69,756.0,1.0,0
0.0,0.0,-19.0,11.0,0.0,6.0,348.95500000000004,38.94,299.0,1.0,0
0.0,0.0,-15.0,4.0,0.0,4.0,348.95500000000004,17.76,556.0,1.0,0
0.0,0.0,-19.0,6.0,0.0,8.0,340.13,20.13,1316.0,4.0,0
0.0,0.0,-3.0,23.0,0.0,10.0,348.95500000000004,38.94,314.0,1.0,0
0.0,0.0,12.0,37.0,1.0,8.0,348.95500000000004,36.07,2644.0,6.0,1
0.0,0.0,-16.0,15.0,0.0,8.0,348.95500000000004,38.94,272.0,1.0,0
0.0,0.0,-1.0,16.0,0.0,10.0,348.95500000000004,13.01,421.0,2.0,0
0.0,0.0,5.0,39.0,1.0,1.0,243.14,15.34,529.0,1.0,1
0.0,0.0,-6.0,16.0,0.0,3.0,294.33,24.43,790.0,4.0,0
0.0,0.0,-22.0,6.0,0.0,2.0,196.46,25.46,477.5,1.0,0
0.0,0.0,-25.0,7.0,0.0,1.0,348.95500000000004,19.7,625.0,1.0,0
0.0,0.0,-11.0,13.0,0.0,10.0,348.95500000000004,17.21,2873.0,8.0,1
0.0,0.0,-8.0,21.0,0.0,2.0,348.95500000000004,38.94,463.0,2.0,0
0.0,0.0,-13.0,3.0,0.0,15.0,348.95500000000004,26.51,3542.0,1.0,0
0.0,0.0,-14.0,12.0,0.0,10.0,348.95500000000004,20.49,1463.0,1.0,0
0.0,0.0,-20.0,10.0,0.0,6.0,348.95500000000004,19.5,534.0,1.0,0
0.0,0.0,-7.0,9.0,0.0,4.0,348.95500000000004,16.97,1616.0,3.0,0
0.0,0.0,-10.0,13.0,0.0,5.0,254.76,27.62,120.0,1.0,0
0.0,0.0,-2.0,33.0,0.0,4.0,348.95500000000004,24.86,800.0,2.0,0
0.0,0.0,-16.0,7.0,0.0,4.0,309.12,16.22,355.0,1.0,0
0.0,0.0,-25.0,9.0,0.0,1.0,243.07,24.07,217.0,3.0,0
0.0,0.0,-14.0,10.0,0.0,1.0,295.36,33.36,712.5,2.0,0
0.0,0.0,-16.0,7.0,0.0,10.0,254.76,27.62,120.0,1.0,0
0.0,0.0,-2.0,6.0,0.0,2.0,329.38,19.38,232.0,1.0,0
0.0,0.0,-7.0,3.0,0.0,1.0,236.7,16.06,919.0,1.0,0
0.0,0.0,-9.0,25.0,0.0,4.0,348.95500000000004,38.94,1067.0,1.0,0
0.0,0.0,-17.0,15.0,0.0,5.0,276.94,38.94,1128.0,1.0,0
0.0,0.0,-17.0,3.0,0.0,10.0,348.95500000000004,31.34,2283.0,6.0,0
0.0,0.0,-8.0,10.0,0.0,1.0,338.77,13.77,2644.0,6.0,0
0.0,0.0,-22.0,9.0,0.0,1.0,310.27,28.27,426.0,1.0,0
0.0,0.0,9.0,39.0,1.0,8.0,348.95500000000004,38.94,193.0,1.0,1
0.0,0.0,-10.0,8.0,0.0,3.0,348.95500000000004,15.69,557.0,1.0,0
0.0,0.0,-11.0,6.0,0.0,10.0,347.06,17.07,866.0,3.0,0
0.0,0.0,-9.0,19.0,0.0,8.0,348.95500000000004,37.55,1616.0,3.0,0
0.0,0.0,-1.0,36.0,0.0,2.0,268.19,18.19,255.0,1.0,0
0.0,0.0,-25.0,10.0,0.0,1.0,218.93,23.94,394.0,7.0,0
0.0,0.0,-9.0,14.0,0.0,6.0,337.18,38.94,870.0,1.0,0
0.0,0.0,2.0,29.0,1.0,3.0,348.95500000000004,38.94,424.0,1.0,0
0.0,0.0,-11.0,8.0,0.0,1.5,208.09,16.09,3889.0,1.0,1
0.0,0.0,-22.0,7.0,0.0,1.0,337.04,37.24,894.0,1.0,0
0.0,0.0,-24.0,11.0,0.0,3.0,268.84,19.84,476.0,2.0,0
0.0,0.0,-26.0,6.0,0.0,1.0,348.95500000000004,18.99,111.0,1.0,0
0.0,0.0,-3.0,11.0,0.0,1.0,348.95500000000004,38.94,56.0,1.0,0
0.0,0.0,5.0,24.0,1.0,8.0,348.95500000000004,15.98,574.0,2.0,1
0.0,0.0,-10.0,13.0,0.0,1.0,293.12,13.35,1051.0,1.0,0
0.0,0.0,-20.0,7.0,0.0,2.0,294.89,21.99,2961.0,1.0,0
0.0,0.0,-3.0,17.0,0.0,2.0,203.67,12.84,1116.0,1.0,0
0.0,0.0,-6.0,18.0,0.0,4.0,188.4,28.5,729.0,1.0,1
0.0,0.0,-10.0,13.0,0.0,8.0,348.95500000000004,31.57,1113.0,2.0,0
0.0,0.0,-11.0,10.0,0.0,8.0,348.95500000000004,38.94,3610.0,4.0,0
0.0,0.0,-15.0,12.0,0.0,8.0,249.39,19.49,114.0,2.0,0
0.0,0.0,-7.0,4.0,0.0,10.0,300.58,38.94,684.75,1.0,0
0.0,0.0,-3.0,11.0,0.0,4.0,284.66,38.94,668.0,1.0,0
0.0,0.0,-11.0,5.0,0.0,4.0,243.45,10.45,805.0,1.0,0
0.0,0.0,-22.0,6.0,0.0,8.0,297.42,37.42,1031.0,6.0,0
0.0,0.0,-13.0,5.0,0.0,3.0,294.54,38.94,674.0,1.0,0
0.0,0.0,-11.0,7.0,0.0,4.0,203.67,12.84,1116.0,1.0,0
0.0,0.0,-7.0,9.0,0.0,1.0,279.98,38.94,770.0,1.0,0
0.0,0.0,-15.0,10.0,0.0,2.0,345.23,25.23,1094.0,1.0,0
0.0,0.0,-18.0,9.0,0.0,3.0,348.95500000000004,38.94,424.0,2.0,1
0.0,0.0,-4.0,13.0,0.0,2.0,242.44,19.44,543.0,1.0,0
0.0,0.0,-14.0,12.0,0.0,8.0,348.95500000000004,38.94,616.0,1.0,0
0.0,0.0,-16.0,11.0,0.0,1.0,298.2,18.21,528.0,3.0,0
0.0,0.0,-15.0,24.0,0.0,5.0,348.95500000000004,38.94,1122.5,1.0,1
0.0,0.0,-21.0,8.0,0.0,6.0,215.04,16.14,736.0,4.0,0
0.0,0.0,-10.0,6.0,0.0,5.0,322.55,13.55,632.0,2.0,0
0.0,0.0,-2.0,8.0,0.0,1.0,213.9,38.9,264.0,2.0,0
0.0,0.0,-17.0,14.0,0.0,2.5,212.01999999999998,16.12,465.0,1.0,0
0.0,0.0,-21.0,9.0,0.0,10.0,313.51,30.71,1877.5,1.5,0
0.0,0.0,-12.0,2.0,0.0,8.0,335.47,10.47,2644.0,6.0,0
0.0,0.0,-18.0,8.0,0.0,10.0,348.95500000000004,26.55,1447.0,5.0,0
0.0,0.0,-24.0,6.0,0.0,5.0,348.95500000000004,28.09,1310.0,2.0,0
0.0,0.0,-13.0,15.0,0.0,8.0,348.95500000000004,23.16,916.0,1.0,0
0.0,0.0,-11.0,11.0,0.0,6.0,309.77,38.94,381.0,4.0,1
0.0,0.0,-24.0,10.0,0.0,1.0,282.43,24.13,1211.0,3.0,0
0.0,0.0,-10.0,13.0,0.0,2.0,321.17,38.94,227.0,1.0,1
0.0,0.0,8.0,35.0,1.0,1.0,190.62,32.62,915.0,4.0,1
0.0,0.0,-7.0,11.0,0.0,1.0,348.95500000000004,38.94,1016.0,2.0,1
0.0,0.0,13.0,39.0,1.0,7.0,348.95500000000004,28.88,656.0,1.0,1
0.0,0.0,-15.0,9.0,0.0,1.0,348.95500000000004,19.02,625.0,1.0,0
0.0,0.0,-14.0,7.0,0.0,1.0,304.95,15.05,182.0,1.0,0
0.0,0.0,0.0,22.0,0.0,1.0,218.8,38.94,210.5,1.0,0
0.0,0.0,-20.0,9.0,0.0,4.0,208.96,38.94,1561.0,2.0,0
0.0,0.0,-9.0,14.0,0.0,2.0,348.95500000000004,38.94,832.0,3.0,0
0.0,0.0,-8.0,12.0,0.0,10.0,348.95500000000004,38.94,1105.0,1.0,0
0.0,0.0,-27.0,13.0,0.0,5.0,327.77,17.87,574.0,1.0,0
0.0,0.0,-14.0,1.0,0.0,8.0,188.5,8.51,510.0,1.0,0
0.0,0.0,-1.0,11.0,0.0,2.0,210.21,10.31,274.0,1.0,0
0.0,0.0,-21.0,13.0,0.0,6.0,317.2,17.21,399.0,1.0,0
0.0,0.0,-7.0,12.0,0.0,10.0,237.07,17.17,268.0,1.0,1
0.0,0.0,-14.0,7.0,0.0,3.0,230.65,38.94,1893.0,1.0,0
0.0,0.0,-12.0,19.0,0.0,8.0,348.95500000000004,38.94,1364.0,7.0,0
0.0,0.0,-15.0,11.0,0.0,2.0,216.18,16.28,328.0,4.0,0
0.0,0.0,-15.0,17.0,0.0,3.0,289.84,14.94,1145.0,4.0,0
0.0,0.0,21.0,51.0,1.0,2.0,289.02,38.94,366.0,2.0,1
0.0,0.0,-5.0,6.0,0.0,1.0,348.95500000000004,21.79,653.0,2.0,0
0.0,0.0,-34.0,8.0,0.0,6.0,342.17,38.94,2007.0,4.0,0
0.0,0.0,-7.0,9.0,0.0,8.0,348.95500000000004,15.19,314.0,3.0,0
0.0,0.0,-10.0,7.0,0.0,1.0,189.62,9.63,327.0,5.0,0
0.0,0.0,-40.0,10.0,0.0,10.0,279.33,30.0,690.5,3.0,0
0.0,0.0,-9.0,22.0,0.0,5.0,348.95500000000004,38.94,1016.0,2.0,1
0.0,0.0,-27.0,13.0,0.0,10.0,348.95500000000004,38.94,2545.0,4.0,0
0.0,0.0,-8.0,19.0,0.0,1.0,320.53,38.94,87.0,3.0,0
0.0,0.0,-21.0,11.0,0.0,8.0,348.95500000000004,31.89,784.0,1.0,0
0.0,0.0,-12.0,8.0,0.0,10.0,342.02,17.02,2644.0,6.0,0
0.0,0.0,-16.0,13.0,0.0,4.0,348.95500000000004,38.0,875.0,1.0,0
0.0,0.0,-13.0,38.0,0.0,1.0,271.63,38.94,1156.0,2.0,0
0.0,0.0,-21.0,14.0,0.0,1.0,214.19,38.94,562.75,1.75,1
0.0,0.0,-9.0,14.0,0.0,1.0,346.88,38.94,674.0,1.0,0
0.0,0.0,-18.0,11.0,0.0,5.0,312.25,22.35,537.0,3.0,0
0.0,0.0,1.0,29.0,1.0,4.0,279.29,19.39,980.0,1.0,0
0.0,0.0,-6.0,14.0,0.0,10.0,348.95500000000004,38.94,422.0,3.0,0
0.0,0.0,-11.0,10.0,0.0,1.0,269.53,38.94,771.0,1.0,0
0.0,0.0,-22.0,13.0,0.0,6.0,348.95500000000004,38.94,736.0,3.0,0
0.0,0.0,11.0,35.0,1.0,10.0,251.17,24.17,1971.0,3.0,0
0.0,0.0,-6.0,6.0,0.0,1.0,324.7,34.8,2245.0,1.0,0
0.0,0.0,-5.0,16.0,0.0,3.0,217.09,37.19,1120.0,1.0,0
0.0,0.0,-13.0,19.0,0.0,1.0,248.82,28.92,765.0,2.0,0
0.0,0.0,-9.0,17.0,0.0,3.0,225.35,35.4,790.0,1.0,0
0.0,0.0,-4.0,13.0,0.0,5.0,348.95500000000004,17.39,473.0,1.0,0
0.0,0.0,-10.0,21.0,0.0,10.0,275.23,26.23,777.0,4.0,0
0.0,0.0,-7.0,13.0,0.0,8.0,322.89,17.89,2668.0,1.0,0
0.0,0.0,-27.0,15.0,0.0,4.0,217.83,19.93,1224.0,3.0,0
0.0,0.0,6.0,35.0,1.0,2.0,204.06,34.06,236.0,1.0,1
0.0,0.0,-15.0,6.0,0.0,5.0,257.79,17.44,2518.0,2.0,0
0.0,0.0,-8.0,16.0,0.0,1.0,266.49,16.5,2025.0,2.0,0
0.0,0.0,6.0,25.0,1.0,10.0,348.95500000000004,27.83,1784.0,6.0,1
0.0,0.0,-13.0,8.0,0.0,1.0,296.19,19.19,579.0,1.0,0
0.0,0.0,-16.0,18.0,0.0,5.0,348.95500000000004,27.55,2644.0,6.0,1
0.0,0.0,-11.0,16.0,0.0,1.0,215.14,16.14,640.0,1.0,0
0.0,0.0,-9.0,15.0,0.0,1.0,339.49,19.49,606.0,2.0,0
0.0,0.0,-3.0,10.0,0.0,6.0,265.96,16.06,950.0,6.0,0
0.0,0.0,-17.0,6.0,0.0,4.0,247.64,38.94,578.6666666666666,2.0,1
0.0,0.0,-2.0,10.0,0.0,3.0,311.91,38.94,2092.0,4.0,1
0.0,0.0,-4.0,17.0,0.0,2.0,228.67,31.68,1128.0,1.0,0
0.0,0.0,-22.0,3.0,0.0,7.0,348.95500000000004,37.68,1519.0,3.5,0
0.0,0.0,-20.0,5.0,0.0,1.5,348.95500000000004,36.79,2352.0,3.0,0
0.0,0.0,-8.0,6.0,0.0,10.0,348.95500000000004,12.99,1273.0,1.0,0
0.0,0.0,-14.0,9.0,0.0,1.0,348.95500000000004,38.94,283.0,1.0,0
0.0,0.0,-9.0,26.0,0.0,10.0,215.11,38.94,1249.0,1.0,0
0.0,0.0,-12.0,4.0,0.0,8.0,334.68,14.68,561.0,1.0,0
0.0,0.0,-7.0,9.0,0.0,6.0,257.92,17.93,479.0,1.0,0
0.0,0.0,-21.0,10.0,0.0,10.0,348.95500000000004,38.94,779.0,2.0,0
0.0,0.0,21.0,57.0,1.0,10.0,348.95500000000004,38.94,327.0,1.0,1
0.0,0.0,-19.0,4.0,0.0,8.0,348.95500000000004,38.94,380.0,1.0,0
0.0,0.0,-20.0,12.0,0.0,6.0,268.13,38.94,722.0,1.0,0
0.0,0.0,-20.0,7.0,0.0,1.0,348.95500000000004,38.94,1893.0,1.0,0
0.0,0.0,-21.0,8.0,0.0,1.0,254.9,38.94,1576.0,4.0,0
0.0,0.0,0.0,20.0,0.0,1.0,348.95500000000004,38.94,468.0,1.0,0
0.0,0.0,-13.0,14.0,0.0,2.0,348.95500000000004,38.94,1735.0,5.0,0
0.0,0.0,-14.0,11.0,0.0,1.0,348.95500000000004,19.3,1056.0,1.0,0
0.0,0.0,-7.0,9.0,0.0,6.0,308.36,38.94,786.0,4.0,0
0.0,0.0,-5.0,18.0,0.0,5.0,348.95500000000004,38.94,1084.5,1.5,1
0.0,0.0,-6.0,19.0,0.0,2.0,237.46,18.46,1885.0,1.0,1
0.0,0.0,0.0,26.0,0.0,4.0,348.95500000000004,38.94,1533.0,4.0,0
0.0,0.0,-19.0,7.0,0.0,4.0,218.07,19.27,518.0,2.0,0
0.0,0.0,-23.0,14.0,0.0,1.0,348.95500000000004,38.94,333.0,3.0,0
0.0,0.0,-4.0,1.0,0.0,1.0,259.01,9.01,153.0,4.0,0
0.0,0.0,-17.0,7.0,0.0,8.0,299.33,14.33,265.0,1.0,0
0.0,0.0,-10.0,12.0,0.0,9.0,246.49,16.49,1309.0,1.0,1
0.0,0.0,-12.0,8.0,0.0,5.0,227.71,18.71,574.0,1.0,0
0.0,0.0,-19.0,5.0,0.0,1.0,240.04,38.94,1058.0,1.0,1
0.0,0.0,-13.0,12.0,0.0,2.0,212.98,38.94,894.0,1.0,0
0.0,0.0,-13.0,6.0,0.0,8.0,348.95500000000004,38.94,1135.0,5.0,0
0.0,0.0,-8.0,15.0,0.0,1.0,257.46,38.94,919.0,1.0,0
0.0,0.0,-19.0,6.0,0.0,10.0,348.95500000000004,38.94,1279.0,4.0,1
0.0,0.0,-2.0,26.0,0.0,6.0,348.95500000000004,21.64,667.0,1.0,0
0.0,0.0,-24.0,17.0,0.0,1.0,348.95500000000004,38.94,507.0,4.0,0
0.0,0.0,-9.0,10.0,0.0,3.0,180.71,13.72,1620.0,1.0,0
0.0,0.0,-18.0,7.0,0.0,10.0,310.2,38.94,266.0,3.0,0
0.0,0.0,-2.0,16.0,0.0,6.0,313.53,14.53,219.0,1.0,0
0.0,0.0,-1.0,21.0,0.0,2.0,249.54,38.94,507.0,1.0,0
0.0,0.0,7.0,23.0,1.0,7.0,348.95500000000004,38.94,1386.0,9.0,1
0.0,0.0,7.0,32.0,1.0,2.0,309.12,16.22,355.0,1.0,1
0.0,0.0,0.0,15.0,0.0,5.0,348.95500000000004,10.17,2013.0,4.0,1
0.0,0.0,-12.0,14.0,0.0,1.0,201.84,31.94,830.0,4.0,0
0.0,0.0,7.0,31.0,1.0,4.0,282.65,22.66,606.0,2.0,1
0.0,0.0,-13.0,2.0,0.0,1.0,189.35,9.45,292.0,1.0,0
0.0,0.0,-6.0,12.0,0.0,1.0,348.95500000000004,37.54,1176.0,3.0,0
0.0,0.0,-15.0,4.0,0.0,8.0,348.95500000000004,17.07,616.0,3.0,0
0.0,0.0,-15.0,23.0,0.0,8.0,348.95500000000004,34.12,380.0,1.0,0
0.0,0.0,-6.0,3.0,0.0,8.0,348.95500000000004,20.07,508.0,7.0,0
0.0,0.0,-10.0,12.0,0.0,10.0,348.95500000000004,38.94,1519.0,3.0,0
0.0,0.0,-22.0,13.0,0.0,1.0,348.95500000000004,20.02,874.0,1.0,0
0.0,0.0,-14.0,19.0,0.0,10.0,348.95500000000004,18.1,1379.0,1.0,0
0.0,0.0,-27.0,15.0,0.0,8.0,348.95500000000004,38.94,3133.0,3.0,0
0.0,0.0,-16.0,6.0,0.0,5.0,231.14,32.14,141.0,6.0,0
0.0,0.0,7.0,33.0,1.0,4.0,348.95500000000004,38.94,452.0,1.0,1
0.0,0.0,-11.0,13.0,0.0,2.0,190.37,38.94,1893.0,1.0,0
0.0,0.0,-5.0,18.0,0.0,6.0,348.95500000000004,38.94,569.0,2.0,1
0.0,0.0,-22.0,6.0,0.0,8.0,348.95500000000004,17.01,3564.0,1.0,0
0.0,0.0,-8.0,19.0,0.0,10.0,298.2,18.21,1131.0,3.0,0
0.0,0.0,-31.0,11.0,0.0,9.0,348.95500000000004,38.94,668.0,1.0,0
0.0,0.0,-8.0,6.0,0.0,1.0,327.66,17.66,327.0,1.0,0
0.0,0.0,-15.0,2.0,0.0,2.0,348.95500000000004,38.94,800.0,2.0,0
0.0,0.0,-1.0,19.0,0.0,5.0,348.95500000000004,19.25,870.0,2.0,1
0.0,0.0,-9.0,13.0,0.0,2.0,250.61,26.61,213.0,1.0,0
0.0,0.0,-12.0,20.0,0.0,1.0,221.79,21.89,1271.0,5.0,0
0.0,0.0,-11.0,17.0,0.0,1.0,348.95500000000004,38.94,359.0,4.0,0
0.0,0.0,-14.0,9.0,0.0,4.0,336.2,28.2,404.0,1.0,0
0.0,0.0,-20.0,8.0,0.0,3.0,241.15,38.94,993.0,5.0,0
0.0,0.0,-14.0,6.0,0.0,6.0,348.95500000000004,24.03,1459.0,9.0,0
0.0,0.0,-13.0,15.0,0.0,10.0,348.95500000000004,38.94,3694.0,1.0,0
0.0,0.0,5.0,13.0,1.0,8.0,340.07,10.07,2644.0,6.0,0
0.0,0.0,-10.0,5.0,0.0,10.0,310.21,21.21,510.0,8.0,0
0.0,0.0,-15.0,6.0,0.0,8.0,202.83,12.83,178.0,1.0,0
0.0,0.0,-14.0,9.0,0.0,10.0,276.49,26.59,208.0,2.0,0
0.0,0.0,-30.0,15.0,0.0,4.0,348.95500000000004,38.94,1105.0,1.0,0
0.0,0.0,-15.0,12.0,0.0,12.0,259.59,38.94,529.0,2.0,0
0.0,0.0,-25.0,7.0,0.0,5.0,348.95500000000004,34.18,274.0,1.0,0
0.0,0.0,-13.0,10.0,0.0,9.0,319.11,38.94,266.0,3.0,0
0.0,0.0,-7.0,16.0,0.0,8.0,225.96,35.82,146.0,2.0,0
0.0,0.0,-18.0,3.0,0.0,5.0,206.95,16.96,480.0,5.0,0
0.0,0.0,-17.0,10.0,0.0,3.0,257.04,37.05,1159.0,2.0,0
0.0,0.0,-10.0,25.0,0.0,3.0,348.95500000000004,38.94,812.0,5.0,0
0.0,0.0,4.0,36.0,1.0,8.0,250.4,38.94,1161.0,10.0,0
0.0,0.0,-17.0,7.0,0.0,1.0,348.95500000000004,38.94,594.0,1.0,0
0.0,0.0,18.0,55.0,1.0,4.0,243.56,19.46,182.0,1.0,1
0.0,0.0,-13.0,5.0,0.0,8.0,348.95500000000004,9.66,759.0,1.0,1
0.0,0.0,-17.0,11.0,0.0,2.0,291.37,26.37,361.0,2.0,0
0.0,0.0,2.0,23.0,1.0,1.0,292.38,14.39,547.0,1.0,0
0.0,0.0,-11.0,6.0,0.0,1.0,265.41,15.51,270.0,1.0,0
0.0,0.0,6.0,33.0,1.0,8.0,348.95500000000004,24.29,610.0,2.0,1
0.0,0.0,-22.0,12.0,0.0,10.0,348.95500000000004,38.94,427.0,1.5,0
0.0,0.0,-16.0,5.0,0.0,1.0,301.44,38.94,515.0,1.0,0
0.0,0.0,-15.0,7.0,0.0,6.0,348.95500000000004,22.62,371.0,2.0,0
0.0,0.0,-20.0,15.0,0.0,1.0,348.95500000000004,21.36,1402.0,3.0,0
0.0,0.0,20.0,49.0,1.0,10.0,263.24,38.94,621.0,1.0,0
0.0,0.0,-14.0,9.0,0.0,8.0,241.15,38.94,993.0,5.0,0
0.0,0.0,-13.0,7.0,0.0,3.0,216.06,16.16,1283.0,3.0,0
0.5,0.5,-3.0,13.0,0.0,1.5,508.06,31.9,553.5,3.0,1
0.0,0.0,-13.0,9.0,0.0,1.0,215.14,16.14,486.0,6.0,0
0.0,0.0,-2.0,17.0,0.0,3.0,251.66,22.62,603.0,1.0,0
0.0,0.0,-9.0,15.0,0.0,1.0,201.05,22.05,323.0,1.0,0
0.0,0.0,-21.0,12.0,0.0,24.0,348.95500000000004,20.56,1449.0,2.0,0
0.0,0.0,14.0,48.0,1.0,1.0,348.95500000000004,20.91,150.0,1.0,1
0.0,0.0,-14.0,7.0,0.0,4.0,348.95500000000004,23.64,388.0,2.0,0
0.0,0.0,-14.0,15.0,0.0,2.0,348.95500000000004,21.42,874.0,1.0,0
0.0,0.0,-9.0,11.0,0.0,5.0,348.95500000000004,17.27,742.0,1.0,0
0.0,0.0,-17.0,8.0,0.0,1.0,335.09,15.09,561.0,1.0,1
0.0,0.0,-12.0,5.0,0.0,1.0,348.95500000000004,19.41,3890.0,2.0,0
0.0,0.0,-14.0,18.0,0.0,1.0,229.91,20.01,870.0,4.0,0
0.0,0.0,-25.0,9.0,0.0,1.0,348.95500000000004,38.94,812.0,1.0,0
0.0,0.0,-22.0,7.0,0.0,1.0,348.95500000000004,38.94,1527.0,4.0,0
0.0,0.0,-14.0,18.0,0.0,1.0,262.76,38.94,364.0,4.0,1
0.0,0.0,-7.0,11.0,0.0,10.0,348.95500000000004,38.94,270.0,5.0,0
0.0,0.0,-12.0,9.0,0.0,2.0,348.95500000000004,38.94,1181.0,1.0,0
0.0,0.0,-10.0,8.0,0.0,3.0,205.08,27.28,523.0,1.0,0
0.0,0.0,7.0,30.0,1.0,4.0,245.97,36.97,487.0,1.0,1
0.0,0.0,-12.0,5.0,0.0,1.0,314.52,14.53,411.0,3.0,0
0.0,0.0,1.0,27.0,1.0,2.0,206.11,16.21,264.0,5.0,0
0.0,0.0,-20.0,11.0,0.0,3.0,348.95500000000004,38.94,592.0,1.0,0
0.0,0.0,-19.0,1.0,0.0,3.0,257.73,27.84,2623.5,1.0,1
0.0,0.0,-11.0,13.0,0.0,10.0,343.54,38.94,771.0,1.3333333333333333,0
0.0,0.0,-10.0,5.0,0.0,1.0,268.04,18.14,462.0,2.0,0
0.0,0.0,-17.0,8.0,0.0,4.0,348.95500000000004,38.94,2378.0,1.0,1
0.0,0.0,-8.0,1.0,0.0,8.0,296.73,36.73,1237.0,5.0,0
0.0,0.0,-15.0,11.0,0.0,1.0,294.3,34.32,1987.0,1.0,0
0.0,0.0,-18.0,14.0,0.0,8.0,265.73,15.83,391.0,3.0,0
0.0,0.0,-7.0,13.0,0.0,3.0,245.0,38.94,447.0,1.0,0
0.0,0.0,-7.0,19.0,0.0,9.0,348.95500000000004,27.81,2352.0,3.0,0
0.0,0.0,-6.0,26.0,0.0,2.0,242.54,31.34,444.0,2.0,0
0.0,0.0,-7.0,12.0,0.0,5.0,273.88,19.88,2358.0,6.0,0
0.0,0.0,-22.0,13.0,0.0,1.0,228.78,28.78,162.0,5.0,0
0.0,0.0,-20.0,8.0,0.0,8.0,242.59,27.59,516.0,1.0,0
0.0,0.0,-11.0,17.0,0.0,1.0,189.37,38.94,1893.0,1.0,0
0.0,0.0,-51.0,4.0,0.0,6.0,348.95500000000004,24.04,1310.0,2.0,0
0.0,0.0,-13.0,35.0,0.0,10.0,348.95500000000004,31.62,607.0,1.0,0
0.0,0.0,-28.0,7.0,0.0,2.0,223.31,19.31,507.0,1.0,0
0.0,0.0,-9.0,8.0,0.0,2.0,348.95500000000004,27.47,397.0,4.0,0
0.0,0.0,-18.0,9.0,0.0,2.0,301.66,26.76,244.0,4.0,0
0.0,0.0,-13.0,6.0,0.0,3.0,303.53,13.53,824.0,1.0,0
0.0,0.0,29.0,62.0,1.0,1.0,340.81,38.94,270.0,5.0,1
0.0,0.0,-14.0,29.0,0.0,4.0,301.31,38.94,186.0,2.0,0
0.0,0.0,-13.0,11.0,0.0,3.0,258.24,18.25,1199.0,3.0,0
0.0,0.0,-9.0,7.0,0.0,1.0,276.1,26.1,858.0,3.0,0
0.0,0.0,-8.0,18.0,0.0,2.0,324.29,19.38,606.0,2.0,0
0.0,0.0,-2.0,7.0,0.0,3.0,316.4,16.41,1139.0,3.0,0
0.0,0.0,-17.0,21.0,0.0,5.0,348.95500000000004,32.7,281.0,2.0,0
0.0,0.0,-12.0,12.0,0.0,1.0,338.6,38.7,146.0,1.0,0
0.0,0.0,-12.0,16.0,0.0,10.0,262.16,22.17,1001.0,1.0,0
0.0,0.0,4.0,30.0,1.0,10.0,348.95500000000004,38.94,1135.0,5.0,1
0.0,0.0,-19.0,5.0,0.0,4.0,348.95500000000004,19.3,913.0,3.0,0
0.0,0.0,-7.0,18.0,0.0,1.0,348.95500000000004,38.94,3006.0,2.0,0
0.0,0.0,-27.0,4.0,0.0,10.0,348.95500000000004,38.94,94.0,1.0,0
0.0,0.0,-56.0,10.0,0.0,4.0,297.87,22.95,2040.0,2.0,0
0.0,0.0,-1.0,27.0,0.0,10.0,333.6,33.62,129.0,1.0,0
0.0,0.0,-5.0,11.0,0.0,1.0,236.32,16.42,1614.0,2.0,0
0.0,0.0,-5.0,29.0,0.0,4.0,285.45,35.55,692.0,1.0,0
0.0,0.0,-21.0,5.0,0.0,4.0,216.87,17.87,695.0,2.0,0
0.0,0.0,-10.0,18.0,0.0,1.0,186.85,16.95,517.0,1.0,0
0.0,0.0,15.0,35.0,1.0,2.0,194.91,15.01,1758.0,3.0,1
0.0,0.0,-10.0,9.0,0.0,8.0,313.82,38.94,370.0,3.0,0
0.0,0.0,-10.0,16.0,0.0,5.0,270.72,30.72,729.0,1.0,0
0.0,0.0,-15.0,9.0,0.0,1.0,348.95500000000004,20.48,1715.0,4.0,1
0.0,0.0,-9.0,15.0,0.0,10.0,295.56,38.94,919.0,1.0,0
0.0,0.0,-16.0,8.0,0.0,1.0,226.71,27.71,457.0,5.0,0
0.0,0.0,-25.0,11.0,0.0,10.0,348.95500000000004,38.94,1176.0,3.0,0
0.0,0.0,-14.0,47.0,0.0,8.0,280.81,38.94,453.0,2.0,1
0.0,0.0,-26.0,12.0,0.0,8.0,300.56,38.94,684.0,1.0,0
0.0,0.0,-18.0,10.0,0.0,2.0,267.13,38.94,1113.0,10.0,0
0.0,0.0,-15.0,4.0,0.0,10.0,348.95500000000004,38.94,2036.0,4.0,0
0.0,0.0,-8.0,6.0,0.0,1.0,247.9,35.9,189.0,1.0,0
0.0,0.0,-2.0,10.0,0.0,6.0,346.21,17.21,216.0,3.0,0
0.0,0.0,-14.0,8.0,0.0,1.0,348.95500000000004,38.94,1345.0,8.0,0
0.0,0.0,-11.0,7.0,0.0,10.0,348.95500000000004,24.8,3814.0,2.0,0
0.0,0.0,-14.0,5.0,0.0,1.0,348.95500000000004,18.74,625.0,1.0,0
0.0,0.0,-14.0,8.0,0.0,5.0,253.08,13.18,640.0,1.0,0
0.0,0.0,-17.0,24.0,0.0,6.0,348.95500000000004,20.26,1306.0,2.0,0
0.0,0.0,-14.0,14.0,0.0,1.0,348.95500000000004,38.94,240.0,1.0,0
0.0,0.0,-8.0,14.0,0.0,1.0,253.79,18.89,503.0,1.0,0
0.0,0.0,-18.0,2.0,0.0,3.0,192.47,12.47,474.0,4.0,0
0.0,0.0,-15.0,12.0,0.0,10.0,348.95500000000004,18.25,1916.0,5.0,0
0.0,0.0,-14.0,12.0,0.0,1.0,348.95500000000004,17.63,189.0,3.0,0
0.0,0.0,-19.0,12.0,0.0,4.0,282.08,22.09,1487.0,1.0,0
0.0,0.0,-17.0,21.0,0.0,4.0,207.25,38.94,1217.0,1.0,0
0.0,0.0,-24.0,4.0,0.0,1.0,257.02,17.12,2789.0,1.0,0
0.0,0.0,-27.0,6.0,0.0,10.0,291.5,38.94,603.0,1.0,0
0.0,0.0,-37.0,12.0,0.0,4.5,348.95500000000004,38.94,419.0,2.0,0
0.0,0.0,-3.0,15.0,0.0,4.0,348.95500000000004,25.59,1145.0,6.0,0
0.0,0.0,-14.0,5.0,0.0,6.0,230.81,16.91,283.5,1.0,1
0.0,0.0,-1.0,30.0,0.0,8.0,261.47,22.47,838.0,2.0,0
0.0,0.0,-9.0,16.0,0.0,1.0,217.15,17.16,448.0,2.0,0
0.0,0.0,-6.0,1.0,0.0,1.0,257.85,38.94,112.0,1.0,0
0.0,0.0,0.0,3.0,0.0,6.0,348.95500000000004,38.94,2644.0,6.0,0
0.0,0.0,-34.0,12.0,0.0,5.0,348.95500000000004,38.94,581.0,1.0,1
0.0,0.0,-12.0,11.0,0.0,1.0,348.95500000000004,38.94,2212.0,4.0,1
0.0,0.0,-14.0,18.0,0.0,2.0,291.43,38.94,1226.0,4.0,0
0.0,0.0,0.0,30.0,0.0,10.0,348.95500000000004,38.94,2080.0,1.0,0
0.0,0.0,-21.0,19.0,0.0,1.0,328.61,18.61,268.0,1.0,0
0.0,0.0,-6.0,17.0,0.0,5.5,254.18,15.28,323.0,1.0,0
0.0,0.0,-12.0,6.0,0.0,1.0,348.95500000000004,15.58,3992.0,1.0,0
0.0,0.0,-14.0,15.0,0.0,10.0,348.95500000000004,38.94,363.0,2.0,0
0.0,0.0,-6.0,25.0,0.0,1.0,271.43,38.94,1226.0,4.0,0
0.0,0.0,0.0,7.0,0.0,1.0,310.21,21.21,510.0,7.0,0
0.0,0.0,-13.0,13.0,0.0,10.0,348.95500000000004,19.7,625.0,1.0,0
0.0,0.0,-14.0,7.0,0.0,8.0,348.95500000000004,19.05,1030.0,3.0,0
0.0,0.0,-12.0,17.0,0.0,4.0,198.9,38.94,1207.0,1.0,0
0.0,0.0,-1.0,10.0,0.0,3.0,348.95500000000004,23.02,303.0,1.0,0
0.0,0.0,-11.0,8.0,0.0,1.0,303.42,13.42,137.0,1.0,0
0.0,0.0,-21.0,7.0,0.0,1.0,296.7,38.94,1623.5,3.0,1
0.0,0.0,-13.0,15.0,0.0,1.0,348.95500000000004,17.92,1138.0,2.0,0
0.0,0.0,-23.0,10.0,0.0,9.0,348.95500000000004,31.41,1145.0,6.0,0
0.0,0.0,-15.0,3.0,0.0,1.0,348.95500000000004,38.94,668.0,1.0,0
0.0,0.0,-11.0,21.0,0.0,6.0,267.62,19.62,501.0,4.0,0
0.0,0.0,-6.0,15.0,0.0,10.0,348.95500000000004,38.94,319.0,1.0,0
0.0,0.0,-20.0,9.0,0.0,1.0,348.95500000000004,38.94,771.0,1.0,0
0.0,0.0,-7.0,6.0,0.0,1.0,348.95500000000004,38.94,1006.0,1.0,0
0.0,0.0,-12.0,4.0,0.0,10.0,257.93,9.93,750.0,1.0,0
0.0,0.0,-26.0,7.0,0.0,4.0,230.84,31.24,340.0,2.0,0
0.0,0.0,-22.0,3.0,0.0,4.0,299.24,29.25,748.0,2.0,1
0.0,0.0,-10.0,21.0,0.0,6.0,348.95500000000004,36.95,233.0,2.0,0
0.0,0.0,26.0,70.0,1.0,1.0,206.57,38.94,1171.0,2.0,1
0.0,0.0,-32.0,15.0,0.0,4.0,348.95500000000004,38.94,3611.0,4.0,0
0.0,0.0,-11.0,23.0,0.0,3.0,284.2,38.94,1172.0,1.0,0
0.0,0.0,-11.0,13.0,0.0,4.0,348.95500000000004,17.13,777.0,2.0,1
0.0,0.0,-26.0,9.0,0.0,6.0,348.95500000000004,20.3,1447.0,5.0,1
0.0,0.0,-12.0,9.0,0.0,3.0,348.95500000000004,19.35,557.0,1.0,0
0.0,0.0,-8.0,13.0,0.0,8.0,339.88,35.94,3950.0,1.0,1
0.0,0.0,-6.0,40.0,0.0,1.0,287.45,38.94,236.0,1.0,0
0.0,0.0,-14.0,3.0,0.0,1.0,237.07,17.17,233.0,1.0,0
0.0,0.0,-6.0,28.0,0.0,5.0,348.95500000000004,38.94,1176.0,3.0,0
0.0,0.0,-6.0,27.0,0.0,5.0,285.76,16.76,736.0,4.0,0
0.0,0.0,-16.0,8.0,0.0,5.0,315.84,16.84,442.0,3.0,0
0.0,0.0,-18.0,9.0,0.0,10.0,312.92,38.94,756.0,1.0,0
0.0,0.0,-28.0,10.0,0.0,1.0,221.29,22.29,330.0,1.0,0
0.0,0.0,-16.0,7.0,0.0,3.0,225.03,17.7,2261.0,2.0,0
0.0,0.0,-11.0,11.0,0.0,4.0,277.57,17.58,787.0,1.0,0
0.0,0.0,-33.0,16.0,0.0,1.0,348.95500000000004,38.94,236.0,2.0,0
0.0,0.0,-14.0,10.0,0.0,1.0,219.18,19.28,616.0,1.0,0
0.0,0.0,5.0,24.0,1.0,6.0,348.95500000000004,18.32,2569.0,2.0,0
0.0,0.0,-9.0,7.0,0.0,3.0,286.59,17.59,582.0,1.0,0
0.0,0.0,17.0,44.0,1.0,1.0,207.61,28.61,1947.0,3.0,1
0.0,0.0,-6.0,18.0,0.0,9.0,348.95500000000004,38.94,923.0,3.0,0
0.0,0.0,-18.0,4.0,0.0,3.0,348.95500000000004,18.95,880.0,2.0,0
0.0,0.0,-16.0,6.0,0.0,5.5,348.95500000000004,38.94,3078.0,4.0,0
0.0,0.0,0.0,30.0,0.0,1.0,277.2,37.22,476.0,1.0,0
0.0,0.0,-14.0,7.0,0.0,2.0,239.0,38.94,297.0,2.0,0
0.0,0.0,-19.0,9.0,0.0,8.0,228.62,18.72,236.0,1.0,0
0.0,0.0,-15.0,27.0,0.0,5.0,328.64,38.94,427.0,5.0,1
0.0,0.0,-19.0,7.0,0.0,5.0,249.56,30.56,435.0,4.0,0
0.0,0.0,-17.0,16.0,0.0,1.0,250.39,17.39,805.0,1.0,0
0.0,0.0,-11.0,6.0,0.0,1.5,328.49,9.49,439.0,1.0,0
0.0,0.0,0.0,21.0,0.0,2.0,200.68,30.7,1495.0,3.0,0
0.0,0.0,-19.0,16.0,0.0,1.0,198.5,18.51,680.0,1.0,0
0.0,0.0,-17.0,18.0,0.0,10.0,348.95500000000004,38.94,747.5,2.5,1
0.0,0.0,-15.0,10.0,0.0,1.0,348.95500000000004,20.95,1177.0,1.0,0
0.0,0.0,-8.0,20.0,0.0,1.0,222.71,23.71,474.0,2.0,0
0.0,0.0,-14.0,15.0,0.0,4.0,229.65,17.25,1304.0,4.0,0
0.0,0.0,-17.0,11.0,0.0,3.0,190.67,20.68,1620.0,1.0,0
0.0,0.0,-15.0,16.0,0.0,8.0,339.21,38.94,930.0,1.0,0
0.0,0.0,-20.0,8.0,0.0,3.0,233.88,35.88,2010.0,2.0,0
0.0,0.0,-16.0,4.0,0.0,1.0,340.47,10.47,2644.0,6.0,0
0.0,0.0,-44.0,14.0,0.0,2.0,287.56,35.56,924.0,5.0,0
0.0,0.0,-22.0,7.0,0.0,6.0,268.13,38.94,219.5,1.0,1
0.0,0.0,-12.0,4.0,0.0,3.0,314.21,15.21,1479.0,3.0,0
0.0,0.0,-4.0,17.0,0.0,5.0,223.69,38.94,822.0,8.0,0
0.0,0.0,-41.0,9.0,0.0,4.0,221.08,38.94,714.0,1.0,0
0.0,0.0,15.0,36.0,1.0,8.0,348.95500000000004,38.94,1275.0,1.0,0
0.0,0.0,23.0,42.0,1.0,1.0,263.24,13.25,572.0,3.0,1
0.0,0.0,-19.0,11.0,0.0,1.0,204.98,15.08,1271.0,1.0,0
0.0,0.0,-6.0,11.0,0.0,10.0,264.08,34.09,438.0,3.0,0
0.0,0.0,-15.0,11.0,0.0,1.0,210.89,12.89,2876.0,4.0,0
0.0,0.0,4.0,34.0,1.0,8.0,244.14,16.34,529.0,1.0,1
0.0,0.0,-24.0,12.0,0.0,1.0,348.95500000000004,38.94,1066.0,6.0,0
0.0,0.0,-21.0,11.0,0.0,5.0,332.33,38.94,1893.0,1.0,0
0.0,0.0,-24.0,6.0,0.0,8.0,348.95500000000004,38.94,1351.0,7.0,0
0.0,0.0,-23.0,11.0,0.0,2.0,196.03,15.02,2442.0,4.0,0
0.0,0.0,19.0,35.0,1.0,1.0,282.8,38.94,407.0,1.0,1
0.0,0.0,-14.0,8.0,0.0,1.0,234.84,34.94,1159.0,3.0,0
0.0,0.0,-21.0,8.0,0.0,1.0,348.95500000000004,15.14,1920.0,2.0,0
0.0,0.0,-11.0,9.0,0.0,4.0,348.95500000000004,14.35,1496.0,3.0,0
0.0,0.0,-2.0,20.0,0.0,8.0,311.0,38.94,693.0,1.0,0
0.0,0.0,12.0,32.0,1.0,6.0,348.95500000000004,32.36,2636.0,1.0,1
0.0,0.0,-10.0,6.0,0.0,10.0,348.95500000000004,38.94,309.0,1.0,0
0.0,0.0,-3.0,8.0,0.0,3.0,220.28,10.28,417.0,5.0,1
0.0,0.0,-6.0,17.0,0.0,4.0,201.84,31.94,830.0,4.0,0
0.0,0.0,-14.0,11.0,0.0,1.0,348.95500000000004,38.94,348.0,2.0,1
0.0,0.0,-5.0,11.0,0.0,8.0,229.72,9.73,851.0,3.0,0
0.0,0.0,-10.0,14.0,0.0,5.0,348.95500000000004,20.65,3831.0,2.0,1
0.0,0.0,-14.0,7.0,0.0,3.0,211.89,12.89,500.0,1.0,0
0.0,0.0,-21.0,4.0,0.0,10.0,321.34,21.44,289.0,1.0,0
0.0,0.0,-7.0,18.0,0.0,1.0,348.95500000000004,38.94,625.0,1.0,0
0.0,0.0,-10.0,13.0,0.0,10.0,348.95500000000004,27.55,2644.0,6.0,0
0.0,0.0,12.0,31.0,1.0,10.0,348.95500000000004,38.94,1083.0,1.0,1
0.0,0.0,-17.0,6.0,0.0,1.0,348.95500000000004,38.94,2566.0,1.0,0
0.0,0.0,-21.0,9.0,0.0,10.0,214.13,16.14,630.0,6.0,0
0.0,0.0,-9.0,13.0,0.0,3.0,275.34,15.57,606.0,2.0,1
0.0,0.0,0.0,26.0,0.0,1.0,348.95500000000004,38.94,542.0,1.0,1
0.0,0.0,-23.0,8.0,0.0,3.0,348.95500000000004,38.94,424.0,1.0,0
0.0,0.0,9.0,59.0,1.0,5.0,290.74,38.94,1250.0,1.0,1
0.0,0.0,-20.0,6.0,0.0,1.0,348.95500000000004,19.89,609.0,3.0,0
0.0,0.0,-14.0,9.0,0.0,5.0,284.62,16.63,2025.0,2.0,0
0.0,0.0,-1.0,23.0,0.0,1.0,262.27,38.94,748.0,1.0,0
0.0,0.0,-21.0,11.0,0.0,4.0,298.6,38.94,392.3333333333333,3.0,0
0.0,0.0,-8.0,12.0,0.0,4.0,348.95500000000004,22.92,293.0,1.0,0
0.0,0.0,-12.0,10.0,0.0,10.0,252.46,38.94,687.0,3.0,0
0.0,0.0,-17.0,11.0,0.0,8.0,348.95500000000004,27.89,3632.0,4.0,0
0.0,0.0,-7.0,15.0,0.0,1.0,237.61,27.61,1400.0,1.0,0
0.0,0.0,-17.0,12.0,0.0,1.0,348.95500000000004,38.94,316.0,4.0,0
0.0,0.0,-17.0,6.0,0.0,3.0,264.59,19.59,528.0,2.0,0
0.0,0.0,-3.0,27.0,0.0,2.0,196.12,26.22,2290.0,5.0,0
0.0,0.0,2.0,25.0,1.0,3.0,273.83,13.93,293.0,1.0,1
0.0,0.0,-13.0,8.0,0.0,1.0,286.6,29.3,1101.0,2.0,0
0.0,0.0,-9.0,8.0,0.0,4.0,256.59,26.59,770.0,1.0,1
0.0,0.0,-19.0,10.0,0.0,8.0,323.93,24.03,532.0,2.0,0
0.0,0.0,-9.0,7.0,0.0,1.0,348.95500000000004,38.94,653.0,1.5,1
0.0,0.0,-30.0,15.0,0.0,3.0,239.49,38.94,621.0,1.0,0
0.0,0.0,-13.0,11.0,0.0,8.0,346.96,17.06,593.0,2.0,0
0.0,0.0,-12.0,4.0,0.0,2.0,274.85,12.46,770.0,1.0,0
0.0,0.0,-34.0,14.0,0.0,6.0,348.95500000000004,38.94,626.0,1.0,0
0.0,0.0,-11.0,8.0,0.0,10.0,263.8,22.7,603.0,1.0,0
0.0,0.0,-19.0,10.0,0.0,10.0,348.95500000000004,32.48,459.0,3.0,1
0.0,0.0,-6.0,23.0,0.0,1.0,238.41,19.41,439.0,1.0,0
0.0,0.0,-18.0,6.0,0.0,4.0,281.76,16.76,582.0,1.0,0
0.0,0.0,-10.0,20.0,0.0,5.0,348.95500000000004,38.94,1582.0,1.0,0
0.0,0.0,-7.0,22.0,0.0,5.0,250.88,21.88,349.0,10.0,1
0.0,0.0,-9.0,20.0,0.0,1.0,199.67,19.88,176.0,1.0,0
0.0,0.0,-7.0,9.0,0.0,8.0,205.08,13.83,655.0,1.0,0
0.0,0.0,-17.0,7.0,0.0,4.0,336.34,36.6,345.0,1.0,0
0.0,0.0,-22.0,8.0,0.0,5.0,233.06,38.94,403.0,1.0,0
0.0,0.0,-23.0,16.0,0.0,1.0,305.04,38.94,87.5,1.0,0
0.0,0.0,-5.0,12.0,0.0,10.0,348.95500000000004,37.32,1105.0,1.0,0
0.0,0.0,-32.0,10.0,0.0,6.0,348.95500000000004,38.94,2174.0,3.0,0
0.0,0.0,-8.0,4.0,0.0,8.0,348.95500000000004,38.94,1404.0,4.0,0
0.0,0.0,-17.0,5.0,0.0,2.0,264.84,38.94,606.0,2.0,0
0.0,0.0,-12.0,16.0,0.0,4.0,348.95500000000004,38.94,231.0,2.0,0
0.0,0.0,-14.0,14.0,0.0,6.0,328.84,38.94,1061.0,2.0,0
0.0,0.0,-15.0,4.0,0.0,4.0,244.81,24.83,2324.0,1.0,0
0.0,0.0,-8.0,4.0,0.0,6.0,348.95500000000004,10.33,61.0,2.0,0
0.0,0.0,-18.0,8.0,0.0,8.0,348.95500000000004,33.41,1726.0,5.0,0
0.0,0.0,-10.0,14.0,0.0,10.0,201.9,38.94,415.0,6.0,1
0.0,0.0,5.0,30.0,1.0,4.0,209.98,38.94,606.0,3.0,1
0.0,0.0,-11.0,7.0,0.0,1.0,330.38,20.48,1715.0,4.0,0
0.0,0.0,1.0,20.0,1.0,1.0,348.95500000000004,18.73,600.0,3.0,0
0.0,0.0,-11.0,9.0,0.0,3.0,333.09,33.19,725.0,3.0,0
0.0,0.0,-7.0,13.0,0.0,6.0,348.95500000000004,38.94,1181.0,3.0,0
0.0,0.0,-15.0,11.0,0.0,5.0,348.95500000000004,21.69,478.0,2.0,0
0.0,0.0,-52.0,47.0,0.0,3.0,225.24,38.94,455.0,6.0,1
0.0,0.0,-17.0,6.0,0.0,4.0,348.95500000000004,38.94,1352.0,1.0,0
0.0,0.0,-21.0,17.0,0.0,1.0,212.85,38.94,1231.0,6.0,0
0.0,0.0,-24.0,23.0,0.0,8.0,348.95500000000004,19.94,2644.0,6.0,0
0.0,0.0,-21.0,13.0,0.0,12.0,348.95500000000004,21.39,224.0,1.0,0
0.0,0.0,-16.0,15.0,0.0,10.0,348.95500000000004,19.75,1513.0,1.0,0
0.0,0.0,-27.0,7.0,0.0,2.0,348.95500000000004,20.4,674.0,2.0,0
0.0,0.0,0.0,5.0,0.0,10.0,348.95500000000004,12.77,2519.0,8.0,0
0.0,0.0,-12.0,6.0,0.0,5.0,348.95500000000004,13.91,944.0,2.0,0
0.0,0.0,-3.0,16.0,0.0,4.0,284.49,15.49,802.0,2.0,0
0.0,0.0,3.0,24.0,1.0,5.0,348.95500000000004,38.81,421.0,5.0,1
0.0,0.0,-11.0,14.0,0.0,8.0,226.14,26.24,289.0,1.0,0
0.0,0.0,6.0,15.0,1.0,5.0,250.7,20.8,1128.0,2.0,1
0.0,0.0,-35.0,13.0,0.0,10.0,348.95500000000004,24.0,3412.0,2.0,0
0.0,0.0,-10.0,11.0,0.0,1.0,343.77,14.55,1220.0,1.0,0
0.0,0.0,-17.0,6.0,0.0,4.0,229.07,38.94,1023.0,6.0,0
0.0,0.0,-18.0,5.0,0.0,1.0,255.33,15.43,2789.0,1.0,0
0.0,0.0,-15.0,9.0,0.0,2.0,265.88,18.98,2774.0,4.0,0
0.0,0.0,-19.0,8.0,0.0,1.0,243.35,15.35,1153.0,1.0,0
0.0,0.0,-5.0,19.0,0.0,6.0,281.3,22.3,757.0,6.0,0
0.0,0.0,-10.0,3.0,0.0,1.0,244.1,16.1,418.0,1.0,0
0.0,0.0,-17.0,12.0,0.0,1.0,348.95500000000004,38.94,225.0,1.0,0
0.0,0.0,-13.0,18.0,0.0,10.0,225.71,38.94,2188.0,2.0,0
0.0,0.0,-16.0,11.0,0.0,2.0,338.83,38.94,219.0,1.3333333333333333,0
0.0,0.0,-13.0,11.0,0.0,8.0,254.12,14.12,439.0,1.0,1
0.0,0.0,-11.0,5.0,0.0,10.0,316.2,38.94,1396.0,2.0,0
0.0,0.0,-5.0,10.0,0.0,4.0,348.95500000000004,38.94,1377.0,3.0,0
0.0,0.0,-33.0,15.0,0.0,4.0,348.95500000000004,38.92,2304.0,5.0,0
0.0,0.0,-7.0,14.0,0.0,10.0,348.95500000000004,21.45,1792.0,6.0,0
0.0,0.0,6.0,38.0,1.0,5.0,312.49,38.94,756.0,1.0,1
0.0,0.0,-15.0,5.0,0.0,1.0,284.82,35.82,278.0,1.0,0
0.0,0.0,-13.0,14.0,0.0,4.0,264.67,34.77,1608.0,1.0,0
0.0,0.0,-8.0,11.0,0.0,10.0,309.57,24.57,3146.0,6.0,0
0.0,0.0,-20.0,8.0,0.0,10.0,348.95500000000004,38.94,2566.0,1.0,0
0.0,0.0,-6.0,5.0,0.0,1.0,348.95500000000004,16.32,2526.0,3.0,0
0.0,0.0,-8.0,12.0,0.0,1.0,226.72,29.92,676.0,2.0,1
0.0,0.0,36.0,60.0,1.0,1.0,236.56,38.94,2979.0,1.0,1
0.0,0.0,-11.0,9.0,0.0,8.0,342.02,17.02,2644.0,6.0,0
0.0,0.0,-20.0,6.0,0.0,5.0,319.05,38.94,270.0,5.0,0
0.0,0.0,2.0,15.0,1.0,1.0,348.95500000000004,12.07,212.0,2.0,0
0.0,0.0,-10.0,18.0,0.0,5.0,279.29,19.39,980.0,1.0,0
0.0,0.0,-19.0,15.0,0.0,6.0,229.5,29.8,344.0,3.0,0
0.0,0.0,-33.0,11.0,0.0,10.0,348.95500000000004,38.94,2566.0,1.0,0
0.0,0.0,-20.0,8.0,0.0,4.0,348.95500000000004,38.94,268.3333333333333,1.0,0
0.0,0.0,-22.0,9.0,0.0,5.0,276.47,16.57,649.0,3.0,0
0.0,0.0,-14.0,4.0,0.0,1.0,245.59,15.69,1544.0,5.0,0
0.0,0.0,-22.0,10.0,0.0,10.0,222.65,32.85,1143.0,2.0,1
0.0,0.0,-12.0,3.0,0.0,10.0,348.95500000000004,20.54,3902.0,7.0,0
0.0,0.0,-19.0,9.0,0.0,6.0,348.95500000000004,18.21,874.0,1.0,0
0.0,0.0,-1.0,21.0,0.0,10.0,224.71,38.94,2188.0,2.0,0
0.0,0.0,-17.0,5.0,0.0,1.0,303.11,17.21,496.0,2.0,0
0.0,0.0,-33.0,13.0,0.0,1.0,207.97,38.94,780.0,5.0,0
0.0,0.0,5.0,28.0,1.0,1.0,330.08,38.94,674.0,1.0,0
0.0,0.0,-14.0,6.0,0.0,3.0,322.89,22.9,1892.0,4.0,0
0.0,0.0,-3.0,27.0,0.0,1.0,227.12,28.12,2067.0,1.0,0
0.0,0.0,-14.0,11.0,0.0,10.0,348.95500000000004,38.94,1345.0,6.0,0
0.0,0.0,-21.0,23.0,0.0,12.0,348.95500000000004,38.75,986.0,2.0,0
0.0,0.0,-7.0,20.0,0.0,5.0,348.95500000000004,23.27,625.0,1.0,0
0.0,0.0,-10.0,10.0,0.0,10.0,348.95500000000004,19.41,206.0,4.0,0
0.0,0.0,-7.0,18.0,0.0,6.0,298.22,38.94,1002.0,3.0,0
0.0,0.0,-23.0,10.0,0.0,1.0,249.48,19.49,729.0,1.0,1
0.0,0.0,-6.0,15.0,0.0,1.0,348.95500000000004,38.94,871.0,6.0,0
0.0,0.0,-29.0,6.0,0.0,4.0,348.95500000000004,20.92,2120.0,1.0,0
0.0,0.0,-9.0,22.0,0.0,3.0,265.68,14.78,2637.0,3.0,0
0.0,0.0,-6.0,15.0,0.0,10.0,229.69,38.94,1189.0,3.0,0
0.0,0.0,-6.0,15.0,0.0,1.0,293.36,13.46,556.0,2.0,0
0.0,0.0,-8.0,18.0,0.0,3.0,348.95500000000004,20.33,598.0,2.0,1
0.0,0.0,-14.0,8.0,0.0,7.0,348.95500000000004,38.94,3610.0,4.0,0
0.0,0.0,-13.0,12.0,0.0,6.0,319.11,38.94,266.0,3.0,0
0.0,0.0,-17.0,2.0,0.0,5.0,270.07,38.94,498.0,4.0,0
0.0,0.0,-10.0,4.0,0.0,4.0,309.8,10.8,1479.0,3.0,1
0.0,0.0,-13.0,6.0,0.0,8.0,330.95,11.05,237.0,1.0,0
0.0,0.0,-17.0,10.0,0.0,1.0,328.67,38.94,266.0,3.0,0
0.0,0.0,-12.0,13.0,0.0,1.0,348.95500000000004,17.17,654.0,3.0,0
0.0,0.0,-9.0,15.0,0.0,4.0,218.55,18.65,325.0,1.0,0
0.0,0.0,-19.0,18.0,0.0,2.0,298.98,27.98,435.0,1.0,0
0.0,0.0,-21.0,7.0,0.0,7.0,348.95500000000004,27.64,460.0,2.0,0
0.0,0.0,-20.0,3.0,0.0,9.0,231.62,38.94,2116.0,2.0,0
0.0,0.0,-9.0,7.0,0.0,8.0,348.95500000000004,38.94,2868.0,3.0,0
0.0,0.0,-15.0,13.0,0.0,8.0,323.54,38.94,1277.0,1.0,0
0.0,0.0,12.0,44.0,1.0,2.0,348.95500000000004,36.07,2644.0,6.0,1
0.0,0.0,0.0,28.0,0.0,1.0,225.8,38.94,1135.0,1.0,0
0.0,0.0,-14.0,3.0,0.0,5.0,262.68,34.68,771.0,1.0,0
0.0,0.0,-3.0,4.0,0.0,4.0,348.95500000000004,38.94,1343.0,10.0,1
0.0,0.0,-9.0,23.0,0.0,6.0,319.94,24.94,92.0,1.0,0
0.0,0.0,-11.0,15.0,0.0,6.0,348.95500000000004,38.94,643.0,1.0,0
0.0,0.0,-18.0,6.0,0.0,10.0,327.05,14.15,461.0,4.0,0
0.0,0.0,-4.0,3.0,0.0,1.0,348.95500000000004,29.56,698.0,3.0,0
0.0,0.0,-16.0,4.0,0.0,8.0,348.95500000000004,29.7,363.0,1.0,0
0.0,0.0,-25.0,4.0,0.0,4.0,313.75,14.75,717.0,1.0,0
0.0,0.0,-21.0,8.0,0.0,1.0,254.31,24.41,1519.0,2.0,0
0.0,0.0,-13.0,1.0,0.0,4.0,348.95500000000004,38.94,1933.0,4.0,0
0.0,0.0,-16.0,6.0,0.0,2.0,271.24,31.44,178.0,1.0,0
0.0,0.0,-12.0,10.0,0.0,4.0,348.95500000000004,38.94,925.0,5.0,0
0.0,0.0,-12.0,22.0,0.0,3.0,247.47,17.48,729.0,1.0,0
0.0,0.0,-6.0,10.0,0.0,1.0,206.01,32.21,210.5,1.0,0
0.0,0.0,-10.0,5.0,0.0,10.0,348.95500000000004,38.94,2411.0,2.0,0
0.0,0.0,-20.0,8.0,0.0,3.0,292.7,37.8,1243.0,1.0,0
0.0,0.0,-25.0,8.0,0.0,2.0,283.36,38.94,1034.0,2.0,0
0.0,0.0,-7.0,14.0,0.0,2.0,240.12,15.32,601.0,2.0,0
0.0,0.0,-27.0,12.0,0.0,5.0,205.76,17.76,465.0,1.0,0
0.0,0.0,3.0,35.0,1.0,3.0,183.53,35.529999999999994,175.5,3.0,1
0.0,0.0,-25.0,6.0,0.0,5.0,348.95500000000004,37.43,504.0,6.0,0
0.0,0.0,-32.0,10.0,0.0,4.0,247.7,38.94,528.0,1.0,0
0.0,0.0,-11.0,12.0,0.0,6.0,348.95500000000004,16.19,501.0,4.0,0
0.0,0.0,-5.0,25.0,0.0,3.0,348.95500000000004,38.94,449.0,1.0,1
0.0,0.0,-17.0,9.0,0.0,10.0,348.95500000000004,38.94,1308.0,4.0,0
0.0,0.0,-21.0,6.0,0.0,3.0,324.6,38.94,266.0,3.0,0
0.0,0.0,-13.0,16.0,0.0,10.0,348.95500000000004,17.9,177.0,1.0,0
0.0,0.0,-20.0,6.0,0.0,3.0,324.63,38.94,390.0,3.0,0
0.0,0.0,-12.0,5.0,0.0,8.0,336.33,17.33,389.0,1.0,0
0.0,0.0,-24.0,6.0,0.0,1.0,348.95500000000004,28.39,2347.0,3.0,0
0.0,0.0,-7.0,11.0,0.0,6.0,348.95500000000004,24.25,705.0,2.0,0
0.0,0.0,-26.0,13.0,0.0,10.0,348.95500000000004,38.94,60.0,1.0,0
0.0,0.0,-14.0,3.0,0.0,5.0,213.95,12.61,558.0,1.0,0
0.0,0.0,-10.0,14.0,0.0,1.0,205.28,27.28,241.0,3.0,0
0.0,0.0,-9.0,17.0,0.0,6.0,278.06,28.07,465.0,1.0,0
0.0,0.0,-20.0,13.0,0.0,2.0,348.95500000000004,21.31,500.0,1.0,0
0.0,0.0,-1.0,20.0,0.0,1.0,346.86,38.94,729.0,1.0,0
0.0,0.0,4.0,43.0,1.0,10.0,279.94,30.94,1487.0,6.0,1
0.0,0.0,-31.0,10.0,0.0,9.0,258.23,38.23,3858.0,3.0,0
0.0,0.0,21.0,43.0,1.0,8.0,205.31,36.31,661.0,3.0,1
0.0,0.0,1.0,8.0,1.0,5.0,309.62,14.72,359.0,1.0,0
0.0,0.0,-9.0,3.0,0.0,3.0,313.85,28.85,1297.0,3.0,0
0.0,0.0,-11.0,4.0,0.0,3.0,244.15,14.16,934.0,1.0,0
0.0,0.0,2.0,27.0,1.0,6.0,214.31,14.42,279.0,1.0,0
0.0,0.0,6.0,21.0,1.0,10.0,340.49,10.5,1222.0,2.0,1
0.0,0.0,-83.0,11.0,0.0,2.0,213.58,38.94,241.0,5.0,0
0.0,0.0,-20.0,4.0,0.0,1.0,215.99,38.94,991.0,3.0,1
0.0,0.0,-27.0,9.0,0.0,10.0,348.95500000000004,38.94,986.0,2.0,0
0.0,0.0,-7.0,12.0,0.0,1.0,334.82,38.94,993.5,1.0,0
0.0,0.0,-26.0,15.0,0.0,10.0,348.95500000000004,38.94,782.0,4.0,0
0.0,0.0,-6.0,5.0,0.0,3.0,243.51,25.61,1348.0,1.0,0
0.0,0.0,-15.0,16.0,0.0,1.0,261.33,28.58,1799.0,3.0,0
0.0,0.0,-27.0,11.0,0.0,1.0,239.56,38.94,330.0,1.0,0
0.0,0.0,-15.0,10.0,0.0,1.0,259.68,19.78,1304.0,1.0,0
0.0,0.0,-13.0,3.0,0.0,4.0,348.95500000000004,35.36,2245.0,1.0,1
0.0,0.0,-14.0,6.0,0.0,1.0,317.57,18.57,2059.0,3.0,0
0.0,0.0,15.0,37.0,1.0,5.0,335.86,35.86,1341.0,6.0,0
0.0,0.0,11.0,34.0,1.0,10.0,348.95500000000004,19.64,2300.0,2.0,1
0.0,0.0,-14.0,9.0,0.0,1.0,244.54,38.94,254.0,2.0,0
0.0,0.0,0.0,7.0,0.0,2.0,329.98,10.98,1914.0,5.0,0
0.0,0.0,-6.0,20.0,0.0,1.0,328.4,28.42,499.0,1.0,1
0.0,0.0,-18.0,9.0,0.0,12.0,251.28,32.28,698.0,1.0,0
0.0,0.0,0.0,28.0,0.0,1.0,266.18,38.94,1157.0,1.0,0
0.0,0.0,-20.0,14.0,0.0,4.0,224.27,24.27,684.0,2.0,0
0.0,0.0,-11.0,3.0,0.0,7.0,348.95500000000004,38.41,432.0,1.0,1
0.0,0.0,-38.0,63.0,0.0,1.0,225.24,38.94,455.0,6.0,0
0.0,0.0,-14.0,31.0,0.0,1.0,292.42,38.94,513.0,2.0,0
0.0,0.0,-20.0,4.0,0.0,5.0,348.95500000000004,38.94,769.0,1.0,0
0.0,0.0,-7.0,7.0,0.0,1.0,348.95500000000004,38.94,1815.0,8.0,0
0.0,0.0,3.0,13.0,1.0,3.0,347.41,17.41,2644.0,6.0,0
0.0,0.0,-2.0,24.0,0.0,4.0,239.1,19.11,675.0,3.0,0
0.0,0.0,-8.0,16.0,0.0,2.0,296.73,16.84,936.0,2.0,0
0.0,0.0,-32.0,8.0,0.0,1.0,344.94,38.94,1227.0,1.0,0
0.0,0.0,-4.0,24.0,0.0,5.0,317.24,38.94,1202.0,1.0,0
0.0,0.0,-14.0,4.0,0.0,5.0,246.99,37.29,903.0,6.0,0
0.0,0.0,-8.0,14.0,0.0,10.0,348.95500000000004,17.2,1174.0,1.0,0
0.0,0.0,-17.0,9.0,0.0,2.0,217.06,19.26,612.0,1.0,0
0.0,0.0,-2.0,23.0,0.0,8.0,348.95500000000004,38.94,3611.0,4.0,0
0.0,0.0,-15.0,6.0,0.0,6.0,348.95500000000004,36.74,1212.0,4.0,0
0.0,0.0,-18.0,6.0,0.0,3.0,348.95500000000004,14.78,1482.0,3.0,0
0.0,0.0,-10.0,21.0,0.0,6.0,348.95500000000004,36.6,588.0,2.0,0
0.0,0.0,-6.0,23.0,0.0,2.0,295.52,35.62,649.0,3.0,0
0.0,0.0,-21.0,3.0,0.0,10.0,348.95500000000004,38.94,418.0,1.0,1
0.0,0.0,-14.0,5.0,0.0,1.0,264.09,14.19,2165.0,2.0,0
0.0,0.0,-7.0,20.0,0.0,1.0,312.49,38.94,771.0,1.0,0
0.0,0.0,-14.0,14.0,0.0,1.0,347.06,38.94,268.0,1.0,1
0.0,0.0,-11.0,10.0,0.0,1.0,348.95500000000004,14.8,2760.0,3.0,0
0.0,0.0,-19.0,6.0,0.0,1.0,209.41,19.41,3270.0,4.0,0
0.0,0.0,-12.0,6.0,0.0,16.0,348.95500000000004,38.94,202.66666666666666,1.0,0
0.0,0.0,-23.0,19.0,0.0,8.0,348.95500000000004,38.94,543.0,1.0,0
0.0,0.0,-14.0,15.0,0.0,2.0,348.95500000000004,38.94,906.0,3.0,0
0.0,0.0,-13.0,5.0,0.0,5.0,284.9,35.91,526.0,2.0,0
0.0,0.0,-28.0,4.0,0.0,2.0,248.48,28.49,1195.0,5.0,0
0.0,0.0,-6.0,15.0,0.0,10.0,268.45,38.94,1621.0,2.0,1
0.0,0.0,-18.0,6.0,0.0,2.5,242.33999999999997,38.94,1008.6666666666666,3.0,0
0.0,0.0,9.0,40.0,1.0,4.0,200.33,38.94,1207.0,1.0,1
0.0,0.0,-19.0,16.0,0.0,1.0,348.95500000000004,38.94,606.0,2.0,0
0.0,0.0,-12.0,20.0,0.0,7.0,231.9,38.9,929.0,1.0,0
0.0,0.0,-6.0,7.0,0.0,4.0,315.16,18.27,1026.0,3.0,0
0.0,0.0,-15.0,19.0,0.0,8.0,236.97,17.97,617.0,2.0,0
0.0,0.0,-21.0,10.0,0.0,1.0,348.95500000000004,29.62,247.0,3.0,0
0.0,0.0,-23.0,10.0,0.0,8.0,348.95500000000004,17.66,625.0,1.0,0
0.0,0.0,-17.0,9.0,0.0,1.0,328.62,21.12,2377.0,2.0,0
0.0,0.0,17.0,44.0,1.0,1.0,348.95500000000004,38.71,1447.0,5.0,1
0.0,0.0,0.0,36.0,0.0,1.0,237.9,27.91,516.0,1.0,0
0.0,0.0,-11.0,22.0,0.0,1.0,331.26,38.94,507.0,5.0,1
0.0,0.0,-28.0,12.0,0.0,3.0,305.44,26.44,603.0,3.0,0
0.0,0.0,-14.0,7.0,0.0,6.0,348.95500000000004,38.94,650.0,1.0,0
0.0,0.0,6.0,27.0,1.0,3.0,348.95500000000004,28.75,1849.0,3.0,1
0.5,0.5,0.0,25.0,0.0,1.0,697.9100000000001,56.099999999999994,740.5,1.5,1
0.0,0.0,-17.0,6.0,0.0,8.0,348.95500000000004,24.82,398.0,3.0,0
0.0,0.0,-6.0,13.0,0.0,5.0,348.95500000000004,37.95,1800.0,7.0,0
0.0,0.0,-11.0,12.0,0.0,1.0,193.46,18.47,511.0,6.0,0
0.0,0.0,-13.0,13.0,0.0,5.0,275.69,16.69,243.0,2.0,0
0.0,0.0,-18.0,9.0,0.0,4.0,305.68,15.78,2848.0,2.0,0
0.0,0.0,-15.0,14.0,0.0,1.0,261.96,38.94,1018.0,1.0,0
0.0,0.0,-19.0,3.0,0.0,4.0,348.95500000000004,16.61,3902.0,7.0,0
0.0,0.0,-14.0,16.0,0.0,6.0,348.95500000000004,38.94,310.0,2.0,0
0.0,0.0,-20.0,10.0,0.0,2.0,348.95500000000004,38.94,266.0,3.0,1
0.0,0.0,10.0,31.0,1.0,2.5,328.38,17.39,388.0,3.0,1
0.0,0.0,-21.0,7.0,0.0,1.0,262.24,13.24,1099.0,1.0,0
0.0,0.0,-33.0,9.0,0.0,5.0,348.95500000000004,38.94,1543.0,2.0,0
0.0,0.0,5.0,13.0,1.0,8.0,348.95500000000004,38.94,1404.0,4.0,1
0.0,0.0,3.0,23.0,1.0,8.0,191.17,38.94,485.0,5.0,1
0.0,0.0,-21.0,6.0,0.0,6.0,239.41,19.42,353.0,1.0,0
0.0,0.0,85.0,106.0,1.0,10.0,348.95500000000004,38.94,332.0,1.0,1
0.0,0.0,-15.0,13.0,0.0,3.0,232.88,27.98,1100.0,6.0,1
0.0,0.0,-4.0,7.0,0.0,2.0,235.92,15.28,919.0,1.0,0
0.0,0.0,-46.0,9.0,0.0,1.0,348.95500000000004,24.38,625.0,1.0,0
0.0,0.0,-14.0,10.0,0.0,1.0,234.46,14.56,236.0,1.0,0
0.0,0.0,-11.0,17.0,0.0,3.0,297.43,28.43,305.0,3.0,0
0.0,0.0,-12.0,22.0,0.0,1.0,216.54,38.94,694.0,1.0,0
0.0,0.0,-22.0,14.0,0.0,1.0,230.36,38.94,437.0,4.0,0
0.0,0.0,-13.0,8.0,0.0,5.0,250.4,38.94,1161.0,10.0,0
0.0,0.0,-16.0,21.0,0.0,8.0,348.95500000000004,38.94,600.0,3.0,0
0.0,0.0,-14.0,29.0,0.0,10.0,348.95500000000004,23.76,2569.0,2.0,0
0.0,0.0,-25.0,13.0,0.0,2.0,348.95500000000004,25.45,1177.0,8.0,0
0.0,0.0,-20.0,8.0,0.0,1.0,348.95500000000004,38.94,490.0,1.0,0
0.0,0.0,-26.0,8.0,0.0,4.0,216.64,17.64,330.0,1.0,0
0.0,0.0,-8.0,15.0,0.0,4.0,348.95500000000004,38.94,1893.0,1.0,1
0.0,0.0,-12.0,8.0,0.0,8.0,320.1,20.2,344.0,2.0,0
0.0,0.0,-21.0,15.0,0.0,1.0,286.25,38.94,2115.0,1.0,0
0.0,0.0,-14.0,5.0,0.0,2.0,348.95500000000004,20.52,379.0,1.0,0
0.0,0.0,-19.0,5.0,0.0,7.0,329.1,25.1,2894.0,1.0,0
0.0,0.0,-2.0,21.0,0.0,5.0,348.95500000000004,38.94,316.0,1.0,1
0.0,0.0,1.0,6.0,1.0,2.0,339.67,38.94,549.0,3.0,0
0.0,0.0,-28.0,21.0,0.0,1.0,348.95500000000004,23.95,332.0,1.0,0
0.0,0.0,-17.0,4.0,0.0,10.0,287.27,38.94,769.0,1.0,0
0.0,0.0,-11.0,17.0,0.0,1.0,348.95500000000004,38.94,344.0,5.0,0
0.0,0.0,-15.0,6.0,0.0,1.0,296.28,38.94,1126.0,3.0,1
0.0,0.0,-26.0,6.0,0.0,1.0,348.95500000000004,19.75,1513.0,1.0,0
0.0,0.0,-14.0,13.0,0.0,1.0,206.87,31.97,828.0,4.0,0
0.0,0.0,-9.0,6.0,0.0,4.0,348.95500000000004,38.94,624.0,2.0,0
0.0,0.0,-25.0,6.0,0.0,2.0,348.95500000000004,38.94,504.0,1.5,1
0.0,0.0,-17.0,13.0,0.0,10.0,217.74,17.84,339.0,1.0,1
0.0,0.0,-14.0,5.0,0.0,1.0,348.95500000000004,29.49,1297.0,3.0,0
0.0,0.0,-17.0,7.0,0.0,3.0,348.95500000000004,22.57,1105.0,1.0,0
0.0,0.0,-25.0,4.0,0.0,2.0,332.14,33.14,896.0,5.0,0
0.0,0.0,-23.0,9.0,0.0,10.0,307.27,28.27,472.0,4.0,0
0.0,0.0,-20.0,3.0,0.0,8.0,219.77,28.78,343.5,1.0,0
0.0,0.0,-8.0,11.0,0.0,1.0,348.95500000000004,37.27,1176.0,3.0,0
0.0,0.0,-11.0,2.0,0.0,6.0,348.95500000000004,29.58,1135.0,5.0,0
0.0,0.0,-6.0,19.0,0.0,1.0,348.95500000000004,38.94,1043.0,2.0,0
0.0,0.0,-1.0,11.0,0.0,3.0,210.7,10.81,235.0,1.0,0
0.0,0.0,-15.0,12.0,0.0,10.0,348.95500000000004,38.94,660.0,5.0,0
0.0,0.0,-10.0,2.0,0.0,6.0,348.95500000000004,26.73,965.0,3.0,0
0.0,0.0,-20.0,15.0,0.0,5.0,217.78,38.94,621.0,1.0,0
0.0,0.0,-1.0,22.0,0.0,2.0,332.8,38.94,289.0,1.0,0
0.0,0.0,-14.0,2.0,0.0,3.0,348.95500000000004,38.94,1404.0,4.0,0
0.0,0.0,-11.0,12.0,0.0,3.0,235.61,25.62,940.0,1.0,0
0.0,0.0,-18.0,7.0,0.0,1.0,271.89,16.89,246.0,1.0,0
0.0,0.0,-27.0,7.0,0.0,3.0,249.49,19.49,866.0,1.0,0
0.0,0.0,-6.0,20.0,0.0,1.0,348.95500000000004,19.88,1075.0,4.0,1
0.0,0.0,-15.0,10.0,0.0,1.0,335.47,24.47,545.0,3.0,0
0.0,0.0,5.0,32.0,1.0,1.0,312.42,22.52,753.0,4.0,1
0.0,0.0,-14.0,10.0,0.0,1.0,216.22,36.42,495.0,6.0,0
0.0,0.0,-3.0,22.0,0.0,3.0,293.7,16.7,391.0,3.0,0
0.0,0.0,-19.0,16.0,0.0,10.0,348.95500000000004,38.94,1411.0,1.0,0
0.0,0.0,-13.0,8.0,0.0,10.0,212.95,38.94,751.0,1.0,0
0.0,0.0,-4.0,18.0,0.0,3.0,261.72,36.72,1226.0,4.0,0
0.0,0.0,-9.0,2.0,0.0,1.0,348.95500000000004,9.7,605.0,2.0,0
0.0,0.0,-37.0,6.0,0.0,3.0,268.2,38.94,1132.0,8.0,0
0.0,0.0,-14.0,13.0,0.0,1.0,348.95500000000004,21.25,874.0,2.0,0
0.0,0.0,-20.0,9.0,0.0,2.0,193.46,38.94,355.0,1.0,0
0.0,0.0,14.0,38.0,1.0,4.0,268.13,38.94,722.0,1.0,1
0.0,0.0,-9.0,14.0,0.0,10.0,348.95500000000004,38.94,554.0,4.0,0
0.0,0.0,-1.0,8.0,0.0,5.0,335.32,38.94,999.0,5.0,0
0.0,0.0,-3.0,12.0,0.0,1.0,216.47,29.48,380.5,1.0,0
0.0,0.0,36.0,70.0,1.0,4.0,270.54,22.54,750.0,1.0,1
0.0,0.0,-35.0,26.0,0.0,10.0,227.26,16.36,674.0,2.0,1
0.0,0.0,-6.0,4.0,0.0,1.0,348.95500000000004,30.06,2352.0,3.0,0
0.0,0.0,-12.0,2.0,0.0,5.0,264.52,24.62,1505.0,1.0,0
0.0,0.0,-21.0,8.0,0.0,2.0,321.48,38.94,1202.0,1.0,1
0.0,0.0,-1.0,23.0,0.0,2.0,243.45,19.45,582.0,1.0,1
0.0,0.0,-25.0,4.0,0.0,8.0,348.95500000000004,20.62,2711.0,1.0,0
0.0,0.0,-15.0,6.0,0.0,8.0,218.27,19.27,803.0,1.0,0
0.0,0.0,-19.0,11.0,0.0,1.0,348.95500000000004,38.94,1124.0,1.0,0
0.0,0.0,-17.0,5.0,0.0,8.0,348.95500000000004,16.25,534.0,1.0,0
0.0,0.0,-9.0,18.0,0.0,3.0,217.64,18.64,345.0,9.0,0
0.0,0.0,-19.0,7.0,0.0,6.0,253.84,38.94,450.0,1.0,0
0.0,0.0,-13.0,11.0,0.0,1.0,271.29,38.94,629.0,1.0,0
0.0,0.0,47.0,70.0,1.0,6.0,319.11,38.94,266.0,3.0,1
0.0,0.0,-9.0,17.0,0.0,4.0,348.95500000000004,38.94,269.0,1.0,0
0.0,0.0,-1.0,22.0,0.0,1.0,331.4,31.6,425.0,2.0,0
0.0,0.0,-24.0,7.0,0.0,1.0,287.96,15.96,2115.0,1.0,1
0.0,0.0,-11.0,19.0,0.0,8.0,348.95500000000004,38.94,236.0,1.0,0
0.0,0.0,-14.0,9.0,0.0,10.0,348.95500000000004,21.02,1588.0,4.0,0
0.0,0.0,-13.0,4.0,0.0,8.0,234.77,9.77,333.0,1.0,0
0.0,0.0,-2.0,8.0,0.0,1.0,233.45,13.45,612.0,7.0,0
0.0,0.0,-21.0,8.0,0.0,8.0,348.95500000000004,20.09,742.0,1.0,0
0.0,0.0,-5.0,4.0,0.0,3.0,266.28,16.28,408.0,2.0,0
0.0,0.0,-13.0,9.0,0.0,5.0,348.95500000000004,23.68,879.0,5.0,0
0.0,0.0,-4.0,13.0,0.0,1.0,249.8,13.9,1892.0,4.0,0
0.0,0.0,-14.0,17.0,0.0,4.0,348.95500000000004,38.94,568.0,3.0,0
0.0,0.0,-9.0,6.0,0.0,1.0,272.64,38.94,312.0,5.0,0
0.0,0.0,-12.0,6.0,0.0,2.0,322.89,22.9,1892.0,4.0,0
0.0,0.0,-1.0,15.0,0.0,5.0,269.28,19.63,789.0,3.0,1
0.0,0.0,-17.0,15.0,0.0,8.0,348.95500000000004,38.94,2098.0,4.0,0
0.0,0.0,-4.0,16.0,0.0,6.0,348.95500000000004,26.76,1244.0,7.0,0
0.0,0.0,32.0,72.0,1.0,2.0,296.40999999999997,38.94,1194.0,1.0,1
0.0,0.0,-18.0,9.0,0.0,10.0,348.95500000000004,26.86,936.0,3.0,0
0.0,0.0,-9.0,18.0,0.0,3.0,240.08,21.08,453.0,2.0,1
0.0,0.0,-12.0,17.0,0.0,3.0,211.85,38.94,828.0,4.0,0
0.0,0.0,-13.0,22.0,0.0,1.0,348.95500000000004,31.98,3890.0,2.0,0
0.0,0.0,5.0,30.0,1.0,4.0,268.98,19.98,214.0,1.0,1
0.0,0.0,-14.0,15.0,0.0,4.0,309.5,19.6,605.0,5.0,0
0.0,0.0,5.0,37.0,1.0,4.0,348.95500000000004,38.94,1067.0,1.0,1
0.0,0.0,-15.0,7.0,0.0,10.0,348.95500000000004,38.94,1584.0,5.0,0
0.0,0.0,1.0,23.0,1.0,1.0,348.95500000000004,26.01,1670.0,5.0,1
0.0,0.0,-13.0,8.0,0.0,8.0,348.95500000000004,38.94,3610.0,4.0,0
0.0,0.0,-6.0,19.0,0.0,5.0,347.0,18.0,718.0,2.0,0
0.0,0.0,-20.0,2.0,0.0,8.0,348.95500000000004,11.16,2101.0,4.0,0
0.0,0.0,-18.0,10.0,0.0,10.0,348.95500000000004,17.26,208.0,4.0,1
0.0,0.0,-18.0,12.0,0.0,5.0,274.89,24.9,1638.0,2.0,0
0.0,0.0,-17.0,11.0,0.0,10.0,304.73,24.83,2378.0,1.0,0
0.0,0.0,-3.0,13.0,0.0,3.0,348.95500000000004,35.1,1314.0,4.0,0
0.0,0.0,-23.0,10.0,0.0,1.0,285.98,29.98,686.0,1.0,0
0.0,0.0,-18.0,26.0,0.0,2.0,348.95500000000004,38.94,92.0,2.0,0
0.0,0.0,-8.0,8.0,0.0,3.0,310.85,38.94,582.0,1.0,0
0.0,0.0,-2.0,24.0,0.0,5.0,244.8,33.0,259.0,1.0,0
0.0,0.0,-27.0,10.0,0.0,1.0,348.95500000000004,38.94,2554.0,3.0,0
0.0,0.0,-15.0,14.0,0.0,2.0,348.95500000000004,38.94,813.0,1.0,0
0.0,0.0,-7.0,15.0,0.0,2.0,201.74,21.75,432.0,2.0,0
0.0,0.0,-13.0,10.0,0.0,1.0,319.11,38.94,266.0,3.0,0
0.0,0.0,-21.0,8.0,0.0,3.0,266.49,16.5,551.0,2.0,0
0.0,0.0,-10.0,13.0,0.0,3.0,266.89,20.27,1246.0,1.0,0
0.0,0.0,-24.0,9.0,0.0,1.5,348.95500000000004,38.94,270.0,5.0,1
0.0,0.0,-7.0,20.0,0.0,8.0,195.9,16.01,623.0,2.0,0
0.0,0.0,-20.0,4.0,0.0,4.0,348.95500000000004,38.94,526.5,1.5,1
0.0,0.0,-8.0,21.0,0.0,10.0,221.79,21.89,289.0,1.0,0
0.0,0.0,-14.0,12.0,0.0,3.0,225.96,38.94,485.0,5.0,0
0.0,0.0,-2.0,17.0,0.0,6.0,348.95500000000004,38.94,243.0,2.0,0
0.0,0.0,-7.0,19.0,0.0,3.0,260.0,38.94,1161.0,10.0,0
0.0,0.0,7.0,37.0,1.0,1.0,330.12,38.94,214.0,1.0,1
0.0,0.0,-11.0,8.0,0.0,2.0,348.95500000000004,37.27,1176.0,3.0,0
0.0,0.0,-15.0,19.0,0.0,1.0,348.95500000000004,38.94,1372.0,5.0,0
0.0,0.0,-5.0,14.0,0.0,2.0,221.47,22.47,1058.0,2.0,0
0.0,0.0,-9.0,9.0,0.0,10.0,223.4,26.06,244.0,1.0,0
0.0,0.0,-23.0,15.0,0.0,1.0,223.89,23.9,515.0,2.0,0
0.0,0.0,-10.0,13.0,0.0,2.0,200.52,18.52,1256.0,1.0,0
0.0,0.0,-11.0,1.0,0.0,9.0,348.95500000000004,38.94,364.0,3.0,0
0.0,0.0,-21.0,4.0,0.0,1.0,278.54,38.94,1274.0,2.0,0
0.0,0.0,-16.0,8.0,0.0,5.0,237.07,17.17,253.0,1.0,0
0.0,0.0,-18.0,9.0,0.0,1.0,335.31,38.94,786.0,5.0,0
0.0,0.0,-23.0,18.0,0.0,5.0,291.5,37.1,347.0,1.0,1
0.0,0.0,-10.0,12.0,0.0,1.0,291.66,16.67,2374.0,3.0,0
0.0,0.0,-24.0,8.0,0.0,4.0,206.08,16.08,261.0,1.0,0
0.0,0.0,-4.0,13.0,0.0,8.0,348.95500000000004,38.94,267.0,3.0,0
0.0,0.0,-18.0,11.0,0.0,10.0,348.95500000000004,38.94,2082.0,1.0,0
0.0,0.0,9.0,36.0,1.0,6.0,206.84,36.85,1350.0,1.0,1
0.0,0.0,7.0,32.0,1.0,1.0,348.95500000000004,21.8,913.0,3.0,1
0.0,0.0,-14.0,10.0,0.0,8.0,283.97,16.97,3580.0,1.0,0
0.0,0.0,11.0,34.0,1.0,5.0,344.55,19.55,2644.0,6.0,1
0.0,0.0,3.0,23.0,1.0,7.0,348.95500000000004,38.94,606.0,2.0,1
0.0,0.0,-9.0,13.0,0.0,8.0,348.95500000000004,27.81,2352.0,3.0,1
0.0,0.0,-16.0,14.0,0.0,2.0,225.71,38.94,2188.0,2.0,0
0.0,0.0,-48.0,11.0,0.0,10.0,348.95500000000004,19.95,504.0,3.0,1
0.0,0.0,-6.0,35.0,0.0,1.0,224.17,24.27,904.0,1.0,1
0.0,0.0,-26.0,10.0,0.0,8.0,216.13,16.15,447.0,2.0,0
0.0,0.0,-3.0,15.0,0.0,1.0,348.95500000000004,38.94,837.0,2.0,0
0.0,0.0,-15.0,13.0,0.0,1.0,248.76,18.86,926.0,5.0,0
0.0,0.0,-19.0,10.0,0.0,4.0,348.95500000000004,19.76,359.0,4.0,0
0.0,0.0,-33.0,38.0,0.0,15.0,206.84,36.85,1350.0,1.0,1
0.0,0.0,-9.0,9.0,0.0,8.0,348.95500000000004,19.31,224.0,3.0,0
0.0,0.0,-13.0,3.0,0.0,10.0,348.95500000000004,38.94,1549.0,1.0,0
0.0,0.0,-16.0,5.0,0.0,1.0,314.66,14.76,501.0,4.0,0
0.0,0.0,-15.0,8.0,0.0,5.0,227.97,38.94,485.0,5.0,0
0.0,0.0,-22.0,18.0,0.0,4.0,274.56,34.56,901.0,1.0,0
0.0,0.0,-7.0,9.0,0.0,8.0,348.95500000000004,16.57,1654.0,3.0,0
0.0,0.0,-2.0,14.0,0.0,1.0,348.95500000000004,38.94,1105.0,1.0,0
0.0,0.0,8.0,39.0,1.0,2.0,185.94,16.94,565.0,1.0,1
0.0,0.0,-20.0,13.0,0.0,3.0,246.99,38.94,583.0,1.0,0
0.0,0.0,-16.0,14.0,0.0,1.0,225.67,26.67,1958.0,1.0,0
0.0,0.0,-19.0,4.0,0.0,5.0,348.95500000000004,38.94,2083.0,3.0,1
0.0,0.0,-7.0,21.0,0.0,5.0,224.91,38.94,1147.0,1.0,0
0.0,0.0,-5.0,7.0,0.0,1.0,322.38,23.02,358.0,3.0,0
0.0,0.0,-13.0,3.0,0.0,5.0,247.54,8.54,439.0,1.0,0
0.0,0.0,-5.0,10.0,0.0,4.0,285.48,10.49,2374.0,3.0,0
0.0,0.0,-8.0,7.0,0.0,5.0,348.95500000000004,11.4,168.0,1.0,1
0.0,0.0,-36.0,19.0,0.0,3.0,348.95500000000004,38.94,802.0,1.0,1
0.0,0.0,-16.0,10.0,0.0,5.5,348.95500000000004,38.94,236.0,1.0,1
0.0,0.0,-15.0,13.0,0.0,8.0,348.95500000000004,19.66,387.0,3.0,0
0.0,0.0,-37.0,13.0,0.0,3.0,328.35,28.36,470.0,2.0,0
0.0,0.0,-14.0,14.0,0.0,1.0,292.22,31.32,834.0,2.0,0
0.0,0.0,-10.0,9.0,0.0,3.0,304.47,38.94,338.0,3.0,0
0.0,0.0,13.0,38.0,1.0,8.0,348.95500000000004,17.54,1209.0,1.0,1
0.0,0.0,-10.0,8.0,0.0,2.0,214.04,38.94,829.0,1.0,1
0.0,0.0,-11.0,2.0,0.0,10.0,194.08,14.09,432.0,2.0,0
0.0,0.0,-11.0,4.0,0.0,2.0,348.95500000000004,38.94,1343.0,10.0,0
0.0,0.0,-17.0,1.0,0.0,3.0,224.01,14.02,617.0,2.0,0
0.0,0.0,-10.0,2.0,0.0,8.0,348.95500000000004,14.04,625.0,1.0,0
0.0,0.0,-9.0,7.0,0.0,8.0,348.95500000000004,13.27,175.0,1.0,0
0.0,0.0,-7.0,3.0,0.0,1.0,348.95500000000004,12.99,1083.0,4.0,0
0.0,0.0,-21.0,6.0,0.0,1.0,348.95500000000004,38.94,1849.0,3.0,0
0.0,0.0,-11.0,4.0,0.0,8.0,348.95500000000004,38.94,219.0,1.0,0
0.0,0.0,-7.0,14.0,0.0,1.0,237.07,24.07,855.0,2.0,0
0.0,0.0,4.0,24.0,1.0,8.0,348.95500000000004,20.4,703.0,1.0,1
0.0,0.0,-15.0,7.0,0.0,10.0,348.95500000000004,16.52,724.0,1.0,0
0.0,0.0,-23.0,20.0,0.0,4.0,218.48,38.94,634.5,4.5,1
0.0,0.0,-3.0,5.0,0.0,1.0,348.95500000000004,38.94,2424.0,4.0,1
0.0,0.0,-28.0,19.0,0.0,3.0,348.95500000000004,31.58,625.0,1.0,0
0.0,0.0,1.0,24.0,1.0,4.0,348.95500000000004,33.04,1837.0,6.0,0
0.0,0.0,-19.0,20.0,0.0,10.0,348.95500000000004,26.33,796.0,1.0,0
0.0,0.0,-13.0,8.0,0.0,10.0,348.95500000000004,38.94,3038.0,1.0,0
0.0,0.0,-20.0,12.0,0.0,1.0,348.95500000000004,38.94,348.0,2.0,0
0.0,0.0,-7.0,11.0,0.0,1.0,288.21,9.21,2025.0,2.0,0
0.0,0.0,-4.0,17.0,0.0,1.0,307.0,38.94,408.0,1.0,0
0.0,0.0,-22.0,11.0,0.0,1.0,348.95500000000004,32.12,630.0,1.0,1
0.0,0.0,7.0,35.0,1.0,3.0,199.92,31.93,63.0,1.0,1
0.0,0.0,-14.0,21.0,0.0,8.0,237.54,27.55,516.0,1.0,0
0.0,0.0,-14.0,21.0,0.0,5.0,271.03,38.94,439.0,1.0,0
0.0,0.0,-13.0,3.0,0.0,1.0,348.95500000000004,38.94,687.0,3.0,0
0.0,0.0,-19.0,4.0,0.0,1.0,348.95500000000004,38.94,1016.0,1.5,0
0.0,0.0,-12.0,1.0,0.0,8.0,348.95500000000004,19.43,480.0,4.0,0
0.0,0.0,-7.0,24.0,0.0,8.0,262.42,38.94,270.0,1.0,0
0.0,0.0,10.0,27.0,1.0,10.0,348.95500000000004,38.17,606.0,2.0,1
0.0,0.0,-27.0,21.0,0.0,1.0,266.4,16.5,256.0,1.0,0
0.0,0.0,-8.0,19.0,0.0,5.0,243.36,38.94,1912.0,5.0,0
0.0,0.0,-16.0,17.0,0.0,8.0,281.89,17.92,2067.0,1.0,0
0.0,0.0,-32.0,11.0,0.0,1.0,307.9,19.9,231.0,2.0,0
0.0,0.0,-19.0,8.0,0.0,1.0,348.95500000000004,38.94,800.0,1.0,0
0.0,0.0,11.0,33.0,1.0,8.0,348.95500000000004,27.13,2167.0,3.0,1
0.0,0.0,-10.0,8.0,0.0,1.0,348.95500000000004,38.94,2644.0,6.0,0
0.0,0.0,-10.0,12.0,0.0,4.0,315.76,15.86,600.0,3.0,0
0.0,0.0,-20.0,6.0,0.0,8.0,286.76,38.94,1034.0,2.0,0
0.0,0.0,-16.0,9.0,0.0,1.0,348.95500000000004,38.94,686.0,1.0,0
0.0,0.0,-4.0,28.0,0.0,10.0,198.3,38.94,475.0,1.0,0
0.0,0.0,-19.0,4.0,0.0,10.0,348.95500000000004,28.78,96.0,1.0,0
0.0,0.0,-15.0,8.0,0.0,6.0,348.95500000000004,18.65,536.0,3.0,0
0.0,0.0,-6.0,2.0,0.0,10.0,348.95500000000004,0.0,744.0,6.0,0
0.0,0.0,-6.0,4.0,0.0,1.0,314.34,38.94,1082.0,6.0,0
0.0,0.0,-8.0,8.0,0.0,2.0,212.78,9.78,474.0,2.0,0
0.0,0.0,-1.0,7.0,0.0,1.0,348.95500000000004,13.42,1800.0,7.0,0
0.0,0.0,-6.0,6.0,0.0,1.0,245.27,18.32,620.0,1.0,0
0.0,0.0,-25.0,21.0,0.0,6.0,348.95500000000004,22.77,438.0,2.0,0
0.0,0.0,-18.0,19.0,0.0,8.0,348.95500000000004,38.94,329.0,1.0,0
0.0,0.0,-8.0,15.0,0.0,8.0,275.89,38.94,182.0,1.0,0
0.0,0.0,-11.0,7.0,0.0,1.0,326.78,26.78,292.0,1.0,0
0.0,0.0,-14.0,9.0,0.0,8.0,348.95500000000004,38.94,574.0,1.0,1
0.0,0.0,-10.0,20.0,0.0,1.0,272.94,38.94,1128.0,1.0,0
0.0,0.0,-19.0,12.0,0.0,2.0,265.92,15.92,255.0,1.0,0
0.0,0.0,-35.0,10.0,0.0,1.0,348.95500000000004,38.94,1412.0,7.5,0
0.0,0.0,-18.0,12.0,0.0,10.0,295.72,26.72,217.0,3.0,0
0.0,0.0,-7.0,13.0,0.0,1.0,348.95500000000004,36.22,296.0,1.0,1
0.0,0.0,-10.0,6.0,0.0,2.0,259.32,33.52,1596.0,3.0,0
0.0,0.0,0.0,6.0,0.0,1.0,348.95500000000004,33.54,3913.0,2.0,0
0.0,0.0,-21.0,10.0,0.0,5.0,318.96,38.94,249.0,3.0,0
0.0,0.0,-14.0,11.0,0.0,1.0,348.95500000000004,38.94,375.0,2.0,0
0.0,0.0,-6.0,17.0,0.0,1.0,348.95500000000004,38.94,272.0,1.0,0
0.0,0.0,-8.0,4.0,0.0,8.0,279.11,20.11,325.0,1.0,0
0.0,0.0,-20.0,5.0,0.0,3.0,226.14,26.24,1159.0,3.0,0
0.0,0.0,-9.0,29.0,0.0,4.0,237.52,17.98,558.0,1.0,0
0.0,0.0,-8.0,5.0,0.0,1.0,348.95500000000004,10.36,617.0,1.0,0
0.0,0.0,2.0,30.0,1.0,1.0,348.95500000000004,38.94,1135.0,5.0,0
0.0,0.0,-8.0,14.0,0.0,1.0,206.92,16.09,1116.0,1.0,0
0.0,0.0,-3.0,26.0,0.0,10.0,348.95500000000004,38.94,1128.0,1.0,0
0.0,0.0,8.0,36.0,1.0,5.0,348.95500000000004,22.31,593.0,1.0,1
0.0,0.0,-16.0,8.0,0.0,2.0,348.95500000000004,14.44,1056.0,1.0,0
0.0,0.0,-8.0,19.0,0.0,6.0,348.95500000000004,38.94,1141.0,1.0,0
0.0,0.0,-13.0,7.0,0.0,4.0,313.53,14.53,626.0,3.0,0
0.0,0.0,-13.0,12.0,0.0,1.0,236.47,37.78,414.3333333333333,1.0,1
0.0,0.0,-12.0,5.0,0.0,8.0,348.95500000000004,37.54,1176.0,3.0,0
0.0,0.0,-16.0,8.0,0.0,8.0,348.95500000000004,38.94,386.1666666666667,1.0,0
0.0,0.0,-9.0,11.0,0.0,8.0,348.95500000000004,16.75,263.0,1.0,0
0.0,0.0,-2.0,10.0,0.0,1.0,243.25,24.25,1885.0,1.0,0
0.0,0.0,-17.0,27.0,0.0,10.0,206.84,36.85,1350.0,1.0,1
0.0,0.0,-18.0,32.0,0.0,4.0,250.42,38.94,798.0,1.0,0
0.0,0.0,5.0,26.0,1.0,3.0,348.95500000000004,38.94,2894.0,1.0,1
0.0,0.0,-11.0,8.0,0.0,3.0,326.91,17.92,898.0,2.0,0
0.0,0.0,-22.0,7.0,0.0,8.0,348.95500000000004,19.08,623.0,1.0,0
0.0,0.0,-13.0,20.0,0.0,4.0,319.09,38.94,606.0,2.0,0
0.0,0.0,-8.0,10.0,0.0,6.0,348.95500000000004,18.1,452.0,1.0,0
0.0,0.0,-26.0,7.0,0.0,10.0,262.07,22.17,482.0,3.0,0
0.0,0.0,-13.0,16.0,0.0,4.0,190.37,38.94,1893.0,1.0,0
0.0,0.0,11.0,33.0,1.0,5.5,257.49,38.94,51.666666666666664,1.0,1
0.0,0.0,11.0,43.0,1.0,5.0,348.95500000000004,20.87,402.0,2.0,0
0.0,0.0,-15.0,5.0,0.0,3.0,221.78,26.78,416.0,2.0,0
0.0,0.0,-6.0,20.0,0.0,1.0,348.95500000000004,23.59,931.0,1.0,0
0.0,0.0,3.0,15.0,1.0,8.0,238.76,8.86,648.0,2.0,0
0.0,0.0,-22.0,27.0,0.0,1.0,348.95500000000004,38.94,833.0,1.0,0
0.0,0.0,-15.0,2.0,0.0,6.0,348.95500000000004,38.94,779.0,2.0,0
0.0,0.0,4.0,25.0,1.0,2.0,348.95500000000004,16.9,759.0,1.0,1
0.0,0.0,-19.0,13.0,0.0,10.0,348.95500000000004,38.94,2685.0,2.0,0
0.0,0.0,-11.0,11.0,0.0,8.0,348.95500000000004,16.33,745.0,3.0,1
0.0,0.0,-20.0,9.0,0.0,8.0,348.95500000000004,19.02,625.0,1.0,0
0.0,0.0,0.0,18.0,0.0,6.0,348.95500000000004,24.94,2761.0,4.0,0
0.0,0.0,-3.0,8.0,0.0,1.0,238.66,8.86,566.0,2.0,0
0.0,0.0,-31.0,12.0,0.0,4.0,261.09,38.94,504.0,3.5,1
0.0,0.0,-34.0,13.0,0.0,3.0,348.95500000000004,20.69,606.0,2.0,0
0.0,0.0,-16.0,10.0,0.0,6.0,347.05,17.06,1222.0,2.0,0
0.0,0.0,-12.0,7.0,0.0,10.0,348.95500000000004,20.06,1485.0,1.0,0
0.0,0.0,-12.0,11.0,0.0,7.0,246.26,16.36,236.0,1.0,0
0.0,0.0,-17.0,11.0,0.0,3.0,348.95500000000004,38.94,532.0,3.0,0
0.0,0.0,-21.0,9.0,0.0,6.0,324.74,25.74,2007.0,4.0,1
0.0,0.0,-21.0,9.0,0.0,6.0,348.95500000000004,38.94,625.0,1.0,0
0.0,0.0,-9.0,5.0,0.0,8.0,348.95500000000004,38.94,294.0,6.0,0
0.0,0.0,-18.0,12.0,0.0,5.0,298.22,38.94,1002.0,3.0,0
0.0,0.0,7.0,29.0,1.0,3.0,236.92,38.94,301.0,3.0,1
0.0,0.0,-23.0,9.0,0.0,3.0,348.95500000000004,36.96,1862.0,2.0,0
0.0,0.0,-12.0,12.0,0.0,1.0,348.95500000000004,24.97,2685.0,2.0,0
0.0,0.0,1.0,23.0,1.0,5.0,319.11,38.94,248.0,2.0,1
0.0,0.0,-15.0,11.0,0.0,3.0,348.95500000000004,38.94,632.0,2.0,0
0.0,0.0,-9.0,1.0,0.0,9.0,348.95500000000004,15.03,1459.0,9.0,0
0.0,0.0,5.0,45.0,1.0,1.0,348.95500000000004,38.94,1105.0,1.0,1
0.0,0.0,-13.0,7.0,0.0,1.0,348.95500000000004,37.27,1176.0,3.0,0
0.0,0.0,-18.0,11.0,0.0,8.0,348.95500000000004,30.72,1665.0,1.0,0
0.0,0.0,-13.0,10.0,0.0,10.0,348.95500000000004,22.8,3084.0,5.0,0
0.0,0.0,-17.0,14.0,0.0,10.0,348.95500000000004,38.94,552.0,1.0,0
0.0,0.0,-22.0,8.0,0.0,2.0,247.25,38.94,541.0,2.0,0
0.0,0.0,-6.0,5.0,0.0,8.0,348.95500000000004,9.7,501.0,4.0,0
0.0,0.0,-8.0,8.0,0.0,3.5,348.95500000000004,34.05,2149.0,1.0,0
0.0,0.0,-8.0,18.0,0.0,6.0,320.45,38.94,1146.0,3.0,0
0.0,0.0,-6.0,16.0,0.0,8.0,348.95500000000004,38.94,975.0,1.0,0
0.0,0.0,-5.0,19.0,0.0,10.0,305.01,38.94,756.0,1.0,0
0.0,0.0,-8.0,6.0,0.0,2.0,348.95500000000004,16.84,1632.0,10.0,0
0.0,0.0,0.0,27.0,0.0,5.0,348.95500000000004,34.64,2352.0,3.0,0
0.0,0.0,-8.0,13.0,0.0,1.0,348.95500000000004,17.9,555.0,1.0,0
0.0,0.0,-18.0,9.0,0.0,10.0,348.95500000000004,38.94,1345.0,6.0,0
0.0,0.0,-18.0,9.0,0.0,1.0,348.95500000000004,38.94,1312.0,1.0,1
0.0,0.0,-10.0,14.0,0.0,4.0,348.95500000000004,17.19,501.0,4.0,0
0.0,0.0,-14.0,10.0,0.0,3.0,314.96,15.06,2795.0,5.0,0
0.0,0.0,-20.0,9.0,0.0,5.0,348.95500000000004,27.55,2644.0,6.0,0
0.0,0.0,-32.0,8.0,0.0,8.0,348.95500000000004,38.94,1538.0,4.0,0
0.0,0.0,-2.0,20.0,0.0,8.0,223.7,23.9,200.0,2.0,0
0.0,0.0,-4.0,7.0,0.0,3.0,279.24,10.24,498.0,1.0,0
0.0,0.0,-31.0,28.0,0.0,1.0,348.95500000000004,38.94,1586.0,1.0,0
0.0,0.0,-11.0,5.0,0.0,5.0,272.64,37.84,549.0,1.0,0
0.0,0.0,-12.0,20.0,0.0,1.0,197.69,17.7,327.0,5.0,0
0.0,0.0,-17.0,6.0,0.0,2.0,223.81,13.81,225.0,1.0,0
0.0,0.0,-20.0,5.0,0.0,10.0,274.98,38.94,773.0,3.0,0
0.0,0.0,-16.0,7.0,0.0,1.0,240.42,38.94,1008.0,3.0,0
0.0,0.0,-6.0,7.0,0.0,2.0,254.24,14.34,536.0,1.0,0
0.0,0.0,-16.0,10.0,0.0,8.0,348.95500000000004,38.94,1002.0,3.0,0
0.0,0.0,-20.0,16.0,0.0,1.0,229.53,38.94,1082.0,4.0,1
0.0,0.0,-10.0,13.0,0.0,3.0,294.7,17.7,647.0,2.0,0
0.0,0.0,-14.0,9.0,0.0,10.0,348.95500000000004,38.94,1345.0,8.0,0
0.0,0.0,-4.0,21.0,0.0,10.0,279.9,38.94,492.0,2.0,0
0.0,0.0,-28.0,13.0,0.0,5.0,348.95500000000004,38.94,1946.0,3.0,0
0.0,0.0,-10.0,6.0,0.0,4.0,348.95500000000004,15.93,240.0,1.0,1
0.0,0.0,-10.0,12.0,0.0,8.0,296.03,16.13,535.0,1.0,0
0.0,0.0,-9.0,9.0,0.0,5.0,272.84,22.85,556.0,2.0,0
0.0,0.0,-25.0,8.0,0.0,2.0,206.96,18.96,1906.0,1.0,0
0.0,0.0,-14.0,7.0,0.0,1.0,338.77,13.77,2644.0,6.0,0
0.0,0.0,1.0,21.0,1.0,5.0,218.27,19.27,279.0,1.0,1
0.0,0.0,-6.0,26.0,0.0,20.0,348.95500000000004,38.94,902.0,3.0,1
0.0,0.0,-26.0,14.0,0.0,1.0,348.95500000000004,38.94,348.0,2.0,0
0.0,0.0,-13.0,9.0,0.0,1.0,285.96,16.06,669.0,1.0,0
0.0,0.0,-14.0,9.0,0.0,2.0,348.95500000000004,38.94,3610.0,4.0,0
0.0,0.0,-9.0,24.0,0.0,3.0,185.94,15.94,631.0,2.0,0
0.0,0.0,-19.0,1.0,0.0,6.0,301.28,27.28,267.5,3.5,0
0.0,0.0,-12.0,7.0,0.0,8.0,335.47,10.47,2644.0,6.0,0
0.0,0.0,-11.0,4.0,0.0,5.0,283.42,23.42,3016.0,1.0,0
0.0,0.0,-17.0,12.0,0.0,1.0,348.24,38.94,507.0,4.0,0
0.0,0.0,12.0,39.0,1.0,4.0,334.78,34.98,420.0,1.0,1
0.0,0.0,-24.0,6.0,0.0,10.0,348.95500000000004,38.94,423.0,1.0,0
0.0,0.0,-15.0,14.0,0.0,2.0,249.3,15.39,163.0,1.0,0
0.0,0.0,-7.0,6.0,0.0,1.0,285.7,14.8,610.0,1.0,0
0.0,0.0,-22.0,13.0,0.0,4.0,348.95500000000004,38.94,389.0,1.0,0
0.0,0.0,-14.0,12.0,0.0,1.0,277.44,37.44,971.0,1.0,1
0.0,0.0,-21.0,10.0,0.0,4.0,281.63,26.63,982.0,1.0,0
0.0,0.0,7.0,25.0,1.0,1.0,313.55,13.56,399.0,1.0,0
0.0,0.0,-11.0,18.0,0.0,8.0,348.95500000000004,38.94,777.0,3.0,0
0.0,0.0,-10.0,14.0,0.0,8.0,241.02,21.03,998.0,1.0,0
0.0,0.0,-20.0,11.0,0.0,7.0,348.95500000000004,21.93,452.0,1.0,0
0.0,0.0,-14.0,12.0,0.0,10.0,348.95500000000004,18.23,654.0,2.0,0
0.0,0.0,0.0,21.0,0.0,4.0,348.95500000000004,18.2,486.0,5.0,0
0.0,0.0,-29.0,12.0,0.0,2.0,348.95500000000004,33.22,218.5,1.0,0
0.0,0.0,-28.0,7.0,0.0,1.0,348.95500000000004,38.94,1465.0,10.0,0
0.0,0.0,-12.0,10.0,0.0,3.0,292.96,38.94,2162.0,1.0,0
0.0,0.0,-43.0,18.0,0.0,3.0,320.15,38.94,1207.3333333333333,1.0,0
0.0,0.0,-5.0,13.0,0.0,2.0,241.76,31.77,1156.0,1.0,0
0.0,0.0,-18.0,26.0,0.0,5.0,348.95500000000004,38.94,1447.0,5.0,1
0.0,0.0,-35.0,7.0,0.0,6.0,348.95500000000004,38.94,2178.0,2.0,0
0.0,0.0,-21.0,13.0,0.0,10.0,348.95500000000004,17.12,315.0,1.0,0
0.0,0.0,-9.0,14.0,0.0,1.3333333333333333,348.95500000000004,38.94,388.0,2.0,0
0.0,0.0,-20.0,9.0,0.0,10.0,348.95500000000004,25.18,753.0,2.0,0
0.0,0.0,-13.0,2.0,0.0,1.0,189.56,10.07,1657.0,3.0,0
0.0,0.0,-27.0,4.0,0.0,1.0,348.95500000000004,38.94,731.0,5.5,1
0.0,0.0,25.0,46.0,1.0,10.0,234.22,21.22,855.0,2.0,1
0.0,0.0,-29.0,5.0,0.0,1.0,348.95500000000004,29.99,526.0,1.0,0
0.0,0.0,-6.0,19.0,0.0,1.0,348.95500000000004,27.83,1575.0,1.0,0
0.0,0.0,-12.0,16.0,0.0,4.0,329.06,29.16,394.0,4.0,0
0.0,0.0,-8.0,5.0,0.0,8.0,348.95500000000004,13.71,371.0,2.0,0
0.0,0.0,-19.0,3.0,0.0,3.0,343.77,24.77,389.0,1.0,0
0.0,0.0,-13.0,6.0,0.0,7.0,348.95500000000004,16.43,582.0,5.0,0
0.0,0.0,-22.0,14.0,0.0,1.0,217.57,38.94,1912.0,5.0,0
0.0,0.0,-4.0,13.0,0.0,6.0,348.95500000000004,19.85,900.0,1.0,0
0.0,0.0,-15.0,1.0,0.0,1.0,270.03,11.03,805.0,1.0,0
0.0,0.0,-10.0,14.0,0.0,3.0,348.95500000000004,28.01,607.0,2.0,0
0.0,0.0,-17.0,14.0,0.0,1.0,262.84,12.95,491.0,2.0,0
0.0,0.0,-15.0,8.0,0.0,1.0,336.48,38.94,1002.0,3.0,0
0.0,0.0,-1.0,12.0,0.0,2.0,240.92,11.02,411.0,1.0,0
0.0,0.0,6.0,23.0,1.0,8.0,348.95500000000004,13.65,616.0,3.0,1
0.0,0.0,-20.0,6.0,0.0,8.0,348.95500000000004,15.83,623.0,1.0,0
0.0,0.0,-21.0,27.0,0.0,3.0,348.95500000000004,38.08,872.0,2.0,0
0.0,0.0,-16.0,13.0,0.0,2.0,348.95500000000004,38.94,1698.0,2.0,0
0.0,0.0,-14.0,5.0,0.0,1.0,246.24,26.35,707.5,1.0,0
0.0,0.0,-15.0,9.0,0.0,8.0,348.95500000000004,18.15,277.0,1.0,0
0.0,0.0,-14.0,10.0,0.0,5.0,239.54,19.64,494.0,1.0,0
0.0,0.0,-16.0,9.0,0.0,8.0,234.46,14.56,236.0,1.0,0
0.0,0.0,-8.0,13.0,0.0,10.0,348.95500000000004,17.13,1222.0,2.0,0
0.0,0.0,-16.0,13.0,0.0,1.0,348.95500000000004,38.94,380.0,1.0,0
0.0,0.0,-19.0,17.0,0.0,8.0,249.95,19.95,439.0,1.0,1
0.0,0.0,-12.0,2.0,0.0,1.0,340.07,10.07,2644.0,6.0,0
0.0,0.0,-41.0,9.0,0.0,5.0,348.95500000000004,38.94,745.0,3.0,0
0.0,0.0,-19.0,6.0,0.0,5.0,348.95500000000004,38.94,162.0,5.0,0
0.0,0.0,-14.0,17.0,0.0,1.0,292.73999999999995,38.94,553.0,1.0,1
0.0,0.0,-16.0,11.0,0.0,10.0,316.85,16.86,915.0,2.0,0
0.0,0.0,-27.0,7.0,0.0,3.0,348.95500000000004,29.99,526.0,1.0,0
0.0,0.0,-36.0,11.0,0.0,1.0,348.95500000000004,27.34,3319.0,6.0,0
0.0,0.0,14.0,42.0,1.0,6.0,348.95500000000004,37.77,625.0,1.0,1
0.0,0.0,-2.0,14.0,0.0,1.0,348.95500000000004,18.14,452.0,1.0,0
0.0,0.0,-10.0,11.0,0.0,6.0,348.95500000000004,38.94,1177.0,1.0,0
0.0,0.0,-13.0,12.0,0.0,9.0,348.95500000000004,21.17,606.0,2.0,0
0.0,0.0,-6.0,4.0,0.0,3.0,325.9,25.9,664.0,1.0,0
0.0,0.0,-7.0,17.0,0.0,1.0,306.4,36.4,858.0,1.0,0
0.0,0.0,-23.0,10.0,0.0,3.0,337.84,17.94,300.0,1.0,0
0.0,0.0,17.0,45.0,1.0,1.0,190.37,38.94,1893.0,1.0,1
0.0,0.0,-10.0,24.0,0.0,10.0,348.95500000000004,38.94,674.0,1.0,1
0.0,0.0,-6.0,17.0,0.0,4.0,312.78,38.94,219.0,1.0,0
0.0,0.0,11.0,32.0,1.0,1.0,348.95500000000004,26.9,625.0,1.0,1
0.0,0.0,-13.0,7.0,0.0,1.0,309.66,19.66,1080.0,6.0,0
0.0,0.0,-16.0,11.0,0.0,3.0,345.19,38.94,391.5,2.0,1
0.0,0.0,-10.0,11.0,0.0,10.0,348.95500000000004,38.94,1537.0,4.0,0
0.0,0.0,-17.0,7.0,0.0,1.0,267.38,37.38,724.0,1.0,0
0.0,0.0,-11.0,34.0,0.0,6.0,348.95500000000004,38.94,3330.0,3.0,0
0.0,0.0,-15.0,12.0,0.0,8.0,241.32,16.32,494.0,1.0,0
0.0,0.0,-28.0,7.0,0.0,12.0,348.95500000000004,31.67,217.0,3.0,0
0.0,0.0,-4.0,17.0,0.0,3.0,262.08,14.08,720.0,4.0,0
0.0,0.0,-14.0,11.0,0.0,1.0,348.95500000000004,20.71,605.0,4.0,0
0.0,0.0,-11.0,13.0,0.0,1.0,212.02,16.12,465.0,1.0,0
0.0,0.0,-17.0,23.0,0.0,4.0,236.77,38.94,1350.0,1.0,0
0.0,0.0,-9.0,13.0,0.0,10.0,230.52,38.94,479.0,1.0,1
0.0,0.0,-14.0,7.0,0.0,1.0,267.6,38.94,500.0,1.0,1
0.0,0.0,-16.0,7.0,0.0,1.0,323.47,23.57,3522.0,1.0,0
0.0,0.0,-19.0,16.0,0.0,1.0,348.95500000000004,23.21,867.0,3.0,0
0.0,0.0,-18.0,8.0,0.0,1.0,224.71,38.94,2188.0,2.0,0
0.0,0.0,-9.0,20.0,0.0,1.0,348.95500000000004,20.79,747.0,1.0,0
0.0,0.0,4.0,24.0,1.0,2.0,204.67,19.18,2853.0,1.0,1
0.0,0.0,-24.0,7.0,0.0,2.0,273.27,15.67,378.0,1.0,0
0.0,0.0,-28.0,5.0,0.0,8.0,310.2,38.94,266.0,3.0,0
0.0,0.0,-18.0,8.0,0.0,8.0,244.78,25.88,833.0,4.0,0
0.0,0.0,-20.0,20.0,0.0,8.0,348.95500000000004,24.86,1056.0,1.0,0
0.0,0.0,-13.0,1.0,0.0,1.0,239.42,10.42,275.0,1.0,0
0.0,0.0,-15.0,6.0,0.0,1.0,222.14,23.14,993.0,5.0,0
0.0,0.0,19.0,44.0,1.0,1.0,272.82,38.94,624.0,1.0,0
0.0,0.0,-23.0,8.0,0.0,4.0,330.13,21.13,1186.0,2.0,0
0.0,0.0,-17.0,18.0,0.0,1.0,348.95500000000004,38.94,451.0,1.0,0
0.0,0.0,-13.0,7.0,0.0,2.0,249.09,14.09,992.0,1.0,0
0.0,0.0,-9.0,2.0,0.0,5.0,348.95500000000004,10.61,543.0,1.0,0
0.0,0.0,4.0,21.0,1.0,1.0,230.6,33.61,1158.0,1.0,0
0.0,0.0,-14.0,10.0,0.0,1.0,247.04,31.04,3006.0,2.0,0
0.0,0.0,-13.0,10.0,0.0,4.0,197.81,31.91,606.0,1.0,0
0.0,0.0,-7.0,32.0,0.0,4.0,196.88,36.9,1177.0,1.0,1
0.0,0.0,-15.0,10.0,0.0,8.0,348.95500000000004,24.47,1331.0,2.0,0
0.0,0.0,-26.0,9.0,0.0,10.0,282.47,38.94,669.0,2.0,0
0.0,0.0,-15.0,19.0,0.0,6.0,258.86,18.96,692.0,1.0,0
0.0,0.0,-8.0,16.0,0.0,5.0,335.48,38.94,1002.0,3.0,0
0.0,0.0,-26.0,8.0,0.0,3.0,223.74,38.94,368.0,2.0,0
0.0,0.0,-12.0,8.0,0.0,6.0,348.95500000000004,38.94,251.66666666666666,1.0,1
0.0,0.0,-14.0,20.0,0.0,2.0,206.54,26.54,871.0,4.0,0
0.0,0.0,-14.0,12.0,0.0,5.0,348.66,38.94,756.0,1.0,0
0.0,0.0,-15.0,2.0,0.0,4.0,213.09,13.1,386.0,5.0,0
0.0,0.0,-15.0,8.0,0.0,10.0,348.95500000000004,30.17,397.0,4.0,0
0.0,0.0,-25.0,6.0,0.0,5.0,191.36,38.94,285.6666666666667,4.0,0
0.0,0.0,-18.0,27.0,0.0,6.0,304.32,38.94,1194.0,1.0,1
0.0,0.0,11.0,33.0,1.0,10.0,348.95500000000004,13.79,504.0,3.0,1
0.0,0.0,-13.0,10.0,0.0,1.0,348.95500000000004,38.94,409.0,4.0,0
0.0,0.0,-21.0,7.0,0.0,4.0,348.95500000000004,22.59,1114.0,3.0,0
0.0,0.0,-13.0,20.0,0.0,3.0,274.74,14.84,2571.0,1.0,0
0.0,0.0,-9.0,14.0,0.0,1.0,295.38,38.94,640.0,2.0,0
0.0,0.0,-12.0,14.0,0.0,3.0,348.95500000000004,38.94,2292.0,4.0,0
0.0,0.0,-19.0,15.0,0.0,3.0,182.35999999999999,26.37,373.0,2.0,0
0.0,0.0,-8.0,4.0,0.0,3.0,243.5,13.51,933.0,1.0,0
0.0,0.0,-7.0,5.0,0.0,1.0,252.82,10.82,1412.0,5.0,0
0.0,0.0,1.0,31.0,1.0,2.0,294.69,16.7,547.0,1.0,0
0.0,0.0,-12.0,15.0,0.0,1.0,348.95500000000004,38.94,1176.0,3.0,0
0.0,0.0,-34.0,8.0,0.0,5.0,226.69,38.94,323.0,1.0,0
0.0,0.0,-18.0,16.0,0.0,4.0,216.05,16.15,200.0,2.0,0
0.0,0.0,-21.0,18.0,0.0,5.0,348.95500000000004,38.94,1303.0,1.0,0
0.0,0.0,-14.0,16.0,0.0,10.0,348.95500000000004,38.94,2562.0,1.0,0
0.0,0.0,-9.0,13.0,0.0,10.0,195.0,16.0,1443.0,1.0,0
0.0,0.0,-16.0,5.0,0.0,10.0,238.42,29.44,452.0,1.0,0
0.0,0.0,-14.0,14.0,0.0,1.0,221.82,38.94,671.0,4.0,0
0.0,0.0,-10.0,13.0,0.0,10.0,348.95500000000004,38.94,317.0,1.0,0
0.0,0.0,-12.0,6.0,0.0,1.0,198.86,18.88,492.0,3.0,0
0.0,0.0,-22.0,11.0,0.0,10.0,282.45,38.94,212.0,1.0,0
0.0,0.0,-19.0,10.0,0.0,10.0,348.95500000000004,38.94,1247.0,7.0,0
0.0,0.0,-22.0,23.0,0.0,10.0,348.95500000000004,38.94,815.0,8.0,0
0.0,0.0,-15.0,8.0,0.0,3.0,341.02,16.02,2644.0,6.0,0
0.0,0.0,-26.0,10.0,0.0,1.0,237.94,38.94,330.0,1.0,0
0.0,0.0,-13.0,6.0,0.0,10.0,238.15,18.25,289.0,1.0,0
0.0,0.0,-14.0,14.0,0.0,8.0,215.56,35.76,188.0,1.0,0
0.0,0.0,0.0,28.0,0.0,10.0,348.95500000000004,20.35,786.0,2.0,0
0.0,0.0,-4.0,13.0,0.0,10.0,348.95500000000004,26.78,1793.0,10.0,0
0.0,0.0,-21.0,3.0,0.0,10.0,249.57,38.94,842.0,1.0,0
0.0,0.0,-11.0,8.0,0.0,4.0,317.57,18.57,2049.0,4.0,0
0.0,0.0,-15.0,11.0,0.0,6.0,185.14,27.14,211.0,2.0,1
0.0,0.0,-7.0,30.0,0.0,1.0,249.67,38.94,87.0,2.0,0
0.0,0.0,-15.0,15.0,0.0,3.0,252.38,31.74,919.0,1.0,0
0.0,0.0,-22.0,14.0,0.0,1.0,226.22,38.94,1732.0,10.0,0
0.0,0.0,-9.0,11.0,0.0,10.0,238.24,18.25,162.0,5.0,0
0.0,0.0,-19.0,8.0,0.0,6.0,231.27,26.27,162.0,5.0,0
0.0,0.0,-11.0,9.0,0.0,2.0,348.95500000000004,38.94,87.0,3.0,0
0.0,0.0,-7.0,20.0,0.0,12.0,348.95500000000004,25.79,742.0,3.0,0
0.0,0.0,-14.0,12.0,0.0,3.0,208.65,30.75,278.0,1.0,1
0.0,0.0,-39.0,6.0,0.0,8.0,348.95500000000004,18.1,600.0,3.0,0
0.0,0.0,-22.0,11.0,0.0,3.0,340.99,38.94,480.0,1.0,0
0.0,0.0,-9.0,18.0,0.0,1.0,348.95500000000004,28.92,2880.0,1.0,0
0.0,0.0,-10.0,16.0,0.0,10.0,216.62,38.94,710.0,1.0,0
0.0,0.0,-3.0,17.0,0.0,12.0,286.3,38.94,576.5,3.5,1
0.0,0.0,-11.0,6.0,0.0,1.0,258.67,38.67,419.0,4.0,1
0.0,0.0,-6.0,16.0,0.0,10.0,348.95500000000004,29.2,944.0,3.0,0
0.0,0.0,-14.0,2.0,0.0,3.0,313.2,13.3,2795.0,5.0,1
0.0,0.0,-8.0,19.0,0.0,10.0,348.95500000000004,25.42,913.0,3.0,0
0.0,0.0,12.0,42.0,1.0,4.0,348.95500000000004,37.42,1672.0,2.0,1
0.0,0.0,-24.0,8.0,0.0,1.0,279.1,38.94,678.0,2.0,0
0.0,0.0,-19.0,14.0,0.0,1.0,219.73,34.83,876.0,9.0,0
0.0,0.0,-15.0,8.0,0.0,1.0,325.47,35.57,1351.0,7.0,0
0.0,0.0,-21.0,7.0,0.0,3.0,235.74,26.74,957.0,3.0,0
0.0,0.0,0.0,34.0,0.0,1.0,251.39,38.94,713.0,1.0,0
0.0,0.0,-12.0,4.0,0.0,2.0,198.88,18.88,312.0,1.0,0
0.0,0.0,-9.0,13.0,0.0,10.0,346.88,38.94,674.0,1.0,0
0.0,0.0,11.0,28.0,1.0,4.0,217.78,38.94,621.0,1.0,1
0.0,0.0,-11.0,12.0,0.0,5.0,309.31,29.32,748.0,2.0,0
0.0,0.0,2.0,21.0,1.0,3.0,321.34,21.44,499.0,1.0,0
0.0,0.0,-22.0,3.0,0.0,8.0,348.95500000000004,14.23,580.0,1.0,0
0.0,0.0,-10.0,15.0,0.0,4.0,234.22,38.94,666.0,7.0,0
0.0,0.0,-20.0,5.0,0.0,10.0,311.17,21.27,537.0,3.0,0
0.0,0.0,-22.0,32.0,0.0,5.0,348.95500000000004,38.94,317.0,1.0,0
0.0,0.0,-20.0,26.0,0.0,2.0,348.95500000000004,32.37,2644.0,6.0,0
0.0,0.0,-14.0,7.0,0.0,5.0,348.95500000000004,18.91,478.0,2.0,0
0.0,0.0,-15.0,4.0,0.0,3.0,348.95500000000004,38.94,1433.0,5.0,0
0.0,0.0,-5.0,19.0,0.0,8.0,233.79,23.79,579.0,7.0,0
0.0,0.0,-19.0,14.0,0.0,1.0,305.59,35.69,163.0,1.0,0
0.0,0.0,-16.0,7.0,0.0,9.0,348.95500000000004,21.61,1081.0,6.0,0
0.0,0.0,-13.0,10.0,0.0,4.0,202.16,17.26,1177.0,5.0,1
0.0,0.0,10.0,29.0,1.0,1.0,348.95500000000004,38.94,610.0,2.0,1
0.0,0.0,-8.0,14.0,0.0,1.0,348.95500000000004,38.94,909.0,4.0,0
0.0,0.0,-4.0,15.0,0.0,3.0,348.95500000000004,38.94,275.25,1.75,0
0.0,0.0,-3.0,13.0,0.0,8.0,348.95500000000004,31.94,536.0,1.0,0
0.0,0.0,-7.0,31.0,0.0,10.0,348.95500000000004,38.94,668.0,1.0,0
0.0,0.0,-14.0,13.0,0.0,1.0,348.95500000000004,31.76,779.0,2.0,0
0.0,0.0,-27.0,5.0,0.0,1.0,237.54,27.55,516.0,1.0,1
0.0,0.0,-31.0,14.0,0.0,1.0,348.95500000000004,24.6,854.0,1.0,0
0.0,0.0,-12.0,13.0,0.0,1.0,229.7,19.7,3006.0,2.0,0
0.0,0.0,-20.0,6.0,0.0,5.0,212.52,13.52,777.0,1.0,0
0.0,0.0,0.0,15.0,0.0,8.0,348.95500000000004,38.94,864.0,2.0,0
0.0,0.0,-21.0,9.0,0.0,8.0,348.95500000000004,38.4,845.0,1.5,1
0.0,0.0,-7.0,17.0,0.0,1.0,348.95500000000004,37.86,1892.0,4.0,0
0.0,0.0,-1.0,26.0,0.0,2.0,348.95500000000004,31.82,2141.0,1.0,0
0.0,0.0,-17.0,3.0,0.0,10.0,254.09,38.94,1289.0,3.0,0
0.0,0.0,-7.0,15.0,0.0,6.0,348.95500000000004,18.71,293.0,1.0,1
0.0,0.0,-23.0,14.0,0.0,5.0,298.84,38.94,1178.5,1.0,1
0.0,0.0,-18.0,6.0,0.0,8.0,216.04,38.94,373.0,1.0,0
0.0,0.0,11.0,43.0,1.0,8.0,213.59,38.94,402.0,2.0,1
0.0,0.0,-13.0,14.0,0.0,5.0,250.0,36.0,252.0,1.0,0
0.0,0.0,-12.0,16.0,0.0,1.0,348.95500000000004,36.1,1220.0,1.0,0
0.0,0.0,-14.0,8.0,0.0,4.0,224.39,14.49,236.0,1.0,0
0.0,0.0,-6.0,23.0,0.0,1.0,348.95500000000004,21.59,913.0,3.0,0
0.0,0.0,-18.0,10.0,0.0,1.0,263.61,38.94,504.0,1.0,0
0.0,0.0,0.0,21.0,0.0,8.0,326.54,27.54,1479.0,3.0,0
0.0,0.0,-14.0,7.0,0.0,1.0,348.95500000000004,32.46,1259.0,1.0,1
0.0,0.0,-14.0,7.0,0.0,3.0,348.95500000000004,28.74,375.0,3.0,0
0.0,0.0,-22.0,11.0,0.0,1.0,282.52,22.62,649.0,3.0,0
0.0,0.0,-9.0,5.0,0.0,8.0,348.95500000000004,38.65,1800.0,7.0,0
0.0,0.0,-15.0,7.0,0.0,2.0,285.39,38.94,1105.0,1.0,0
0.0,0.0,-20.0,8.0,0.0,9.5,348.95500000000004,35.2,2558.0,1.0,0
0.0,0.0,-15.0,13.0,0.0,8.0,202.98,34.98,1363.0,3.0,0
0.0,0.0,-7.0,7.0,0.0,3.0,283.02,23.12,1741.0,1.0,0
0.0,0.0,-21.0,14.0,0.0,1.0,348.95500000000004,38.94,1211.0,5.0,0
0.0,0.0,-2.0,23.0,0.0,7.0,348.95500000000004,16.61,3902.0,7.0,0
0.0,0.0,-16.0,6.0,0.0,4.0,247.5,26.86,919.0,1.0,0
0.0,0.0,0.0,23.0,0.0,10.0,249.84,33.04,257.0,1.0,0
0.0,0.0,-13.0,12.0,0.0,6.0,346.6,17.6,720.0,1.0,0
0.0,0.0,-14.0,5.0,0.0,2.0,228.41,13.41,516.0,1.0,0
0.0,0.0,-6.0,10.0,0.0,1.0,217.04,38.94,559.0,2.0,0
0.0,0.0,-7.0,20.0,0.0,2.0,206.99,16.09,232.0,1.0,0
0.0,0.0,18.0,34.0,1.0,5.0,293.42,24.42,213.0,2.0,1
0.0,0.0,-14.0,12.0,0.0,8.0,348.95500000000004,38.94,779.0,2.0,0
0.0,0.0,-16.0,4.0,0.0,5.0,348.95500000000004,38.94,632.0,2.0,0
0.0,0.0,-7.0,16.0,0.0,10.0,348.95500000000004,19.84,864.0,3.0,0
0.0,0.0,-14.0,16.0,0.0,8.0,348.95500000000004,38.94,473.0,1.0,0
0.0,0.0,-5.0,3.0,0.0,8.0,348.95500000000004,12.1,404.0,3.0,0
0.0,0.0,-14.0,14.0,0.0,6.0,348.95500000000004,20.57,339.0,1.0,0
0.0,0.0,-19.0,16.0,0.0,1.0,348.95500000000004,38.94,779.0,2.0,0
0.0,0.0,-24.0,15.0,0.0,8.0,348.95500000000004,24.0,832.0,3.0,0
0.0,0.0,-13.0,9.0,0.0,2.0,348.95500000000004,38.94,1887.0,7.0,0
0.0,0.0,-17.0,7.0,0.0,10.0,212.76,32.78,2322.0,1.0,1
0.0,0.0,-15.0,2.0,0.0,2.0,209.41,9.51,739.0,1.0,0
0.0,0.0,-22.0,12.0,0.0,4.0,348.77,18.77,2644.0,6.0,0
0.0,0.0,-18.0,5.0,0.0,10.0,348.95500000000004,19.35,557.0,1.0,0
0.0,0.0,-22.0,13.0,0.0,1.0,260.43,38.94,1132.0,8.0,0
0.0,0.0,-10.0,11.0,0.0,7.0,348.95500000000004,38.94,603.0,1.0,0
0.0,0.0,6.0,36.0,1.0,4.0,214.07,34.27,188.0,1.0,1
0.0,0.0,-11.0,5.0,0.0,1.0,337.52,20.52,1841.0,5.0,0
0.0,0.0,-17.0,10.0,0.0,1.0,287.4,37.41,556.0,2.0,0
0.0,0.0,-20.0,13.0,0.0,1.0,274.29,24.29,374.0,4.0,0
0.0,0.0,-19.0,17.0,0.0,2.0,345.51,27.51,580.0,1.0,0
0.0,0.0,-17.0,8.0,0.0,6.0,348.95500000000004,15.41,339.0,1.0,0
0.0,0.0,-8.0,7.0,0.0,8.0,348.95500000000004,30.46,803.0,3.0,1
0.0,0.0,20.0,45.0,1.0,10.0,348.95500000000004,38.94,259.0,1.0,1
0.0,0.0,-15.0,24.0,0.0,4.0,348.95500000000004,25.21,623.0,1.0,0
0.0,0.0,-7.0,15.0,0.0,3.0,217.29,38.94,348.0,2.0,0
0.0,0.0,-31.0,17.0,0.0,5.0,348.95500000000004,36.12,1114.0,4.0,0
0.0,0.0,0.0,25.0,0.0,9.0,208.16,8.26,548.0,3.0,1
0.0,0.0,-14.0,8.0,0.0,3.0,242.83,28.23,1184.0,7.0,0
0.0,0.0,-16.0,9.0,0.0,1.0,185.88,17.89,207.0,1.0,0
0.0,0.0,-14.0,9.0,0.0,7.0,215.05,15.15,766.0,2.0,0
0.0,0.0,-20.0,12.0,0.0,4.0,348.95500000000004,38.94,2009.0,2.0,0
0.0,0.0,-18.0,5.0,0.0,10.0,348.95500000000004,19.27,514.0,1.0,0
0.0,0.0,-16.0,8.0,0.0,2.0,275.34,15.57,606.0,2.0,0
0.0,0.0,8.0,34.0,1.0,1.0,348.95500000000004,38.94,255.0,1.0,1
0.0,0.0,-16.0,17.0,0.0,1.0,202.06,34.06,256.0,1.0,0
0.0,0.0,-1.0,22.0,0.0,1.0,291.43,38.94,87.0,3.0,1
0.0,0.0,-20.0,6.0,0.0,8.0,348.95500000000004,38.94,1231.0,6.0,1
0.0,0.0,-14.0,5.0,0.0,1.0,212.49,12.6,279.0,1.0,0
0.0,0.0,-2.0,14.0,0.0,4.0,348.95500000000004,38.94,1500.0,4.0,1
0.0,0.0,-16.0,7.0,0.0,1.0,348.95500000000004,17.21,2873.0,8.0,1
0.0,0.0,-11.0,22.0,0.0,3.0,187.53,17.63,409.0,1.0,0
0.0,0.0,13.0,35.0,1.0,1.0,264.59,19.59,1019.0,3.0,1
0.0,0.0,-39.0,20.0,0.0,8.0,290.76,30.86,1305.0,1.0,0
0.0,0.0,32.0,51.0,1.0,4.0,348.95500000000004,38.94,1404.0,4.0,1
0.0,0.0,-5.0,2.0,0.0,3.0,260.5,10.5,848.0,6.0,0
0.0,0.0,-31.0,25.0,0.0,10.0,348.95500000000004,38.94,560.0,1.0,1
0.0,0.0,-12.0,10.0,0.0,10.0,348.95500000000004,38.94,1310.0,1.0,0
0.0,0.0,-14.0,5.0,0.0,1.0,272.67,38.67,490.0,2.0,0
0.0,0.0,-17.0,10.0,0.0,1.0,251.26,38.94,1167.0,1.0,0
0.0,0.0,-16.0,15.0,0.0,1.0,348.95500000000004,37.88,1386.0,1.0,1
0.0,0.0,-6.0,17.0,0.0,10.0,348.95500000000004,38.94,1345.0,8.0,0
0.0,0.0,-2.0,22.0,0.0,1.0,298.2,18.21,640.0,2.0,0
0.0,0.0,9.0,29.0,1.0,4.0,348.95500000000004,38.94,293.0,1.0,1
0.0,0.0,-24.0,15.0,0.0,4.0,237.59,22.59,516.0,1.0,0
0.0,0.0,-9.0,2.0,0.0,10.0,348.95500000000004,12.46,126.0,3.0,0
0.0,0.0,-20.0,16.0,0.0,1.0,288.33,18.33,1128.0,3.0,0
0.0,0.0,-3.0,6.0,0.0,5.0,283.44,14.44,2809.0,1.0,0
0.0,0.0,-26.0,13.0,0.0,1.0,223.88,23.98,325.0,1.0,0
0.0,0.0,-14.0,13.0,0.0,1.0,237.67,38.94,1769.0,10.0,0
0.0,0.0,-9.0,8.0,0.0,2.0,348.95500000000004,38.94,603.0,1.0,0
0.0,0.0,-10.0,2.0,0.0,1.0,348.95500000000004,20.0,1986.0,1.0,0
0.0,0.0,-23.0,9.0,0.0,24.0,286.78,36.88,2069.0,1.0,0
0.0,0.0,-14.0,9.0,0.0,2.0,199.49,30.59,565.0,1.0,0
0.0,0.0,-21.0,16.0,0.0,7.0,343.88,38.94,955.0,1.0,1
0.0,0.0,-15.0,7.0,0.0,1.0,328.42,38.94,674.0,1.0,0
0.0,0.0,-20.0,38.0,0.0,8.0,348.95500000000004,18.42,2197.0,3.0,0
0.0,0.0,-9.0,13.0,0.0,10.0,302.18,32.19,1194.0,1.0,0
0.0,0.0,-13.0,23.0,0.0,8.0,348.95500000000004,27.55,2644.0,6.0,0
0.0,0.0,-7.0,15.0,0.0,4.0,252.6,32.8,616.0,2.0,1
0.0,0.0,-16.0,3.0,0.0,1.0,200.13,10.14,214.0,3.0,0
0.0,0.0,-3.0,16.0,0.0,1.0,260.54,21.64,620.0,1.0,0
0.0,0.0,5.0,25.0,1.0,1.0,348.95500000000004,38.94,757.0,1.0,1
0.0,0.0,-7.0,6.0,0.0,2.0,344.33,18.17,1131.0,3.0,0
0.0,0.0,-10.0,3.0,0.0,2.0,309.18,9.28,219.0,4.0,0
0.0,0.0,-14.0,29.0,0.0,10.0,348.95500000000004,38.94,913.0,3.0,0
0.0,0.0,-3.0,18.0,0.0,1.0,226.16,30.86,386.0,1.0,0
0.0,0.0,-13.0,9.0,0.0,4.0,348.95500000000004,38.94,779.0,2.0,0
0.0,0.0,-12.0,6.0,0.0,5.0,305.7,15.8,537.0,3.0,0
0.0,0.0,-13.0,22.0,0.0,1.0,348.95500000000004,20.71,561.0,1.0,0
0.0,0.0,-18.0,11.0,0.0,4.0,348.95500000000004,21.97,883.0,6.0,0
0.0,0.0,-21.0,16.0,0.0,10.0,348.95500000000004,38.94,982.0,3.0,0
0.0,0.0,-14.0,7.0,0.0,6.0,322.89,24.89,332.0,3.0,0
0.0,0.0,-10.0,2.0,0.0,2.0,223.38,23.58,273.0,1.0,0
0.0,0.0,2.0,29.0,1.0,5.0,213.7,38.94,348.0,2.0,1
0.0,0.0,-11.0,8.0,0.0,1.0,348.95500000000004,31.74,293.0,1.0,0
0.0,0.0,-8.0,4.0,0.0,5.0,242.98,8.98,138.0,1.0,1
0.0,0.0,-9.0,1.0,0.0,5.0,279.95,9.16,677.0,1.0,0
0.0,0.0,-14.0,34.0,0.0,6.0,236.56,37.56,330.0,1.0,0
0.0,0.0,1.0,22.0,1.0,10.0,348.95500000000004,18.84,572.0,1.0,0
0.0,0.0,-14.0,20.0,0.0,2.0,218.64,38.94,1066.0,1.0,0
0.0,0.0,-9.0,7.0,0.0,9.0,348.95500000000004,38.94,2352.0,3.0,0
0.0,0.0,-9.0,15.0,0.0,5.0,294.18,18.18,676.0,2.0,1
0.0,0.0,-23.0,10.0,0.0,10.0,315.17,20.17,293.0,1.0,1
0.0,0.0,-14.0,18.0,0.0,1.0,348.95500000000004,25.81,346.0,4.0,0
0.0,0.0,-30.0,18.0,0.0,10.0,348.95500000000004,38.94,2457.0,1.0,0
0.0,0.0,-7.0,11.0,0.0,8.0,238.44,28.45,708.0,2.0,0
0.0,0.0,-8.0,11.0,0.0,10.0,348.95500000000004,38.94,2222.0,1.0,1
0.0,0.0,-16.0,7.0,0.0,10.0,348.95500000000004,29.05,868.0,1.0,0
0.0,0.0,-35.0,7.0,0.0,9.0,348.95500000000004,25.86,1375.0,1.0,0
0.0,0.0,0.0,17.0,0.0,8.0,239.46,18.46,437.0,1.0,0
0.0,0.0,-6.0,12.0,0.0,1.0,348.95500000000004,38.94,1345.0,6.0,0
0.0,0.0,-16.0,10.0,0.0,1.0,348.95500000000004,38.94,675.0,2.0,0
0.0,0.0,-14.0,16.0,0.0,1.0,257.04,37.05,1157.0,1.0,0
0.0,0.0,-19.0,8.0,0.0,4.0,348.95500000000004,17.13,501.0,4.0,0
0.0,0.0,4.0,22.0,1.0,4.0,341.02,16.02,2644.0,6.0,0
0.0,0.0,-14.0,6.0,0.0,1.0,190.06,10.07,3745.0,6.0,0
0.0,0.0,-12.0,8.0,0.0,10.0,323.83,28.83,408.0,1.0,0
0.0,0.0,-19.0,14.0,0.0,10.0,198.5,18.51,1091.0,1.0,0
0.0,0.0,-17.0,5.0,0.0,5.0,278.63,28.73,884.0,3.0,0
0.0,0.0,-17.0,4.0,0.0,2.0,199.31,14.41,234.0,1.0,0
0.0,0.0,-13.0,8.0,0.0,10.0,348.95500000000004,31.06,540.0,1.0,0
0.0,0.0,-9.0,22.0,0.0,10.0,348.95500000000004,38.94,1207.0,1.0,0
0.0,0.0,7.0,37.0,1.0,5.0,223.35,23.46,279.0,1.0,0
0.0,0.0,-13.0,6.0,0.0,2.0,243.65,13.95,3382.0,6.0,0
0.0,0.0,-16.0,5.0,0.0,8.0,348.95500000000004,18.16,665.0,1.0,0
0.0,0.0,-17.0,1.0,0.0,10.0,348.95500000000004,29.41,2810.0,7.0,0
0.0,0.0,-8.0,3.0,0.0,10.0,348.95500000000004,12.3,207.0,2.0,0
0.0,0.0,-31.0,14.0,0.0,3.0,249.97,38.94,516.0,1.0,0
0.0,0.0,-6.0,17.0,0.0,5.0,245.98,25.99,1050.0,1.0,0
0.0,0.0,-1.0,19.0,0.0,10.0,266.62,38.94,1030.0,5.0,1
0.0,0.0,12.0,31.0,1.0,1.0,269.63,19.63,622.0,3.0,1
0.0,0.0,-28.0,8.0,0.0,6.0,348.95500000000004,38.94,1964.0,1.0,0
0.0,0.0,-18.0,13.0,0.0,8.0,348.95500000000004,38.94,1457.0,5.0,0
0.0,0.0,-10.0,7.0,0.0,8.0,348.95500000000004,18.89,644.0,1.0,0
0.0,0.0,-8.0,11.0,0.0,4.0,212.12,24.32,1278.0,1.0,0
0.0,0.0,-21.0,3.0,0.0,2.0,222.44,38.94,259.8,8.0,0
0.0,0.0,-11.0,9.0,0.0,3.0,348.95500000000004,25.28,909.0,1.0,0
0.0,0.0,-10.0,12.0,0.0,10.0,222.04,38.94,245.0,1.0,1
0.0,0.0,-11.0,8.0,0.0,1.0,348.95500000000004,13.06,1454.0,3.0,0
0.0,0.0,-19.0,11.0,0.0,1.0,348.95500000000004,38.94,606.0,2.0,0
0.0,0.0,-7.0,15.0,0.0,8.0,348.95500000000004,16.19,501.0,4.0,0
0.0,0.0,-17.0,11.0,0.0,1.0,208.1,27.8,620.0,3.0,0
0.0,0.0,-21.0,9.0,0.0,1.0,231.94,35.14,676.0,1.0,0
0.0,0.0,-14.0,6.0,0.0,1.0,328.52,28.65,427.0,4.0,0
0.0,0.0,0.0,12.0,0.0,2.0,279.98,10.08,619.0,1.0,0
0.0,0.0,-21.0,14.0,0.0,5.0,269.35,35.44,163.0,1.0,0
0.0,0.0,-25.0,6.0,0.0,6.0,348.95500000000004,38.94,1983.0,3.0,0
0.0,0.0,0.0,56.0,0.0,5.0,348.95500000000004,11.61,1266.0,4.0,0
0.0,0.0,-13.0,10.0,0.0,1.0,255.47,22.12,273.0,1.0,0
0.0,0.0,-18.0,6.0,0.0,1.0,348.95500000000004,38.94,779.0,2.0,0
0.0,0.0,-18.0,4.0,0.0,1.0,348.95500000000004,26.78,1793.0,10.0,1
0.0,0.0,-7.0,17.0,0.0,10.0,348.95500000000004,38.94,254.0,1.0,0
0.0,0.0,-24.0,7.0,0.0,10.0,195.0,17.01,916.0,2.0,0
0.0,0.0,-7.0,8.0,0.0,5.0,276.2,38.94,735.0,5.0,0
0.0,0.0,-4.0,29.0,0.0,2.0,196.01,16.01,871.0,4.0,1
0.0,0.0,1.0,33.0,1.0,8.0,343.16,17.0,1131.0,3.0,0
0.0,0.0,-7.0,19.0,0.0,3.0,329.39,38.94,606.0,2.0,0
0.0,0.0,-15.0,3.0,0.0,1.0,348.95500000000004,14.7,1505.0,3.0,0
0.0,0.0,-23.0,10.0,0.0,1.0,348.95500000000004,38.94,342.6666666666667,2.0,1
0.0,0.0,-28.0,10.0,0.0,1.0,330.06,38.94,799.0,4.0,0
0.0,0.0,-13.0,9.0,0.0,8.0,204.55,27.56,1456.0,1.0,0
0.0,0.0,-15.0,13.0,0.0,1.0,348.95500000000004,38.94,314.0,1.0,0
0.0,0.0,-8.0,6.0,0.0,4.0,348.95500000000004,38.94,3863.0,5.0,0
0.0,0.0,-9.0,13.0,0.0,3.0,229.84,38.94,2853.0,1.0,0
0.0,0.0,-7.0,3.0,0.0,8.0,244.08,15.08,451.0,4.0,0
0.0,0.0,-10.0,12.0,0.0,6.0,256.92,17.92,1263.0,1.0,0
0.0,0.0,-14.0,21.0,0.0,2.0,211.6,18.6,2558.0,1.0,0
0.0,0.0,-14.0,12.0,0.0,4.0,286.59,17.59,582.0,1.0,0
0.0,0.0,-12.0,3.0,0.0,3.0,348.95500000000004,13.2,176.0,1.0,0
0.0,0.0,-7.0,12.0,0.0,1.0,208.76999999999998,12.87,465.0,1.0,0
0.0,0.0,-12.0,19.0,0.0,10.0,218.8,38.94,210.5,1.0,0
0.0,0.0,-15.0,5.0,0.0,4.0,214.71,38.94,626.0,1.0,0
0.0,0.0,-10.0,8.0,0.0,8.0,348.95500000000004,16.99,404.0,3.0,0
0.0,0.0,-20.0,19.0,0.0,4.0,252.83,18.92,163.0,1.0,0
0.0,0.0,-20.0,8.0,0.0,10.0,348.95500000000004,20.0,404.0,3.0,0
0.0,0.0,-16.0,6.0,0.0,8.0,348.95500000000004,18.95,874.0,2.0,0
0.0,0.0,-6.0,5.0,0.0,8.0,348.95500000000004,16.26,534.0,1.0,0
0.0,0.0,-14.0,9.0,0.0,2.0,325.1,25.1,2894.0,1.0,0
0.0,0.0,-10.0,18.0,0.0,10.0,348.95500000000004,22.05,1451.0,4.0,0
0.0,0.0,20.0,51.0,1.0,2.0,348.95500000000004,38.94,92.0,2.0,1
0.0,0.0,-4.0,18.0,0.0,10.0,278.06,35.06,568.0,3.0,1
0.0,0.0,-9.0,12.0,0.0,2.0,327.92,17.93,391.0,3.0,0
0.0,0.0,5.0,28.0,1.0,8.0,348.95500000000004,21.8,913.0,3.0,1
0.0,0.0,-10.0,27.0,0.0,10.0,348.95500000000004,38.94,3920.0,3.0,0
0.0,0.0,22.0,45.0,1.0,1.0,213.13,17.13,1017.0,3.0,0
0.0,0.0,-10.0,6.0,0.0,3.0,348.95500000000004,20.88,1415.0,4.0,0
0.0,0.0,-22.0,8.0,0.0,24.0,274.84,38.94,1433.0,2.6666666666666665,1
0.0,0.0,-11.0,5.0,0.0,1.0,348.95500000000004,14.06,933.0,3.0,0
0.0,0.0,-9.0,15.0,0.0,10.0,348.95500000000004,38.94,653.0,2.0,0
0.0,0.0,-16.0,9.0,0.0,1.0,207.09,17.09,160.0,1.0,0
0.0,0.0,-20.0,9.0,0.0,1.0,348.95500000000004,38.94,493.3333333333333,1.0,1
0.0,0.0,-7.0,24.0,0.0,7.0,348.95500000000004,19.6,404.0,3.0,0
0.0,0.0,-14.0,7.0,0.0,3.0,267.9,28.0,2064.0,4.0,0
0.0,0.0,0.0,23.0,0.0,3.0,222.68,18.68,236.0,1.0,0
0.0,0.0,-16.0,16.0,0.0,3.0,348.95500000000004,23.98,599.0,2.0,0
0.0,0.0,-18.0,17.0,0.0,10.0,348.95500000000004,38.94,1157.0,1.0,1
0.0,0.0,-13.0,9.0,0.0,3.0,225.71,38.94,2188.0,2.0,0
0.0,0.0,-18.0,14.0,0.0,1.0,224.91,25.01,264.0,1.0,0
0.0,0.0,-11.0,10.0,0.0,1.0,194.5,15.01,1552.0,3.0,0
0.0,0.0,-22.0,12.0,0.0,2.0,238.79,18.79,1055.0,1.0,0
0.0,0.0,-13.0,6.0,0.0,6.0,345.46,10.46,1116.0,3.0,0
0.0,0.0,-15.0,18.0,0.0,4.0,296.61,16.71,883.0,4.0,0
0.0,0.0,-9.0,11.0,0.0,3.0,347.24,27.44,600.0,3.0,1
0.0,0.0,-16.0,8.0,0.0,6.0,348.95500000000004,38.94,1892.0,4.0,0
0.0,0.0,-15.0,3.0,0.0,10.0,264.64,16.24,902.0,2.0,0
0.0,0.0,-19.0,4.0,0.0,2.0,239.16,38.94,613.0,5.0,0
0.0,0.0,-13.0,14.0,0.0,1.0,321.77,35.8,1286.0,3.0,0
0.0,0.0,-14.0,7.0,0.0,2.0,348.95500000000004,37.0,301.0,3.0,0
0.0,0.0,-7.0,6.0,0.0,8.0,348.95500000000004,38.94,1031.0,6.0,0
0.0,0.0,-12.0,8.0,0.0,6.0,216.14,16.15,640.0,1.0,0
0.0,0.0,-34.0,12.0,0.0,4.0,219.63,20.63,330.0,1.0,0
0.0,0.0,-13.0,14.0,0.0,10.0,224.07,38.94,1893.0,1.0,0
0.0,0.0,-17.0,7.0,0.0,5.0,335.73,38.94,723.0,1.0,0
0.0,0.0,-15.0,9.0,0.0,1.0,310.3,13.58,779.0,2.0,0
0.0,0.0,-15.0,6.0,0.0,3.0,194.5,15.01,1656.0,3.0,0
0.0,0.0,-28.0,12.0,0.0,10.0,348.95500000000004,38.94,186.0,2.0,1
0.0,0.0,-10.0,22.0,0.0,10.0,348.95500000000004,38.94,1682.0,1.0,0
0.0,0.0,-18.0,20.0,0.0,10.0,348.95500000000004,27.04,1309.0,1.0,0
0.0,0.0,-17.0,9.0,0.0,4.0,348.95500000000004,18.53,1686.0,1.0,0
0.0,0.0,-13.0,15.0,0.0,5.0,308.47,18.47,2021.0,4.0,0
0.0,0.0,-7.0,11.0,0.0,2.0,348.95500000000004,38.94,1500.0,4.0,1
0.0,0.0,-15.0,9.0,0.0,2.0,223.58,18.68,572.0,2.0,0
0.0,0.0,-7.0,4.0,0.0,10.0,209.74,9.75,730.0,3.0,0
0.0,0.0,-22.0,10.0,0.0,4.0,348.95500000000004,17.55,881.0,1.0,0
0.0,0.0,-4.0,28.0,0.0,2.0,348.95500000000004,17.89,236.0,1.0,0
0.0,0.0,-6.0,32.0,0.0,4.0,348.95500000000004,23.37,1547.0,1.0,1
0.0,0.0,-14.0,12.0,0.0,1.0,203.57,23.58,1493.0,6.0,0
0.0,0.0,-5.0,25.0,0.0,4.0,194.48,27.49,1456.0,1.0,0
0.0,0.0,-20.0,11.0,0.0,5.0,283.53,24.53,561.0,1.0,0
0.0,0.0,-4.0,22.0,0.0,8.0,348.95500000000004,21.69,222.0,1.0,0
0.0,0.0,-8.0,6.0,0.0,6.0,337.5,18.0,404.0,1.0,1
0.0,0.0,-18.0,9.0,0.0,1.0,279.57,38.94,883.0,1.0,0
0.0,0.0,-14.0,9.0,0.0,1.0,348.95500000000004,38.94,729.0,2.0,0
0.0,0.0,-17.0,7.0,0.0,1.0,348.95500000000004,24.01,1702.0,4.0,0
0.0,0.0,-14.0,8.0,0.0,1.0,348.95500000000004,38.94,2523.0,1.0,0
0.0,0.0,-19.0,6.0,0.0,1.0,288.18,27.18,1307.0,1.0,0
0.0,0.0,-17.0,18.0,0.0,10.0,348.95500000000004,38.94,432.0,1.0,0
0.0,0.0,-6.0,13.0,0.0,4.0,241.65,19.65,494.0,1.0,0
0.0,0.0,-26.0,3.0,0.0,4.0,278.38,38.94,865.3333333333334,1.0,1
0.0,0.0,4.0,41.0,1.0,8.0,348.95500000000004,28.33,657.0,1.0,1
0.0,0.0,-4.0,27.0,0.0,8.0,221.31,27.44,606.0,2.0,0
0.0,0.0,-11.0,13.0,0.0,2.0,243.62,38.94,993.0,5.0,0
0.0,0.0,-12.0,25.0,0.0,1.0,348.95500000000004,38.81,1811.0,6.0,0
0.0,0.0,-17.0,13.0,0.0,10.0,348.95500000000004,38.94,1841.0,5.0,0
0.0,0.0,-6.0,10.0,0.0,8.0,314.96,15.06,2795.0,5.0,1
0.0,0.0,-5.0,22.0,0.0,3.0,348.95500000000004,38.94,321.0,1.0,0
0.0,0.0,-11.0,14.0,0.0,5.0,348.95500000000004,33.05,317.0,1.0,0
0.0,0.0,-5.0,15.0,0.0,6.0,283.73,19.73,371.0,3.0,0
0.0,0.0,-18.0,18.0,0.0,5.0,267.41,17.51,1474.0,1.0,0
0.0,0.0,-29.0,15.0,0.0,4.0,209.5,38.94,2211.0,1.0,1
0.0,0.0,9.0,31.0,1.0,8.0,348.95500000000004,16.48,1428.0,1.0,1
0.0,0.0,-5.0,24.0,0.0,3.0,254.42,34.42,2515.0,1.0,0
0.0,0.0,-6.0,21.0,0.0,5.5,210.68,21.81,2108.0,1.0,0
0.0,0.0,-13.0,10.0,0.0,6.0,313.5,13.6,375.0,1.0,0
0.0,0.0,-24.0,13.0,0.0,8.0,348.95500000000004,22.74,1513.0,1.0,0
0.0,0.0,-12.0,15.0,0.0,1.0,230.64,32.14,434.0,1.0,0
0.0,0.0,-8.0,13.0,0.0,2.0,346.66,38.94,2966.0,1.0,1
0.0,0.0,-23.0,7.0,0.0,1.0,219.74,24.24,647.0,9.0,0
0.0,0.0,8.0,28.0,1.0,10.0,217.78,38.94,621.0,1.0,0
0.0,0.0,-31.0,21.0,0.0,4.0,257.14,28.14,617.0,2.0,0
0.0,0.0,-4.0,9.0,0.0,6.0,204.83,10.18,784.0,1.0,0
0.0,0.0,-36.0,5.0,0.0,10.0,348.95500000000004,31.99,2810.0,7.0,0
0.0,0.0,0.0,5.0,0.0,1.0,318.97,34.92,2063.0,3.0,1
0.0,0.0,-10.0,20.0,0.0,8.0,348.95500000000004,30.43,163.0,1.0,0
0.0,0.0,-7.0,21.0,0.0,2.0,235.28,16.28,439.0,1.0,0
0.0,0.0,-8.0,23.0,0.0,6.0,321.91,26.91,1869.0,5.0,0
0.0,0.0,-6.0,16.0,0.0,3.0,305.41,38.94,551.0,2.0,0
0.0,0.0,-11.0,13.0,0.0,1.0,348.95500000000004,21.8,1784.0,6.0,0
0.0,0.0,-8.0,25.0,0.0,2.0,212.0,18.0,1440.0,1.0,0
0.0,0.0,-9.0,17.0,0.0,1.0,206.74,27.57,770.0,1.0,0
0.0,0.0,-13.0,2.0,0.0,1.0,208.15,38.94,723.0,2.0,1
0.0,0.0,-15.0,1.0,0.0,8.0,298.48,23.5,861.0,2.0,1
0.0,0.0,-19.0,4.0,0.0,4.0,348.95500000000004,17.72,1156.0,2.0,0
0.0,0.0,-18.0,11.0,0.0,7.0,348.95500000000004,18.24,2300.0,2.0,0
0.0,0.0,-16.0,29.0,0.0,8.0,348.95500000000004,38.94,727.0,6.0,0
0.0,0.0,-25.0,19.0,0.0,5.5,348.95500000000004,21.38,468.0,1.0,0
0.0,0.0,-32.0,10.0,0.0,4.0,348.95500000000004,27.65,315.0,1.0,0
0.0,0.0,-17.0,9.0,0.0,1.0,212.38,14.38,594.0,1.0,0
0.0,0.0,-14.0,14.0,0.0,3.0,218.55,18.65,2816.0,1.0,0
0.0,0.0,-11.0,1.0,0.0,10.0,348.95500000000004,25.2,855.0,4.0,0
0.0,0.0,-21.0,11.0,0.0,8.0,343.55,24.55,646.0,1.0,0
0.0,0.0,-7.0,14.0,0.0,2.0,229.69,38.94,294.0,1.0,0
0.0,0.0,-11.0,11.0,0.0,5.0,318.34,18.35,2078.0,2.0,0
0.0,0.0,0.0,17.0,0.0,5.0,250.45,25.45,1438.0,5.0,0
0.0,0.0,-9.0,12.0,0.0,10.0,348.95500000000004,18.11,568.0,2.0,0
0.0,0.0,-15.0,48.0,0.0,4.0,348.95500000000004,14.93,472.0,1.0,0
0.0,0.0,-12.0,19.0,0.0,4.0,348.95500000000004,38.94,454.0,2.0,0
0.0,0.0,-14.0,11.0,0.0,8.0,348.95500000000004,38.94,776.0,1.0,0
0.0,0.0,-8.0,4.0,0.0,10.0,293.76,13.86,892.0,4.0,0
0.0,0.0,-17.0,7.0,0.0,2.0,251.74,31.74,629.0,1.0,1
0.0,0.0,-14.0,31.0,0.0,1.0,274.99,36.99,391.0,1.0,0
0.0,0.0,-22.0,28.0,0.0,2.0,312.91,38.94,2372.0,9.0,1
0.0,0.0,-20.0,18.0,0.0,5.0,200.59,30.6,1620.0,1.0,1
0.0,0.0,-21.0,16.0,0.0,1.0,324.96000000000004,24.97,399.0,1.0,0
0.0,0.0,-7.0,26.0,0.0,3.0,348.95500000000004,38.94,273.6,1.0,1
0.0,0.0,17.0,44.0,1.0,1.0,215.82999999999998,17.83,1220.0,1.0,1
0.0,0.0,-35.0,15.0,0.0,3.0,221.59,38.94,540.0,1.0,0
0.0,0.0,-13.0,6.0,0.0,1.0,238.57,18.67,367.0,1.0,0
0.0,0.0,-22.0,8.0,0.0,1.0,333.51,38.94,266.0,3.0,0
0.0,0.0,-27.0,16.0,0.0,3.0,302.58,22.59,1131.0,3.0,0
0.0,0.0,-13.0,10.0,0.0,1.0,233.93,34.93,876.0,9.0,0
0.0,0.0,-7.0,29.0,0.0,5.0,188.34,18.44,919.0,5.0,1
0.0,0.0,-7.0,5.0,0.0,1.0,313.29,13.3,1222.0,2.0,0
0.0,0.0,-16.0,15.0,0.0,8.0,328.51,18.61,575.0,2.0,0
0.0,0.0,-29.0,12.0,0.0,4.0,237.94,38.94,330.0,1.0,0
0.0,0.0,-20.0,9.0,0.0,1.0,348.95500000000004,21.69,625.0,1.0,0
0.0,0.0,-32.0,12.0,0.0,10.0,250.99,20.99,756.0,1.0,0
0.0,0.0,-19.0,4.0,0.0,6.0,347.39,38.94,2007.0,4.0,0
0.0,0.0,5.0,34.0,1.0,1.0,208.57,18.58,926.0,3.0,0
0.0,0.0,-34.0,18.0,0.0,4.0,348.95500000000004,20.99,940.0,3.0,1
0.0,0.0,-9.0,6.0,0.0,2.0,257.29,28.909999999999997,615.5,1.0,0
0.0,0.0,-10.0,6.0,0.0,1.0,348.95500000000004,20.3,1604.0,1.0,0
0.0,0.0,-13.0,11.0,0.0,10.0,348.95500000000004,16.13,546.0,1.0,0
0.0,0.0,-19.0,6.0,0.0,4.0,303.02,38.94,700.0,1.0,0
0.0,0.0,-8.0,9.0,0.0,8.0,320.1,20.2,344.0,2.0,0
0.0,0.0,-22.0,11.0,0.0,8.0,268.31,38.94,1290.0,1.0,1
0.0,0.0,-8.0,8.0,0.0,4.0,348.95500000000004,29.8,775.0,1.0,0
0.0,0.0,11.0,34.0,1.0,5.0,348.95500000000004,21.3,468.0,1.0,1
0.0,0.0,15.0,33.0,1.0,10.0,348.95500000000004,38.94,151.0,1.0,1
0.0,0.0,3.0,24.0,1.0,1.0,348.95500000000004,38.94,2088.0,1.0,0
0.0,0.0,14.0,33.0,1.0,6.0,348.95500000000004,19.28,2212.0,4.0,1
0.0,0.0,-12.0,5.0,0.0,10.0,348.95500000000004,17.33,1458.0,1.0,0
0.0,0.0,-20.0,14.0,0.0,1.0,348.95500000000004,23.49,1138.0,2.0,0
0.0,0.0,-69.0,28.0,0.0,4.0,240.31,38.94,241.0,5.0,1
0.0,0.0,-31.0,11.0,0.0,10.0,348.95500000000004,38.94,1531.0,4.0,1
0.0,0.0,-4.0,15.0,0.0,4.0,236.55,38.94,875.0,2.0,0
0.0,0.0,-9.0,13.0,0.0,8.0,238.73,38.94,494.0,1.0,0
0.0,0.0,-10.0,26.0,0.0,8.0,204.07,16.07,465.0,1.0,0
0.0,0.0,-10.0,5.0,0.0,1.0,244.18,15.18,844.0,3.0,0
0.0,0.0,-13.0,15.0,0.0,4.0,196.38,36.48,3495.0,1.0,0
0.0,0.0,-22.0,13.0,0.0,5.0,259.94,38.94,1023.0,6.0,0
0.0,0.0,-14.0,8.0,0.0,1.0,348.95500000000004,24.68,964.0,4.0,0
0.0,0.0,-8.0,4.0,0.0,10.0,348.95500000000004,11.11,911.0,3.0,0
0.0,0.0,-19.0,10.0,0.0,10.0,348.95500000000004,38.94,844.0,1.0,0
0.0,0.0,-14.0,5.0,0.0,16.0,320.76,35.76,92.0,1.0,0
0.0,0.0,-17.0,8.0,0.0,3.0,262.83,26.93,1892.0,4.0,0
0.0,0.0,-13.0,10.0,0.0,1.0,197.53,18.53,323.0,1.0,0
0.0,0.0,-14.0,11.0,0.0,1.0,287.55,38.94,539.0,3.0,0
0.0,0.0,-20.0,15.0,0.0,1.0,234.2,38.94,211.0,2.0,0
0.0,0.0,-12.0,5.0,0.0,1.0,314.92,14.93,753.0,2.0,0
0.0,0.0,-17.0,13.0,0.0,1.0,206.63,28.63,1075.0,1.0,0
0.0,0.0,-8.0,1.0,0.0,10.0,348.95500000000004,38.94,563.0,1.0,0
0.0,0.0,-22.0,12.0,0.0,1.0,237.59,22.59,516.0,1.0,0
0.0,0.0,-17.0,5.0,0.0,6.0,342.39,38.94,2006.0,4.0,0
0.0,0.0,-22.0,12.0,0.0,7.0,346.05,17.05,268.0,1.0,0
0.0,0.0,-18.0,8.0,0.0,10.0,348.95500000000004,20.45,1823.0,1.0,0
0.0,0.0,-7.0,9.0,0.0,6.0,348.95500000000004,16.24,1286.0,1.0,0
0.0,0.0,-14.0,3.0,0.0,8.0,348.95500000000004,38.94,282.0,2.0,0
0.0,0.0,-21.0,6.0,0.0,10.0,348.95500000000004,22.7,606.0,2.0,0
0.0,0.0,-8.0,19.0,0.0,3.0,262.69,38.94,1085.0,2.0,0
0.0,0.0,-16.0,6.0,0.0,1.0,319.12,38.94,266.0,3.0,0
0.0,0.0,-14.0,10.0,0.0,2.0,348.95500000000004,38.94,226.75,1.0,0
0.0,0.0,-25.0,14.0,0.0,5.0,302.55,38.94,451.5,1.0,1
0.0,0.0,-11.0,15.0,0.0,6.0,348.95500000000004,38.94,1123.0,1.0,0
0.0,0.0,-11.0,23.0,0.0,2.0,225.64,36.64,488.0,3.0,0
0.0,0.0,-4.0,22.0,0.0,1.0,213.9,38.94,464.0,1.0,0
0.0,0.0,-11.0,8.0,0.0,3.0,274.08,38.94,1893.0,1.0,0
0.0,0.0,-14.0,18.0,0.0,8.0,252.79,17.89,225.0,1.0,0
0.0,0.0,-14.0,6.0,0.0,8.0,238.17,38.94,488.0,2.0,0
0.0,0.0,-4.0,20.0,0.0,6.0,300.49,38.94,771.0,1.0,0
0.0,0.0,-20.0,7.0,0.0,1.0,255.44,26.44,730.0,3.0,0
0.0,0.0,-23.0,11.0,0.0,8.0,348.95500000000004,38.94,673.0,1.0,0
0.0,0.0,-1.0,27.0,0.0,7.0,225.67,26.67,282.0,1.0,0
0.0,0.0,-21.0,14.0,0.0,1.0,235.28,16.28,617.0,2.0,0
0.0,0.0,-1.0,22.0,0.0,12.0,348.95500000000004,19.32,440.0,2.0,1
0.0,0.0,1.0,6.0,1.0,1.0,289.57,24.57,582.0,1.0,0
0.0,0.0,-10.0,9.0,0.0,1.0,202.66,24.66,357.0,2.0,0
0.0,0.0,-11.0,3.0,0.0,6.0,212.01,12.02,1157.0,1.0,0
0.0,0.0,-16.0,7.0,0.0,6.0,348.95500000000004,34.62,478.0,1.0,0
0.0,0.0,-8.0,8.0,0.0,8.0,348.95500000000004,10.59,1128.0,2.0,0
0.0,0.0,-12.0,8.0,0.0,2.0,255.58,32.82,386.0,2.0,0
0.0,0.0,-12.0,6.0,0.0,8.0,218.46,32.66,329.0,1.0,0
0.0,0.0,-14.0,11.0,0.0,1.0,348.95500000000004,38.94,2566.0,1.0,0
0.0,0.0,-15.0,10.0,0.0,1.0,348.95500000000004,36.5,2358.0,6.0,0
0.0,0.0,-15.0,9.0,0.0,6.0,348.95500000000004,38.94,3632.0,4.0,0
0.0,0.0,-17.0,6.0,0.0,10.0,221.57,31.67,487.0,2.0,0
0.0,0.0,-16.0,8.0,0.0,1.0,348.95500000000004,21.54,707.0,1.0,1
0.0,0.0,-8.0,7.0,0.0,10.0,348.95500000000004,38.94,666.5,1.0,1
0.0,0.0,-12.0,11.0,0.0,1.0,348.95500000000004,24.17,600.0,3.0,0
0.0,0.0,-31.0,10.0,0.0,8.0,217.83,17.84,1926.0,4.0,0
0.0,0.0,-10.0,10.0,0.0,1.0,263.28,38.58,249.0,1.0,0
0.0,0.0,-1.0,18.0,0.0,1.0,207.02,17.03,298.0,4.0,0
0.0,0.0,-7.0,5.0,0.0,8.0,211.73,12.73,847.0,2.0,0
0.0,0.0,-4.0,8.0,0.0,10.0,348.95500000000004,18.22,1829.0,10.0,0
0.0,0.0,-19.0,10.0,0.0,10.0,348.95500000000004,16.34,542.0,2.0,0
0.0,0.0,-9.0,9.0,0.0,3.0,308.3,19.3,1892.0,4.0,0
0.0,0.0,-15.0,3.0,0.0,10.0,348.95500000000004,17.88,1621.0,2.0,0
0.0,0.0,-20.0,16.0,0.0,1.0,348.95500000000004,38.94,2782.0,4.0,0
0.0,0.0,-12.0,7.0,0.0,3.0,312.28,16.38,587.0,2.0,0
0.0,0.0,-14.0,14.0,0.0,10.0,192.24,38.94,307.0,2.0,0
0.0,0.0,-23.0,8.0,0.0,10.0,348.95500000000004,27.22,985.0,2.0,0
0.0,0.0,-20.0,14.0,0.0,8.0,348.95500000000004,31.67,249.0,3.0,1
0.0,0.0,-16.0,14.0,0.0,1.0,230.12,38.94,2188.0,2.0,0
0.0,0.0,-14.0,17.0,0.0,3.0,243.11,38.94,1002.5,1.0,0
0.0,0.0,-18.0,10.0,0.0,2.0,348.95500000000004,38.94,694.0,1.0,0
0.0,0.0,1.0,28.0,1.0,5.0,348.95500000000004,38.94,163.0,1.0,1
0.0,0.0,-14.0,9.0,0.0,4.0,348.95500000000004,18.66,3939.0,2.0,0
0.0,0.0,0.0,30.0,0.0,1.0,215.3,35.3,871.0,4.0,0
0.0,0.0,-9.0,25.0,0.0,6.0,191.58,21.68,298.0,1.0,0
0.0,0.0,1.0,22.0,1.0,5.0,211.85,38.94,828.0,4.0,0
0.0,0.0,-20.0,9.0,0.0,1.0,195.03,38.94,313.0,1.0,0
0.0,0.0,-21.0,11.0,0.0,1.0,336.31,38.94,734.6666666666666,2.6666666666666665,0
0.0,0.0,-10.0,11.0,0.0,8.0,348.95500000000004,18.21,173.0,1.0,0
0.0,0.0,-7.0,16.0,0.0,1.0,348.95500000000004,24.85,1800.0,7.0,0
0.0,0.0,-10.0,10.0,0.0,1.0,348.18,38.94,687.0,3.0,0
0.0,0.0,6.0,37.0,1.0,2.0,245.14,38.14,727.0,1.0,0
0.0,0.0,-10.0,5.0,0.0,8.0,335.47,10.47,2644.0,6.0,0
0.0,0.0,-30.0,6.0,0.0,8.0,348.95500000000004,18.8,844.0,1.0,0
0.0,0.0,-15.0,9.0,0.0,10.0,348.95500000000004,18.26,1764.0,2.0,0
0.0,0.0,12.0,44.0,1.0,2.0,269.85,38.31,730.0,1.0,0
0.0,0.0,-13.0,16.0,0.0,3.0,254.11,24.11,408.0,2.0,0
0.0,0.0,-25.0,10.0,0.0,6.0,348.95500000000004,30.09,961.0,1.0,0
0.0,0.0,-19.0,31.0,0.0,6.0,227.9,38.94,192.0,2.0,0
0.0,0.0,-19.0,12.0,0.0,4.0,223.32,24.32,1348.0,2.0,0
0.0,0.0,-9.0,2.0,0.0,1.0,249.49,10.49,1484.0,4.0,1
0.0,0.0,-8.0,1.0,0.0,8.0,307.27,9.27,772.0,1.0,0
0.0,0.0,-16.0,12.0,0.0,5.0,187.65,27.66,609.0,3.0,0
0.0,0.0,-31.0,7.0,0.0,5.0,254.63,17.63,510.0,2.0,0
0.0,0.0,-17.0,12.0,0.0,2.0,225.71,38.94,2188.0,2.0,0
0.0,0.0,-10.0,13.0,0.0,5.0,256.43,16.44,514.0,2.0,0
0.0,0.0,-16.0,7.0,0.0,6.0,277.65,30.75,627.0,1.5,0
0.0,0.0,-7.0,20.0,0.0,1.0,236.29,16.29,313.0,1.0,0
0.0,0.0,-22.0,24.0,0.0,2.0,230.75,38.94,344.0,3.0,0
0.0,0.0,-8.0,7.0,0.0,5.0,313.29,13.3,915.0,2.0,0
0.0,0.0,0.0,22.0,0.0,1.0,348.95500000000004,17.55,703.0,1.0,0
0.0,0.0,-13.0,4.0,0.0,3.0,202.88,13.88,758.0,6.0,0
0.0,0.0,-12.0,9.0,0.0,10.0,348.95500000000004,38.23,606.0,2.0,1
0.0,0.0,-18.0,4.0,0.0,3.0,348.95500000000004,16.72,628.0,1.0,0
0.0,0.0,-6.0,7.0,0.0,5.0,348.95500000000004,17.04,968.0,5.0,0
0.0,0.0,-15.0,18.0,0.0,8.0,348.95500000000004,38.94,625.0,1.0,0
0.0,0.0,-13.0,2.0,0.0,8.0,263.65,8.65,246.0,1.0,0
0.0,0.0,-18.0,6.0,0.0,8.0,313.53,14.53,277.0,1.0,0
0.0,0.0,-18.0,19.0,0.0,10.0,348.95500000000004,38.94,551.0,3.0,0
0.0,0.0,-7.0,7.0,0.0,8.0,348.95500000000004,38.94,1345.0,8.0,0
0.0,0.0,11.0,34.0,1.0,10.0,348.95500000000004,16.48,1691.0,1.0,1
0.0,0.0,6.0,18.0,1.0,10.0,348.63,31.73,577.0,1.0,1
0.0,0.0,-12.0,4.0,0.0,5.0,264.98,9.98,528.0,2.0,0
0.0,0.0,-20.0,5.0,0.0,4.0,348.95500000000004,38.94,691.0,1.0,0
0.0,0.0,-22.0,12.0,0.0,8.0,348.95500000000004,26.73,437.0,3.0,0
0.0,0.0,0.0,3.0,0.0,8.0,263.95,14.05,456.0,3.0,0
0.0,0.0,-8.0,11.0,0.0,1.0,273.76,17.76,3127.0,3.0,0
0.0,0.0,-37.0,9.0,0.0,6.0,348.95500000000004,38.94,982.0,3.0,1
0.0,0.0,-15.0,7.0,0.0,1.0,241.15,38.94,993.0,5.0,0
0.0,0.0,-17.0,6.0,0.0,10.0,251.09,21.1,1001.0,1.0,0
0.0,0.0,-3.0,24.0,0.0,1.0,348.95500000000004,28.08,233.0,2.0,0
0.0,0.0,-7.0,7.0,0.0,8.0,317.48,38.94,1484.0,5.0,1
0.0,0.0,-4.0,21.0,0.0,10.0,347.74,18.74,718.0,1.0,0
0.0,0.0,0.0,16.0,0.0,2.0,348.95500000000004,38.94,519.0,5.0,1
0.0,0.0,20.0,44.0,1.0,1.0,220.79,20.89,1271.0,5.0,1
0.0,0.0,-14.0,21.0,0.0,2.0,252.89,38.94,330.0,1.0,0
0.0,0.0,-5.0,23.0,0.0,3.0,249.39,16.39,805.0,1.0,0
0.0,0.0,-21.0,16.0,0.0,10.0,348.95500000000004,38.94,726.0,5.0,0
0.0,0.0,-13.0,13.0,0.0,10.0,348.95500000000004,38.94,1963.0,5.0,0
0.0,0.0,-19.0,8.0,0.0,5.0,348.95500000000004,18.71,644.0,1.0,0
0.0,0.0,1.0,32.0,1.0,5.0,331.2,38.94,771.0,1.0,1
0.0,0.0,-3.0,30.0,0.0,2.0,274.47,35.47,868.0,1.0,0
0.0,0.0,-17.0,3.0,0.0,1.0,303.75,24.75,1828.0,1.0,0
0.0,0.0,-7.0,9.0,0.0,10.0,348.95500000000004,17.1,719.0,6.0,0
0.0,0.0,-16.0,5.0,0.0,4.0,290.04,18.05,270.0,1.0,0
0.0,0.0,-14.0,15.0,0.0,2.0,348.95500000000004,21.26,492.0,1.0,0
0.0,0.0,-8.0,8.0,0.0,3.0,348.95500000000004,38.94,249.66666666666666,1.0,0
0.0,0.0,-26.0,5.0,0.0,7.0,348.95500000000004,38.94,409.5,1.0,0
0.0,0.0,-10.0,9.0,0.0,3.0,348.95500000000004,22.57,2141.0,1.0,0
0.0,0.0,-9.0,6.0,0.0,10.0,348.95500000000004,38.94,925.0,5.0,0
0.0,0.0,-9.0,10.0,0.0,1.0,348.95500000000004,30.94,3156.0,1.0,1
0.0,0.0,-12.0,10.0,0.0,4.0,299.84,19.85,581.0,2.0,0
0.0,0.0,-15.0,7.0,0.0,3.0,248.4,38.94,1991.0,2.0,1
0.0,0.0,-19.0,3.0,0.0,3.0,348.95500000000004,22.36,1384.0,3.0,0
0.0,0.0,-12.0,10.0,0.0,4.0,348.95500000000004,30.02,1483.0,2.0,0
0.0,0.0,-23.0,8.0,0.0,4.0,272.24,32.44,890.0,1.0,0
0.0,0.0,-14.0,10.0,0.0,8.0,348.95500000000004,38.94,3610.0,4.0,0
0.0,0.0,-14.0,11.0,0.0,9.0,262.16,22.17,1001.0,1.0,0
0.0,0.0,-7.0,10.0,0.0,10.0,319.63,38.94,486.0,1.0,0
0.0,0.0,-7.0,6.0,0.0,10.0,300.08,38.94,116.0,3.0,0
0.0,0.0,-21.0,10.0,0.0,8.0,348.95500000000004,18.21,874.0,1.0,0
0.0,0.0,31.0,52.0,1.0,15.0,348.95500000000004,29.57,3610.0,4.0,1
0.0,0.0,-12.0,4.0,0.0,4.0,348.95500000000004,12.94,874.0,2.0,0
0.0,0.0,-15.0,21.0,0.0,1.0,348.95500000000004,30.11,1198.0,6.0,0
0.0,0.0,-17.0,18.0,0.0,5.0,253.97,38.94,1156.0,2.0,1
0.0,0.0,-6.0,17.0,0.0,5.0,248.85,18.86,934.0,1.0,0
0.0,0.0,15.0,36.0,1.0,4.0,348.95500000000004,29.52,240.0,1.0,1
0.0,0.0,-10.0,14.0,0.0,6.0,348.95500000000004,33.02,1071.0,2.0,0
0.0,0.0,-25.0,31.0,0.0,1.0,254.33,35.33,617.0,2.0,0
0.0,0.0,-7.0,13.0,0.0,8.0,312.39,38.94,87.0,3.0,0
0.0,0.0,-15.0,27.0,0.0,1.0,348.95500000000004,38.94,3611.0,4.0,0
0.0,0.0,-13.0,4.0,0.0,10.0,314.92,14.93,753.0,2.0,0
0.0,0.0,-14.0,4.0,0.0,5.0,348.95500000000004,38.94,2188.0,2.0,0
0.0,0.0,-7.0,11.0,0.0,10.0,348.95500000000004,38.94,1299.0,1.0,0
0.0,0.0,-8.0,13.0,0.0,1.0,320.21,38.94,182.0,1.0,0
0.0,0.0,-8.0,13.0,0.0,1.0,276.18,36.18,205.0,1.0,0
0.0,0.0,-25.0,6.0,0.0,5.0,254.42,16.42,446.0,3.0,0
0.0,0.0,-16.0,4.0,0.0,10.0,348.95500000000004,31.86,563.0,2.0,0
0.0,0.0,-25.0,11.0,0.0,3.0,243.57,38.57,162.0,5.0,0
0.0,0.0,-11.0,5.0,0.0,1.0,215.7,15.9,955.0,2.0,1
0.0,0.0,-15.0,11.0,0.0,2.0,311.33,29.33,714.0,1.0,0
0.0,0.0,-12.0,8.0,0.0,3.0,253.28,15.28,1893.0,1.0,0
0.0,0.0,-4.0,27.0,0.0,1.0,348.95500000000004,38.94,1358.0,1.0,0
0.0,0.0,-12.0,8.0,0.0,8.0,244.15,14.16,934.0,1.0,0
0.0,0.0,13.0,41.0,1.0,10.0,348.95500000000004,30.85,625.0,1.0,1
0.0,0.0,-11.0,20.0,0.0,10.0,348.95500000000004,32.17,2212.0,4.0,1
0.0,0.0,-13.0,15.0,0.0,1.0,258.91,38.94,375.0,2.0,0
0.0,0.0,-17.0,5.0,0.0,5.0,279.72,38.94,784.0,4.0,1
0.0,0.0,-15.0,13.0,0.0,1.0,348.95500000000004,18.21,319.0,1.0,0
0.0,0.0,-7.0,14.0,0.0,9.0,348.95500000000004,19.18,971.0,2.0,0
0.0,0.0,-6.0,7.0,0.0,1.0,212.7,28.5,524.0,1.0,0
0.0,0.0,-8.0,16.0,0.0,8.0,348.95500000000004,17.47,464.0,2.0,0
0.0,0.0,-16.0,7.0,0.0,8.0,235.29,19.39,628.0,1.0,0
0.0,0.0,-6.0,16.0,0.0,3.0,240.76,30.96,606.0,2.0,0
0.0,0.0,-30.0,11.0,0.0,3.0,221.1,31.1,803.0,1.0,1
0.0,0.0,-40.0,16.0,0.0,1.0,348.95500000000004,22.8,504.0,6.0,0
0.0,0.0,-14.0,4.0,0.0,10.0,348.95500000000004,20.03,1426.0,1.0,0
0.0,0.0,-12.0,7.0,0.0,3.0,201.84,31.94,830.0,4.0,0
0.0,0.0,-19.0,9.0,0.0,3.0,348.95500000000004,38.94,254.0,1.0,0
0.0,0.0,-17.0,9.0,0.0,4.0,229.8,38.94,1365.0,5.5,0
0.0,0.0,-12.0,24.0,0.0,2.0,308.16,38.94,750.0,2.0,0
0.0,0.0,-37.0,6.0,0.0,6.0,334.67,38.94,601.0,3.0,0
0.0,0.0,-14.0,2.0,0.0,1.0,329.98,10.98,1914.0,5.0,0
0.0,0.0,-21.0,11.0,0.0,1.0,247.48,29.68,442.0,1.0,1
0.0,0.0,-8.0,6.0,0.0,5.0,265.9,20.91,851.0,2.0,0
0.0,0.0,-6.0,8.0,0.0,1.0,348.95500000000004,38.94,264.0,1.0,0
0.0,0.0,-15.0,10.0,0.0,1.0,235.63,15.63,612.0,7.0,1
0.0,0.0,-19.0,26.0,0.0,1.0,217.64,18.64,2067.0,1.0,0
0.0,0.0,-10.0,9.0,0.0,10.0,317.8,18.8,249.0,3.0,0
0.0,0.0,-20.0,10.0,0.0,9.0,348.95500000000004,38.94,2644.0,6.0,0
0.0,0.0,-21.0,8.0,0.0,5.0,283.29,17.3,439.0,1.0,0
0.0,0.0,-21.0,4.0,0.0,8.0,348.95500000000004,20.29,765.0,3.0,0
0.0,0.0,-14.0,5.0,0.0,8.0,348.95500000000004,13.11,500.0,1.0,0
0.0,0.0,-16.0,16.0,0.0,1.0,255.14,19.22,402.0,1.0,0
0.0,0.0,-16.0,8.0,0.0,8.0,348.95500000000004,28.18,1849.0,3.0,0
0.0,0.0,-3.0,15.0,0.0,4.0,303.72,13.73,589.0,4.0,0
0.0,0.0,-21.0,20.0,0.0,1.0,348.95500000000004,34.99,3268.5,4.0,0
0.0,0.0,-20.0,5.0,0.0,1.0,280.53,29.64,341.5,1.0,0
0.0,0.0,-12.0,10.0,0.0,1.0,348.95500000000004,38.94,925.0,5.0,0
0.0,0.0,-18.0,8.0,0.0,8.0,348.95500000000004,15.25,910.0,4.0,0
0.0,0.0,-4.0,16.0,0.0,1.0,219.27,19.28,712.0,4.0,0
0.0,0.0,-7.0,12.0,0.0,8.0,348.95500000000004,38.94,274.0,1.0,0
0.0,0.0,1.0,40.0,1.0,8.0,215.6,26.6,686.0,1.0,0
0.0,0.0,-15.0,11.0,0.0,1.0,324.35,29.35,1892.0,4.0,0
0.0,0.0,-12.0,8.0,0.0,10.0,348.95500000000004,16.75,1987.0,10.0,0
0.0,0.0,-7.0,6.0,0.0,8.0,314.3,38.94,999.0,6.0,0
0.0,0.0,-7.0,12.0,0.0,6.0,348.95500000000004,31.8,625.0,1.0,0
0.0,0.0,15.0,42.0,1.0,4.0,227.76,38.94,226.0,5.0,1
0.0,0.0,-8.0,25.0,0.0,8.0,258.55,19.55,886.0,1.0,0
0.0,0.0,-4.0,29.0,0.0,2.0,183.83,14.93,602.0,2.0,0
0.0,0.0,-12.0,9.0,0.0,10.0,218.77,13.77,398.0,2.0,0
0.0,0.0,-12.0,21.0,0.0,8.0,348.95500000000004,19.29,625.0,1.0,0
0.0,0.0,-16.0,7.0,0.0,1.0,348.95500000000004,38.94,970.0,2.0,1
0.0,0.0,-24.0,8.0,0.0,8.0,348.95500000000004,38.94,340.0,1.0,0
0.0,0.0,-11.0,13.0,0.0,10.0,205.46,18.56,2775.0,3.0,0
0.0,0.0,-41.0,13.0,0.0,4.0,218.71,38.81,772.0,1.0,0
0.0,0.0,-19.0,20.0,0.0,1.0,277.3,38.94,616.0,1.0,0
0.0,0.0,-16.0,20.0,0.0,4.0,265.64,38.94,275.0,1.0,0
0.0,0.0,-43.0,27.0,0.0,1.0,252.88,38.94,1104.0,1.0,1
0.0,0.0,-10.0,9.0,0.0,4.0,313.5,13.6,446.0,2.0,0
0.0,0.0,-4.0,6.0,0.0,1.0,348.95500000000004,24.88,1135.0,5.0,0
0.0,0.0,-12.0,14.0,0.0,3.0,348.95500000000004,20.16,742.0,1.0,0
0.0,0.0,-15.0,9.0,0.0,5.0,240.83,17.32,980.0,1.0,1
0.0,0.0,-8.0,8.0,0.0,3.0,245.6,38.94,799.0,1.0,1
0.0,0.0,-11.0,7.0,0.0,4.0,267.99,18.0,439.0,1.0,0
0.0,0.0,8.0,42.0,1.0,6.0,300.36,38.94,239.0,1.0,0
0.0,0.0,-19.0,7.0,0.0,6.0,348.95500000000004,38.94,696.0,3.5,0
0.0,0.0,-22.0,10.0,0.0,1.0,348.95500000000004,38.94,391.0,2.0,0
0.0,0.0,-16.0,8.0,0.0,12.0,348.95500000000004,38.94,1212.0,3.0,0
0.0,0.0,-7.0,40.0,0.0,10.0,348.95500000000004,38.94,1837.0,6.0,1
0.0,0.0,11.0,39.0,1.0,1.0,348.95500000000004,31.98,625.0,1.0,1
0.0,0.0,0.0,2.0,0.0,2.0,348.95500000000004,15.92,1791.0,4.0,0
0.0,0.0,-8.0,20.0,0.0,1.0,225.71,38.94,2188.0,2.0,0
0.0,0.0,-22.0,13.0,0.0,10.0,348.95500000000004,28.59,1809.0,5.0,0
0.0,0.0,-18.0,10.0,0.0,6.0,348.95500000000004,33.7,293.0,1.0,0
0.0,0.0,-15.0,10.0,0.0,10.0,262.53,38.94,1794.0,6.0,0
0.0,0.0,-14.0,14.0,0.0,3.0,211.55,36.55,520.0,1.0,0
0.0,0.0,-9.0,1.0,0.0,10.0,270.02,10.02,409.0,2.0,0
0.0,0.0,-11.0,15.0,0.0,10.0,280.16,38.94,450.0,1.0,1
0.0,0.0,-16.0,6.0,0.0,1.0,348.95500000000004,38.94,3125.0,1.0,0
0.0,0.0,-12.0,11.0,0.0,4.0,247.48,17.58,726.0,2.0,0
0.0,0.0,-21.0,21.0,0.0,1.0,219.63,20.63,2066.0,1.0,0
0.0,0.0,-19.0,10.0,0.0,2.0,208.2,19.2,1688.0,2.0,0
0.0,0.0,-26.0,9.0,0.0,1.0,276.52,36.54,992.0,1.0,0
0.0,0.0,-16.0,4.0,0.0,4.0,247.5,26.86,919.0,1.0,0
0.0,0.0,-12.0,16.0,0.0,6.0,348.95500000000004,31.42,1386.0,1.0,0
0.0,0.0,0.0,35.0,0.0,8.0,348.95500000000004,38.94,2524.0,1.0,0
0.0,0.0,-8.0,4.0,0.0,1.0,348.95500000000004,38.94,159.0,1.0,0
0.0,0.0,-16.0,9.0,0.0,6.0,210.47,35.72,165.5,1.5,0
0.0,0.0,-12.0,6.0,0.0,3.0,348.95500000000004,33.68,1363.0,2.0,0
0.0,0.0,-12.0,6.0,0.0,1.0,217.4,27.41,903.0,5.0,0
0.0,0.0,-12.0,6.0,0.0,8.0,274.81,16.91,922.0,1.0,0
0.0,0.0,-20.0,5.0,0.0,10.0,332.86,38.94,250.0,1.0,0
0.0,0.0,-13.0,6.0,0.0,4.0,348.95500000000004,37.61,1193.5,3.0,0
0.0,0.0,-8.0,12.0,0.0,1.0,348.95500000000004,38.94,2112.0,5.0,0
0.0,0.0,4.0,34.0,1.0,1.0,314.82,38.94,903.0,6.0,0
0.0,0.0,31.0,59.0,1.0,2.0,348.95500000000004,27.65,645.0,1.0,1
0.0,0.0,-21.0,6.0,0.0,5.0,315.87,16.97,463.0,1.0,0
0.0,0.0,11.0,51.0,1.0,4.0,218.1,38.94,1350.0,1.0,1
0.0,0.0,-7.0,7.0,0.0,4.0,240.13,20.35,278.0,1.0,0
0.0,0.0,-16.0,11.0,0.0,12.0,348.95500000000004,38.94,1771.0,1.0,0
0.0,0.0,-4.0,14.0,0.0,3.0,348.95500000000004,38.94,1036.0,2.0,1
0.0,0.0,-20.0,2.0,0.0,8.0,267.51,38.94,1062.0,4.0,0
0.0,0.0,-8.0,16.0,0.0,3.0,207.8,38.0,282.0,1.0,0
0.0,0.0,-35.0,5.0,0.0,4.0,284.33,38.94,2268.0,1.0,0
0.0,0.0,-4.0,3.0,0.0,10.0,348.95500000000004,13.74,757.0,5.0,0
0.0,0.0,-6.0,11.0,0.0,6.0,348.95500000000004,29.47,1157.0,1.0,0
0.0,0.0,-28.0,14.0,0.0,10.0,270.34,38.94,508.0,3.0,0
0.0,0.0,-6.0,5.0,0.0,8.0,258.51,8.61,587.0,1.0,0
0.0,0.0,-8.0,21.0,0.0,4.0,218.49,18.59,901.0,1.0,0
0.0,0.0,-24.0,9.0,0.0,4.0,348.95500000000004,38.94,121.0,2.0,0
0.0,0.0,-19.0,11.0,0.0,1.0,348.95500000000004,17.86,498.0,1.0,0
0.0,0.0,-10.0,6.0,0.0,5.0,278.24,19.299999999999997,1235.5,1.0,0
0.0,0.0,-24.0,7.0,0.0,6.0,348.95500000000004,38.94,3270.0,4.0,0
0.0,0.0,-7.0,17.0,0.0,10.0,348.95500000000004,38.94,191.0,4.0,0
0.0,0.0,-15.0,7.0,0.0,1.0,348.95500000000004,38.94,2057.0,7.0,0
0.0,0.0,-17.0,6.0,0.0,8.0,310.85,38.94,582.0,1.0,0
0.0,0.0,-7.0,16.0,0.0,3.0,215.85,21.85,1355.0,1.0,0
0.0,0.0,-21.0,4.0,0.0,10.0,348.95500000000004,38.94,634.0,5.0,0
0.0,0.0,-9.0,11.0,0.0,10.0,231.87,13.87,843.0,1.0,1
0.0,0.0,-16.0,15.0,0.0,10.0,200.64,21.74,617.0,1.0,0
0.0,0.0,-15.0,11.0,0.0,10.0,348.95500000000004,33.83,3632.0,4.0,0
0.0,0.0,-2.0,15.0,0.0,1.0,348.95500000000004,19.27,1830.0,1.0,0
0.0,0.0,-17.0,3.0,0.0,6.0,288.19,18.2,1172.0,3.0,0
0.0,0.0,-1.0,5.0,0.0,20.0,348.95500000000004,22.34,2303.0,1.0,0
0.0,0.0,-2.0,26.0,0.0,4.0,322.68,38.94,709.0,1.0,0
0.0,0.0,-25.0,19.0,0.0,4.0,207.26,38.94,546.0,1.0,0
0.0,0.0,-9.0,15.0,0.0,1.0,330.52,38.94,356.0,4.0,0
0.0,0.0,-15.0,3.0,0.0,10.0,348.95500000000004,14.86,1586.0,1.0,0
0.0,0.0,-16.0,3.0,0.0,5.0,290.37,21.37,2809.0,1.0,0
0.0,0.0,-5.0,21.0,0.0,3.0,256.43,17.43,419.0,4.0,0
0.0,0.0,-26.0,16.0,0.0,4.0,348.95500000000004,32.13,872.0,2.0,0
0.0,0.0,-21.0,5.0,0.0,8.0,348.95500000000004,15.02,1056.0,1.0,0
0.0,0.0,-10.0,17.0,0.0,10.0,285.06,38.94,903.0,6.0,0
0.0,0.0,-3.0,19.0,0.0,8.0,348.95500000000004,18.5,582.0,2.0,0
0.0,0.0,-24.0,21.0,0.0,1.0,306.98,38.94,1371.0,2.0,0
0.0,0.0,-10.0,20.0,0.0,8.0,348.95500000000004,26.81,1387.0,3.0,0
0.0,0.0,-16.0,5.0,0.0,7.0,334.12,38.94,287.0,1.0,1
0.0,0.0,-8.0,10.0,0.0,8.0,348.95500000000004,38.94,3632.0,4.0,0
0.0,0.0,-14.0,12.0,0.0,10.0,215.31,26.16,157.0,9.0,0
0.0,0.0,-25.0,12.0,0.0,1.5,205.52999999999997,26.53,323.0,1.0,0
0.0,0.0,19.0,53.0,1.0,8.0,348.95500000000004,34.89,821.0,7.0,1
0.0,0.0,5.0,31.0,1.0,1.0,348.95500000000004,21.23,796.0,1.0,1
0.0,0.0,20.0,42.0,1.0,6.0,348.95500000000004,38.94,219.0,1.0,1
0.0,0.0,-7.0,12.0,0.0,4.0,291.59,14.6,294.0,1.0,0
0.0,0.0,-10.0,13.0,0.0,6.0,348.95500000000004,21.63,3330.0,3.0,0
0.0,0.0,-16.0,20.0,0.0,5.0,243.57,38.57,162.0,5.0,0
0.0,0.0,-20.0,8.0,0.0,1.0,348.95500000000004,38.94,894.0,1.0,1
0.0,0.0,-15.0,6.0,0.0,3.0,293.39,14.39,501.0,4.0,0
0.0,0.0,22.0,34.0,1.0,2.0,348.95500000000004,16.7,653.0,4.0,1
0.0,0.0,-22.0,17.0,0.0,1.0,213.74,34.14,236.0,1.0,0
0.0,0.0,-17.0,6.0,0.0,3.0,348.95500000000004,38.94,162.0,5.0,0
0.0,0.0,-18.0,8.0,0.0,1.0,298.81,38.94,389.0,3.0,0
0.0,0.0,-17.0,12.0,0.0,1.0,195.0,38.94,2526.0,1.0,1
0.0,0.0,-20.0,16.0,0.0,8.0,348.95500000000004,38.94,410.0,1.0,0
0.0,0.0,-14.0,11.0,0.0,2.0,348.95500000000004,38.94,1893.0,1.0,0
0.0,0.0,-17.0,5.0,0.0,6.0,348.95500000000004,24.68,761.0,2.0,0
0.0,0.0,-9.0,14.0,0.0,6.0,256.86,38.94,919.0,1.0,0
0.0,0.0,-7.0,13.0,0.0,8.0,348.95500000000004,16.13,482.0,2.0,0
0.0,0.0,-5.0,14.0,0.0,6.0,348.95500000000004,11.99,1034.0,1.0,0
0.0,0.0,-7.0,6.0,0.0,5.0,204.45,33.45,1372.0,1.0,0
0.0,0.0,-21.0,13.0,0.0,6.0,267.93,38.94,516.0,1.0,0
0.0,0.0,-5.0,14.0,0.0,10.0,273.06,38.94,445.0,3.0,1
0.0,0.0,-13.0,6.0,0.0,5.0,348.95500000000004,16.55,3033.0,1.0,0
0.0,0.0,-4.0,8.0,0.0,5.0,248.83,8.93,591.0,2.0,0
0.0,0.0,14.0,36.0,1.0,1.0,334.29,38.94,904.0,6.0,1
0.0,0.0,-18.0,20.0,0.0,5.0,280.68,38.94,703.0,1.0,0
0.0,0.0,-10.0,8.0,0.0,8.0,348.95500000000004,17.18,517.0,1.0,0
0.0,0.0,-14.0,8.0,0.0,5.0,348.95500000000004,32.08,1427.5,1.0,0
0.0,0.0,-13.0,7.0,0.0,5.0,264.08,14.09,1193.0,3.0,0
0.0,0.0,-7.0,21.0,0.0,3.0,348.95500000000004,38.94,474.0,1.0,0
0.0,0.0,-16.0,12.0,0.0,1.0,319.25,19.35,146.0,1.0,0
0.0,0.0,-12.0,9.0,0.0,8.0,221.21,26.21,162.0,5.0,0
0.0,0.0,-13.0,11.0,0.0,3.0,293.61,33.62,989.0,1.0,0
0.0,0.0,-9.0,14.0,0.0,7.0,348.95500000000004,38.94,2810.0,7.0,0
0.0,0.0,-20.0,9.0,0.0,1.0,225.66,25.66,452.0,1.0,0
0.0,0.0,-18.0,6.0,0.0,8.0,348.95500000000004,21.56,182.0,1.0,0
0.0,0.0,-4.0,25.0,0.0,8.0,348.95500000000004,38.94,876.0,2.0,0
0.0,0.0,-15.0,12.0,0.0,1.0,348.95500000000004,38.94,1367.0,1.0,0
0.0,0.0,-5.0,6.0,0.0,1.0,269.42,12.42,497.0,3.0,0
0.0,0.0,-10.0,11.0,0.0,1.0,348.95500000000004,38.94,3006.0,2.0,1
0.0,0.0,-13.0,5.0,0.0,6.0,325.36,38.94,569.0,1.0,0
0.0,0.0,-15.0,12.0,0.0,5.0,282.01,14.01,1669.0,6.0,0
0.0,0.0,5.0,32.0,1.0,1.6666666666666667,348.95500000000004,26.53,378.0,2.0,1
0.0,0.0,-13.0,16.0,0.0,3.0,206.92,16.09,1116.0,1.0,0
0.0,0.0,-11.0,3.0,0.0,1.0,243.85,10.85,805.0,1.0,0
0.0,0.0,-16.0,8.0,0.0,10.0,348.95500000000004,25.45,631.0,3.0,0
0.0,0.0,-9.0,13.0,0.0,8.0,249.05,13.15,494.0,1.0,0
0.0,0.0,-16.0,7.0,0.0,1.0,348.95500000000004,38.94,450.0,1.0,1
0.0,0.0,-10.0,8.0,0.0,1.0,294.54,38.94,674.0,1.0,0
0.0,0.0,4.0,29.0,1.0,2.0,205.07,16.07,1882.0,1.0,0
0.0,0.0,2.0,26.0,1.0,3.0,337.44,27.45,422.0,5.0,0
0.0,0.0,-28.0,7.0,0.0,1.0,264.38,24.48,683.0,1.0,0
0.0,0.0,-14.0,5.0,0.0,1.0,339.98,24.98,2252.0,1.0,0
0.0,0.0,-18.0,10.0,0.0,6.0,348.95500000000004,38.94,162.0,4.0,1
0.0,0.0,-9.0,17.0,0.0,1.0,348.95500000000004,38.94,1129.0,1.0,0
0.0,0.0,-14.0,4.0,0.0,8.0,342.18,22.28,317.0,1.0,0
0.0,0.0,-13.0,6.0,0.0,1.0,348.95500000000004,38.94,1351.0,2.0,0
0.0,0.0,-10.0,8.0,0.0,10.0,260.54,21.64,620.0,1.0,0
0.0,0.0,-14.0,14.0,0.0,3.5,348.95500000000004,38.94,406.0,4.0,0
0.0,0.0,-19.0,7.0,0.0,8.0,271.58,22.58,217.0,3.0,0
0.0,0.0,-9.0,2.0,0.0,8.0,348.95500000000004,11.08,561.0,1.0,0
0.0,0.0,9.0,28.0,1.0,8.0,348.95500000000004,15.5,155.0,3.0,1
0.0,0.0,-11.0,7.0,0.0,5.0,348.95500000000004,35.45,310.0,1.0,1
0.0,0.0,6.0,30.0,1.0,2.0,217.96,17.97,629.0,3.0,1
0.0,0.0,-11.0,2.0,0.0,1.0,340.07,10.07,2644.0,6.0,0
0.0,0.0,-6.0,22.0,0.0,1.0,305.13,38.94,540.0,3.5,0
0.0,0.0,6.0,23.0,1.0,10.0,333.45,38.94,582.0,1.0,0
0.0,0.0,-35.0,32.0,0.0,2.0,348.95500000000004,38.94,620.0,3.0,0
0.0,0.0,-18.0,8.0,0.0,1.0,348.95500000000004,18.41,510.0,2.0,0
0.0,0.0,-7.0,17.0,0.0,10.0,348.95500000000004,17.97,1165.0,1.0,1
0.0,0.0,-18.0,16.0,0.0,2.0,287.89,38.89,408.0,1.0,0
0.0,0.0,-45.0,16.0,0.0,1.0,348.95500000000004,38.94,874.0,1.0,0
0.0,0.0,-11.0,6.0,0.0,2.0,217.37,22.47,445.0,1.0,1
0.0,0.0,-6.0,8.0,0.0,1.0,237.14,38.94,1330.0,1.0,0
0.0,0.0,-21.0,17.0,0.0,1.0,228.94,38.94,883.0,1.0,0
0.0,0.0,-23.0,8.0,0.0,1.0,279.7,19.7,1123.0,3.0,0
0.0,0.0,-9.0,4.0,0.0,5.0,348.95500000000004,11.33,582.0,1.0,0
0.0,0.0,-15.0,8.0,0.0,5.0,348.95500000000004,18.25,653.0,3.0,0
0.0,0.0,-9.0,15.0,0.0,2.0,219.21,29.31,149.0,3.0,0
0.0,0.0,-9.0,21.0,0.0,5.0,202.06,34.06,256.0,1.0,0
0.0,0.0,-11.0,3.0,0.0,8.0,348.95500000000004,38.94,2112.0,8.0,0
0.0,0.0,-12.0,32.0,0.0,10.0,273.6,38.94,1177.0,1.0,1
0.0,0.0,-18.0,7.0,0.0,1.0,348.95500000000004,24.18,753.0,2.0,0
0.0,0.0,-6.0,13.0,0.0,4.0,197.96,12.8,530.0,1.0,1
0.0,0.0,-19.0,4.0,0.0,2.0,348.95500000000004,20.19,1642.0,10.0,0
0.0,0.0,-13.0,21.0,0.0,5.0,246.1,38.94,298.0,3.0,0
0.0,0.0,-6.0,6.0,0.0,8.0,348.95500000000004,38.94,705.0,2.0,0
0.0,0.0,-10.0,20.0,0.0,5.0,283.15,38.94,1156.0,2.0,1
0.0,0.0,-1.0,21.0,0.0,4.0,199.92,38.94,348.0,2.0,1
0.0,0.0,0.0,32.0,0.0,1.0,305.57,38.94,300.0,1.0,0
0.0,0.0,-2.0,21.0,0.0,3.0,348.95500000000004,17.83,553.0,1.0,0
0.0,0.0,-17.0,9.0,0.0,10.0,348.95500000000004,38.94,652.0,1.0,0
0.0,0.0,-14.0,11.0,0.0,8.0,348.95500000000004,19.7,625.0,1.0,0
0.0,0.0,-16.0,13.0,0.0,10.0,348.95500000000004,38.94,283.5,1.5,1
0.0,0.0,-16.0,18.0,0.0,10.0,348.95500000000004,38.94,964.0,1.0,0
0.0,0.0,8.0,34.0,1.0,5.5,348.95500000000004,38.94,556.0,1.0,0
0.0,0.0,-24.0,7.0,0.0,10.0,348.95500000000004,22.89,3902.0,7.0,0
0.0,0.0,-15.0,6.0,0.0,3.0,228.8,29.9,2141.5,4.0,1
0.0,0.0,-12.0,7.0,0.0,9.0,318.92,19.92,2063.0,3.0,0
0.0,0.0,-9.0,17.0,0.0,3.0,238.79,18.79,1327.0,1.0,0
0.0,0.0,-6.0,6.0,0.0,3.0,348.95500000000004,34.96,1397.0,3.0,0
0.0,0.0,-3.0,28.0,0.0,8.0,205.76,17.76,156.0,1.0,0
0.0,0.0,-26.0,3.0,0.0,1.0,317.16,27.26,424.0,2.0,0
0.0,0.0,-24.0,11.0,0.0,1.0,348.95500000000004,38.94,503.0,1.0,1
0.0,0.0,-19.0,10.0,0.0,10.0,348.95500000000004,38.94,443.0,1.4,1
0.0,0.0,20.0,43.0,1.0,1.0,307.79,17.79,897.0,2.0,1
0.0,0.0,-27.0,10.0,0.0,6.0,303.86,38.94,601.0,3.0,0
0.0,0.0,-14.0,4.0,0.0,3.0,212.8,12.9,579.0,1.0,0
0.0,0.0,-13.0,10.0,0.0,1.0,348.95500000000004,38.94,1339.0,4.0,0
0.0,0.0,16.0,41.0,1.0,1.0,348.95500000000004,38.94,1403.0,10.0,0
0.0,0.0,-19.0,10.0,0.0,8.0,348.95500000000004,34.27,402.0,1.0,0
0.0,0.0,-8.0,8.0,0.0,5.5,244.18,15.18,844.0,3.0,0
0.0,0.0,-19.0,14.0,0.0,8.0,269.87,38.94,410.0,1.0,0
0.0,0.0,-1.0,34.0,0.0,5.0,348.95500000000004,38.94,912.0,2.0,1
0.0,0.0,-16.0,4.0,0.0,1.0,348.95500000000004,16.9,3033.0,1.0,0
0.0,0.0,-10.0,14.0,0.0,1.0,326.09,31.1,1002.0,3.0,0
0.0,0.0,-17.0,10.0,0.0,3.0,348.95500000000004,18.25,1197.0,4.0,0
0.0,0.0,-20.0,8.0,0.0,8.0,348.95500000000004,38.94,1591.0,1.0,0
0.0,0.0,-14.0,10.0,0.0,10.0,280.59,24.59,3454.0,4.0,0
0.0,0.0,-9.0,29.0,0.0,1.0,292.15,38.94,1157.5,3.5,1
0.0,0.0,0.0,20.0,0.0,1.0,241.25,38.94,3023.0,6.0,0
0.0,0.0,33.0,60.0,1.0,1.0,188.4,28.5,729.0,1.0,1
0.0,0.0,-21.0,5.0,0.0,3.0,310.68,17.68,1726.0,1.0,0
0.0,0.0,-22.0,8.0,0.0,10.0,348.95500000000004,38.94,320.0,1.0,0
0.0,0.0,-3.0,15.0,0.0,10.0,336.09,17.11,2304.0,4.0,0
0.0,0.0,-16.0,13.0,0.0,1.0,348.95500000000004,38.94,2352.0,3.0,0
0.0,0.0,-12.0,26.0,0.0,10.0,216.13,38.94,513.0,1.0,0
0.0,0.0,-14.0,15.0,0.0,5.0,348.95500000000004,26.71,1240.0,4.0,0
0.0,0.0,-23.0,6.0,0.0,1.0,348.95500000000004,38.94,1750.0,2.0,0
0.0,0.0,-12.0,33.0,0.0,2.0,258.68,38.68,313.0,1.0,0
0.0,0.0,-5.0,17.0,0.0,2.0,226.27,33.27,2558.0,1.0,1
0.0,0.0,-21.0,12.0,0.0,6.0,348.95500000000004,21.91,3331.0,3.0,0
0.0,0.0,11.0,45.0,1.0,2.0,226.58,26.68,3195.0,1.0,1
0.0,0.0,-13.0,5.0,0.0,1.0,348.95500000000004,38.94,875.0,5.0,0
0.0,0.0,-2.0,19.0,0.0,1.0,274.08,38.94,789.0,1.0,0
0.0,0.0,-6.0,19.0,0.0,1.0,262.18,14.18,501.0,4.0,0
0.0,0.0,-15.0,8.0,0.0,10.0,348.95500000000004,29.6,346.0,4.0,0
0.0,0.0,-12.0,8.0,0.0,2.0,348.95500000000004,38.94,3247.0,2.0,0
0.0,0.0,-15.0,13.0,0.0,4.5,348.95500000000004,38.94,1621.0,7.0,0
0.0,0.0,-21.0,17.0,0.0,4.0,228.23,28.33,904.0,1.0,0
0.0,0.0,-1.0,22.0,0.0,1.0,328.35,29.47,1619.0,2.0,0
0.0,0.0,-25.0,9.0,0.0,1.0,194.8,38.94,894.0,1.0,0
0.0,0.0,-23.0,4.0,0.0,6.0,348.95500000000004,38.94,610.0,3.0,0
0.0,0.0,-12.0,6.0,0.0,4.0,348.95500000000004,17.24,1177.0,1.0,0
0.0,0.0,-20.0,8.0,0.0,3.0,348.95500000000004,35.96,94.0,1.0,0
0.0,0.0,-6.0,31.0,0.0,2.0,278.22,38.94,353.0,7.0,0
0.0,0.0,-7.0,10.0,0.0,1.0,348.95500000000004,38.94,431.0,1.0,0
0.0,0.0,16.0,39.0,1.0,10.0,348.95500000000004,26.63,2352.0,3.0,1
0.0,0.0,-22.0,10.0,0.0,1.0,204.07,16.07,156.0,1.0,0
0.0,0.0,4.0,26.0,1.0,2.0,348.95500000000004,31.64,1010.0,2.5,0
0.0,0.0,-16.0,21.0,0.0,5.0,348.95500000000004,19.95,875.0,1.0,0
0.0,0.0,-18.0,8.0,0.0,3.0,269.31,32.599999999999994,473.0,1.0,1
0.0,0.0,-4.0,12.0,0.0,3.0,203.67,12.84,1116.0,1.0,0
0.0,0.0,-7.0,6.0,0.0,3.0,204.53,8.63,542.0,1.0,0
0.0,0.0,-14.0,24.0,0.0,2.0,348.95500000000004,38.94,1249.0,4.0,0
0.0,0.0,-12.0,20.0,0.0,2.0,326.62,38.94,1194.0,1.0,0
0.0,0.0,-1.0,18.0,0.0,8.0,236.46,37.16,386.0,1.0,0
0.0,0.0,-24.0,26.0,0.0,8.0,348.95500000000004,38.94,982.0,3.0,0
0.0,0.0,-15.0,7.0,0.0,1.0,217.62,38.94,223.0,1.0,1
0.0,0.0,11.0,34.0,1.0,1.0,212.85,38.94,683.0,2.0,1
0.0,0.0,-15.0,5.0,0.0,9.0,263.15,13.25,775.0,2.0,0
0.0,0.0,-6.0,22.0,0.0,1.0,187.53,17.63,2290.0,5.0,0
0.0,0.0,-13.0,12.0,0.0,15.0,324.66,38.94,92.0,2.0,0
0.0,0.0,-15.0,8.0,0.0,4.0,307.02,28.03,709.0,1.0,0
0.0,0.0,-14.0,3.0,0.0,10.0,348.95500000000004,23.53,1064.0,1.0,0
0.0,0.0,-11.0,6.0,0.0,1.0,231.38,12.16,428.0,3.0,0
0.0,0.0,-6.0,4.0,0.0,2.0,235.92,15.28,919.0,1.0,0
0.0,0.0,-10.0,10.0,0.0,8.0,298.65,13.5,1117.0,1.0,0
0.0,0.0,-8.0,8.0,0.0,2.0,262.39,38.94,87.0,3.0,0
0.0,0.0,-15.0,11.0,0.0,1.0,258.44,34.44,511.0,4.0,0
0.0,0.0,6.0,55.0,1.0,1.0,348.95500000000004,38.94,943.0,1.0,1
0.0,0.0,-27.0,7.0,0.0,1.0,228.25,28.35,325.0,1.0,0
0.0,0.0,-14.0,10.0,0.0,1.0,348.95500000000004,38.94,3920.0,3.0,0
0.0,0.0,-11.0,12.0,0.0,1.0,348.95500000000004,38.94,363.0,1.0,0
0.0,0.0,2.0,25.0,1.0,10.0,348.95500000000004,27.21,477.0,2.0,1
0.0,0.0,-4.0,12.0,0.0,2.0,348.95500000000004,38.94,341.0,2.0,0
0.0,0.0,18.0,38.0,1.0,1.0,258.52,38.94,169.0,1.0,1
0.0,0.0,-2.0,23.0,0.0,10.0,348.95500000000004,38.94,1232.0,2.0,0
0.0,0.0,-11.0,16.0,0.0,10.0,348.95500000000004,38.94,1247.0,6.0,0
0.0,0.0,-13.0,34.0,0.0,1.0,348.95500000000004,38.94,636.0,1.0,0
0.0,0.0,-4.0,15.0,0.0,3.0,212.83,13.83,253.0,1.0,0
0.0,0.0,-13.0,18.0,0.0,3.0,297.64,20.64,1089.0,1.0,0
0.0,0.0,-10.0,17.0,0.0,2.0,202.76,21.76,758.0,1.0,1
0.0,0.0,-13.0,6.0,0.0,10.0,348.95500000000004,37.54,1176.0,3.0,0
0.0,0.0,-14.0,9.0,0.0,8.0,348.95500000000004,19.61,371.0,2.0,0
0.0,0.0,-17.0,25.0,0.0,3.0,348.95500000000004,38.94,963.0,4.0,0
0.0,0.0,-11.0,11.0,0.0,10.0,348.95500000000004,27.99,1447.0,5.0,1
0.0,0.0,-19.0,5.0,0.0,10.0,348.95500000000004,38.81,228.0,1.0,0
0.0,0.0,-8.0,25.0,0.0,4.0,229.26,24.36,602.0,1.0,0
0.0,0.0,-9.0,21.0,0.0,2.0,196.81,18.82,916.0,2.0,0
0.0,0.0,-8.0,16.0,0.0,1.0,216.15,16.16,1135.0,4.0,0
0.0,0.0,-2.0,24.0,0.0,1.0,296.19,19.19,579.0,1.0,0
0.0,0.0,-20.0,19.0,0.0,8.0,247.16,32.16,708.0,2.0,0
0.0,0.0,-14.0,3.0,0.0,1.0,248.66,14.66,1971.0,3.0,0
0.0,0.0,-15.0,17.0,0.0,10.0,348.95500000000004,32.2,563.0,1.0,1
0.0,0.0,-9.0,1.0,0.0,5.0,348.95500000000004,17.8,1426.0,1.0,1
0.0,0.0,-7.0,7.0,0.0,3.0,264.9,20.9,805.0,1.0,0
0.0,0.0,-17.0,2.0,0.0,1.0,209.21,10.21,141.0,4.0,0
0.0,0.0,-22.0,8.0,0.0,7.0,219.74,24.24,573.0,8.0,0
0.0,0.0,-15.0,9.0,0.0,1.0,240.89,13.09,529.0,1.0,0
0.0,0.0,-19.0,14.0,0.0,1.0,195.69,16.69,323.0,1.0,0
0.0,0.0,-28.0,15.0,0.0,3.0,337.42,28.42,1026.0,3.0,0
0.0,0.0,-15.0,11.0,0.0,1.0,348.95500000000004,34.72,1507.0,4.0,0
0.0,0.0,-2.0,18.0,0.0,4.0,197.64,33.64,965.0,2.0,0
0.0,0.0,-10.0,12.0,0.0,5.0,348.95500000000004,26.82,1803.0,1.0,0
0.0,0.0,-13.0,17.0,0.0,5.0,348.95500000000004,38.94,797.0,1.0,0
0.0,0.0,-9.0,2.0,0.0,10.0,348.95500000000004,25.53,2683.0,1.0,0
0.0,0.0,-1.0,19.0,0.0,1.0,227.24,27.44,314.0,2.0,0
0.0,0.0,-16.0,7.0,0.0,6.0,348.95500000000004,22.04,219.0,3.0,0
0.0,0.0,-16.0,14.0,0.0,1.0,271.23,22.23,218.0,1.0,0
0.0,0.0,2.0,33.0,1.0,10.0,348.95500000000004,38.94,1447.0,5.0,0
0.0,0.0,5.0,32.0,1.0,10.0,348.95500000000004,27.54,944.0,1.0,0
0.0,0.0,-7.0,19.0,0.0,1.0,348.95500000000004,38.94,1031.0,6.0,1
0.0,0.0,-15.0,9.0,0.0,1.0,216.72,38.94,1893.0,1.0,0
0.0,0.0,-18.0,6.0,0.0,1.0,192.75,12.76,528.0,1.0,0
0.0,0.0,-28.0,5.0,0.0,8.0,186.85,16.95,412.0,1.0,0
0.0,0.0,-14.0,17.0,0.0,3.0,228.78,38.88,623.0,4.0,0
0.0,0.0,-16.0,19.0,0.0,10.0,348.95500000000004,38.94,1203.0,2.0,0
0.0,0.0,-7.0,14.0,0.0,3.0,348.95500000000004,37.22,1885.0,1.0,0
0.0,0.0,-13.0,6.0,0.0,1.0,348.95500000000004,38.63,373.0,3.0,0
0.0,0.0,-20.0,9.0,0.0,8.0,348.95500000000004,38.94,876.0,2.0,0
0.0,0.0,-18.0,15.0,0.0,15.0,348.95500000000004,37.52,409.0,4.0,0
0.0,0.0,-21.0,12.0,0.0,1.0,347.06,38.94,266.0,3.0,0
0.0,0.0,0.0,28.0,0.0,4.0,312.95,38.94,479.0,1.0,0
0.0,0.0,-20.0,7.0,0.0,6.0,348.95500000000004,22.01,1654.0,3.0,0
0.0,0.0,-2.0,36.0,0.0,3.0,269.4,38.94,1350.0,1.0,1
0.0,0.0,-13.0,7.0,0.0,2.0,279.3,38.94,178.0,1.0,0
0.0,0.0,0.0,21.0,0.0,3.0,311.98,38.94,798.0,2.0,1
0.0,0.0,60.0,85.0,1.0,4.0,219.18,19.28,592.0,2.0,0
0.0,0.0,-43.0,5.0,0.0,8.0,348.95500000000004,31.23,1011.0,2.0,0
0.0,0.0,-11.0,10.0,0.0,4.0,209.91,15.11,496.0,1.0,0
0.0,0.0,-6.0,18.0,0.0,1.0,348.95500000000004,38.94,508.0,1.0,0
0.0,0.0,-17.0,7.0,0.0,8.0,186.44,38.94,359.3333333333333,1.0,1
0.0,0.0,-21.0,12.0,0.0,6.0,313.43,14.43,373.0,2.0,0
0.0,0.0,-12.0,2.0,0.0,1.0,297.26,17.36,298.0,1.0,0
0.0,0.0,-9.0,17.0,0.0,3.0,348.95500000000004,18.42,393.0,3.0,0
0.0,0.0,-19.0,12.0,0.0,7.0,348.95500000000004,30.83,820.0,3.0,0
0.0,0.0,-11.0,7.0,0.0,8.0,348.95500000000004,21.94,639.0,1.0,0
0.0,0.0,-24.0,3.0,0.0,6.0,309.11,9.12,350.0,2.0,0
0.0,0.0,-19.0,11.0,0.0,8.0,231.88,38.94,992.0,1.0,0
0.0,0.0,-5.0,32.0,0.0,10.0,348.95500000000004,38.94,982.0,3.0,1
0.0,0.0,8.0,35.0,1.0,4.0,348.95500000000004,38.94,912.0,2.0,1
0.0,0.0,-8.0,26.0,0.0,6.0,348.95500000000004,38.94,880.0,1.0,0
0.0,0.0,-9.0,13.0,0.0,1.0,348.95500000000004,18.2,500.0,1.0,0
0.0,0.0,-8.0,13.0,0.0,10.0,348.95500000000004,16.97,210.0,1.0,0
0.0,0.0,-13.0,9.0,0.0,4.0,348.95500000000004,33.6,1811.0,6.0,0
0.0,0.0,-14.0,8.0,0.0,2.5,348.95500000000004,21.05,263.0,1.0,0
0.0,0.0,27.0,60.0,1.0,1.0,348.95500000000004,38.94,1294.0,5.0,0
0.0,0.0,-13.0,10.0,0.0,2.0,190.37,38.94,1893.0,1.0,0
0.0,0.0,-13.0,11.0,0.0,8.0,321.78,16.88,1114.0,4.0,0
0.0,0.0,0.0,16.0,0.0,1.0,253.11,14.11,500.0,1.0,0
0.0,0.0,-16.0,16.0,0.0,5.0,221.29,19.29,454.0,1.0,0
0.0,0.0,-18.0,6.0,0.0,1.0,250.85,38.94,723.0,3.0,0
0.0,0.0,-6.0,2.0,0.0,2.0,248.94,38.94,903.0,6.0,1
0.0,0.0,-14.0,8.0,0.0,3.0,348.95500000000004,20.59,582.0,1.0,0
0.0,0.0,-21.0,7.0,0.0,5.0,348.95500000000004,38.94,365.0,2.0,0
0.0,0.0,-8.0,16.0,0.0,8.0,348.95500000000004,20.38,1790.0,2.0,0
0.0,0.0,-4.0,13.0,0.0,3.0,348.95500000000004,36.019999999999996,603.0,1.0,0
0.0,0.0,-2.0,25.0,0.0,2.0,322.2,28.2,483.0,2.0,0
0.0,0.0,-15.0,15.0,0.0,2.0,243.25,24.25,1885.0,1.0,0
0.0,0.0,-7.0,5.0,0.0,1.0,348.95500000000004,38.94,1178.0,1.0,0
0.0,0.0,-6.0,17.0,0.0,6.0,348.95500000000004,16.33,745.0,3.0,0
0.0,0.0,-15.0,14.0,0.0,3.0,348.95500000000004,38.94,339.0,1.0,0
0.0,0.0,-22.0,8.0,0.0,9.0,348.95500000000004,33.87,388.0,2.0,0
0.0,0.0,17.0,35.0,1.0,5.0,251.65,22.61,603.0,1.0,0
0.0,0.0,-12.0,6.0,0.0,8.0,348.95500000000004,37.7,284.0,2.0,0
0.0,0.0,-15.0,13.0,0.0,2.0,318.34,19.34,625.0,1.0,0
0.0,0.0,-14.0,15.0,0.0,1.0,348.95500000000004,36.35,1520.0,2.0,0
0.0,0.0,-27.0,9.0,0.0,10.0,348.95500000000004,38.94,1933.0,4.0,0
0.0,0.0,-12.0,15.0,0.0,8.0,288.93,38.94,293.0,1.0,0
0.0,0.0,-1.0,16.0,0.0,1.0,348.95500000000004,19.84,2212.0,4.0,0
0.0,0.0,-32.0,6.0,0.0,1.0,348.95500000000004,38.94,879.0,1.25,1
0.0,0.0,-15.0,7.0,0.0,1.0,257.93,17.93,736.0,1.0,0
0.0,0.0,-13.0,6.0,0.0,10.0,348.95500000000004,15.14,897.0,3.0,0
0.0,0.0,-25.0,3.0,0.0,6.0,219.32,38.94,882.0,4.0,0
0.0,0.0,-24.0,20.0,0.0,1.0,348.95500000000004,38.94,3360.0,6.0,0
0.0,0.0,2.0,21.0,1.0,3.0,348.95500000000004,18.69,2011.0,5.0,1
0.0,0.0,-10.0,4.0,0.0,6.0,335.47,10.47,2644.0,6.0,0
0.0,0.0,-19.0,14.0,0.0,8.0,251.78,26.98,1429.5,2.0,0
0.0,0.0,-10.0,17.0,0.0,6.0,326.21,26.21,696.0,4.0,0
0.0,0.0,-20.0,7.0,0.0,1.0,348.95500000000004,26.55,2023.0,5.0,0
0.0,0.0,-14.0,6.0,0.0,6.0,348.95500000000004,38.94,1733.0,1.0,0
0.0,0.0,-10.0,4.0,0.0,10.0,348.95500000000004,24.91,2584.0,7.0,0
0.0,0.0,-25.0,6.0,0.0,10.0,348.95500000000004,38.94,982.0,3.0,0
0.0,0.0,-1.0,29.0,0.0,4.0,277.02,27.03,2025.0,2.0,0
0.0,0.0,5.0,12.0,1.0,1.0,301.3,9.3,221.0,3.0,0
0.0,0.0,6.0,34.0,1.0,10.0,348.95500000000004,25.69,694.0,1.0,1
0.0,0.0,-11.0,3.0,0.0,3.0,189.56,10.07,1657.0,3.0,0
0.0,0.0,-10.0,8.0,0.0,2.0,219.45,14.45,2392.0,1.0,0
0.0,0.0,-8.0,21.0,0.0,6.0,348.95500000000004,38.94,314.0,2.0,0
0.0,0.0,-31.0,11.0,0.0,8.0,223.99,37.99,612.0,1.0,0
0.0,0.0,-17.0,14.0,0.0,2.0,348.95500000000004,38.94,594.0,3.0,0
0.0,0.0,-17.0,8.0,0.0,8.0,234.46,14.56,236.0,1.0,0
0.0,0.0,-12.0,13.0,0.0,6.0,201.95,36.97,967.0,1.0,0
0.0,0.0,-12.0,10.0,0.0,2.0,211.01,13.51,418.0,1.0,0
0.0,0.0,-9.0,16.0,0.0,1.0,348.95500000000004,38.94,824.0,1.0,0
0.0,0.0,-19.0,15.0,0.0,1.0,215.77,38.94,148.0,6.0,0
0.0,0.0,-11.0,17.0,0.0,2.0,218.55,38.94,267.0,1.0,0
0.0,0.0,-23.0,9.0,0.0,10.0,224.71,38.94,2188.0,2.0,0
0.0,0.0,-5.0,5.0,0.0,8.0,236.7,16.06,919.0,1.0,0
0.0,0.0,-41.0,8.0,0.0,10.0,348.95500000000004,38.94,172.0,1.0,0
0.0,0.0,0.0,19.0,0.0,4.0,230.57,38.94,345.6666666666667,2.0,0
0.0,0.0,-13.0,43.0,0.0,8.0,348.95500000000004,10.57,555.0,2.0,0
0.0,0.0,-15.0,13.0,0.0,4.0,276.11,38.94,1322.0,1.0,0
0.0,0.0,-21.0,8.0,0.0,8.0,348.95500000000004,38.94,311.5,6.5,0
0.0,0.0,-10.0,19.0,0.0,1.2857142857142858,320.53,38.94,87.0,3.0,0
0.0,0.0,-15.0,6.0,0.0,1.0,348.95500000000004,14.69,501.0,1.0,0
0.0,0.0,-7.0,22.0,0.0,5.0,273.54,38.94,1157.0,1.0,0
0.0,0.0,-1.0,22.0,0.0,1.0,293.5,23.6,1242.0,1.0,1
0.0,0.0,-3.0,15.0,0.0,5.0,348.95500000000004,21.22,2644.0,6.0,0
0.0,0.0,-25.0,11.0,0.0,1.0,237.55,38.94,597.0,1.0,0
0.0,0.0,-15.0,17.0,0.0,1.0,211.25,36.35,1249.0,1.0,0
0.0,0.0,-14.0,8.0,0.0,4.0,232.29,16.39,200.0,2.0,0
0.0,0.0,-21.0,23.0,0.0,1.0,348.95500000000004,38.94,1029.0,3.0,0
0.0,0.0,-1.0,12.0,0.0,10.0,348.95500000000004,13.24,339.0,6.0,0
0.0,0.0,-17.0,8.0,0.0,1.0,268.99,19.0,439.0,1.0,0
0.0,0.0,-40.0,10.0,0.0,1.0,348.95500000000004,38.94,1702.0,4.0,1
0.0,0.0,-8.0,3.0,0.0,1.0,260.56,10.56,1458.0,3.0,0
0.0,0.0,-11.0,19.0,0.0,1.0,348.95500000000004,38.94,449.0,1.0,0
0.0,0.0,4.0,25.0,1.0,12.0,348.95500000000004,38.94,1352.0,1.0,0
0.0,0.0,-6.0,12.0,0.0,1.0,348.95500000000004,16.22,452.0,1.0,0
0.0,0.0,40.0,66.0,1.0,1.0,255.93,38.94,1113.0,10.0,1
0.0,0.0,-12.0,11.0,0.0,3.0,302.64,12.64,824.0,1.0,0
0.0,0.0,-25.0,19.0,0.0,3.0,238.05,38.94,1893.0,1.0,0
0.0,0.0,-18.0,29.0,0.0,1.0,266.83,38.94,1350.0,1.0,0
0.0,0.0,-20.0,7.0,0.0,1.0,348.95500000000004,27.05,491.0,1.0,0
0.0,0.0,-7.0,38.0,0.0,10.0,348.95500000000004,38.94,756.0,1.0,0
0.0,0.0,-20.0,11.0,0.0,10.0,348.95500000000004,18.95,874.0,2.0,0
0.0,0.0,13.0,35.0,1.0,8.0,348.95500000000004,11.83,874.0,1.0,1
0.0,0.0,-3.0,24.0,0.0,3.0,308.36,38.94,1232.0,1.0,0
0.0,0.0,-29.0,16.0,0.0,3.0,203.89,33.99,828.0,4.0,0
0.0,0.0,-14.0,18.0,0.0,1.0,201.65,21.75,409.0,5.0,0
0.0,0.0,-36.0,15.0,0.0,1.0,234.0,24.01,516.0,1.0,0
0.0,0.0,-10.0,14.0,0.0,2.0,348.95500000000004,38.94,1681.0,1.0,1
0.0,0.0,-7.0,13.0,0.0,1.0,348.95500000000004,37.54,1176.0,3.0,0
0.0,0.0,-12.0,9.0,0.0,5.0,218.55,18.65,1386.0,1.0,0
0.0,0.0,-7.0,13.0,0.0,1.0,348.95500000000004,38.94,1134.0,2.0,0
0.0,0.0,4.0,24.0,1.0,1.0,301.65,16.75,1554.0,6.0,0
0.0,0.0,-14.0,3.0,0.0,9.0,348.95500000000004,36.39,957.0,1.5,1
0.0,0.0,-6.0,9.0,0.0,5.0,317.96,38.16,2048.5,1.0,1
0.0,0.0,14.0,37.0,1.0,3.0,291.57,16.67,547.0,1.0,0
0.0,0.0,13.0,39.0,1.0,8.0,222.68,18.68,236.0,1.0,1
0.0,0.0,-8.0,19.0,0.0,1.0,348.95500000000004,38.38,579.0,1.0,1
0.0,0.0,-21.0,7.0,0.0,4.0,227.34,28.34,2357.0,6.0,0
0.0,0.0,-29.0,14.0,0.0,1.0,348.95500000000004,27.06,1064.0,1.0,0
0.0,0.0,-8.0,19.0,0.0,1.0,314.37,38.94,889.0,1.0,1
0.0,0.0,-11.0,9.0,0.0,8.0,348.95500000000004,38.51,3632.0,4.0,0
0.0,0.0,-5.0,15.0,0.0,5.0,205.99,16.09,462.0,2.0,0
0.0,0.0,-13.0,11.0,0.0,1.0,348.95500000000004,38.94,1004.0,1.0,0
0.0,0.0,-26.0,11.0,0.0,4.0,336.54,38.94,737.0,1.0,0
0.0,0.0,-1.0,18.0,0.0,1.0,206.93,17.03,317.0,3.0,0
0.0,0.0,-13.0,7.0,0.0,8.0,348.95500000000004,17.84,452.0,1.0,0
0.0,0.0,-34.0,5.0,0.0,8.0,348.95500000000004,23.65,536.0,3.0,1
0.0,0.0,-12.0,8.0,0.0,8.0,224.52,25.52,183.0,1.0,0
0.0,0.0,100.0,126.0,1.0,10.0,348.95500000000004,38.94,606.0,2.0,0
0.0,0.0,-20.0,11.0,0.0,12.0,348.95500000000004,38.94,385.0,6.0,0
0.0,0.0,-21.0,11.0,0.0,8.0,199.59,29.59,1242.0,1.0,0
0.0,0.0,-13.0,9.0,0.0,1.0,312.31,16.82,2298.0,4.0,0
0.0,0.0,-14.0,4.0,0.0,3.0,348.95500000000004,29.02,1153.0,1.0,1
0.0,0.0,5.0,22.0,1.0,7.0,348.95500000000004,12.2,1001.0,2.0,1
0.0,0.0,-19.0,6.0,0.0,8.0,348.95500000000004,38.94,894.0,1.0,0
0.0,0.0,1.0,26.0,1.0,5.0,214.91,38.94,823.0,17.0,1
0.0,0.0,-22.0,13.0,0.0,4.0,206.27,38.94,1893.0,1.0,0
0.0,0.0,-15.0,4.0,0.0,1.0,188.94,9.45,1655.0,3.0,0
0.0,0.0,-26.0,7.0,0.0,4.5,291.62,38.94,1530.0,1.0,0
0.0,0.0,-26.0,8.0,0.0,4.0,196.99,17.99,2019.0,3.0,0
0.0,0.0,1.0,22.0,1.0,8.0,299.74,19.84,443.0,2.0,0
0.0,0.0,-7.0,23.0,0.0,9.0,224.14,38.94,1128.0,1.0,0
0.0,0.0,-7.0,12.0,0.0,1.0,237.92,18.02,219.0,5.0,0
0.0,0.0,-19.0,21.0,0.0,1.0,328.75,28.76,1139.0,3.0,0
0.0,0.0,-18.0,8.0,0.0,1.0,231.79,32.79,993.0,5.0,0
0.0,0.0,-14.0,12.0,0.0,9.0,348.95500000000004,38.94,301.0,3.0,0
0.0,0.0,-21.0,25.0,0.0,2.0,227.66,27.76,898.0,1.0,0
0.0,0.0,-19.0,2.0,0.0,10.0,348.95500000000004,38.94,1538.0,4.0,0
0.0,0.0,-17.0,18.0,0.0,10.0,348.95500000000004,37.77,1829.0,3.0,0
0.0,0.0,-14.0,15.0,0.0,4.0,202.5,38.94,341.0,2.0,1
0.0,0.0,-2.0,41.0,0.0,4.0,221.79,21.89,905.0,1.0,0
0.0,0.0,-22.0,11.0,0.0,1.0,348.95500000000004,22.2,1654.0,3.0,0
0.0,0.0,-17.0,17.0,0.0,1.0,218.23,34.17,278.0,1.0,0
0.0,0.0,-14.0,8.0,0.0,1.0,341.58,21.58,1314.0,4.0,0
0.0,0.0,-18.0,20.0,0.0,3.0,348.95500000000004,38.94,925.0,5.0,0
0.0,0.0,-22.0,10.0,0.0,6.0,267.61,38.94,1526.0,1.0,0
0.0,0.0,-11.0,14.0,0.0,10.0,348.95500000000004,38.94,1275.0,3.0,0
0.0,0.0,-2.0,3.0,0.0,6.0,348.95500000000004,23.08,1339.0,4.0,0
0.0,0.0,4.0,21.0,1.0,3.0,236.29,16.29,667.0,3.0,0
0.0,0.0,-6.0,22.0,0.0,1.0,222.04,38.94,245.0,1.0,0
0.0,0.0,-7.0,13.0,0.0,10.0,348.95500000000004,38.12,1423.0,2.0,0
0.0,0.0,-20.0,6.0,0.0,10.0,348.95500000000004,18.12,557.0,1.0,0
0.0,0.0,-23.0,8.0,0.0,1.0,348.95500000000004,18.99,742.0,3.0,0
0.0,0.0,-3.0,19.0,0.0,1.0,348.95500000000004,38.94,860.0,2.0,0
0.0,0.0,-19.0,9.0,0.0,5.0,318.97,19.97,219.0,1.0,0
0.0,0.0,-9.0,14.0,0.0,10.0,348.95500000000004,18.62,394.0,3.0,0
0.0,0.0,2.0,34.0,1.0,6.0,319.25,19.35,612.0,1.0,0
0.0,0.0,-14.0,11.0,0.0,6.0,348.95500000000004,25.11,316.0,1.0,0
0.0,0.0,-8.0,25.0,0.0,3.0,249.84,29.94,236.0,1.0,0
0.0,0.0,-17.0,7.0,0.0,8.0,348.95500000000004,18.5,913.0,3.0,0
0.0,0.0,-30.0,9.0,0.0,8.0,348.95500000000004,25.86,2058.0,5.0,0
0.0,0.0,-16.0,5.0,0.0,6.0,323.17,23.18,1139.0,3.0,0
0.0,0.0,-11.0,12.0,0.0,9.0,299.39,19.4,606.0,2.0,0
0.0,0.0,-14.0,24.0,0.0,5.0,203.31,38.94,2400.0,2.0,0
0.0,0.0,-13.0,30.0,0.0,1.0,200.05,38.94,401.0,1.0,1
0.0,0.0,-2.0,31.0,0.0,8.0,348.95500000000004,38.94,2079.0,3.0,0
0.0,0.0,-20.0,12.0,0.0,10.0,348.95500000000004,17.0,816.0,1.0,0
0.0,0.0,-7.0,23.0,0.0,10.0,246.28,26.38,289.0,1.0,0
0.0,0.0,3.0,10.0,1.0,1.0,236.7,16.06,919.0,1.0,1
0.0,0.0,-12.0,9.0,0.0,1.0,255.83,38.94,389.0,3.0,0
0.0,0.0,-14.0,13.0,0.0,8.0,242.37,22.38,162.0,5.0,0
0.0,0.0,-27.0,12.0,0.0,8.0,348.95500000000004,38.94,1279.0,4.0,0
0.0,0.0,-28.0,17.0,0.0,1.0,348.95500000000004,38.94,383.0,1.0,0
0.0,0.0,-10.0,11.0,0.0,7.0,345.94,31.96,1592.0,2.5,0
0.0,0.0,-20.0,7.0,0.0,2.0,216.15,16.16,1492.0,10.0,0
0.0,0.0,-9.0,15.0,0.0,1.0,345.03,38.94,794.0,1.0,0
0.0,0.0,-9.0,3.0,0.0,10.0,301.67,38.94,674.0,1.0,0
0.0,0.0,-7.0,17.0,0.0,10.0,348.95500000000004,35.8,679.0,2.0,1
0.0,0.0,-8.0,1.0,0.0,3.0,266.04,17.04,217.0,3.0,0
0.0,0.0,-8.0,10.0,0.0,1.0,216.93,17.03,264.0,1.0,0
0.0,0.0,13.0,35.0,1.0,5.0,287.56,23.56,391.0,3.0,0
0.0,0.0,-28.0,12.0,0.0,10.0,348.95500000000004,38.94,1263.0,2.0,0
0.0,0.0,-15.0,14.0,0.0,10.0,264.19,38.94,1110.0,1.0,1
0.0,0.0,-28.0,15.0,0.0,6.0,348.95500000000004,38.94,1115.0,3.0,0
0.0,0.0,-17.0,8.0,0.0,1.0,348.95500000000004,38.94,347.0,1.0,0
0.0,0.0,-11.0,8.0,0.0,1.0,215.14,15.15,361.0,1.0,0
0.0,0.0,-7.0,4.0,0.0,1.5,246.44,26.64,616.0,2.0,0
0.0,0.0,-5.0,1.0,0.0,2.0,239.85,9.95,878.0,1.0,0
0.0,0.0,-2.0,21.0,0.0,4.0,317.31,27.31,1531.0,1.0,1
0.0,0.0,-9.0,5.0,0.0,2.0,198.44,21.64,695.5,4.0,0
0.0,0.0,-13.0,15.0,0.0,10.0,348.95500000000004,38.94,992.0,1.0,0
0.0,0.0,-10.0,15.0,0.0,1.0,203.08,38.94,894.0,1.0,0
0.0,0.0,-12.0,16.0,0.0,1.0,348.95500000000004,38.94,876.0,2.0,0
0.0,0.0,-19.0,2.0,0.0,5.0,348.95500000000004,21.27,3897.0,2.0,0
0.0,0.0,-18.0,8.0,0.0,2.0,228.62,18.72,236.0,1.0,0
0.0,0.0,-11.0,16.0,0.0,4.0,233.07,38.94,577.0,2.0,0
0.0,0.0,-3.0,15.0,0.0,1.0,258.51,8.61,501.0,4.0,0
0.0,0.0,-16.0,15.0,0.0,1.0,224.82,13.92,900.0,2.0,0
0.0,0.0,-13.0,20.0,0.0,10.0,348.95500000000004,23.04,1447.0,5.0,0
0.0,0.0,-14.0,3.0,0.0,10.0,308.81,38.94,697.0,2.0,0
0.0,0.0,-20.0,7.0,0.0,8.0,348.95500000000004,17.52,1267.0,1.0,0
0.0,0.0,-25.0,10.0,0.0,1.0,348.95500000000004,20.04,925.0,3.0,1
0.0,0.0,-9.0,6.0,0.0,3.0,251.69,18.34,273.0,1.0,0
0.0,0.0,3.0,24.0,1.0,6.0,348.95500000000004,31.5,595.0,1.0,1
0.0,0.0,-19.0,10.0,0.0,1.0,348.95500000000004,38.94,611.0,2.0,0
0.0,0.0,-35.0,8.0,0.0,4.0,217.96,18.96,270.0,1.0,0
0.0,0.0,12.0,43.0,1.0,6.0,348.95500000000004,38.94,569.0,5.0,1
0.0,0.0,4.0,29.0,1.0,4.0,348.95500000000004,38.94,543.0,4.0,1
0.0,0.0,-13.0,15.0,0.0,3.0,251.23,38.94,977.0,1.0,0
0.0,0.0,-3.0,3.0,0.0,10.0,348.95500000000004,19.35,318.0,4.0,0
0.0,0.0,-2.0,13.0,0.0,8.0,348.95500000000004,16.08,808.0,2.0,0
0.0,0.0,-14.0,8.0,0.0,1.0,310.67,38.94,674.0,1.0,0
0.0,0.0,-18.0,17.0,0.0,2.0,348.95500000000004,38.94,2832.0,3.0,0
0.0,0.0,-7.0,15.0,0.0,5.0,329.47,38.94,674.0,1.0,0
0.0,0.0,-10.0,44.0,0.0,3.0,200.33,38.94,1207.0,1.0,1
0.0,0.0,-21.0,10.0,0.0,1.0,348.95500000000004,38.94,609.6666666666666,2.0,0
0.0,0.0,-73.0,18.0,0.0,3.0,203.96,24.06,455.0,6.0,0
0.0,0.0,-13.0,12.0,0.0,4.0,348.95500000000004,21.02,849.0,2.0,0
0.0,0.0,-20.0,13.0,0.0,1.0,273.45,23.46,551.0,2.0,0
0.0,0.0,-14.0,11.0,0.0,3.0,193.25,13.26,327.0,5.0,0
0.0,0.0,-11.0,8.0,0.0,4.0,348.95500000000004,37.27,1176.0,3.0,0
0.0,0.0,-15.0,14.0,0.0,10.0,185.94,15.94,3630.0,2.0,0
0.0,0.0,-22.0,7.0,0.0,2.0,267.51,38.51,1020.0,4.0,0
0.0,0.0,-22.0,15.0,0.0,1.0,348.95500000000004,38.94,1131.0,1.0,0
0.0,0.0,-21.0,6.0,0.0,1.0,204.0,34.2,282.0,1.0,1
0.0,0.0,-15.0,12.0,0.0,10.0,197.53,18.53,323.0,1.0,0
0.0,0.0,-36.0,7.0,0.0,1.0,317.16,38.94,680.75,1.0,1
0.0,0.0,-14.0,9.0,0.0,8.0,348.95500000000004,38.94,506.0,2.0,0
0.0,0.0,0.0,21.0,0.0,8.0,197.1,18.5,525.0,1.0,0
0.0,0.0,-10.0,21.0,0.0,3.0,256.43,16.44,1199.0,3.0,0
0.0,0.0,-16.0,7.0,0.0,10.0,348.95500000000004,38.94,2683.0,1.0,0
0.0,0.0,14.0,52.0,1.0,6.0,348.95500000000004,38.94,871.0,4.0,1
0.0,0.0,-10.0,4.0,0.0,10.0,348.95500000000004,28.0,926.0,1.0,0
0.0,0.0,-32.0,7.0,0.0,1.0,348.95500000000004,18.7,1109.0,2.0,1
0.0,0.0,6.0,44.0,1.0,3.0,348.95500000000004,24.52,657.0,1.0,1
0.0,0.0,-15.0,15.0,0.0,8.0,348.95500000000004,18.7,625.0,1.0,0
0.0,0.0,-20.0,7.0,0.0,1.0,348.95500000000004,38.94,385.0,1.0,0
0.0,0.0,-21.0,51.0,0.0,4.0,265.21,38.94,1157.0,1.0,0
0.0,0.0,-23.0,10.0,0.0,5.0,332.7,17.9,1223.0,1.0,0
0.0,0.0,9.0,26.0,1.0,8.0,348.95500000000004,25.08,1405.0,1.0,1
0.0,0.0,-2.0,19.0,0.0,1.0,241.89,38.94,2188.0,2.0,0
0.0,0.0,-18.0,15.0,0.0,1.0,203.0,38.94,985.0,3.0,0
0.0,0.0,4.0,24.0,1.0,10.0,348.95500000000004,21.94,184.0,4.0,0
0.0,0.0,-23.0,3.0,0.0,7.0,348.95500000000004,16.16,905.0,1.0,1
0.0,0.0,-5.0,26.0,0.0,4.0,208.08,15.08,2558.0,1.0,0
0.0,0.0,-5.0,10.0,0.0,1.0,348.95500000000004,38.94,453.5,1.0,0
0.0,0.0,-14.0,6.0,0.0,4.0,214.31,14.41,1110.0,6.0,0
0.0,0.0,-26.0,12.0,0.0,1.0,328.82,28.83,677.0,1.0,0
0.0,0.0,-17.0,2.0,0.0,10.0,348.95500000000004,38.94,1401.0,2.0,0
0.0,0.0,-10.0,19.0,0.0,10.0,266.01,19.02,664.0,1.0,1
0.0,0.0,16.0,40.0,1.0,5.0,238.65,38.94,344.0,3.0,1
0.0,0.0,-15.0,12.0,0.0,6.0,284.36,38.94,771.0,1.0,0
0.0,0.0,-18.0,6.0,0.0,3.0,265.95,16.95,232.0,1.0,0
0.0,0.0,-28.0,6.0,0.0,8.0,348.95500000000004,38.94,746.0,4.0,0
0.0,0.0,-15.0,8.0,0.0,1.0,243.0,13.11,495.0,2.0,0
0.0,0.0,-9.0,4.0,0.0,3.0,329.83,9.83,1022.0,3.0,0
0.0,0.0,-29.0,3.0,0.0,1.0,348.95500000000004,19.33,1736.0,1.0,0
0.0,0.0,-12.0,30.0,0.0,10.0,264.18,24.18,367.0,1.0,0
0.0,0.0,-10.0,29.0,0.0,1.0,234.08,38.94,1157.0,1.0,0
0.0,0.0,-9.0,9.0,0.0,3.0,348.95500000000004,38.94,521.5,1.0,0
0.0,0.0,9.0,44.0,1.0,1.0,318.23,38.94,1895.0,5.0,1
0.0,0.0,-13.0,8.0,0.0,1.0,348.95500000000004,16.97,210.0,1.0,0
0.0,0.0,-4.0,18.0,0.0,1.0,293.36,13.46,215.0,1.0,0
0.0,0.0,-13.0,1.0,0.0,1.0,232.44,17.04,590.0,1.0,0
0.0,0.0,-8.0,21.0,0.0,8.0,267.89,18.19,1596.0,1.0,1
0.0,0.0,-19.0,6.0,0.0,5.0,212.83,13.83,280.0,1.0,0
0.0,0.0,-6.0,24.0,0.0,10.0,348.95500000000004,38.94,657.0,1.0,1
0.0,0.0,-16.0,13.0,0.0,1.0,348.95500000000004,38.94,803.0,1.0,0
0.0,0.0,-17.0,12.0,0.0,10.0,348.95500000000004,38.94,3632.0,4.0,0
0.0,0.0,-13.0,20.0,0.0,10.0,286.34,38.94,1156.0,1.0,0
0.0,0.0,-16.0,8.0,0.0,1.0,201.82,12.82,631.0,5.0,0
0.0,0.0,-5.0,5.0,0.0,1.0,348.95500000000004,38.94,2250.0,1.0,0
0.0,0.0,-14.0,20.0,0.0,6.0,241.76,38.94,1132.0,8.0,0
0.0,0.0,-12.0,6.0,0.0,4.0,224.39,14.49,236.0,1.0,0
0.0,0.0,-6.0,13.0,0.0,1.0,267.4,25.6,145.0,1.0,0
0.0,0.0,-16.0,9.0,0.0,1.0,203.74,17.74,527.0,1.0,0
0.0,0.0,-7.0,10.0,0.0,4.0,338.58,38.94,147.0,1.0,0
0.0,0.0,-8.0,5.0,0.0,2.0,228.95,13.95,712.0,1.0,0
0.0,0.0,-15.0,9.0,0.0,5.0,191.14,32.14,88.0,4.0,0
0.0,0.0,-9.0,9.0,0.0,10.0,330.11,15.11,802.0,2.0,0
0.0,0.0,-13.0,17.0,0.0,1.0,348.95500000000004,38.94,1067.0,1.0,0
0.0,0.0,-17.0,6.0,0.0,1.0,348.95500000000004,20.26,264.0,1.0,1
0.0,0.0,-17.0,8.0,0.0,10.0,348.95500000000004,38.94,2524.0,1.0,0
0.0,0.0,-5.0,26.0,0.0,8.0,348.95500000000004,22.8,1865.0,1.0,0
0.0,0.0,-9.0,3.0,0.0,1.0,348.95500000000004,20.23,1925.0,2.0,0
0.0,0.0,-21.0,8.0,0.0,5.0,348.95500000000004,20.75,1514.0,1.0,0
0.0,0.0,-6.0,23.0,0.0,5.0,185.94,15.94,631.0,2.0,0
0.0,0.0,-9.0,25.0,0.0,3.5,348.95500000000004,24.52,657.0,1.0,0
0.0,0.0,-19.0,3.0,0.0,2.0,286.59,17.59,582.0,1.0,0
0.0,0.0,-15.0,3.0,0.0,2.0,298.61,38.94,1227.0,1.0,0
0.0,0.0,-12.0,10.0,0.0,1.0,258.38,37.74,919.0,1.0,0
0.0,0.0,-17.0,7.0,0.0,8.0,348.95500000000004,15.84,1319.0,2.0,0
0.0,0.0,-16.0,19.0,0.0,6.0,264.38,38.94,304.0,1.0,0
0.0,0.0,-15.0,9.0,0.0,1.0,210.99,16.99,1440.0,1.0,0
0.0,0.0,1.0,28.0,1.0,9.0,348.95500000000004,38.94,793.0,2.0,0
0.0,0.0,-14.0,17.0,0.0,10.0,348.95500000000004,23.44,250.0,3.0,0
0.0,0.0,-8.0,11.0,0.0,1.0,335.1,38.94,437.0,1.0,0
0.0,0.0,1.0,25.0,1.0,5.0,288.84,38.94,126.0,3.0,1
0.0,0.0,-22.0,8.0,0.0,5.0,348.95500000000004,27.42,995.0,4.0,0
0.0,0.0,-11.0,10.0,0.0,10.0,296.61,16.71,527.0,1.0,0
0.0,0.0,-28.0,7.0,0.0,1.0,221.79,21.89,832.0,5.0,0
0.0,0.0,-1.0,27.0,0.0,2.0,206.84,38.94,894.0,1.0,0
0.0,0.0,-21.0,5.0,0.0,5.0,228.78,8.88,1128.0,2.0,0
0.0,0.0,-22.0,7.0,0.0,1.0,249.05,38.94,405.6666666666667,2.3333333333333335,0
0.0,0.0,-13.0,5.0,0.0,10.0,348.95500000000004,38.94,275.0,1.0,0
0.0,0.0,-26.0,13.0,0.0,10.0,348.95500000000004,38.94,1026.0,4.0,0
0.0,0.0,-16.0,19.0,0.0,5.0,205.43,26.53,267.0,1.0,0
0.0,0.0,4.0,28.0,1.0,2.0,275.98,36.18,271.0,1.0,1
0.0,0.0,-7.0,22.0,0.0,1.0,267.76,38.94,1423.0,2.0,0
0.0,0.0,4.0,27.0,1.0,1.0,345.38,25.89,881.0,1.0,1
0.0,0.0,-16.0,7.0,0.0,6.0,348.95500000000004,19.24,647.0,5.0,0
0.0,0.0,-21.0,18.0,0.0,1.0,348.95500000000004,38.94,757.0,2.0,0
0.0,0.0,-35.0,5.0,0.0,8.0,348.95500000000004,20.64,1331.0,2.0,0
0.0,0.0,-16.0,13.0,0.0,5.0,267.9,18.0,736.0,2.0,0
0.0,0.0,-15.0,1.0,0.0,5.0,348.95500000000004,18.77,397.0,4.0,0
0.0,0.0,-4.0,15.0,0.0,1.0,229.34,38.94,1084.0,2.0,1
0.0,0.0,-8.0,8.0,0.0,3.0,218.91,23.91,472.0,3.0,0
0.0,0.0,-13.0,9.0,0.0,5.0,330.13,21.13,342.0,1.0,0
0.0,0.0,-22.0,8.0,0.0,3.0,323.68,38.94,526.0,2.0,1
0.0,0.0,-14.0,7.0,0.0,18.0,249.7,19.71,466.0,3.0,0
0.0,0.0,-9.0,8.0,0.0,8.0,244.05,14.05,439.0,1.0,0
0.0,0.0,-11.0,6.0,0.0,3.0,234.05,24.05,1161.0,10.0,0
0.0,0.0,-27.0,23.0,0.0,1.0,348.95500000000004,38.94,632.0,1.0,0
0.0,0.0,-14.0,10.0,0.0,5.0,192.39,14.4,916.0,2.0,0
0.0,0.0,-15.0,9.0,0.0,5.0,304.35,38.94,770.0,1.0,0
0.0,0.0,-25.0,5.0,0.0,2.0,309.85,19.95,2245.0,1.0,0
0.0,0.0,-14.0,13.0,0.0,1.0,268.48,38.94,603.0,1.0,0
0.0,0.0,-8.0,13.0,0.0,6.0,297.62,17.72,1784.0,4.0,0
0.0,0.0,-17.0,7.0,0.0,4.0,348.95500000000004,27.22,1344.0,1.0,0
0.0,0.0,-15.0,6.0,0.0,3.0,212.4,22.41,903.0,5.0,0
0.0,0.0,-35.0,14.0,0.0,1.0,247.48,29.68,442.0,1.0,0
0.0,0.0,-3.0,27.0,0.0,10.0,348.95500000000004,38.94,982.0,3.0,1
0.0,0.0,-5.0,25.0,0.0,1.0,348.95500000000004,24.79,662.0,2.0,0
0.0,0.0,-8.0,8.0,0.0,2.0,329.98,10.98,1914.0,5.0,0
0.0,0.0,-17.0,2.0,0.0,1.0,348.95500000000004,35.76,1343.0,1.0,0
0.0,0.0,-12.0,3.0,0.0,1.0,345.18,19.02,1131.0,3.0,0
0.0,0.0,-2.0,29.0,0.0,1.0,348.95500000000004,38.94,216.0,3.0,0
0.0,0.0,-14.0,8.0,0.0,8.0,348.95500000000004,32.85,3610.0,4.0,0
0.0,0.0,-14.0,8.0,0.0,4.0,321.06,38.94,789.0,1.0,0
0.0,0.0,-22.0,11.0,0.0,5.0,306.99,36.99,1006.0,2.0,0
0.0,0.0,-21.0,18.0,0.0,6.0,317.37,38.94,760.0,2.0,0
0.0,0.0,-32.0,9.0,0.0,3.0,348.95500000000004,38.94,847.0,3.0,1
0.0,0.0,-1.0,30.0,0.0,10.0,238.69,18.79,236.0,1.0,0
0.0,0.0,-7.0,5.0,0.0,1.0,348.95500000000004,23.17,2098.0,4.0,0
0.0,0.0,9.0,37.0,1.0,4.0,348.95500000000004,24.17,1591.0,3.0,1
0.0,0.0,-24.0,13.0,0.0,1.0,266.4,16.5,534.0,2.0,0
0.0,0.0,-16.0,3.0,0.0,5.0,347.84,17.94,566.0,3.0,1
0.0,0.0,-14.0,19.0,0.0,3.0,348.95500000000004,32.88,598.0,5.0,0
0.0,0.0,-20.0,8.0,0.0,1.0,206.92,16.09,1116.0,1.0,0
0.0,0.0,-8.0,13.0,0.0,10.0,348.95500000000004,38.94,925.0,5.0,0
0.0,0.0,-25.0,8.0,0.0,10.0,348.95500000000004,38.94,203.0,1.0,1
0.0,0.0,-17.0,11.0,0.0,8.0,255.97,38.94,346.0,3.0,0
0.0,0.0,-20.0,3.0,0.0,4.0,208.2,28.41,921.0,2.0,0
0.0,0.0,-15.0,6.0,0.0,6.0,348.95500000000004,38.94,775.0,1.0,0
0.0,0.0,4.0,25.0,1.0,1.0,305.33,35.43,1351.0,7.0,1
0.0,0.0,2.0,35.0,1.0,5.0,240.68,20.78,236.0,1.0,0
0.0,0.0,-24.0,7.0,0.0,3.0,340.24,20.34,663.0,2.0,0
0.0,0.0,-5.0,11.0,0.0,1.0,258.96,38.94,488.0,3.0,0
0.0,0.0,-17.0,9.0,0.0,2.0,245.82,19.82,1562.0,1.0,0
0.0,0.0,-12.0,21.0,0.0,8.0,348.95500000000004,38.94,1176.0,3.0,0
0.0,0.0,-22.0,9.0,0.0,3.0,340.12,18.22,276.0,1.0,0
0.0,0.0,-15.0,9.0,0.0,3.0,269.21,24.21,1885.0,1.0,0
0.0,0.0,-13.0,8.0,0.0,3.0,235.7,20.7,249.0,2.0,0
0.0,0.0,-8.0,18.0,0.0,1.0,256.43,16.44,1199.0,3.0,0
0.0,0.0,-7.0,14.0,0.0,10.0,198.74,38.94,1184.0,3.0,0
0.0,0.0,-14.0,8.0,0.0,4.0,315.88,38.94,1388.0,1.0,0
0.0,0.0,-1.0,24.0,0.0,6.0,251.09,21.1,934.0,1.0,0
0.0,0.0,19.0,48.0,1.0,8.0,312.07,27.27,449.0,2.0,1
0.0,0.0,-8.0,13.0,0.0,2.0,269.65,20.65,1885.0,1.0,0
0.0,0.0,-4.0,26.0,0.0,10.0,348.95500000000004,38.94,791.0,6.0,0
0.0,0.0,-12.0,1.0,0.0,10.0,348.95500000000004,38.94,1741.0,1.0,0
0.0,0.0,-17.0,17.0,0.0,1.0,214.98,38.94,471.0,1.0,1
0.0,0.0,-5.0,12.0,0.0,10.0,320.11,38.94,904.0,1.0,0
0.0,0.0,0.0,28.0,0.0,3.0,348.95500000000004,38.94,214.0,1.0,0
0.0,0.0,-6.0,5.0,0.0,6.0,348.95500000000004,36.91,611.0,1.0,0
0.0,0.0,-11.0,12.0,0.0,8.0,238.69,18.79,236.0,1.0,0
0.0,0.0,-7.0,19.0,0.0,3.0,348.95500000000004,38.94,1085.0,2.0,1
0.0,0.0,-23.0,5.0,0.0,6.0,269.97,31.869999999999997,292.5,1.0,0
0.0,0.0,-13.0,12.0,0.0,4.0,348.95500000000004,38.94,2040.5,1.5,0
0.0,0.0,-7.0,7.0,0.0,1.0,348.95500000000004,38.94,418.0,3.0,0
0.0,0.0,-22.0,10.0,0.0,6.0,264.47,34.47,771.0,1.0,0
0.0,0.0,-16.0,8.0,0.0,1.0,301.37,22.37,293.0,2.0,0
0.0,0.0,-24.0,13.0,0.0,1.0,307.68,14.18,631.0,1.0,0
0.0,0.0,-23.0,10.0,0.0,1.0,348.95500000000004,20.74,3839.0,4.0,0
0.0,0.0,-11.0,12.0,0.0,2.0,348.95500000000004,38.94,711.0,1.0,0
0.0,0.0,-7.0,23.0,0.0,6.0,337.11,17.12,230.0,2.0,0
0.0,0.0,-3.0,8.0,0.0,4.0,258.99,9.0,2025.0,2.0,0
0.0,0.0,1.0,16.0,1.0,2.0,190.48,23.49,1456.0,1.0,0
0.0,0.0,-15.0,13.0,0.0,1.0,237.69,27.79,409.0,1.0,0
0.0,0.0,-9.0,14.0,0.0,4.0,348.95500000000004,17.48,2148.0,3.0,0
0.0,0.0,-23.0,10.0,0.0,3.0,210.11,16.11,1355.0,1.0,0
0.0,0.0,-15.0,7.0,0.0,1.0,348.95500000000004,38.94,918.0,1.0,0
0.0,0.0,-4.0,1.0,0.0,8.0,348.95500000000004,11.87,627.0,1.0,0
0.0,0.0,-13.0,6.0,0.0,4.0,348.95500000000004,21.78,836.0,1.0,0
0.0,0.0,-16.0,12.0,0.0,1.0,305.27,38.94,1002.0,3.0,0
0.0,0.0,-5.0,17.0,0.0,3.0,246.04,18.04,1153.0,1.0,0
0.0,0.0,-7.0,5.0,0.0,4.0,256.47,38.94,853.0,1.0,0
0.0,0.0,-7.0,3.0,0.0,8.0,348.95500000000004,38.94,1053.0,2.0,0
0.0,0.0,-2.0,30.0,0.0,3.0,315.73,15.83,486.0,3.0,1
0.0,0.0,-13.0,14.0,0.0,1.0,348.95500000000004,38.94,541.0,4.0,0
0.0,0.0,-15.0,4.0,0.0,8.0,240.6,14.7,967.0,3.0,0
0.0,0.0,-10.0,7.0,0.0,5.0,210.6,25.6,573.0,2.0,0
0.0,0.0,-16.0,6.0,0.0,10.0,348.95500000000004,17.42,266.0,2.0,0
0.0,0.0,1.0,22.0,1.0,2.0,201.84,31.94,830.0,4.0,0
0.0,0.0,1.0,26.0,1.0,2.0,292.28,22.38,1219.0,5.0,0
0.0,0.0,-20.0,9.0,0.0,6.0,269.93,20.93,578.0,3.0,0
0.0,0.0,-13.0,10.0,0.0,3.0,275.9,15.91,989.0,1.0,0
0.0,0.0,-15.0,10.0,0.0,3.0,264.49,16.49,750.0,1.0,0
0.0,0.0,-6.0,12.0,0.0,8.0,243.04,14.04,721.0,1.0,1
0.0,0.0,-8.0,14.0,0.0,1.0,238.81,18.82,464.0,2.0,0
0.0,0.0,-24.0,8.0,0.0,10.0,216.29,36.39,277.0,1.0,0
0.0,0.0,-20.0,15.0,0.0,8.0,283.66,28.05,514.0,2.0,0
0.0,0.0,-10.0,8.0,0.0,10.0,239.57,38.94,410.0,1.0,0
0.0,0.0,4.0,34.0,1.0,1.0,242.98,38.94,236.0,1.0,0
0.0,0.0,-6.0,25.0,0.0,8.0,221.79,21.89,264.0,1.0,0
0.0,0.0,-6.0,3.0,0.0,1.0,236.7,16.06,918.0,1.0,0
0.0,0.0,-5.0,10.0,0.0,10.0,224.36,14.37,1903.0,1.0,0
0.0,0.0,-18.0,6.0,0.0,10.0,223.66,38.94,903.0,6.0,0
0.0,0.0,-22.0,8.0,0.0,10.0,231.12,38.94,2188.0,2.0,0
0.0,0.0,-9.0,14.0,0.0,10.0,319.45,38.94,606.0,2.0,0
0.0,0.0,7.0,47.0,1.0,4.0,348.95500000000004,21.38,468.0,1.0,1
0.0,0.0,-5.0,6.0,0.0,8.0,348.95500000000004,30.27,235.0,1.0,0
0.0,0.0,-20.0,13.0,0.0,4.0,348.95500000000004,38.94,1950.0,3.0,1
0.0,0.0,-21.0,11.0,0.0,1.0,257.37,28.37,214.0,2.0,0
0.0,0.0,-9.0,19.0,0.0,3.0,220.43,27.43,929.0,1.0,0
0.0,0.0,-13.0,6.0,0.0,10.0,348.95500000000004,14.7,1513.0,1.0,0
0.0,0.0,-14.0,8.0,0.0,2.0,233.51,38.94,918.0,1.0,0
0.0,0.0,-10.0,13.0,0.0,6.0,241.61,14.61,292.0,1.0,1
0.0,0.0,-10.0,20.0,0.0,5.0,348.95500000000004,38.94,1180.0,1.0,0
0.0,0.0,-6.0,23.0,0.0,5.0,315.82,38.94,977.0,1.0,0
0.0,0.0,-9.0,17.0,0.0,2.0,226.14,26.24,325.0,1.0,0
0.0,0.0,-11.0,4.0,0.0,1.0,237.48,37.49,592.0,2.0,0
0.0,0.0,-18.0,9.0,0.0,2.0,224.39,14.49,236.0,1.0,0
0.0,0.0,-5.0,7.0,0.0,1.0,348.95500000000004,12.56,2709.0,5.0,0
0.0,0.0,-9.0,13.0,0.0,4.0,229.25,19.35,1311.0,1.0,0
0.0,0.0,-3.0,24.0,0.0,1.0,348.95500000000004,21.95,913.0,3.0,0
0.0,0.0,-14.0,20.0,0.0,1.0,223.68,23.98,344.0,3.0,0
0.0,0.0,-24.0,20.0,0.0,8.0,348.95500000000004,20.62,625.0,1.0,0
0.0,0.0,-15.0,7.0,0.0,4.0,348.95500000000004,38.94,162.0,5.0,0
0.0,0.0,-16.0,14.0,0.0,1.0,207.67,17.77,264.0,5.0,0
0.0,0.0,-16.0,11.0,0.0,10.0,348.95500000000004,22.74,1547.0,2.0,0
0.0,0.0,-20.0,18.0,0.0,8.0,348.95500000000004,38.94,1364.0,7.0,0
0.0,0.0,-19.0,4.0,0.0,8.0,232.97,13.97,528.0,2.0,0
0.0,0.0,-36.0,10.0,0.0,8.0,259.56,19.56,992.0,1.0,1
0.0,0.0,10.0,17.0,1.0,1.0,230.16,38.16,564.0,1.0,0
0.0,0.0,-11.0,11.0,0.0,10.0,307.5,37.5,568.0,4.0,0
0.0,0.0,-18.0,7.0,0.0,3.0,312.42,22.52,811.0,3.0,0
0.0,0.0,-1.0,21.0,0.0,1.0,272.63,20.73,584.0,2.0,0
0.0,0.0,-8.0,14.0,0.0,7.0,248.22,38.94,1132.0,8.0,0
0.0,0.0,-9.0,9.0,0.0,8.0,233.13,38.94,402.0,2.0,1
0.0,0.0,-11.0,9.0,0.0,2.0,273.22,13.32,293.0,1.0,0
0.0,0.0,-30.0,9.0,0.0,1.0,347.19,17.19,2644.0,6.0,0
0.0,0.0,-11.0,5.0,0.0,4.0,279.7,10.7,245.0,1.0,0
0.0,0.0,-7.0,18.0,0.0,10.0,224.14,34.34,1623.0,3.5,1
0.0,0.0,-28.0,6.0,0.0,5.0,348.95500000000004,38.94,189.0,1.0,1
0.0,0.0,-19.0,19.0,0.0,2.0,348.95500000000004,38.94,147.0,6.0,0
0.0,0.0,-8.0,19.0,0.0,10.0,206.87,31.97,830.0,4.0,0
0.0,0.0,9.0,33.0,1.0,5.0,250.09,21.09,217.0,3.0,1
0.0,0.0,-15.0,3.0,0.0,1.0,287.12,29.119999999999997,1422.5,4.0,1
0.0,0.0,22.0,44.0,1.0,6.0,268.48,38.94,603.0,1.0,1
0.0,0.0,-17.0,4.0,0.0,3.0,244.45,19.45,619.0,1.0,0
0.0,0.0,-21.0,6.0,0.0,2.0,305.27,38.94,1002.0,3.0,0
0.0,0.0,-12.0,22.0,0.0,10.0,307.11,37.21,1035.0,2.0,0
0.0,0.0,8.0,34.0,1.0,6.0,312.49,38.94,756.0,1.0,1
0.0,0.0,-26.0,9.0,0.0,7.0,348.95500000000004,22.93,3469.0,5.0,0
0.0,0.0,-9.0,15.0,0.0,4.0,291.28,14.28,391.0,3.0,0
0.0,0.0,-18.0,13.0,0.0,5.0,257.49,22.49,729.0,2.0,0
0.0,0.0,-7.0,19.0,0.0,8.0,215.16,38.94,1299.0,1.0,0
0.0,0.0,-16.0,9.0,0.0,1.0,345.55,38.94,305.0,3.0,0
0.0,0.0,-8.0,32.0,0.0,10.0,348.95500000000004,38.94,1226.0,4.0,0
0.0,0.0,-18.0,7.0,0.0,8.0,348.95500000000004,27.36,1324.0,1.0,0
0.0,0.0,-8.0,4.0,0.0,10.0,348.95500000000004,17.83,1033.0,4.0,0
0.0,0.0,-8.0,11.0,0.0,3.0,226.72,16.73,516.0,1.0,0
0.0,0.0,-20.0,6.0,0.0,4.0,217.29,38.94,366.0,2.0,0
0.0,0.0,2.0,30.0,1.0,8.0,348.95500000000004,38.94,606.0,2.0,0
0.0,0.0,2.0,24.0,1.0,5.0,348.95500000000004,38.26,570.0,1.0,1
0.0,0.0,-16.0,8.0,0.0,10.0,348.95500000000004,23.91,1136.0,4.0,0
0.0,0.0,-7.0,18.0,0.0,8.0,348.95500000000004,16.54,1100.0,3.0,0
0.0,0.0,43.0,76.0,1.0,5.0,256.5,36.6,87.0,3.0,1
0.0,0.0,-39.0,17.0,0.0,4.0,232.53,35.54,1159.0,1.0,0
0.0,0.0,-27.0,6.0,0.0,6.0,348.95500000000004,38.94,1407.0,1.5,0
0.0,0.0,-11.0,22.0,0.0,10.0,348.95500000000004,38.94,497.0,2.0,0
0.0,0.0,-35.0,7.0,0.0,8.0,331.21,20.31,1550.0,1.0,0
0.0,0.0,-16.0,13.0,0.0,3.0,214.28,38.94,1620.0,1.0,0
0.0,0.0,-6.0,21.0,0.0,5.0,348.95500000000004,16.97,460.0,2.0,1
0.0,0.0,-9.0,5.0,0.0,3.0,267.12,11.21,574.0,1.0,1
0.0,0.0,-26.0,19.0,0.0,4.0,268.12,28.22,770.0,1.0,0
0.0,0.0,-3.0,21.0,0.0,8.0,215.14,16.14,279.0,1.0,0
0.0,0.0,-12.0,13.0,0.0,3.0,208.48,18.58,190.0,1.0,0
0.0,0.0,-13.0,13.0,0.0,10.0,348.95500000000004,38.94,887.0,3.0,0
0.0,0.0,2.0,23.0,1.0,1.0,306.51,38.94,582.0,1.0,0
0.0,0.0,-15.0,7.0,0.0,1.0,348.95500000000004,24.02,1177.0,3.0,0
0.0,0.0,-6.0,18.0,0.0,1.0,266.17,38.94,2030.0,2.0,1
0.0,0.0,-3.0,16.0,0.0,8.0,348.95500000000004,22.15,610.0,1.0,0
0.0,0.0,-13.0,14.0,0.0,1.0,348.95500000000004,38.94,973.0,1.0,0
0.0,0.0,-24.0,13.0,0.0,10.0,322.95,38.94,756.0,1.0,0
0.0,0.0,-14.0,12.0,0.0,4.0,348.95500000000004,21.83,537.0,3.0,0
0.0,0.0,-14.0,8.0,0.0,2.0,348.95500000000004,23.03,3330.0,3.0,0
0.0,0.0,-7.0,22.0,0.0,10.0,348.95500000000004,22.46,2104.0,1.0,0
0.0,0.0,-1.0,20.0,0.0,1.0,239.26,38.94,329.0,1.0,0
0.0,0.0,-13.0,2.0,0.0,1.0,336.98,33.98,260.0,1.0,0
0.0,0.0,-4.0,20.0,0.0,8.0,345.42,15.52,721.0,1.0,0
0.0,0.0,-18.0,14.0,0.0,4.0,219.27,19.28,288.0,1.0,0
0.0,0.0,-15.0,1.0,0.0,8.0,348.95500000000004,11.27,561.0,1.0,0
0.0,0.0,-23.0,6.0,0.0,4.0,348.95500000000004,22.5,625.0,1.0,0
0.0,0.0,-20.0,14.0,0.0,3.0,189.63,19.73,501.0,6.0,0
0.0,0.0,-1.0,2.0,0.0,2.0,348.95500000000004,38.94,1359.0,1.0,0
0.0,0.0,-26.0,20.0,0.0,6.0,348.95500000000004,27.06,1064.0,1.0,0
0.0,0.0,-17.0,12.0,0.0,10.0,348.95500000000004,38.94,1021.0,3.0,0
0.0,0.0,-4.0,14.0,0.0,6.0,348.95500000000004,38.94,537.0,1.0,0
0.0,0.0,-14.0,12.0,0.0,10.0,348.95500000000004,18.94,807.0,4.0,0
0.0,0.0,4.0,13.0,1.0,8.0,285.94,38.94,484.0,2.0,1
0.0,0.0,-20.0,5.0,0.0,10.0,276.71,16.72,582.0,1.0,0
0.0,0.0,-11.0,12.0,0.0,8.0,348.95500000000004,38.94,1002.0,3.0,0
0.0,0.0,-11.0,3.0,0.0,1.0,287.27,37.37,266.0,3.0,0
0.0,0.0,11.0,44.0,1.0,10.0,254.88,26.88,617.0,2.0,1
0.0,0.0,-17.0,4.0,0.0,1.0,216.75,16.96,920.0,1.0,0
0.0,0.0,-12.0,19.0,0.0,4.0,291.37,38.94,771.0,1.0,0
0.0,0.0,-15.0,10.0,0.0,1.0,238.02,28.02,1161.0,10.0,0
0.0,0.0,-6.0,19.0,0.0,4.0,235.88,35.9,579.0,1.0,0
0.0,0.0,-9.0,6.0,0.0,3.0,258.67,38.67,419.0,4.0,1
0.0,0.0,-14.0,13.0,0.0,6.0,262.07,22.17,268.0,1.0,0
0.0,0.0,-25.0,8.0,0.0,6.0,303.46,14.46,725.0,1.0,0
0.0,0.0,-21.0,10.0,0.0,4.0,265.84,19.84,528.0,2.0,0
0.0,0.0,-10.0,12.0,0.0,2.0,346.38,16.48,842.0,2.0,0
0.0,0.0,-15.0,4.0,0.0,1.0,247.35999999999999,17.37,232.0,1.0,0
0.0,0.0,-7.0,18.0,0.0,4.0,348.95500000000004,18.81,783.0,5.0,0
0.0,0.0,-13.0,8.0,0.0,10.0,348.95500000000004,38.94,555.3333333333334,1.0,0
0.0,0.0,-16.0,27.0,0.0,3.0,224.77,38.94,1363.0,1.0,0
0.0,0.0,-8.0,13.0,0.0,1.0,248.76,27.87,512.0,1.0,1
0.0,0.0,-13.0,8.0,0.0,8.0,215.63,18.63,234.0,1.0,0
0.0,0.0,-12.0,15.0,0.0,1.0,222.8,38.94,272.5,1.0,1
0.0,0.0,-17.0,6.0,0.0,2.0,207.73,21.79,1416.0,4.0,0
0.0,0.0,-1.0,5.0,0.0,10.0,348.95500000000004,27.42,2683.0,1.0,0
0.0,0.0,-21.0,24.0,0.0,6.0,348.95500000000004,38.94,1885.0,1.0,0
0.0,0.0,0.0,13.0,0.0,3.0,218.1,10.2,525.0,2.0,0
0.0,0.0,-18.0,10.0,0.0,5.0,348.95500000000004,38.94,1893.0,1.0,1
0.0,0.0,-14.0,8.0,0.0,1.0,348.95500000000004,38.94,3632.0,4.0,1
0.0,0.0,-3.0,8.0,0.0,5.0,348.95500000000004,38.94,674.0,1.0,0
0.0,0.0,-13.0,31.0,0.0,5.0,348.95500000000004,38.94,623.0,1.0,0
0.0,0.0,-7.0,6.0,0.0,2.0,214.41,14.51,298.0,1.0,0
0.0,0.0,-13.0,9.0,0.0,8.0,348.95500000000004,21.02,849.0,2.0,1
0.0,0.0,-11.0,14.0,0.0,1.0,222.0,23.1,481.0,1.0,0
0.0,0.0,-13.0,16.0,0.0,8.0,348.95500000000004,26.86,1410.0,2.0,0
0.0,0.0,-19.0,12.0,0.0,10.0,348.95500000000004,36.18,1892.0,4.0,1
0.0,0.0,-16.0,7.0,0.0,10.0,348.95500000000004,38.94,3850.0,3.0,0
0.0,0.0,-10.0,15.0,0.0,10.0,243.12,38.94,839.0,1.0,0
0.0,0.0,-7.0,16.0,0.0,7.0,348.95500000000004,27.97,404.0,3.0,0
0.0,0.0,-28.0,7.0,0.0,8.0,348.95500000000004,30.71,1319.0,2.0,1
0.0,0.0,-43.0,9.0,0.0,8.0,348.95500000000004,30.0,293.0,1.0,0
0.0,0.0,-9.0,22.0,0.0,3.0,243.45,19.45,582.0,1.0,0
0.0,0.0,-8.0,4.0,0.0,4.0,348.95500000000004,11.33,1586.0,1.0,0
0.0,0.0,-15.0,18.0,0.0,4.0,348.95500000000004,38.94,387.0,1.0,0
0.0,0.0,-14.0,21.0,0.0,4.0,273.01,38.94,603.0,1.0,0
0.0,0.0,-8.0,21.0,0.0,3.0,223.12,26.22,2521.0,1.0,0
0.0,0.0,8.0,15.0,1.0,10.0,344.89,38.94,277.0,1.0,1
0.0,0.0,-27.0,2.0,0.0,1.0,348.95500000000004,19.85,781.0,5.0,0
0.0,0.0,1.0,18.0,1.0,4.0,267.76,38.94,828.0,2.0,1
0.0,0.0,-16.0,6.0,0.0,10.0,294.7,15.7,680.0,1.0,0
0.0,0.0,-8.0,9.0,0.0,6.0,348.95500000000004,38.94,704.0,6.0,0
0.0,0.0,-19.0,9.0,0.0,4.0,348.95500000000004,38.94,600.0,3.0,0
0.0,0.0,-17.0,8.0,0.0,8.0,258.33,18.43,1833.0,8.0,0
0.0,0.0,-16.0,8.0,0.0,10.0,348.95500000000004,21.92,557.0,1.0,0
0.0,0.0,-14.0,10.0,0.0,4.0,213.96,28.06,606.0,1.0,0
0.0,0.0,-1.0,26.0,0.0,10.0,202.5,38.94,348.0,2.0,0
0.0,0.0,-18.0,6.0,0.0,1.0,276.57,17.57,2985.0,4.0,0
0.0,0.0,-7.0,12.0,0.0,4.0,256.03,14.13,1087.0,2.0,0
0.0,0.0,-2.0,21.0,0.0,20.0,206.99,16.09,232.0,1.0,0
0.0,0.0,-11.0,10.0,0.0,18.0,348.95500000000004,38.94,233.0,3.0,1
0.0,0.0,-9.0,17.0,0.0,4.0,246.97,36.98,1156.0,2.0,0
0.0,0.0,-13.0,12.0,0.0,8.0,228.14,17.24,617.0,2.0,0
0.0,0.0,-16.0,8.0,0.0,6.0,304.89,20.09,449.0,2.0,0
0.0,0.0,-16.0,19.0,0.0,10.0,348.95500000000004,27.84,360.0,1.0,0
0.0,0.0,-15.0,11.0,0.0,8.0,348.95500000000004,38.94,1176.0,3.0,0
0.0,0.0,-17.0,19.0,0.0,10.0,252.89,38.94,1158.0,1.0,0
0.0,0.0,-17.0,11.0,0.0,10.0,217.64,17.65,940.0,1.0,0
0.0,0.0,-6.0,9.0,0.0,1.0,264.69,34.69,756.0,1.0,0
0.0,0.0,-24.0,29.0,0.0,1.0,187.57,38.94,1058.0,1.0,1
0.0,0.0,-15.0,9.0,0.0,1.0,190.44,30.64,415.0,6.0,0
0.0,0.0,-11.0,9.0,0.0,4.0,240.22,37.42,338.0,1.5,0
0.0,0.0,-12.0,14.0,0.0,2.0,259.19,24.19,729.0,2.0,0
0.0,0.0,-10.0,10.0,0.0,2.0,288.06,29.96,792.0,1.0,0
0.0,0.0,-4.0,14.0,0.0,3.0,348.95500000000004,21.22,2644.0,6.0,0
0.0,0.0,-23.0,2.0,0.0,3.0,229.2,31.2,1274.0,2.0,1
0.0,0.0,-9.0,18.0,0.0,2.0,189.37,38.94,1893.0,1.0,0
0.0,0.0,-30.0,11.0,0.0,3.0,278.69,19.69,547.0,1.0,0
0.0,0.0,-2.0,28.0,0.0,1.0,348.95500000000004,38.94,388.0,2.0,0
0.0,0.0,0.0,23.0,0.0,6.0,348.95500000000004,19.82,265.0,3.0,0
0.0,0.0,-21.0,18.0,0.0,1.0,275.79,38.94,1141.0,1.0,1
0.0,0.0,-16.0,7.0,0.0,2.0,348.95500000000004,38.94,1356.0,1.0,0
0.0,0.0,-9.0,4.0,0.0,5.0,337.9,11.1,358.0,1.0,0
0.0,0.0,-8.0,37.0,0.0,1.0,202.06,22.06,1652.0,3.0,0
0.0,0.0,7.0,34.0,1.0,4.0,215.14,16.14,500.0,1.0,1
0.0,0.0,-14.0,11.0,0.0,1.0,348.95500000000004,38.94,3006.0,2.0,1
0.0,0.0,0.0,18.0,0.0,4.0,348.95500000000004,18.06,871.0,4.0,1
0.0,0.0,-10.0,23.0,0.0,10.0,348.95500000000004,38.94,730.0,2.0,0
0.0,0.0,-14.0,15.0,0.0,1.0,314.31,34.41,892.0,4.0,0
0.0,0.0,-16.0,7.0,0.0,6.0,337.18,38.94,322.0,2.0,0
0.0,0.0,-10.0,7.0,0.0,10.0,348.95500000000004,28.33,295.0,1.0,1
0.0,0.0,-15.0,12.0,0.0,12.0,258.47,38.94,3843.0,6.0,0
0.0,0.0,-12.0,14.0,0.0,8.0,348.95500000000004,18.2,3902.0,7.0,0
0.0,0.0,-6.0,17.0,0.0,3.0,348.95500000000004,17.44,512.0,1.0,0
0.0,0.0,-8.0,5.0,0.0,1.0,303.12,34.12,1027.0,1.0,0
0.0,0.0,-29.0,15.0,0.0,3.0,335.48,38.94,500.0,1.0,0
0.0,0.0,-10.0,3.0,0.0,1.0,329.98,10.98,1914.0,5.0,1
0.0,0.0,-17.0,7.0,0.0,1.0,348.95500000000004,16.66,1044.0,1.0,0
0.0,0.0,0.0,31.0,0.0,10.0,348.95500000000004,38.94,293.0,3.0,1
0.0,0.0,-18.0,15.0,0.0,1.0,193.91,34.91,509.0,4.0,0
0.0,0.0,-9.0,8.0,0.0,1.0,348.95500000000004,20.28,1789.0,3.0,0
0.0,0.0,12.0,36.0,1.0,4.0,205.1,16.2,767.0,3.0,1
0.0,0.0,-17.0,9.0,0.0,1.0,231.26,32.26,330.0,1.0,0
0.0,0.0,-31.0,15.0,0.0,8.0,348.95500000000004,22.5,414.0,1.0,0
0.0,0.0,-26.0,3.0,0.0,10.0,326.34,38.94,720.5,3.0,1
0.0,0.0,-22.0,13.0,0.0,1.0,348.95500000000004,26.2,388.0,2.0,0
0.0,0.0,-3.0,31.0,0.0,6.0,348.95500000000004,38.94,564.0,1.5,1
0.0,0.0,-19.0,3.0,0.0,10.0,348.95500000000004,24.16,2347.0,2.0,0
0.0,0.0,-15.0,8.0,0.0,5.0,348.95500000000004,23.22,985.0,2.0,0
0.0,0.0,-6.0,8.0,0.0,10.0,348.95500000000004,38.94,502.0,3.0,0
0.0,0.0,-8.0,4.0,0.0,1.0,199.42,9.52,800.0,2.0,0
0.0,0.0,7.0,36.0,1.0,7.0,336.13,17.99,745.0,2.0,1
0.0,0.0,-26.0,14.0,0.0,10.0,348.95500000000004,38.94,1345.0,8.0,0
0.0,0.0,-21.0,3.0,0.0,2.0,339.03,20.03,752.0,2.0,0
0.0,0.0,-6.0,20.0,0.0,6.0,270.65,10.75,391.0,3.0,0
0.0,0.0,-6.0,15.0,0.0,1.0,329.43,30.43,108.0,1.0,0
0.0,0.0,-14.0,4.0,0.0,10.0,348.95500000000004,38.94,535.6,1.0,1
0.0,0.0,-19.0,8.0,0.0,1.0,183.33,14.33,868.0,1.0,0
0.0,0.0,-15.0,6.0,0.0,4.0,316.18,30.18,275.0,1.0,0
0.0,0.0,-8.0,6.0,0.0,3.0,348.95500000000004,26.880000000000003,1458.0,2.0,0
0.0,0.0,-15.0,14.0,0.0,7.0,348.95500000000004,17.54,543.0,2.0,0
0.0,0.0,-7.0,21.0,0.0,1.0,194.12,38.94,1893.0,1.0,0
0.0,0.0,-3.0,10.0,0.0,6.0,229.79,9.89,481.0,4.0,0
0.0,0.0,-15.0,8.0,0.0,5.0,231.27,26.27,162.0,5.0,0
0.0,0.0,6.0,30.0,1.0,1.0,265.49,16.49,224.0,3.0,1
0.0,0.0,-15.0,14.0,0.0,1.0,323.31,38.94,270.0,5.0,0
0.0,0.0,-20.0,12.0,0.0,10.0,224.71,38.94,2188.0,2.0,0
0.0,0.0,-19.0,5.0,0.0,2.0,305.98,28.18,420.0,1.0,0
0.0,0.0,-26.0,17.0,0.0,3.0,327.9,18.0,574.0,1.0,0
0.0,0.0,-14.0,9.0,0.0,1.0,348.95500000000004,17.64,617.0,1.0,0
0.0,0.0,-10.0,5.0,0.0,1.0,348.95500000000004,38.94,520.0,8.0,0
0.0,0.0,-9.0,7.0,0.0,1.0,229.16,19.36,620.0,4.0,0
0.0,0.0,-15.0,8.0,0.0,10.0,348.95500000000004,19.72,359.0,4.0,0
0.0,0.0,-20.0,5.0,0.0,2.0,224.97,38.94,319.3333333333333,2.0,1
0.0,0.0,6.0,27.0,1.0,1.0,202.16,17.26,1177.0,5.0,1
0.0,0.0,-13.0,1.0,0.0,5.0,235.57,35.57,259.0,2.0,0
0.0,0.0,-3.0,22.0,0.0,1.0,348.95500000000004,21.67,912.0,2.0,0
0.0,0.0,-17.0,25.0,0.0,3.0,348.95500000000004,38.94,348.0,2.0,1
0.0,0.0,-9.0,2.0,0.0,10.0,348.95500000000004,16.75,1520.0,1.0,0
0.0,0.0,-8.0,3.0,0.0,10.0,269.3,9.4,2013.0,4.0,0
0.0,0.0,-15.0,4.0,0.0,3.0,284.81,14.91,2273.0,1.0,0
0.0,0.0,-14.0,24.0,0.0,3.0,220.68,21.88,680.0,1.0,0
0.0,0.0,-18.0,12.0,0.0,4.0,348.95500000000004,38.94,566.0,1.0,0
0.0,0.0,15.0,40.0,1.0,10.0,348.95500000000004,32.67,2761.0,4.0,1
0.0,0.0,-16.0,9.0,0.0,10.0,348.95500000000004,38.94,989.0,4.0,0
0.0,0.0,-14.0,5.0,0.0,3.0,188.94,9.45,1665.0,3.0,0
0.0,0.0,0.0,20.0,0.0,10.0,348.95500000000004,38.94,1345.0,8.0,0
0.0,0.0,-16.0,17.0,0.0,6.0,337.56,38.94,345.6,2.0,0
0.0,0.0,-7.0,13.0,0.0,10.0,348.95500000000004,38.94,1549.0,1.0,0
0.0,0.0,-16.0,13.0,0.0,8.0,348.95500000000004,38.94,2130.0,4.0,0
0.0,0.0,-30.0,12.0,0.0,1.0,348.95500000000004,38.94,2432.0,4.0,0
0.0,0.0,-7.0,8.0,0.0,8.0,348.95500000000004,24.04,419.0,1.0,0
0.0,0.0,9.0,41.0,1.0,8.0,227.71,30.91,2068.0,1.0,0
0.0,0.0,-10.0,20.0,0.0,3.0,340.64,38.94,334.0,3.0,0
0.0,0.0,-11.0,12.0,0.0,1.0,348.95500000000004,20.49,1468.0,1.0,0
0.0,0.0,-4.0,21.0,0.0,8.0,286.56,26.66,293.0,1.0,0
0.0,0.0,-14.0,13.0,0.0,10.0,348.95500000000004,18.87,184.0,4.0,0
0.0,0.0,-20.0,9.0,0.0,1.0,306.64,38.94,340.0,2.0,0
0.0,0.0,-13.0,9.0,0.0,1.0,295.61,15.71,584.0,2.0,0
0.0,0.0,-7.0,6.0,0.0,2.0,210.11,10.21,580.0,4.0,0
0.0,0.0,-4.0,23.0,0.0,1.0,212.03,22.13,1885.0,1.0,0
0.0,0.0,8.0,25.0,1.0,8.0,300.44,14.44,138.0,1.0,1
0.0,0.0,-6.0,7.0,0.0,4.0,315.98,38.94,87.0,3.0,0
0.0,0.0,6.0,35.0,1.0,2.0,228.62,18.72,236.0,1.0,1
0.0,0.0,-11.0,7.0,0.0,8.0,348.95500000000004,19.07,536.0,3.0,0
0.0,0.0,-6.0,4.0,0.0,8.0,236.8,17.8,217.0,3.0,0
0.0,0.0,-11.0,5.0,0.0,4.0,299.59,10.59,1892.0,4.0,0
0.0,0.0,-16.0,10.0,0.0,1.0,187.96,14.96,808.0,5.0,1
0.0,0.0,-6.0,37.0,0.0,3.0,263.01,14.76,858.0,1.0,1
0.0,0.0,-13.0,6.0,0.0,4.0,216.15,31.15,1526.0,1.0,0
0.0,0.0,-3.0,8.0,0.0,10.0,348.95500000000004,28.45,2157.0,3.0,0
0.0,0.0,-8.0,7.0,0.0,1.0,238.85,8.86,787.0,1.0,1
0.0,0.0,-17.0,22.0,0.0,3.0,285.45,35.55,394.0,4.0,0
0.0,0.0,-6.0,22.0,0.0,1.0,181.57,15.91,593.0,1.0,0
0.0,0.0,-17.0,11.0,0.0,1.0,348.95500000000004,38.94,1211.0,5.0,0
0.0,0.0,-1.0,22.0,0.0,2.0,348.95500000000004,17.54,1113.0,4.0,0
0.0,0.0,-6.0,10.0,0.0,1.0,348.95500000000004,38.94,1946.0,4.0,0
0.0,0.0,-11.0,5.0,0.0,3.0,348.95500000000004,11.26,488.0,1.0,0
0.0,0.0,-1.0,2.0,0.0,4.0,330.39,10.4,2431.0,4.0,0
0.0,0.0,-27.0,6.0,0.0,10.0,348.95500000000004,38.94,2716.0,1.0,0
0.0,0.0,-15.0,10.0,0.0,2.0,194.92,15.01,570.0,2.0,0
0.0,0.0,-20.0,4.0,0.0,3.0,348.95500000000004,38.94,793.0,2.0,0
0.0,0.0,-16.0,8.0,0.0,5.0,186.82,16.82,514.0,2.0,0
0.0,0.0,-29.0,6.0,0.0,2.0,208.91,38.94,830.0,4.0,0
0.0,0.0,-20.0,14.0,0.0,8.0,348.95500000000004,20.68,539.0,2.0,0
0.0,0.0,-20.0,7.0,0.0,1.0,348.95500000000004,38.94,856.0,3.0,1
0.0,0.0,-14.0,13.0,0.0,1.0,250.4,38.94,1161.0,10.0,0
0.0,0.0,-13.0,6.0,0.0,5.0,233.55,14.55,878.0,1.0,0
0.0,0.0,-11.0,31.0,0.0,5.0,348.95500000000004,38.94,1398.0,1.0,0
0.0,0.0,-20.0,32.0,0.0,1.0,348.95500000000004,38.94,379.0,1.0,0
0.0,0.0,-16.0,17.0,0.0,8.0,348.95500000000004,38.94,540.0,1.0,0
0.0,0.0,-13.0,12.0,0.0,4.0,208.77,12.87,465.0,1.0,0
0.0,0.0,-14.0,9.0,0.0,6.0,348.95500000000004,21.92,725.0,1.0,0
0.0,0.0,-17.0,8.0,0.0,5.0,268.84,19.84,2031.0,1.0,0
0.0,0.0,-18.0,3.0,0.0,3.0,310.5,34.5,263.0,1.0,0
0.0,0.0,-8.0,9.0,0.0,9.0,348.95500000000004,32.88,2352.0,3.0,0
0.0,0.0,-16.0,5.0,0.0,5.0,335.47,10.47,2644.0,6.0,0
0.0,0.0,-14.0,14.0,0.0,6.0,203.3,35.72,527.0,1.0,0
0.0,0.0,-11.0,14.0,0.0,1.0,323.72,38.94,2250.0,1.0,0
0.0,0.0,-3.0,10.0,0.0,6.0,348.95500000000004,38.94,913.0,1.0,0
0.0,0.0,-21.0,13.0,0.0,1.0,213.74,34.14,236.0,1.0,0
0.0,0.0,-13.0,18.0,0.0,2.0,191.49,21.59,815.0,4.0,1
0.0,0.0,-24.0,11.0,0.0,1.0,333.48,14.36,571.0,1.0,0
0.0,0.0,-21.0,11.0,0.0,10.0,233.69,33.79,902.0,3.0,0
0.0,0.0,-16.0,11.0,0.0,3.0,223.77,28.87,448.5,2.5,0
0.0,0.0,-8.0,20.0,0.0,3.0,190.65,16.66,431.0,2.0,0
0.0,0.0,-13.0,12.0,0.0,10.0,312.59,13.59,547.0,1.0,0
0.0,0.0,1.0,13.0,1.0,1.0,329.22,38.94,2245.0,1.0,0
0.0,0.0,-1.0,20.0,0.0,5.0,348.95500000000004,38.94,766.0,1.0,0
0.0,0.0,-33.0,8.0,0.0,6.0,348.95500000000004,21.8,876.0,2.0,0
0.0,0.0,-8.0,21.0,0.0,5.0,348.95500000000004,33.65,868.0,2.0,0
0.0,0.0,-10.0,2.0,0.0,5.0,262.94,12.95,439.0,1.0,0
0.0,0.0,-22.0,2.0,0.0,8.0,233.33,9.33,279.0,1.0,0
0.0,0.0,-18.0,5.0,0.0,4.0,348.95500000000004,14.83,526.0,1.0,0
0.0,0.0,-14.0,14.0,0.0,3.0,348.95500000000004,38.94,1736.0,4.0,0
0.0,0.0,-7.0,20.0,0.0,10.0,348.95500000000004,38.94,1163.0,2.0,0
0.0,0.0,11.0,36.0,1.0,8.0,348.95500000000004,20.22,912.0,1.0,0
0.0,0.0,-13.0,3.0,0.0,5.0,324.06,19.76,441.0,1.0,0
0.0,0.0,-20.0,18.0,0.0,3.0,212.02,22.13,149.0,2.0,1
0.0,0.0,-3.0,18.0,0.0,6.0,313.68,33.7,1043.0,1.0,1
0.0,0.0,-10.0,17.0,0.0,1.0,252.0,22.1,997.0,1.0,0
0.0,0.0,-14.0,18.0,0.0,4.0,348.95500000000004,38.94,162.0,4.5,0
0.0,0.0,-13.0,4.0,0.0,2.0,228.41,13.41,516.0,1.0,0
0.0,0.0,-3.0,30.0,0.0,1.0,348.95500000000004,38.94,396.0,1.0,0
0.0,0.0,-7.0,7.0,0.0,10.0,348.95500000000004,26.47,687.0,1.0,0
0.0,0.0,-17.0,9.0,0.0,1.0,335.09,20.09,335.0,1.0,0
0.0,0.0,-15.0,22.0,0.0,10.0,348.95500000000004,38.94,742.0,3.0,0
0.0,0.0,-36.0,11.0,0.0,6.0,217.64,18.64,330.0,1.0,0
0.0,0.0,-7.0,2.0,0.0,4.0,235.92,15.28,919.0,1.0,0
0.0,0.0,-21.0,11.0,0.0,10.0,348.95500000000004,38.94,880.0,1.0,0
0.0,0.0,-14.0,5.0,0.0,3.0,192.47,12.47,474.0,4.0,0
0.0,0.0,-20.0,13.0,0.0,1.0,348.95500000000004,21.3,636.0,1.0,0
0.0,0.0,-18.0,7.0,0.0,4.0,235.28,16.28,617.0,2.0,0
0.0,0.0,-15.0,10.0,0.0,8.0,255.24,38.94,487.0,2.0,0
0.0,0.0,-21.0,9.0,0.0,5.5,262.6,23.6,553.0,1.0,0
0.0,0.0,-13.0,12.0,0.0,6.0,285.54,15.64,163.0,1.0,0
0.0,0.0,-31.0,40.0,0.0,1.0,237.92,38.94,621.0,1.0,0
0.0,0.0,-13.0,5.0,0.0,8.0,236.72,17.72,1533.0,1.0,0
0.0,0.0,-13.0,12.0,0.0,10.0,348.95500000000004,38.94,762.0,3.0,0
0.0,0.0,-20.0,2.0,0.0,1.0,344.32,15.32,3853.0,2.0,0
0.0,0.0,-20.0,8.0,0.0,10.0,348.95500000000004,20.38,1290.0,3.0,0
0.0,0.0,-31.0,5.0,0.0,10.0,348.95500000000004,38.94,1138.0,4.0,0
0.0,0.0,-17.0,6.0,0.0,8.0,240.27,16.27,279.0,1.0,0
0.0,0.0,-21.0,9.0,0.0,5.0,348.95500000000004,18.58,1056.0,1.0,1
0.0,0.0,-12.0,7.0,0.0,8.0,211.89,12.89,640.0,1.0,0
0.0,0.0,-33.0,13.0,0.0,3.0,348.95500000000004,38.94,2644.0,6.0,0
0.0,0.0,-12.0,13.0,0.0,3.0,242.03,22.03,313.0,1.0,0
0.0,0.0,-18.0,13.0,0.0,8.0,283.28,37.48,264.0,2.0,0
0.0,0.0,-16.0,6.0,0.0,1.0,348.95500000000004,17.52,1267.0,1.0,0
0.0,0.0,-14.0,9.0,0.0,8.0,348.95500000000004,21.73,1138.0,1.0,0
0.0,0.0,14.0,36.0,1.0,1.0,215.05,15.15,328.0,4.0,1
0.0,0.0,-14.0,10.0,0.0,10.0,348.95500000000004,17.97,501.0,4.0,0
0.0,0.0,-9.0,21.0,0.0,1.0,225.33,38.94,1256.0,1.0,0
0.0,0.0,-11.0,19.0,0.0,7.0,348.95500000000004,38.94,935.0,1.0,1
0.0,0.0,-12.0,25.0,0.0,10.0,348.95500000000004,38.94,257.0,1.0,1
0.0,0.0,-14.0,11.0,0.0,4.0,348.95500000000004,38.94,983.0,4.0,0
0.0,0.0,-26.0,8.0,0.0,1.0,201.08,25.48,236.0,1.0,0
0.0,0.0,-39.0,3.0,0.0,10.0,348.95500000000004,38.94,2430.0,1.0,0
0.0,0.0,-10.0,17.0,0.0,1.0,348.95500000000004,18.7,1367.0,4.0,0
0.0,0.0,-8.0,23.0,0.0,1.0,315.84,16.84,547.0,1.0,0
0.0,0.0,7.0,26.0,1.0,6.0,342.15,17.15,2644.0,6.0,1
0.0,0.0,-4.0,19.0,0.0,6.0,324.72,24.82,245.0,3.0,0
0.0,0.0,-21.0,13.0,0.0,8.0,348.95500000000004,38.94,1654.0,4.0,0
0.0,0.0,-12.0,6.0,0.0,3.0,223.14,30.94,537.0,1.0,0
0.0,0.0,-24.0,5.0,0.0,5.0,276.62,38.94,677.0,1.0,0
0.0,0.0,-16.0,6.0,0.0,5.0,235.81,25.82,516.0,1.0,0
0.0,0.0,-3.0,29.0,0.0,1.0,220.58,38.94,1893.0,1.0,1
0.0,0.0,-14.0,19.0,0.0,8.0,348.95500000000004,38.94,452.0,1.0,0
0.0,0.0,-20.0,6.0,0.0,1.0,348.95500000000004,38.94,744.0,6.0,0
0.0,0.0,-7.0,4.0,0.0,2.0,333.68,13.69,561.0,5.0,0
0.0,0.0,-5.0,41.0,0.0,1.0,343.37,38.94,3049.0,3.0,0
0.0,0.0,-29.0,8.0,0.0,8.0,228.24,38.24,582.0,1.0,0
0.0,0.0,-20.0,5.0,0.0,8.0,276.11,17.11,606.0,2.0,0
0.0,0.0,-14.0,13.0,0.0,8.0,206.92,16.09,1088.0,2.0,0
0.0,0.0,-15.0,9.0,0.0,2.0,348.95500000000004,15.55,765.0,3.0,0
0.0,0.0,0.0,31.0,0.0,8.0,348.95500000000004,38.94,875.0,1.0,1
0.0,0.0,-8.0,9.0,0.0,8.0,348.95500000000004,38.94,506.0,1.0,0
0.0,0.0,-12.0,19.0,0.0,8.0,348.95500000000004,21.38,468.0,1.0,0
0.0,0.0,-2.0,22.0,0.0,10.0,348.95500000000004,38.94,1176.0,3.0,1
0.0,0.0,-2.0,15.0,0.0,8.0,290.22,35.32,294.0,1.0,0
0.0,0.0,-20.0,14.0,0.0,5.0,280.63,20.73,627.0,1.0,0
0.0,0.0,-9.0,18.0,0.0,1.0,222.2,38.94,244.0,1.0,0
0.0,0.0,-14.0,5.0,0.0,2.0,309.12,38.94,534.0,1.0,0
0.0,0.0,-23.0,7.0,0.0,15.0,290.86,38.94,408.0,1.0,0
0.0,0.0,-9.0,7.0,0.0,1.0,281.2,26.66,1160.0,1.0,0
0.0,0.0,-14.0,14.0,0.0,5.5,329.0,38.94,747.0,4.0,0
0.0,0.0,-8.0,11.0,0.0,4.0,199.63,13.64,558.0,1.0,0
0.0,0.0,-14.0,14.0,0.0,1.0,271.43,16.53,883.0,4.0,0
0.0,0.0,-11.0,14.0,0.0,10.0,260.64,14.74,892.0,1.0,0
0.0,0.0,-9.0,27.0,0.0,10.0,188.65,21.66,1620.0,1.0,0
0.0,0.0,-15.0,13.0,0.0,2.5,348.95500000000004,17.52,1267.0,1.0,0
0.0,0.0,-23.0,4.0,0.0,1.0,348.95500000000004,38.94,1504.0,2.0,0
0.0,0.0,-22.0,11.0,0.0,5.5,348.95500000000004,26.99,2137.0,1.0,1
0.0,0.0,-20.0,4.0,0.0,4.0,208.77,12.87,465.0,1.0,0
0.0,0.0,-6.0,18.0,0.0,6.0,348.95500000000004,17.34,464.0,2.0,0
0.0,0.0,-19.0,5.0,0.0,6.0,198.91,14.31,713.0,2.0,0
0.0,0.0,-12.0,3.0,0.0,4.0,233.45,13.45,2745.0,3.0,0
0.0,0.0,-12.0,13.0,0.0,5.0,191.68,21.68,514.0,2.0,0
0.0,0.0,-5.0,23.0,0.0,3.0,266.5,16.51,338.0,1.0,1
0.0,0.0,-21.0,8.0,0.0,10.0,348.95500000000004,20.69,2645.0,1.0,0
0.0,0.0,-21.0,10.0,0.0,2.0,205.9,38.94,348.3333333333333,2.0,0
0.0,0.0,-18.0,20.0,0.0,1.0,261.78,38.94,494.0,1.0,0
0.0,0.0,-11.0,11.0,0.0,1.0,309.3,15.4,2013.0,4.0,0
0.0,0.0,-16.0,6.0,0.0,8.0,299.75,19.85,305.0,1.0,0
0.0,0.0,-8.0,2.0,0.0,1.0,315.12,36.12,183.0,1.0,1
0.0,0.0,-3.0,24.0,0.0,4.0,348.95500000000004,38.94,1638.0,3.0,0
0.0,0.0,-17.0,4.0,0.0,6.0,348.95500000000004,28.64,484.0,1.0,0
0.0,0.0,-15.0,6.0,0.0,8.0,348.95500000000004,17.21,625.0,1.0,0
0.0,0.0,-15.0,8.0,0.0,10.0,317.3,17.31,819.0,4.0,0
0.0,0.0,1.0,37.0,1.0,4.0,224.17,24.27,908.0,1.0,0
0.0,0.0,-14.0,9.0,0.0,2.0,234.84,34.94,813.0,2.0,0
0.0,0.0,-21.0,6.0,0.0,1.0,348.95500000000004,38.94,273.0,1.0,0
0.0,0.0,-24.0,8.0,0.0,1.0,219.58,38.94,1918.0,3.0,0
0.0,0.0,-12.0,18.0,0.0,1.0,259.12,29.12,189.0,1.0,1
0.0,0.0,-16.0,7.0,0.0,7.0,348.95500000000004,17.55,1275.0,6.0,0
0.0,0.0,-14.0,15.0,0.0,3.0,213.5,38.94,799.0,1.0,1
0.0,0.0,-13.0,9.0,0.0,1.0,303.34,38.94,328.0,2.0,0
0.0,0.0,-10.0,16.0,0.0,8.0,348.95500000000004,19.65,1622.0,4.0,1
0.0,0.0,-12.0,20.0,0.0,10.0,225.71,38.94,2188.0,2.0,0
0.0,0.0,-6.0,14.0,0.0,6.0,274.64,38.94,237.0,1.0,1
0.0,0.0,-21.0,11.0,0.0,1.0,206.92,16.09,1116.0,1.0,0
0.0,0.0,-8.0,13.0,0.0,6.0,327.82,32.82,408.0,1.0,0
0.0,0.0,-17.0,9.0,0.0,1.0,348.95500000000004,38.94,1337.0,4.0,0
0.0,0.0,-20.0,5.0,0.0,2.0,348.95500000000004,29.45,1426.0,1.0,1
0.0,0.0,-19.0,10.0,0.0,8.0,348.95500000000004,38.94,234.75,1.0,1
0.0,0.0,-4.0,18.0,0.0,1.0,310.37,10.47,600.0,3.0,0
0.0,0.0,-19.0,14.0,0.0,6.0,283.7,23.9,1627.0,3.0,0
0.0,0.0,-22.0,9.0,0.0,5.0,252.02,38.94,2729.0,5.0,0
0.0,0.0,-13.0,14.0,0.0,3.0,217.49,17.84,789.0,3.0,0
0.0,0.0,1.0,28.0,1.0,1.0,348.95500000000004,38.94,1209.0,2.0,0
0.0,0.0,-5.0,18.0,0.0,8.0,274.74,14.84,980.0,1.0,0
0.0,0.0,-17.0,5.0,0.0,6.0,348.95500000000004,24.27,333.0,3.0,0
0.0,0.0,-8.0,15.0,0.0,10.0,348.95500000000004,38.94,622.0,1.0,0
0.0,0.0,-7.0,47.0,0.0,10.0,348.95500000000004,20.84,313.0,1.0,1
0.0,0.0,-15.0,6.0,0.0,7.0,348.95500000000004,21.77,1944.0,1.0,0
0.0,0.0,-14.0,8.0,0.0,1.0,342.88,38.94,2400.0,2.0,0
0.0,0.0,-29.0,9.0,0.0,6.0,348.95500000000004,21.98,1654.0,3.0,0
0.0,0.0,-7.0,15.0,0.0,3.0,263.51,38.94,2353.0,6.0,0
0.0,0.0,-10.0,10.0,0.0,1.0,304.55,38.94,771.0,1.0,0
0.0,0.0,-23.0,9.0,0.0,4.0,331.34,34.34,422.0,1.0,0
0.0,0.0,-2.0,22.0,0.0,8.0,348.95500000000004,22.01,1654.0,3.0,0
0.0,0.0,-5.0,17.0,0.0,1.0,303.77,38.77,582.0,1.0,0
0.0,0.0,-36.0,11.0,0.0,1.0,300.73,38.94,606.0,2.0,0
0.0,0.0,-18.0,14.0,0.0,10.0,328.0,19.0,1026.0,3.0,0
0.0,0.0,-21.0,8.0,0.0,6.0,191.67,21.68,267.0,2.0,1
0.0,0.0,-5.0,7.0,0.0,8.0,348.95500000000004,27.48,3155.0,1.0,0
0.0,0.0,-19.0,13.0,0.0,1.0,291.71999999999997,22.72,216.0,3.0,0
0.0,0.0,-16.0,11.0,0.0,10.0,348.95500000000004,38.94,3612.0,3.0,0
0.0,0.0,-14.0,10.0,0.0,3.0,238.59,12.6,1090.0,1.0,0
0.0,0.0,-10.0,1.0,0.0,3.0,269.63,10.63,805.0,1.0,0
0.0,0.0,-18.0,20.0,0.0,2.0,214.56,36.57,412.0,1.0,0
0.0,0.0,-42.0,3.0,0.0,2.0,312.95,12.96,819.0,4.0,0
0.0,0.0,-15.0,2.0,0.0,7.0,348.95500000000004,18.72,1741.0,3.0,0
0.0,0.0,-9.0,26.0,0.0,3.0,243.31,38.94,3708.0,1.0,0
0.0,0.0,-24.0,6.0,0.0,6.0,348.95500000000004,21.31,246.0,1.0,0
0.0,0.0,-13.0,7.0,0.0,4.0,233.29,23.29,315.0,1.0,0
0.0,0.0,-11.0,13.0,0.0,10.0,273.88,38.94,157.0,3.0,0
0.0,0.0,-23.0,11.0,0.0,1.0,348.95500000000004,38.94,1733.0,1.0,0
0.0,0.0,-21.0,10.0,0.0,2.0,227.34,28.34,330.0,1.0,0
0.0,0.0,-11.0,9.0,0.0,3.0,258.71,23.71,1401.0,1.0,0
0.0,0.0,-6.0,9.0,0.0,4.0,348.95500000000004,38.94,1105.0,1.0,0
0.0,0.0,-13.0,12.0,0.0,1.0,194.5,15.01,1631.0,3.0,0
0.0,0.0,-15.0,20.0,0.0,8.0,329.32,38.94,582.0,1.0,0
0.0,0.0,-24.0,13.0,0.0,8.0,321.72,25.72,961.0,1.0,0
0.0,0.0,-15.0,6.0,0.0,1.0,348.95500000000004,38.94,1168.0,3.0,0
0.0,0.0,-6.0,4.0,0.0,1.0,244.35,19.35,186.0,2.0,0
0.0,0.0,-5.0,3.0,0.0,1.0,348.95500000000004,11.5,2756.0,3.0,0
0.0,0.0,-11.0,3.0,0.0,4.0,348.95500000000004,9.98,788.0,1.0,0
0.0,0.0,-33.0,7.0,0.0,4.0,336.89,38.94,576.0,1.5,1
0.0,0.0,-5.0,18.0,0.0,6.0,256.54,19.54,528.0,2.0,0
0.0,0.0,-7.0,8.0,0.0,2.0,348.95500000000004,34.58,606.0,2.0,0
0.0,0.0,-1.0,18.0,0.0,1.0,244.95,17.78,485.0,1.0,0
0.0,0.0,-16.0,18.0,0.0,10.0,343.7,18.71,422.0,5.0,0
0.0,0.0,-17.0,16.0,0.0,10.0,348.95500000000004,20.95,1318.0,4.0,0
0.0,0.0,-14.0,15.0,0.0,2.0,228.6,20.7,1596.0,1.0,0
0.0,0.0,-28.0,8.0,0.0,4.0,296.78,16.88,606.0,2.0,0
0.0,0.0,-15.0,13.0,0.0,1.0,251.36,17.38,1296.0,1.0,0
0.0,0.0,-15.0,14.0,0.0,4.0,309.5,19.6,605.0,5.0,0
0.0,0.0,-13.0,7.0,0.0,1.0,310.67,38.94,674.0,1.0,0
0.0,0.0,-5.0,4.0,0.0,1.0,348.95500000000004,38.94,367.5,1.0,0
0.0,0.0,-19.0,15.0,0.0,4.0,348.95500000000004,38.94,625.0,1.0,0
0.0,0.0,-22.0,6.0,0.0,4.0,210.56,30.76,975.0,2.0,0
0.0,0.0,-17.0,12.0,0.0,1.0,348.95500000000004,18.78,501.0,4.0,0
0.0,0.0,-8.0,11.0,0.0,1.0,228.43,20.43,821.0,1.0,0
0.0,0.0,-21.0,4.0,0.0,6.0,348.95500000000004,38.94,947.0,1.0,0
0.0,0.0,2.0,22.0,1.0,10.0,309.32,38.94,2637.0,1.0,0
0.0,0.0,-26.0,25.0,0.0,5.0,272.99,28.99,694.0,1.0,0
0.0,0.0,-8.0,7.0,0.0,3.0,348.95500000000004,37.85,2230.0,1.0,0
0.0,0.0,-23.0,12.0,0.0,7.0,348.95500000000004,38.94,841.0,5.0,0
0.0,0.0,-10.0,11.0,0.0,6.0,302.64,12.64,824.0,1.0,0
0.0,0.0,-4.0,7.0,0.0,4.0,287.0,37.1,2069.0,1.0,0
0.0,0.0,-9.0,10.0,0.0,5.0,282.5,12.5,335.0,2.0,0
0.0,0.0,-14.0,9.0,0.0,8.0,321.78,16.88,1114.0,4.0,1
0.0,0.0,-9.0,13.0,0.0,2.0,236.96,14.26,679.0,1.0,0
0.0,0.0,-16.0,9.0,0.0,6.0,348.95500000000004,34.26,3011.0,1.0,0
0.0,0.0,-3.0,11.0,0.0,1.0,348.95500000000004,34.53,389.6666666666667,1.0,0
0.0,0.0,-14.0,1.0,0.0,8.0,348.95500000000004,13.0,1070.0,1.0,0
0.0,0.0,-17.0,7.0,0.0,8.0,231.15,38.94,307.5,1.5,0
0.0,0.0,-19.0,14.0,0.0,10.0,348.95500000000004,38.94,1893.0,1.0,1
0.0,0.0,-18.0,7.0,0.0,8.0,348.95500000000004,23.89,1457.0,5.0,0
0.0,0.0,-18.0,9.0,0.0,1.0,348.95500000000004,20.02,625.0,1.0,0
0.0,0.0,-2.0,18.0,0.0,8.0,290.6,18.61,270.0,1.0,0
0.0,0.0,-17.0,17.0,0.0,1.0,348.95500000000004,27.56,402.0,1.0,0
0.0,0.0,-11.0,8.0,0.0,3.0,196.49,37.3,561.0,1.0,0
0.0,0.0,-16.0,7.0,0.0,6.0,238.7,13.7,1177.0,6.0,0
0.0,0.0,-29.0,50.0,0.0,10.0,260.13,38.94,1150.0,1.0,0
0.0,0.0,-14.0,19.0,0.0,8.0,214.27,38.37,1256.0,7.0,0
0.0,0.0,-9.0,16.0,0.0,1.0,214.14,15.14,1057.0,1.0,0
0.0,0.0,-15.0,17.0,0.0,2.0,231.86,21.96,1060.0,1.0,0
0.0,0.0,-19.0,17.0,0.0,6.0,261.37,32.47,1271.0,5.0,0
0.0,0.0,-8.0,3.0,0.0,4.0,215.14,15.14,574.0,1.0,0
0.0,0.0,-13.0,10.0,0.0,4.0,225.71,38.94,2188.0,2.0,0
0.0,0.0,-26.0,14.0,0.0,1.0,348.95500000000004,27.34,3319.0,6.0,0
0.0,0.0,-20.0,2.0,0.0,1.0,222.93,23.93,450.0,3.0,0
0.0,0.0,0.0,15.0,0.0,1.0,348.95500000000004,33.95,677.0,2.0,0
0.0,0.0,-5.0,18.0,0.0,3.0,254.96,36.769999999999996,1055.0,1.0,1
0.0,0.0,-20.0,2.0,0.0,8.0,246.31,18.31,418.0,1.0,0
0.0,0.0,-14.0,13.0,0.0,5.0,348.95500000000004,21.53,1605.0,5.0,0
0.0,0.0,-11.0,19.0,0.0,1.0,348.95500000000004,20.76,175.0,1.0,0
0.0,0.0,-4.0,20.0,0.0,8.0,308.53,38.94,487.0,2.0,0
0.0,0.0,-8.0,3.0,0.0,10.0,283.99,38.94,870.0,1.0,0
0.0,0.0,-23.0,6.0,0.0,6.0,348.95500000000004,38.94,773.0,1.0,0
0.0,0.0,-22.0,10.0,0.0,8.0,348.95500000000004,38.94,279.6666666666667,1.3333333333333333,0
0.0,0.0,-11.0,7.0,0.0,3.0,207.46,18.04,157.0,9.0,0
0.0,0.0,-5.0,20.0,0.0,3.0,210.64,35.74,830.0,4.0,0
0.0,0.0,-15.0,10.0,0.0,3.0,335.91,26.91,731.0,1.0,0
0.0,0.0,4.0,28.0,1.0,8.0,348.95500000000004,30.87,590.0,1.0,1
0.0,0.0,-12.0,2.0,0.0,10.0,281.71,10.71,647.0,2.0,0
0.0,0.0,-11.0,8.0,0.0,7.0,259.13,9.33,514.0,2.0,0
0.0,0.0,-15.0,5.0,0.0,5.0,248.04,32.44,341.0,2.0,0
0.0,0.0,-11.0,19.0,0.0,2.0,221.88,21.89,432.0,2.0,0
0.0,0.0,-16.0,10.0,0.0,7.0,348.95500000000004,20.29,736.0,2.0,0
0.0,0.0,-16.0,11.0,0.0,6.0,348.95500000000004,21.95,913.0,3.0,0
0.0,0.0,-14.0,12.0,0.0,4.0,215.14,16.14,640.0,1.0,0
0.0,0.0,-27.0,8.0,0.0,8.0,348.95500000000004,25.08,3901.0,8.0,0
0.0,0.0,-20.0,15.0,0.0,10.0,348.95500000000004,38.94,252.0,1.0,0
0.0,0.0,-21.0,10.0,0.0,3.0,203.31,23.32,1002.0,2.0,0
0.0,0.0,-21.0,4.0,0.0,3.0,348.95500000000004,38.94,380.0,1.0,0
0.0,0.0,-7.0,21.0,0.0,1.0,348.95500000000004,18.0,278.0,1.0,1
0.0,0.0,-18.0,16.0,0.0,2.0,348.95500000000004,38.94,856.0,1.0,0
0.0,0.0,-28.0,13.0,0.0,4.0,246.92,38.94,2066.0,1.0,0
0.0,0.0,-14.0,12.0,0.0,8.0,348.95500000000004,13.94,664.0,1.0,0
0.0,0.0,-21.0,2.0,0.0,4.0,233.44,14.44,217.0,3.0,0
0.0,0.0,4.0,38.0,1.0,7.0,348.95500000000004,38.94,707.0,1.0,0
0.0,0.0,2.0,26.0,1.0,10.0,234.2,34.4,259.0,1.0,1
0.0,0.0,-6.0,21.0,0.0,1.0,223.82,33.92,317.0,3.0,0
0.0,0.0,-14.0,9.0,0.0,1.0,348.95500000000004,17.4,348.0,1.0,0
0.0,0.0,-24.0,12.0,0.0,2.0,208.0,17.1,351.0,1.0,1
0.0,0.0,-6.0,21.0,0.0,2.0,210.22,19.22,3784.0,7.0,0
0.0,0.0,-14.0,7.0,0.0,1.0,348.95500000000004,16.56,580.0,2.0,0
0.0,0.0,-11.0,5.0,0.0,8.0,348.95500000000004,18.76,397.0,4.0,0
0.0,0.0,4.0,34.0,1.0,1.0,269.85,38.31,730.0,1.0,0
0.0,0.0,-21.0,9.0,0.0,7.0,224.1,24.2,325.0,1.0,0
0.0,0.0,4.0,21.0,1.0,8.0,348.95500000000004,16.93,506.0,1.0,0
0.0,0.0,-19.0,14.0,0.0,1.0,190.88,34.89,373.0,2.0,0
0.0,0.0,-28.0,11.0,0.0,4.0,235.48,20.48,584.0,2.0,0
0.0,0.0,-9.0,23.0,0.0,1.0,313.23,38.94,606.0,2.0,0
0.0,0.0,-18.0,8.0,0.0,4.0,316.3,27.3,1892.0,4.0,0
0.0,0.0,-11.0,28.0,0.0,3.0,348.95500000000004,38.94,2432.0,4.0,0
0.0,0.0,-9.0,21.0,0.0,1.0,348.95500000000004,27.19,1055.0,2.0,0
0.0,0.0,-7.0,21.0,0.0,3.0,258.92,18.93,1335.0,5.0,0
0.0,0.0,-32.0,10.0,0.0,8.0,348.95500000000004,20.79,1498.0,4.0,0
0.0,0.0,-16.0,12.0,0.0,8.0,348.95500000000004,38.94,676.0,1.0,1
0.0,0.0,-24.0,15.0,0.0,5.0,248.84,38.94,162.0,5.0,1
0.0,0.0,-8.0,11.0,0.0,6.0,348.95500000000004,38.94,1199.0,10.0,0
0.0,0.0,-8.0,46.0,0.0,1.0,238.63,19.63,453.0,2.0,0
0.0,0.0,-8.0,12.0,0.0,4.0,257.52,37.62,498.0,1.0,0
0.0,0.0,-8.0,12.0,0.0,1.0,348.95500000000004,38.94,392.0,4.0,0
0.0,0.0,-9.0,20.0,0.0,1.0,184.93,15.93,798.0,1.0,0
0.0,0.0,-7.0,9.0,0.0,2.0,263.24,13.25,572.0,3.0,0
0.0,0.0,-10.0,11.0,0.0,10.0,348.95500000000004,31.08,271.0,1.0,1
0.0,0.0,9.0,42.0,1.0,1.0,258.9,35.0,704.0,1.0,1
0.0,0.0,-7.0,24.0,0.0,6.0,348.95500000000004,38.94,232.0,2.0,0
0.0,0.0,1.0,21.0,1.0,8.0,188.73,16.83,1360.0,1.0,1
0.0,0.0,-32.0,9.0,0.0,10.0,255.05,26.05,217.0,3.0,1
0.0,0.0,-25.0,3.0,0.0,3.0,314.88,38.94,270.0,1.5,0
0.0,0.0,-15.0,6.0,0.0,8.0,348.95500000000004,15.27,867.0,3.0,0
0.0,0.0,-13.0,10.0,0.0,1.0,348.95500000000004,38.94,1241.0,7.0,0
0.0,0.0,-28.0,17.0,0.0,5.0,249.49,19.49,439.0,1.0,0
0.0,0.0,-9.0,8.0,0.0,8.0,289.78,38.94,1200.0,3.0,0
0.0,0.0,-16.0,13.0,0.0,1.0,348.95500000000004,21.44,2873.0,8.0,0
0.0,0.0,-20.0,13.0,0.0,1.0,348.95500000000004,21.0,1100.0,1.0,0
0.0,0.0,-17.0,18.0,0.0,8.0,348.95500000000004,38.94,1176.0,3.0,0
0.0,0.0,-14.0,12.0,0.0,1.0,348.95500000000004,18.91,329.0,1.0,0
0.0,0.0,-9.0,5.0,0.0,1.0,206.42,31.43,2100.0,2.0,0
0.0,0.0,1.0,19.0,1.0,3.0,306.98,38.94,403.0,1.0,1
0.0,0.0,-11.0,12.0,0.0,3.0,348.95500000000004,14.08,476.0,2.0,0
0.0,0.0,-19.0,11.0,0.0,1.0,348.95500000000004,38.94,625.0,1.0,0
0.0,0.0,-34.0,19.0,0.0,5.5,227.6,27.7,904.0,1.0,0
0.0,0.0,-22.0,11.0,0.0,4.0,348.95500000000004,13.06,425.0,5.0,0
0.0,0.0,-25.0,9.0,0.0,8.0,239.78,29.78,676.0,3.0,0
0.0,0.0,2.0,29.0,1.0,10.0,220.19,26.2,198.0,1.0,0
0.0,0.0,-17.0,10.0,0.0,2.0,232.48,38.94,1893.0,1.0,0
0.0,0.0,-21.0,9.0,0.0,8.0,246.81,36.82,516.0,1.0,0
0.0,0.0,-13.0,17.0,0.0,3.0,207.54,38.94,1893.0,1.0,0
0.0,0.0,-20.0,5.0,0.0,5.0,279.52,38.94,833.0,4.0,0
0.0,0.0,-15.0,20.0,0.0,10.0,348.95500000000004,28.55,3437.0,6.0,0
0.0,0.0,-14.0,6.0,0.0,3.0,228.56,8.79,606.0,2.0,0
0.0,0.0,-15.0,6.0,0.0,1.0,323.44,38.94,814.5,1.0,1
0.0,0.0,-12.0,8.0,0.0,3.0,271.27,14.14,1306.0,1.0,0
0.0,0.0,-15.0,6.0,0.0,10.0,348.95500000000004,18.76,484.0,2.0,0
0.0,0.0,-14.0,19.0,0.0,4.0,195.84,38.94,517.0,1.0,0
0.0,0.0,0.0,18.0,0.0,1.0,228.43,20.43,821.0,1.0,0
0.0,0.0,-7.0,12.0,0.0,1.0,348.95500000000004,38.94,195.0,1.0,0
0.0,0.0,-12.0,16.0,0.0,4.0,317.44,17.54,886.0,2.0,0
0.0,0.0,-16.0,21.0,0.0,8.0,348.95500000000004,25.63,913.0,3.0,0
0.0,0.0,-12.0,3.0,0.0,5.0,336.34,16.44,298.0,1.0,0
0.0,0.0,-15.0,21.0,0.0,7.0,348.95500000000004,38.94,1448.0,1.0,0
0.0,0.0,-8.0,4.0,0.0,3.0,279.08,10.08,638.0,4.0,0
0.0,0.0,-4.0,18.0,0.0,10.0,348.95500000000004,33.49,3896.0,7.0,0
0.0,0.0,-32.0,9.0,0.0,1.0,348.95500000000004,23.23,1064.0,1.0,0
0.0,0.0,-11.0,20.0,0.0,10.0,348.95500000000004,38.94,1220.0,6.0,1
0.0,0.0,-3.0,7.0,0.0,1.0,348.95500000000004,38.94,1563.0,3.0,1
0.0,0.0,-14.0,15.0,0.0,3.0,348.95500000000004,38.94,489.5,3.0,1
0.0,0.0,-1.0,13.0,0.0,8.0,348.95500000000004,16.66,155.0,2.0,0
0.0,0.0,-14.0,11.0,0.0,4.0,221.79,21.89,268.0,1.0,0
0.0,0.0,-9.0,11.0,0.0,5.0,278.04,28.05,989.0,1.0,0
0.0,0.0,6.0,29.0,1.0,8.0,348.95500000000004,21.8,913.0,3.0,0
0.0,0.0,-26.0,4.0,0.0,3.0,271.38,22.38,643.0,4.0,0
0.0,0.0,-29.0,17.0,0.0,1.0,223.88,30.88,2558.0,1.0,0
0.0,0.0,10.0,49.0,1.0,6.0,348.95500000000004,38.94,1616.0,3.0,1
0.0,0.0,-15.0,10.0,0.0,5.0,314.82,15.82,625.0,1.0,0
0.0,0.0,-19.0,9.0,0.0,1.0,348.95500000000004,35.51,753.0,2.0,0
0.0,0.0,-21.0,15.0,0.0,8.0,348.95500000000004,38.94,1604.0,2.0,0
0.0,0.0,-6.0,24.0,0.0,10.0,329.3,38.94,269.0,1.0,0
0.0,0.0,-7.0,14.0,0.0,1.0,287.0,38.94,1700.0,1.0,0
0.0,0.0,-7.0,2.0,0.0,1.0,348.95500000000004,14.18,689.0,1.0,1
0.0,0.0,-16.0,6.0,0.0,3.0,301.44,21.45,1172.0,3.0,0
0.0,0.0,7.0,14.0,1.0,1.0,348.95500000000004,15.92,282.0,8.0,1
0.0,0.0,-7.0,13.0,0.0,3.0,348.95500000000004,10.75,1517.0,1.0,0
0.0,0.0,-10.0,16.0,0.0,1.0,348.95500000000004,38.94,464.0,1.0,0
0.0,0.0,-26.0,16.0,0.0,2.0,348.95500000000004,38.94,2432.0,4.0,0
0.0,0.0,-22.0,6.0,0.0,6.0,315.36,35.38,255.0,3.0,0
0.0,0.0,-24.0,7.0,0.0,1.0,201.75,21.75,473.0,1.0,0
0.0,0.0,-22.0,9.0,0.0,4.0,280.08,38.94,875.0,1.0,0
0.0,0.0,-10.0,7.0,0.0,1.0,348.95500000000004,38.94,1075.0,1.0,0
0.0,0.0,-7.0,7.0,0.0,8.0,348.95500000000004,16.5,639.0,1.0,0
0.0,0.0,-18.0,5.0,0.0,4.0,348.95500000000004,36.79,3737.0,1.0,0
0.0,0.0,-12.0,3.0,0.0,4.0,211.91,12.02,279.0,1.0,0
0.0,0.0,-2.0,14.0,0.0,1.0,193.34,33.35,768.0,1.0,0
0.0,0.0,-20.0,12.0,0.0,6.0,307.69,17.79,605.0,5.0,0
0.0,0.0,20.0,50.0,1.0,2.0,267.41,16.51,721.0,2.0,1
0.0,0.0,-11.0,10.0,0.0,3.0,218.1,10.2,525.0,2.0,0
0.0,0.0,-22.0,14.0,0.0,1.0,348.95500000000004,18.0,224.0,2.0,1
0.0,0.0,-18.0,15.0,0.0,10.0,266.06,38.94,2950.0,1.0,0
0.0,0.0,-4.0,3.0,0.0,4.0,307.56,38.94,948.0,1.0,0
0.0,0.0,-8.0,14.0,0.0,10.0,348.95500000000004,20.44,1511.0,1.0,0
0.0,0.0,-1.0,25.0,0.0,8.0,263.55,8.65,501.0,4.0,1
0.0,0.0,-27.0,7.0,0.0,6.0,348.95500000000004,19.7,625.0,1.0,0
0.0,0.0,-7.0,12.0,0.0,10.0,348.95500000000004,38.94,718.0,1.0,0
0.0,0.0,-2.0,21.0,0.0,10.0,332.22,22.66,2133.0,1.0,0
0.0,0.0,-2.0,10.0,0.0,1.0,263.47,24.47,1562.0,10.0,0
0.0,0.0,30.0,55.0,1.0,4.0,191.68,21.68,514.0,2.0,1
0.0,0.0,-29.0,12.0,0.0,3.0,348.95500000000004,38.0,2395.0,1.0,0
0.0,0.0,-14.0,13.0,0.0,1.0,202.5,38.94,341.0,2.0,0
0.0,0.0,0.0,26.0,0.0,4.0,348.95500000000004,33.9,916.0,2.0,0
0.0,0.0,-24.0,6.0,0.0,4.0,278.91,19.91,317.0,1.0,0
0.0,0.0,-7.0,7.0,0.0,2.0,348.95500000000004,20.76,2492.0,4.0,0
0.0,0.0,-15.0,14.0,0.0,6.0,348.95500000000004,37.89,1658.0,3.0,0
0.0,0.0,-6.0,21.0,0.0,10.0,348.95500000000004,24.94,2768.0,7.0,0
0.0,0.0,-14.0,6.0,0.0,6.0,348.95500000000004,22.95,1126.0,3.0,0
0.0,0.0,6.0,38.0,1.0,10.0,348.95500000000004,28.31,1214.0,1.0,1
0.0,0.0,-13.0,8.0,0.0,1.0,317.87,16.87,1000.0,2.0,0
0.0,0.0,-15.0,4.0,0.0,3.0,315.02,15.12,146.0,1.0,0
0.0,0.0,-8.0,15.0,0.0,1.0,202.87,17.06,2455.0,2.0,0
0.0,0.0,-8.0,29.0,0.0,10.0,348.95500000000004,38.94,441.3333333333333,2.0,0
0.0,0.0,-3.0,7.0,0.0,2.0,262.02,10.12,581.0,1.0,1
0.0,0.0,-47.0,13.0,0.0,3.0,220.29,38.94,583.0,2.0,0
0.0,0.0,-16.0,7.0,0.0,5.0,288.26,21.36,1450.0,1.0,0
0.0,0.0,-20.0,10.0,0.0,1.0,262.09,38.94,2828.0,1.0,0
0.0,0.0,-8.0,34.0,0.0,4.0,348.95500000000004,38.94,625.0,1.0,0
0.0,0.0,3.0,25.0,1.0,3.0,348.95500000000004,16.54,2304.0,4.0,1
0.0,0.0,-7.0,13.0,0.0,1.0,301.38,38.94,576.0,1.0,1
0.0,0.0,-8.0,13.0,0.0,8.0,210.82,20.82,1140.0,1.0,0
0.0,0.0,0.0,21.0,0.0,8.0,348.95500000000004,18.72,612.0,3.0,0
0.0,0.0,-22.0,12.0,0.0,1.0,237.78,18.78,878.0,1.0,0
0.0,0.0,-29.0,10.0,0.0,10.0,348.95500000000004,22.0,1171.0,1.0,0
0.0,0.0,-11.0,15.0,0.0,1.0,348.95500000000004,38.94,380.0,2.0,1
0.0,0.0,-31.0,8.0,0.0,1.0,255.07,35.08,606.0,2.0,0
0.0,0.0,-13.0,22.0,0.0,1.0,280.56,38.94,541.0,2.0,0
0.0,0.0,-17.0,3.0,0.0,10.0,348.95500000000004,14.7,1505.0,3.0,0
0.0,0.0,-7.0,4.0,0.0,1.0,241.89,17.09,569.0,4.0,0
0.0,0.0,-12.0,20.0,0.0,1.0,276.94,38.94,1128.0,1.0,0
0.0,0.0,12.0,36.0,1.0,1.0,348.95500000000004,19.81,999.0,2.0,1
0.0,0.0,-7.0,15.0,0.0,1.0,335.98,16.98,439.0,1.0,0
0.0,0.0,-17.0,5.0,0.0,10.0,317.3,17.31,819.0,4.0,0
0.0,0.0,0.0,4.0,0.0,2.0,297.12,37.12,1237.0,5.0,0
0.0,0.0,5.0,28.0,1.0,1.0,315.98,17.85,645.0,1.0,1
0.0,0.0,-2.0,26.0,0.0,4.0,206.22,29.23,1456.0,1.0,0
0.0,0.0,-12.0,10.0,0.0,5.0,348.95500000000004,38.94,766.0,1.0,0
0.0,0.0,-16.0,14.0,0.0,6.0,339.11,20.11,601.0,5.0,0
0.0,0.0,-10.0,13.0,0.0,1.0,348.95500000000004,23.21,872.0,2.0,1
0.0,0.0,-28.0,5.0,0.0,10.0,348.95500000000004,22.99,1521.0,1.3333333333333333,1
0.0,0.0,-29.0,20.0,0.0,8.0,263.46,38.94,563.0,2.0,0
0.0,0.0,-18.0,6.0,0.0,10.0,348.95500000000004,31.39,1507.0,4.0,0
0.0,0.0,-22.0,13.0,0.0,5.0,319.99,20.0,753.0,2.0,0
0.0,0.0,-29.0,4.0,0.0,2.0,326.78,38.94,529.0,2.5,0
0.0,0.0,4.0,26.0,1.0,1.0,319.58,21.58,410.0,2.0,1
0.0,0.0,-22.0,4.0,0.0,1.0,316.31,38.94,1029.3333333333333,1.6666666666666667,0
0.0,0.0,-25.0,9.0,0.0,6.0,348.95500000000004,24.07,870.0,3.0,0
0.0,0.0,-7.0,6.0,0.0,1.0,348.95500000000004,21.12,1405.0,1.0,0
0.0,0.0,-14.0,11.0,0.0,3.0,329.98,38.94,1668.0,1.0,0
0.0,0.0,-6.0,33.0,0.0,1.0,212.12,22.13,833.0,1.0,1
0.0,0.0,-25.0,9.0,0.0,6.0,309.57,38.94,361.0,2.0,0
0.0,0.0,-10.0,6.0,0.0,5.0,258.33,9.33,2073.0,2.0,0
0.0,0.0,1.0,24.0,1.0,8.0,259.46,19.56,420.0,3.0,0
0.0,0.0,-14.0,15.0,0.0,4.0,324.82,35.82,156.0,1.0,0
0.0,0.0,-12.0,2.0,0.0,3.0,253.19,24.19,769.0,1.0,0
0.0,0.0,-14.0,8.0,0.0,8.0,188.93,24.14,723.0,1.0,0
0.0,0.0,-20.0,18.0,0.0,10.0,348.95500000000004,28.78,646.0,2.0,0
0.0,0.0,-23.0,10.0,0.0,10.0,348.95500000000004,38.94,907.0,1.0,0
0.0,0.0,-8.0,15.0,0.0,3.0,336.38,38.94,849.0,1.0,0
0.0,0.0,-12.0,14.0,0.0,3.0,342.54,38.94,1276.0,1.0,0
0.0,0.0,-10.0,18.0,0.0,4.0,224.9,38.0,331.0,4.0,1
0.0,0.0,-15.0,5.0,0.0,3.0,292.53,22.54,1654.0,6.0,0
0.0,0.0,-20.0,10.0,0.0,10.0,338.84,38.94,2064.0,4.0,0
0.0,0.0,-24.0,14.0,0.0,10.0,253.87,38.94,162.0,5.0,0
0.0,0.0,-35.0,16.0,0.0,1.0,227.27,38.94,636.0,1.0,0
0.0,0.0,-17.0,8.0,0.0,8.0,348.95500000000004,22.07,853.0,3.0,0
0.0,0.0,6.0,30.0,1.0,10.0,247.16,38.94,748.0,1.0,1
0.0,0.0,-15.0,9.0,0.0,10.0,255.76,16.77,621.0,1.0,0
0.0,0.0,-2.0,29.0,0.0,6.0,315.76,35.76,820.0,1.0,1
0.0,0.0,29.0,55.0,1.0,1.0,277.48,38.94,1893.0,1.0,1
0.0,0.0,-35.0,14.0,0.0,1.0,249.57,38.94,522.0,1.3333333333333333,0
0.0,0.0,-9.0,11.0,0.0,3.0,348.95500000000004,38.94,3043.0,6.0,0
0.0,0.0,-20.0,8.0,0.0,7.0,348.95500000000004,38.94,420.0,4.0,0
0.0,0.0,-14.0,7.0,0.0,4.0,348.95500000000004,24.83,814.0,3.0,0
0.0,0.0,-8.0,5.0,0.0,10.0,348.95500000000004,19.34,1447.0,5.0,0
0.0,0.0,-7.0,21.0,0.0,4.0,207.67,17.77,1427.0,1.0,0
0.0,0.0,-6.0,8.0,0.0,1.0,328.26,38.94,758.0,3.0,0
0.0,0.0,-7.0,18.0,0.0,8.0,348.95500000000004,22.05,273.0,1.0,0
0.0,0.0,-7.0,23.0,0.0,2.0,335.77,17.44,617.0,2.0,0
0.0,0.0,-10.0,11.0,0.0,2.0,265.4,20.4,1885.0,1.0,0
0.0,0.0,9.0,25.0,1.0,3.0,233.14,17.14,262.0,1.0,1
0.0,0.0,27.0,46.0,1.0,1.0,301.35,21.45,892.0,4.0,1
0.0,0.0,-21.0,4.0,0.0,2.0,220.27,20.37,1235.0,2.0,0
0.0,0.0,-21.0,7.0,0.0,2.0,195.89,21.1,477.5,1.0,1
0.0,0.0,-14.0,9.0,0.0,1.0,341.88,18.7,944.0,1.0,0
0.0,0.0,-12.0,7.0,0.0,2.0,348.95500000000004,15.69,623.0,1.0,0
0.0,0.0,-4.0,14.0,0.0,1.0,348.95500000000004,38.94,770.0,1.0,0
0.0,0.0,-16.0,6.0,0.0,1.0,348.95500000000004,38.94,665.0,4.0,1
0.0,0.0,10.0,37.0,1.0,4.0,198.2,34.8,626.0,1.0,1
0.0,0.0,-18.0,10.0,0.0,10.0,345.51,38.94,857.6666666666666,1.6666666666666667,1
0.0,0.0,11.0,37.0,1.0,8.0,348.95500000000004,38.94,1176.0,3.0,1
0.0,0.0,-11.0,11.0,0.0,3.0,228.32,18.72,438.0,3.0,0
0.0,0.0,-16.0,24.0,0.0,10.0,257.91,19.91,330.0,1.0,0
0.0,0.0,-9.0,7.0,0.0,2.0,348.95500000000004,17.34,455.0,2.0,0
0.0,0.0,-14.0,11.0,0.0,1.0,260.49,20.59,305.0,2.0,0
0.0,0.0,-10.0,3.0,0.0,2.0,313.54,13.55,927.0,2.0,0
0.0,0.0,3.0,13.0,1.0,4.0,262.58,10.58,393.0,1.0,1
0.0,0.0,-24.0,7.0,0.0,1.0,217.55,27.65,871.0,7.0,0
0.0,0.0,-13.0,12.0,0.0,1.0,225.6,38.94,571.0,1.0,0
0.0,0.0,-13.0,3.0,0.0,8.0,260.86,20.87,2032.0,6.0,0
0.0,0.0,-15.0,11.0,0.0,1.0,348.95500000000004,34.36,208.0,5.0,0
0.0,0.0,-10.0,13.0,0.0,7.0,348.95500000000004,38.94,1075.0,2.0,0
0.0,0.0,-17.0,12.0,0.0,3.0,348.95500000000004,38.94,1101.0,1.0,0
0.0,0.0,-13.0,8.0,0.0,3.0,348.95500000000004,33.88,916.0,2.0,0
0.0,0.0,-8.0,10.0,0.0,3.0,348.95500000000004,38.94,1053.0,2.0,0
0.0,0.0,-17.0,10.0,0.0,1.0,340.02,38.94,913.0,4.0,0
0.0,0.0,-13.0,6.0,0.0,10.0,348.95500000000004,38.94,1203.0,1.0,0
0.0,0.0,-8.0,16.0,0.0,1.0,348.95500000000004,38.94,1800.0,1.0,0
0.0,0.0,-17.0,15.0,0.0,10.0,329.34,38.94,1184.0,3.0,1
0.0,0.0,-20.0,9.0,0.0,10.0,348.95500000000004,33.45,1582.0,1.0,0
0.0,0.0,-6.0,20.0,0.0,1.0,197.2,30.21,1456.0,1.0,1
0.0,0.0,-19.0,8.0,0.0,5.0,348.95500000000004,38.94,995.0,3.0,0
0.0,0.0,-13.0,8.0,0.0,8.0,348.95500000000004,38.94,1971.0,2.0,1
0.0,0.0,-21.0,16.0,0.0,9.0,348.95500000000004,38.94,566.0,1.0,0
0.0,0.0,-6.0,18.0,0.0,3.0,321.14,22.14,880.0,4.0,0
0.0,0.0,-11.0,15.0,0.0,4.0,225.71,38.94,2188.0,2.0,0
0.0,0.0,-3.0,6.0,0.0,1.0,348.95500000000004,38.94,350.0,1.0,0
0.0,0.0,-16.0,1.0,0.0,8.0,348.95500000000004,15.93,610.0,3.0,0
0.0,0.0,-6.0,33.0,0.0,6.0,304.5,26.5,262.0,1.0,1
0.0,0.0,-13.0,9.0,0.0,10.0,319.34,19.35,1384.0,5.0,0
0.0,0.0,-8.0,35.0,0.0,6.0,296.64,38.94,1069.5,1.0,1
0.0,0.0,-15.0,6.0,0.0,4.0,212.88,12.9,447.0,2.0,0
0.0,0.0,-16.0,9.0,0.0,1.0,348.95500000000004,32.09,153.0,3.0,0
0.0,0.0,-8.0,7.0,0.0,1.0,348.95500000000004,38.94,985.0,5.0,0
0.0,0.0,-8.0,2.0,0.0,5.0,348.95500000000004,14.34,1083.0,4.0,0
0.0,0.0,-17.0,16.0,0.0,2.0,195.12,38.94,1893.0,1.0,1
0.0,0.0,10.0,29.0,1.0,2.0,348.95500000000004,38.94,231.0,2.0,1
0.0,0.0,-13.0,14.0,0.0,1.0,348.95500000000004,29.52,240.0,1.0,1
0.0,0.0,-13.0,10.0,0.0,10.0,348.95500000000004,21.29,902.0,5.0,0
0.0,0.0,13.0,31.0,1.0,6.0,348.95500000000004,38.94,267.0,3.0,1
0.0,0.0,-8.0,10.0,0.0,2.0,348.95500000000004,36.29,1520.0,2.0,0
0.0,0.0,-21.0,12.0,0.0,1.0,348.95500000000004,38.94,3494.0,1.0,0
0.0,0.0,-14.0,8.0,0.0,3.0,228.66,28.86,573.0,1.0,0
0.0,0.0,-6.0,18.0,0.0,1.0,298.11,28.21,371.0,2.0,0
0.0,0.0,-14.0,11.0,0.0,1.0,298.73,26.74,270.0,1.0,0
0.0,0.0,-5.0,19.0,0.0,8.0,348.95500000000004,38.94,1363.0,2.0,0
0.0,0.0,-9.0,9.0,0.0,3.0,348.95500000000004,38.94,885.0,4.0,0
0.0,0.0,0.0,25.0,0.0,8.0,348.95500000000004,38.94,1403.0,10.0,0
0.0,0.0,-16.0,5.0,0.0,2.0,348.95500000000004,21.77,1944.0,1.0,0
0.0,0.0,-14.0,8.0,0.0,8.0,314.13,14.23,1022.0,3.0,0
0.0,0.0,6.0,28.0,1.0,1.0,246.26,16.36,236.0,1.0,0
0.0,0.0,5.0,29.0,1.0,15.0,254.83,38.94,2188.0,2.0,1
0.0,0.0,-15.0,20.0,0.0,2.0,238.0,28.01,211.0,4.0,0
0.0,0.0,-12.0,10.0,0.0,1.0,223.0,18.0,867.0,2.0,0
0.0,0.0,-10.0,24.0,0.0,2.0,195.36,26.46,634.0,2.0,0
0.0,0.0,-11.0,6.0,0.0,10.0,348.95500000000004,25.69,1507.0,4.0,0
0.0,0.0,-21.0,11.0,0.0,1.0,335.54,35.64,271.0,1.0,0
0.0,0.0,-31.0,8.0,0.0,10.0,348.95500000000004,38.94,133.0,2.0,0
0.0,0.0,-11.0,16.0,0.0,2.0,279.3,38.94,314.0,1.0,0
0.0,0.0,-8.0,23.0,0.0,10.0,315.84,16.84,547.0,1.0,0
0.0,0.0,-17.0,6.0,0.0,7.0,348.95500000000004,38.94,1010.0,7.0,0
0.0,0.0,-13.0,17.0,0.0,2.0,190.03,23.04,1620.0,1.0,0
0.0,0.0,-20.0,5.0,0.0,1.0,348.95500000000004,31.73,517.0,1.0,0
0.0,0.0,4.0,29.0,1.0,1.0,348.95500000000004,23.31,1162.0,1.0,0
0.0,0.0,-18.0,5.0,0.0,8.0,348.95500000000004,37.54,1176.0,3.0,0
0.0,0.0,-7.0,11.0,0.0,1.0,348.95500000000004,38.94,1345.0,8.0,0
0.0,0.0,7.0,30.0,1.0,1.0,348.95500000000004,20.14,660.0,2.0,1
0.0,0.0,-5.0,22.0,0.0,1.0,214.83,30.79,278.0,1.0,0
0.0,0.0,-20.0,13.0,0.0,1.0,222.82,14.82,821.0,1.0,0
0.0,0.0,-16.0,11.0,0.0,1.0,302.35,22.45,209.0,3.0,0
0.0,0.0,-24.0,13.0,0.0,5.0,348.95500000000004,23.81,1459.0,9.0,0
0.0,0.0,-21.0,12.0,0.0,1.0,201.99,22.06,3023.0,6.0,0
0.0,0.0,-20.0,3.0,0.0,10.0,348.95500000000004,14.75,925.0,3.0,0
0.0,0.0,-9.0,16.0,0.0,2.0,331.01,38.94,599.0,1.0,0
0.0,0.0,-12.0,5.0,0.0,8.0,348.95500000000004,15.4,2227.0,1.0,1
0.0,0.0,12.0,28.0,1.0,4.0,239.01,14.01,439.0,1.0,1
0.0,0.0,-15.0,8.0,0.0,10.0,348.95500000000004,38.94,555.0,3.0,1
0.0,0.0,-24.0,13.0,0.0,1.0,211.74,33.74,357.0,2.0,0
0.0,0.0,-11.0,10.0,0.0,5.0,348.95500000000004,37.28,1246.0,1.0,0
0.0,0.0,-5.0,22.0,0.0,4.0,295.18,35.18,3016.0,1.0,0
0.0,0.0,-13.0,13.0,0.0,1.0,198.55,23.55,1318.0,1.0,0
0.0,0.0,-13.0,13.0,0.0,2.0,348.95500000000004,19.68,706.0,2.0,0
0.0,0.0,-8.0,24.0,0.0,4.0,348.95500000000004,38.94,813.0,1.0,0
0.0,0.0,-13.0,5.0,0.0,10.0,256.77,38.94,530.0,1.0,0
0.0,0.0,-22.0,9.0,0.0,10.0,334.24,38.94,606.0,2.0,0
0.0,0.0,-5.0,6.0,0.0,5.0,348.95500000000004,22.35,751.0,1.0,0
0.0,0.0,-21.0,9.0,0.0,1.0,348.95500000000004,38.94,1131.0,1.0,0
0.0,0.0,-13.0,11.0,0.0,1.0,253.4,17.41,514.0,2.0,1
0.0,0.0,-22.0,6.0,0.0,10.0,275.46,16.56,441.0,3.0,0
0.0,0.0,-16.0,6.0,0.0,2.0,263.89,20.89,855.0,2.0,0
0.0,0.0,-7.0,20.0,0.0,10.0,344.61,25.61,3650.0,3.0,0
0.0,0.0,-14.0,7.0,0.0,1.0,256.33,16.43,877.0,1.0,0
0.0,0.0,2.0,27.0,1.0,2.0,191.68,21.68,514.0,2.0,1
0.0,0.0,-6.0,9.0,0.0,1.6666666666666667,253.79999999999995,38.94,178.0,2.0,0
0.0,0.0,-15.0,20.0,0.0,3.0,310.26,27.26,512.0,1.0,0
0.0,0.0,-9.0,24.0,0.0,10.0,344.64,24.74,593.0,2.0,0
0.0,0.0,-5.0,7.0,0.0,2.0,305.3,20.3,529.0,2.0,0
0.0,0.0,31.0,69.0,1.0,1.0,348.95500000000004,38.94,625.0,1.0,1
0.0,0.0,-43.0,12.0,0.0,10.0,313.48,38.94,240.0,1.0,0
0.0,0.0,-8.0,1.0,0.0,6.0,279.05,9.15,709.0,2.0,0
0.0,0.0,-9.0,20.0,0.0,5.0,348.95500000000004,38.94,1616.0,3.0,0
0.0,0.0,-24.0,8.0,0.0,6.0,310.21,38.94,266.0,3.0,0
0.0,0.0,-13.0,9.0,0.0,1.0,339.79,24.79,738.0,5.0,0
0.0,0.0,-37.0,27.0,0.0,1.0,301.65,38.94,1135.0,1.0,0
0.0,0.0,-7.0,9.0,0.0,1.0,234.1,14.1,660.0,7.0,0
0.0,0.0,-11.0,13.0,0.0,1.0,348.95500000000004,38.94,625.0,1.0,0
0.0,0.0,-12.0,12.0,0.0,1.5,302.55,38.94,576.0,1.0,0
0.0,0.0,-11.0,21.0,0.0,2.0,320.9,26.9,483.0,2.0,1
0.0,0.0,-10.0,3.0,0.0,1.0,348.95500000000004,13.54,660.0,7.0,0
0.0,0.0,-6.0,11.0,0.0,4.0,314.34,14.35,1892.0,4.0,0
0.0,0.0,-25.0,6.0,0.0,8.0,348.95500000000004,12.78,1056.0,1.0,0
0.0,0.0,-22.0,15.0,0.0,10.0,348.95500000000004,38.94,710.0,4.0,0
0.0,0.0,-12.0,10.0,0.0,2.0,232.71,38.94,366.0,2.0,1
0.0,0.0,-3.0,18.0,0.0,1.0,193.99,16.0,1873.0,1.0,0
0.0,0.0,-14.0,7.0,0.0,1.0,287.77,37.77,756.0,1.0,0
0.0,0.0,-12.0,19.0,0.0,4.0,329.5,19.6,388.0,1.0,0
0.0,0.0,-13.0,11.0,0.0,8.0,254.95,38.94,793.0,1.0,1
0.0,0.0,-6.0,6.0,0.0,1.0,348.95500000000004,11.03,679.0,2.0,0
0.0,0.0,3.0,35.0,1.0,6.0,318.27,38.94,575.0,6.0,0
0.0,0.0,-13.0,3.0,0.0,1.0,211.6,12.6,1490.0,3.0,0
0.0,0.0,-17.0,26.0,0.0,1.0,226.97,38.94,299.0,1.0,0
0.0,0.0,-21.0,4.0,0.0,1.0,337.24,38.94,331.0,2.0,1
0.0,0.0,-9.0,19.0,0.0,1.0,306.2,38.94,840.0,5.0,0
0.0,0.0,-17.0,10.0,0.0,10.0,348.95500000000004,38.94,2130.0,3.0,0
0.0,0.0,-12.0,9.0,0.0,10.0,348.95500000000004,21.92,725.0,1.0,0
0.0,0.0,-11.0,14.0,0.0,5.0,210.6,17.6,2558.0,1.0,0
0.0,0.0,-12.0,4.0,0.0,4.5,348.95500000000004,24.81,1745.0,2.0,0
0.0,0.0,-20.0,11.0,0.0,4.0,348.95500000000004,37.74,2455.0,2.0,0
0.0,0.0,-31.0,8.0,0.0,8.0,348.95500000000004,28.07,1931.0,1.0,0
0.0,0.0,-37.0,3.0,0.0,5.0,348.95500000000004,14.78,140.0,2.0,0
0.0,0.0,-11.0,11.0,0.0,8.0,348.95500000000004,20.83,641.0,1.0,0
0.0,0.0,-21.0,4.0,0.0,4.0,250.76,38.94,184.0,2.0,1
0.0,0.0,-5.0,22.0,0.0,1.0,339.31,38.94,2059.0,3.0,0
0.0,0.0,-17.0,5.0,0.0,4.0,334.62,38.94,643.0,1.0,0
0.0,0.0,-8.0,5.0,0.0,4.0,275.45,32.45,685.5,1.0,1
0.0,0.0,-12.0,7.0,0.0,3.0,255.26,15.27,1335.0,5.0,0
0.0,0.0,-19.0,1.0,0.0,9.0,285.85,25.87,359.0,1.0,0
0.0,0.0,-11.0,1.0,0.0,1.0,258.49,8.61,587.0,1.0,0
0.0,0.0,10.0,41.0,1.0,10.0,348.95500000000004,38.94,168.0,6.0,1
0.0,0.0,-32.0,5.0,0.0,10.0,348.95500000000004,33.56,961.0,1.0,0
0.0,0.0,-3.0,31.0,0.0,4.0,209.92,23.02,447.0,2.0,0
0.0,0.0,-14.0,22.0,0.0,1.0,341.4,38.94,956.0,1.0,0
0.0,0.0,-25.0,9.0,0.0,9.0,348.95500000000004,24.01,1511.0,1.0,0
0.0,0.0,-11.0,5.0,0.0,8.0,348.95500000000004,38.94,1404.0,4.0,0
0.0,0.0,-13.0,12.0,0.0,4.0,216.07,26.17,162.0,5.0,0
0.0,0.0,-5.0,11.0,0.0,4.0,348.95500000000004,12.33,438.0,1.0,0
0.0,0.0,-8.0,14.0,0.0,1.0,228.88,30.88,3530.0,4.0,0
0.0,0.0,-12.0,17.0,0.0,10.0,348.95500000000004,21.59,1616.0,3.0,0
0.0,0.0,-7.0,24.0,0.0,6.0,216.74,16.84,493.0,2.0,0
0.0,0.0,-6.0,5.0,0.0,8.0,348.95500000000004,25.1,547.0,2.0,0
0.0,0.0,-7.0,7.0,0.0,6.0,216.22,26.22,803.0,1.0,0
0.0,0.0,-11.0,3.0,0.0,6.0,348.95500000000004,13.86,2242.0,2.0,0
0.0,0.0,-1.0,30.0,0.0,1.0,348.95500000000004,38.94,427.0,1.0,0
0.0,0.0,-9.0,6.0,0.0,10.0,341.33,21.43,526.0,2.0,0
0.0,0.0,-11.0,18.0,0.0,1.0,276.23,38.94,758.6666666666666,1.0,0
0.0,0.0,-8.0,8.0,0.0,1.0,313.2,13.3,2795.0,5.0,0
0.0,0.0,-13.0,22.0,0.0,1.0,348.95500000000004,38.94,2136.0,1.0,0
0.0,0.0,-9.0,24.0,0.0,4.0,197.22,38.94,1213.0,3.0,1
0.0,0.0,-7.0,17.0,0.0,1.0,348.95500000000004,38.94,747.0,2.0,0
0.0,0.0,-13.0,7.0,0.0,1.0,302.62,26.62,533.5,1.0,0
0.0,0.0,-5.0,17.0,0.0,1.0,312.39,38.94,87.0,3.0,0
0.0,0.0,-20.0,22.0,0.0,2.0,239.5,30.5,1012.0,4.0,0
0.0,0.0,-16.0,7.0,0.0,2.0,257.3,17.31,1001.0,1.0,0
0.0,0.0,-7.0,17.0,0.0,2.0,228.33,33.53,242.0,1.0,1
0.0,0.0,-5.0,19.0,0.0,1.0,343.67,38.94,674.0,1.0,0
0.0,0.0,-20.0,2.0,0.0,1.0,348.95500000000004,31.52,93.0,1.0,0
0.0,0.0,-7.0,4.0,0.0,8.0,348.95500000000004,11.62,457.0,2.0,0
0.0,0.0,-24.0,4.0,0.0,3.0,245.57,25.67,1132.0,8.0,0
0.0,0.0,-4.0,23.0,0.0,2.0,262.56,38.94,838.0,2.0,0
0.0,0.0,-10.0,25.0,0.0,7.0,348.95500000000004,38.94,1197.0,1.0,0
0.0,0.0,-17.0,14.0,0.0,1.0,264.49,16.49,1571.0,8.0,0
0.0,0.0,-24.0,10.0,0.0,2.0,230.34,30.44,409.0,1.0,0
0.0,0.0,-2.0,27.0,0.0,6.0,348.95500000000004,38.94,1455.0,6.0,0
0.0,0.0,-13.0,21.0,0.0,5.0,218.27,19.27,280.0,1.0,0
0.0,0.0,-14.0,12.0,0.0,8.0,225.23,26.23,638.0,2.0,0
0.0,0.0,-6.0,17.0,0.0,1.0,183.69,16.8,290.0,3.0,0
0.0,0.0,-17.0,18.0,0.0,1.0,348.95500000000004,25.78,875.0,1.0,1
0.0,0.0,-9.0,11.0,0.0,8.0,285.26,16.26,961.0,1.0,0
0.0,0.0,27.0,57.0,1.0,10.0,348.95500000000004,23.74,3317.0,3.0,1
0.0,0.0,-12.0,17.0,0.0,3.0,295.45,38.94,728.0,1.0,1
0.0,0.0,-13.0,6.0,0.0,5.0,246.61,16.71,203.0,1.0,0
0.0,0.0,-16.0,7.0,0.0,1.0,205.76,16.76,693.0,1.0,0
0.0,0.0,-19.0,14.0,0.0,1.0,348.95500000000004,38.94,3006.0,2.0,0
0.0,0.0,-3.0,17.0,0.0,1.0,348.95500000000004,18.7,443.0,7.0,0
0.0,0.0,-20.0,9.0,0.0,1.0,348.95500000000004,38.94,571.0,2.0,0
0.0,0.0,-17.0,7.0,0.0,4.0,348.95500000000004,34.43,418.0,2.0,0
0.0,0.0,7.0,33.0,1.0,10.0,281.73,38.94,606.0,2.0,0
0.0,0.0,-23.0,8.0,0.0,1.0,348.95500000000004,20.89,877.0,4.0,0
0.0,0.0,-2.0,1.0,0.0,9.0,348.95500000000004,14.89,1294.0,2.0,0
0.0,0.0,-8.0,32.0,0.0,5.0,348.95500000000004,38.94,1547.0,2.0,0
0.0,0.0,-2.0,8.0,0.0,3.0,302.1,32.1,195.0,1.0,0
0.0,0.0,-12.0,19.0,0.0,10.0,348.95500000000004,31.38,794.0,1.0,0
0.0,0.0,-15.0,3.0,0.0,3.0,214.77,14.87,289.0,1.0,0
0.0,0.0,-7.0,24.0,0.0,4.0,348.95500000000004,38.94,2176.0,2.0,0
0.0,0.0,-1.0,18.0,0.0,8.0,348.95500000000004,26.28,903.0,1.0,0
0.0,0.0,-12.0,14.0,0.0,5.0,240.68,20.78,585.0,2.0,0
0.0,0.0,-11.0,15.0,0.0,1.0,249.49,19.49,677.0,1.0,0
0.0,0.0,-15.0,7.0,0.0,10.0,348.95500000000004,21.7,179.0,1.0,0
0.0,0.0,-15.0,5.0,0.0,1.0,216.74,24.76,523.0,1.0,0
0.0,0.0,-12.0,17.0,0.0,1.0,215.95,38.94,278.0,1.0,1
0.0,0.0,-14.0,11.0,0.0,1.0,348.95500000000004,38.94,1091.0,3.0,0
0.0,0.0,-11.0,19.0,0.0,5.0,348.95500000000004,38.94,1553.0,1.0,0
0.0,0.0,-6.0,18.0,0.0,8.0,348.95500000000004,20.6,788.0,1.0,0
0.0,0.0,10.0,46.0,1.0,3.0,285.54,35.55,551.0,2.0,1
0.0,0.0,-17.0,5.0,0.0,5.0,275.4,38.94,660.0,1.0,0
0.0,0.0,-25.0,4.0,0.0,12.0,217.82,29.68,531.0,1.5,1
0.0,0.0,-13.0,7.0,0.0,1.0,348.95500000000004,38.51,3610.0,4.0,1
0.0,0.0,-20.0,25.0,0.0,8.0,282.07,27.07,802.0,2.0,0
0.0,0.0,-35.0,5.0,0.0,5.0,264.29,19.29,1071.0,1.0,0
0.0,0.0,-6.0,13.0,0.0,1.0,208.56,29.56,2188.0,2.0,0
0.0,0.0,-15.0,14.0,0.0,1.0,320.31,38.94,992.5,3.5,1
0.0,0.0,-3.0,13.0,0.0,3.0,348.95500000000004,38.94,906.0,2.0,1
0.0,0.0,-16.0,29.0,0.0,5.0,348.95500000000004,17.0,293.0,1.0,0
0.0,0.0,-4.0,26.0,0.0,1.0,348.95500000000004,38.94,396.0,1.5,1
0.0,0.0,-2.0,26.0,0.0,1.0,348.95500000000004,38.94,766.0,1.0,0
0.0,0.0,-17.0,7.0,0.0,1.0,185.85,15.95,495.0,7.0,0
0.0,0.0,-5.0,22.0,0.0,1.0,213.64,23.65,698.0,2.0,1
0.0,0.0,-10.0,17.0,0.0,6.0,348.95500000000004,27.56,745.0,3.0,1
0.0,0.0,-13.0,27.0,0.0,10.0,348.95500000000004,38.94,1198.0,1.0,1
0.0,0.0,14.0,40.0,1.0,1.0,211.60000000000002,18.6,1345.0,1.0,0
0.0,0.0,-14.0,13.0,0.0,10.0,348.95500000000004,36.32,936.0,6.0,1
0.0,0.0,-17.0,7.0,0.0,1.0,256.2,16.2,2263.0,2.0,0
0.0,0.0,38.0,90.0,1.0,9.0,348.95500000000004,35.26,3883.0,1.0,1
0.0,0.0,-8.0,6.0,0.0,8.0,348.95500000000004,17.96,594.0,3.0,0
0.0,0.0,-20.0,9.0,0.0,3.0,215.56,35.76,188.0,1.0,0
0.0,0.0,-16.0,7.0,0.0,2.0,196.92,17.02,1385.0,4.0,0
0.0,0.0,-9.0,8.0,0.0,1.0,348.95500000000004,33.32,1346.0,1.0,0
0.0,0.0,-4.0,18.0,0.0,10.0,232.71,30.91,1176.0,1.0,0
0.0,0.0,-16.0,7.0,0.0,4.0,203.05,17.06,558.0,1.0,0
0.0,0.0,-20.0,4.0,0.0,1.0,333.51,38.94,266.0,3.0,0
0.0,0.0,-7.0,8.0,0.0,6.0,348.95500000000004,10.46,438.0,2.0,0
0.0,0.0,-14.0,13.0,0.0,10.0,348.95500000000004,38.94,1296.0,1.0,0
0.0,0.0,-19.0,7.0,0.0,5.0,289.9,38.94,1406.0,1.0,1
0.0,0.0,-21.0,22.0,0.0,3.0,271.92,38.94,1282.0,6.0,0
0.0,0.0,-13.0,16.0,0.0,4.0,220.88,21.88,1167.0,1.0,0
0.0,0.0,-2.0,3.0,0.0,8.0,348.95500000000004,20.13,480.0,4.0,0
0.0,0.0,-7.0,5.0,0.0,1.0,348.95500000000004,15.27,872.0,2.0,1
0.0,0.0,-26.0,7.0,0.0,6.0,240.6,14.7,967.0,3.0,0
0.0,0.0,-25.0,12.0,0.0,5.0,248.17,28.27,3109.0,7.0,0
0.0,0.0,-17.0,17.0,0.0,10.0,348.95500000000004,20.29,492.0,1.0,0
0.0,0.0,7.0,32.0,1.0,1.0,348.95500000000004,38.94,1395.0,7.0,1
0.0,0.0,-15.0,14.0,0.0,10.0,249.84,29.94,794.0,4.0,0
0.0,0.0,-15.0,8.0,0.0,4.0,244.65,19.65,646.0,1.0,0
0.0,0.0,-8.0,35.0,0.0,5.0,268.62,19.62,736.0,4.0,0
0.0,0.0,-11.0,22.0,0.0,1.0,348.95500000000004,22.03,882.0,4.0,0
0.0,0.0,-20.0,4.0,0.0,2.0,348.95500000000004,20.54,3902.0,7.0,0
0.0,0.0,-17.0,12.0,0.0,3.0,336.68,38.94,641.0,4.0,0
0.0,0.0,16.0,43.0,1.0,10.0,279.29,19.39,980.0,1.0,1
0.0,0.0,-6.0,8.0,0.0,5.0,329.55,34.55,414.0,1.0,0
0.0,0.0,-30.0,13.0,0.0,2.0,283.57,33.67,1071.0,1.0,0
0.0,0.0,-24.0,8.0,0.0,8.0,324.89,24.9,1139.0,3.0,0
0.0,0.0,-5.0,22.0,0.0,1.0,226.74,38.94,1912.0,4.0,1
0.0,0.0,-11.0,11.0,0.0,6.0,348.74,13.84,1517.0,1.0,0
0.0,0.0,-8.0,20.0,0.0,3.0,255.9,28.95,620.0,1.0,0
0.0,0.0,-10.0,6.0,0.0,2.0,213.74,13.84,256.0,1.0,0
0.0,0.0,-2.0,22.0,0.0,2.0,203.09,38.94,474.5,1.0,1
0.0,0.0,-34.0,17.0,0.0,1.0,320.95,38.94,254.5,2.0,1
0.0,0.0,-16.0,10.0,0.0,10.0,348.95500000000004,38.94,919.0,2.0,0
0.0,0.0,-19.0,7.0,0.0,10.0,301.16,16.16,221.0,1.0,0
0.0,0.0,-9.0,2.0,0.0,3.0,257.61,8.61,578.0,3.0,0
0.0,0.0,-14.0,17.0,0.0,3.0,286.65,26.66,482.0,1.0,0
0.0,0.0,-31.0,29.0,0.0,6.0,245.89,38.94,1015.0,5.0,1
0.0,0.0,-1.0,37.0,0.0,1.0,277.99,18.0,606.0,2.0,0
0.0,0.0,-15.0,3.0,0.0,4.0,348.95500000000004,10.14,359.0,1.0,0
0.0,0.0,-15.0,9.0,0.0,1.0,348.95500000000004,19.89,486.0,6.0,0
0.0,0.0,-28.0,11.0,0.0,1.0,222.45,27.45,2907.0,1.0,0
0.0,0.0,-14.0,10.0,0.0,5.0,270.94,20.94,848.0,5.0,0
0.0,0.0,-7.0,14.0,0.0,4.0,280.35,20.36,787.0,1.0,0
0.0,0.0,-6.0,19.0,0.0,1.0,319.13,38.94,707.0,1.0,0
0.0,0.0,32.0,59.0,1.0,4.0,348.95500000000004,38.94,552.0,1.0,0
0.0,0.0,-13.0,4.0,0.0,5.0,256.59,26.59,769.0,1.0,0
0.0,0.0,-8.0,12.0,0.0,8.0,348.95500000000004,27.18,277.0,1.0,0
0.0,0.0,4.0,35.0,1.0,4.0,348.95500000000004,38.94,647.0,1.0,1
0.0,0.0,-8.0,14.0,0.0,8.0,262.27,38.94,748.0,1.0,0
0.0,0.0,5.0,17.0,1.0,10.0,348.95500000000004,38.94,868.0,2.0,1
0.0,0.0,-11.0,10.0,0.0,10.0,239.96,16.32,1259.0,3.0,0
0.0,0.0,-12.0,12.0,0.0,1.0,268.77,38.94,331.0,4.0,0
0.0,0.0,-17.0,9.0,0.0,1.0,242.08,16.33,129.0,1.0,0
0.0,0.0,-14.0,7.0,0.0,8.0,348.95500000000004,21.78,710.0,1.0,0
0.0,0.0,-18.0,12.0,0.0,7.0,257.34,17.44,492.0,2.0,1
0.0,0.0,2.0,21.0,1.0,5.0,298.48,23.48,150.0,1.0,0
0.0,0.0,-17.0,7.0,0.0,10.0,348.95500000000004,19.44,1050.0,1.0,0
0.0,0.0,-3.0,20.0,0.0,1.0,303.06,38.94,1201.0,1.0,1
0.0,0.0,-12.0,14.0,0.0,1.0,348.95500000000004,38.94,1423.0,1.0,0
0.0,0.0,-15.0,24.0,0.0,3.0,228.86,38.94,3314.0,2.0,0
0.0,0.0,1.0,30.0,1.0,1.0,236.97,17.97,838.0,2.0,0
0.0,0.0,5.0,26.0,1.0,3.0,348.95500000000004,38.94,1915.0,6.0,0
0.0,0.0,-7.0,7.0,0.0,1.0,243.8,12.82,637.0,1.0,0
0.0,0.0,-35.0,12.0,0.0,1.0,316.26,28.26,1873.0,1.0,0
0.0,0.0,-13.0,15.0,0.0,6.0,236.0,21.0,708.0,2.0,0
0.0,0.0,-9.0,22.0,0.0,1.0,348.95500000000004,21.73,537.0,4.0,0
0.0,0.0,-21.0,6.0,0.0,8.0,203.54,18.54,772.0,1.0,0
0.0,0.0,-48.0,25.0,0.0,10.0,282.77,22.87,316.0,3.0,0
0.0,0.0,-8.0,7.0,0.0,8.0,254.95,35.95,419.0,3.0,0
0.0,0.0,-5.0,11.0,0.0,1.0,348.95500000000004,38.94,216.0,6.0,1
0.0,0.0,-9.0,13.0,0.0,6.0,316.53,17.53,2032.0,1.0,0
0.0,0.0,-1.0,20.0,0.0,8.0,348.95500000000004,38.94,607.0,2.0,0
0.0,0.0,-40.0,21.0,0.0,4.0,348.95500000000004,22.14,1396.0,2.0,0
0.0,0.0,-13.0,9.0,0.0,4.0,244.05,14.05,439.0,1.0,0
0.0,0.0,-18.0,19.0,0.0,4.0,196.72,27.72,565.0,1.0,0
0.0,0.0,-2.0,15.0,0.0,3.0,322.89,22.9,1892.0,4.0,0
0.0,0.0,-26.0,13.0,0.0,3.0,208.46,38.94,3212.0,1.0,0
0.0,0.0,-8.0,17.0,0.0,3.0,316.14,38.14,886.0,1.0,1
0.0,0.0,-16.0,11.0,0.0,10.0,348.95500000000004,38.94,1160.5,4.5,0
0.0,0.0,-34.0,11.0,0.0,5.5,348.95500000000004,35.77,2075.0,1.0,1
0.0,0.0,-1.0,30.0,0.0,5.0,205.53,26.53,109.0,1.0,1
0.0,0.0,-17.0,14.0,0.0,8.0,260.32,38.94,590.0,1.0,0
0.0,0.0,-27.0,9.0,0.0,1.0,312.82,34.82,418.0,1.0,0
0.0,0.0,58.0,68.0,1.0,10.0,348.95500000000004,38.94,1139.0,3.0,0
0.0,0.0,-27.0,5.0,0.0,8.0,348.95500000000004,17.1,2118.0,2.0,0
0.0,0.0,-23.0,6.0,0.0,9.0,348.95500000000004,38.94,1707.0,2.0,0
0.0,0.0,-14.0,19.0,0.0,1.0,228.62,18.72,236.0,1.0,0
0.0,0.0,-11.0,14.0,0.0,6.0,348.95500000000004,38.94,1038.0,5.0,0
0.0,0.0,-8.0,15.0,0.0,1.0,270.18,31.189999999999998,391.5,5.0,0
0.0,0.0,-17.0,15.0,0.0,10.0,348.95500000000004,38.94,427.0,1.0,0
0.0,0.0,-13.0,16.0,0.0,8.0,348.95500000000004,16.41,2492.0,4.0,0
0.0,0.0,-23.0,8.0,0.0,1.0,194.48,27.49,1456.0,1.0,0
0.0,0.0,-21.0,12.0,0.0,5.0,348.95500000000004,38.94,1205.0,3.0,0
0.0,0.0,-15.0,16.0,0.0,8.0,348.95500000000004,38.94,3490.0,8.0,0
0.0,0.0,6.0,42.0,1.0,1.0,279.17,38.94,331.0,4.0,1
0.0,0.0,-9.0,17.0,0.0,2.0,194.5,15.01,1551.0,3.0,0
0.0,0.0,-11.0,16.0,0.0,10.0,215.14,16.14,1446.0,3.0,0
0.0,0.0,-6.0,1.0,0.0,4.0,348.95500000000004,15.17,1375.0,1.0,0
0.0,0.0,-24.0,7.0,0.0,8.0,348.95500000000004,38.94,2113.0,8.0,0
0.0,0.0,-12.0,16.0,0.0,8.0,323.96,24.96,704.0,1.0,1
0.0,0.0,-9.0,8.0,0.0,2.0,334.68,14.68,561.0,1.0,0
0.0,0.0,-11.0,12.0,0.0,10.0,348.55,19.55,3853.0,2.0,0
0.0,0.0,-13.0,22.0,0.0,4.0,348.95500000000004,25.63,876.0,2.0,0
0.0,0.0,-14.0,13.0,0.0,1.0,348.95500000000004,22.96,1340.0,1.0,0
0.0,0.0,-8.0,11.0,0.0,4.0,348.95500000000004,17.13,850.0,1.0,0
0.0,0.0,-9.0,9.0,0.0,1.0,278.18,24.18,286.0,1.0,0
0.0,0.0,-12.0,2.0,0.0,1.0,193.6,23.6,248.0,1.0,0
0.0,0.0,-8.0,4.0,0.0,7.0,348.95500000000004,15.63,484.0,2.0,0
0.0,0.0,-25.0,13.0,0.0,1.0,286.64,16.64,293.0,1.0,0
0.0,0.0,-15.0,4.0,0.0,3.0,313.5,13.6,178.0,6.0,0
0.0,0.0,-24.0,7.0,0.0,3.0,348.95500000000004,25.08,2460.0,3.0,0
0.0,0.0,-2.0,24.0,0.0,4.0,237.86,38.94,249.0,2.0,1
0.0,0.0,-13.0,15.0,0.0,1.0,231.27,26.27,162.0,4.0,1
0.0,0.0,-16.0,9.0,0.0,3.0,225.46,25.56,264.0,1.0,0
0.0,0.0,-22.0,8.0,0.0,6.0,348.95500000000004,38.94,3133.0,3.0,0
0.0,0.0,1.0,28.0,1.0,1.0,218.55,18.65,1288.0,2.0,0
0.0,0.0,-27.0,5.0,0.0,3.0,255.42,15.43,552.0,1.0,0
0.0,0.0,-2.0,28.0,0.0,10.0,185.84,15.94,902.0,2.0,0
0.0,0.0,12.0,49.0,1.0,3.0,190.54,38.94,329.0,1.0,1
0.0,0.0,-20.0,10.0,0.0,2.0,336.99,16.99,526.0,2.0,1
0.0,0.0,21.0,52.0,1.0,3.0,186.42,25.87,546.0,1.0,1
0.0,0.0,-30.0,5.0,0.0,10.0,348.95500000000004,38.94,1157.0,1.0,0
0.0,0.0,0.0,19.0,0.0,4.0,348.95500000000004,34.86,1632.0,10.0,1
0.0,0.0,-18.0,11.0,0.0,5.0,242.02,22.03,594.0,1.0,0
0.0,0.0,-24.0,14.0,0.0,10.0,348.95500000000004,38.94,423.0,1.0,0
0.0,0.0,-16.0,19.0,0.0,1.0,348.95500000000004,27.28,961.0,1.0,0
0.0,0.0,-19.0,18.0,0.0,10.0,298.17,21.18,1250.0,1.0,0
0.0,0.0,-14.0,12.0,0.0,1.0,242.02,22.03,998.0,1.0,0
0.0,0.0,-15.0,20.0,0.0,1.0,197.01,17.02,3745.0,6.0,0
0.0,0.0,-25.0,10.0,0.0,1.0,208.0,17.1,351.0,1.0,0
0.0,0.0,-44.0,14.0,0.0,1.0,248.96,38.94,538.0,1.0,0
0.0,0.0,-6.0,7.0,0.0,1.0,269.78,10.01,606.0,2.0,0
0.0,0.0,-1.0,25.0,0.0,1.0,297.21,38.94,292.0,7.0,1
0.0,0.0,-6.0,21.0,0.0,4.0,221.44,21.45,730.0,2.0,1
0.0,0.0,-11.0,14.0,0.0,6.0,348.95500000000004,38.94,1107.0,5.0,0
0.0,0.0,2.0,23.0,1.0,5.0,348.95500000000004,38.94,420.0,1.0,0
0.0,0.0,-11.0,13.0,0.0,1.0,348.95500000000004,23.08,696.0,4.0,0
0.0,0.0,-19.0,21.0,0.0,4.0,217.82,17.84,447.0,2.0,0
0.0,0.0,-13.0,11.0,0.0,1.0,276.18,36.18,2221.0,1.0,0
0.0,0.0,-13.0,12.0,0.0,7.0,348.95500000000004,19.23,588.0,2.0,0
0.0,0.0,-1.0,24.0,0.0,5.0,348.95500000000004,19.26,699.0,1.0,0
0.0,0.0,-13.0,5.0,0.0,10.0,348.95500000000004,17.55,1354.0,1.0,0
0.0,0.0,-10.0,9.0,0.0,5.0,348.95500000000004,38.94,490.0,2.0,0
0.0,0.0,-14.0,14.0,0.0,2.0,210.91,16.200000000000003,2213.0,1.0,0
0.0,0.0,-15.0,20.0,0.0,10.0,348.95500000000004,38.94,660.0,12.0,1
0.0,0.0,-20.0,4.0,0.0,3.0,272.63,20.73,587.0,2.0,0
0.0,0.0,-20.0,9.0,0.0,10.0,271.17,38.94,1971.0,3.0,0
0.0,0.0,-16.0,5.0,0.0,2.0,200.82,12.82,156.0,1.0,0
0.0,0.0,-21.0,14.0,0.0,8.0,348.95500000000004,38.94,625.0,1.0,0
0.0,0.0,-7.0,7.0,0.0,6.0,300.65,38.94,743.0,6.0,0
0.0,0.0,-16.0,11.0,0.0,1.0,295.56,37.56,597.0,1.0,1
0.0,0.0,-22.0,7.0,0.0,1.0,218.58,28.78,531.0,2.0,0
0.0,0.0,-14.0,8.0,0.0,1.0,316.85,17.85,1739.0,5.0,0
0.0,0.0,-19.0,10.0,0.0,2.0,348.95500000000004,30.84,1722.0,4.0,0
0.0,0.0,-24.0,12.0,0.0,4.0,306.24,38.94,582.0,1.0,0
0.0,0.0,-21.0,6.0,0.0,8.0,348.95500000000004,19.78,450.0,4.0,0
0.0,0.0,-8.0,14.0,0.0,1.0,348.95500000000004,20.32,885.0,1.0,0
0.0,0.0,-1.0,14.0,0.0,4.0,303.68,14.68,527.0,1.0,0
0.0,0.0,-14.0,6.0,0.0,5.0,348.95500000000004,34.92,606.0,1.0,0
0.0,0.0,-13.0,15.0,0.0,1.0,220.57,33.57,186.0,2.0,0
0.0,0.0,-28.0,14.0,0.0,1.0,348.95500000000004,33.0,1287.0,2.0,0
0.0,0.0,-14.0,6.0,0.0,2.0,267.99,18.0,439.0,1.0,0
0.0,0.0,-12.0,9.0,0.0,10.0,290.15,38.94,722.0,1.0,0
0.0,0.0,-20.0,13.0,0.0,3.0,348.95500000000004,24.55,1899.0,2.0,0
0.0,0.0,1.0,23.0,1.0,1.0,225.75,38.94,348.0,2.0,0
0.0,0.0,-9.0,10.0,0.0,10.0,348.95500000000004,16.75,981.0,4.0,0
0.0,0.0,-23.0,7.0,0.0,4.0,216.13,16.14,2876.0,4.0,0
0.0,0.0,-11.0,8.0,0.0,1.0,213.75,14.75,784.0,1.0,0
0.0,0.0,-19.0,8.0,0.0,10.0,321.08,21.09,1002.0,3.0,0
0.0,0.0,-3.0,22.0,0.0,1.0,254.09,24.19,325.0,1.0,0
0.0,0.0,-12.0,12.0,0.0,1.0,308.38,38.38,1047.0,2.0,0
0.0,0.0,-9.0,8.0,0.0,8.0,263.9,38.94,632.0,1.0,1
0.0,0.0,-13.0,3.0,0.0,1.0,323.53,33.63,2245.0,1.0,0
0.0,0.0,-26.0,10.0,0.0,10.0,348.95500000000004,38.94,1867.3333333333333,2.0,0
0.0,0.0,1.0,31.0,1.0,1.0,247.65,22.65,664.0,1.0,0
0.0,0.0,-9.0,14.0,0.0,2.0,264.31,14.41,420.0,3.0,0
0.0,0.0,-14.0,14.0,0.0,2.0,348.95500000000004,38.94,796.0,3.0,0
0.0,0.0,-15.0,19.0,0.0,3.0,348.95500000000004,24.1,964.0,1.0,0
0.0,0.0,-12.0,13.0,0.0,7.0,348.95500000000004,22.21,872.0,2.0,0
0.0,0.0,-6.0,5.0,0.0,1.0,348.95500000000004,38.94,3571.0,1.0,0
0.0,0.0,-23.0,7.0,0.0,4.0,234.89,21.89,855.0,2.0,0
0.0,0.0,-9.0,19.0,0.0,7.0,348.95500000000004,31.05,1547.0,2.0,1
0.0,0.0,-10.0,12.0,0.0,1.0,237.99,38.09,203.0,4.0,0
0.0,0.0,-15.0,14.0,0.0,1.0,348.95500000000004,38.94,1176.0,3.0,0
0.0,0.0,-18.0,7.0,0.0,8.0,234.46,14.56,236.0,1.0,0
0.0,0.0,-9.0,18.0,0.0,4.0,212.27,27.37,1987.0,3.0,0
0.0,0.0,-36.0,2.0,0.0,3.0,348.95500000000004,38.94,376.0,1.0,0
0.0,0.0,13.0,35.0,1.0,2.0,247.76,17.86,192.0,1.0,1
0.0,0.0,-9.0,12.0,0.0,3.0,342.15,17.15,2644.0,6.0,0
0.0,0.0,-25.0,8.0,0.0,1.5,224.34,38.94,974.0,3.0,0
0.0,0.0,-34.0,13.0,0.0,10.0,348.95500000000004,38.94,1033.0,1.0,0
0.0,0.0,-10.0,9.0,0.0,4.0,241.62,26.06,3758.0,1.0,0
0.0,0.0,-14.0,9.0,0.0,10.0,348.95500000000004,19.77,1081.0,6.0,0
0.0,0.0,-11.0,0.0,0.0,5.0,348.95500000000004,15.21,753.0,2.0,0
0.0,0.0,-26.0,9.0,0.0,1.5,348.95500000000004,38.94,725.5,1.0,0
0.0,0.0,-8.0,20.0,0.0,1.0,348.95500000000004,29.52,398.0,2.0,0
0.0,0.0,-2.0,6.0,0.0,1.0,348.95500000000004,10.6,446.0,2.0,0
0.0,0.0,-4.0,4.0,0.0,2.0,268.66,31.86,572.0,1.0,0
0.0,0.0,-9.0,27.0,0.0,10.0,348.95500000000004,38.94,1545.0,2.0,0
0.0,0.0,-11.0,13.0,0.0,8.0,348.95500000000004,38.94,3611.0,4.0,0
0.0,0.0,-17.0,9.0,0.0,1.0,229.65,20.65,821.0,1.0,0
0.0,0.0,-20.0,2.0,0.0,3.0,301.49,21.59,2378.0,1.0,0
0.0,0.0,-21.0,24.0,0.0,4.0,244.38,16.48,501.0,4.0,1
0.0,0.0,-21.0,16.0,0.0,8.0,348.95500000000004,31.75,869.0,7.0,0
0.0,0.0,-21.0,11.0,0.0,1.0,234.39,37.14,381.5,1.0,0
0.0,0.0,-7.0,28.0,0.0,8.0,348.95500000000004,19.53,2644.0,6.0,0
0.0,0.0,-14.0,9.0,0.0,6.0,328.34,38.94,2118.0,2.0,0
0.0,0.0,4.0,29.0,1.0,8.0,327.8,12.81,625.0,2.0,0
0.0,0.0,-7.0,17.0,0.0,6.0,348.95500000000004,38.94,1332.0,2.0,0
0.0,0.0,-32.0,3.0,0.0,3.0,348.95500000000004,18.0,296.0,1.0,0
0.0,0.0,-14.0,10.0,0.0,10.0,348.95500000000004,38.94,529.0,3.0,0
0.0,0.0,-20.0,7.0,0.0,8.0,348.95500000000004,25.25,1813.0,3.0,0
0.0,0.0,-19.0,16.0,0.0,3.0,327.28,27.38,591.0,2.0,0
0.0,0.0,-14.0,20.0,0.0,1.0,234.76,38.94,256.0,1.0,1
0.0,0.0,-34.0,7.0,0.0,2.0,282.31,37.32,702.5,3.5,1
0.0,0.0,-19.0,6.0,0.0,4.0,318.34,18.35,1384.0,5.0,0
0.0,0.0,-8.0,18.0,0.0,8.0,215.14,16.14,640.0,1.0,0
0.0,0.0,-18.0,11.0,0.0,1.0,309.01,38.94,1042.0,5.0,1
0.0,0.0,-9.0,17.0,0.0,15.0,312.7,12.71,422.0,5.0,1
0.0,0.0,-15.0,6.0,0.0,4.0,305.65,35.65,977.0,1.0,0
0.0,0.0,-16.0,13.0,0.0,1.0,237.05,38.94,1893.0,1.0,0
0.0,0.0,-7.0,17.0,0.0,4.0,263.24,38.94,621.0,1.0,0
0.0,0.0,-17.0,17.0,0.0,10.0,348.95500000000004,38.94,829.0,2.0,0
0.0,0.0,-20.0,8.0,0.0,1.0,348.95500000000004,38.94,2332.5,2.5,1
0.0,0.0,-15.0,14.0,0.0,1.0,195.46,26.46,508.0,7.0,0
0.0,0.0,-24.0,13.0,0.0,5.0,315.94,16.94,3228.0,3.0,0
0.0,0.0,-4.0,31.0,0.0,10.0,295.91,26.91,1181.0,4.0,0
0.0,0.0,-10.0,4.0,0.0,6.0,348.95500000000004,17.95,155.0,2.0,0
0.0,0.0,-12.0,12.0,0.0,8.0,206.92,16.09,1116.0,1.0,0
0.0,0.0,14.0,46.0,1.0,3.0,190.48,23.49,1456.0,1.0,1
0.0,0.0,-21.0,13.0,0.0,10.0,348.95500000000004,38.94,1066.0,1.0,0
0.0,0.0,-4.0,17.0,0.0,3.0,230.52,35.53,1180.0,1.0,0
0.0,0.0,-21.0,9.0,0.0,1.0,208.51,18.61,1885.0,1.0,0
0.0,0.0,-6.0,4.0,0.0,2.0,288.72,8.82,780.0,2.0,0
0.0,0.0,-10.0,14.0,0.0,4.0,227.04,19.04,575.0,2.0,0
0.0,0.0,-16.0,10.0,0.0,10.0,204.07,16.07,465.0,1.0,1
0.0,0.0,-12.0,10.0,0.0,1.5,348.95500000000004,18.25,2059.0,3.0,0
0.0,0.0,-6.0,7.0,0.0,1.0,348.95500000000004,33.06,254.0,1.0,0
0.0,0.0,26.0,51.0,1.0,1.0,348.95500000000004,38.94,1247.0,6.0,1
0.0,0.0,-8.0,9.0,0.0,1.0,195.4,38.89,399.6,1.0,0
0.0,0.0,-16.0,10.0,0.0,3.0,261.18,38.94,2413.0,1.0,1
0.0,0.0,-9.0,10.0,0.0,10.0,348.95500000000004,17.39,473.0,1.0,0
0.0,0.0,-21.0,15.0,0.0,4.0,294.42,30.44,1371.0,2.0,0
0.0,0.0,21.0,44.0,1.0,8.0,200.04,38.94,366.0,4.0,1
0.0,0.0,-12.0,18.0,0.0,6.0,320.54,20.64,3007.0,6.0,0
0.0,0.0,-4.0,16.0,0.0,3.0,195.0,20.1,830.0,4.0,0
0.0,0.0,-3.0,13.0,0.0,10.0,348.95500000000004,14.67,927.0,1.0,0
0.0,0.0,-13.0,13.0,0.0,5.0,348.95500000000004,38.94,603.0,1.0,0
0.0,0.0,-16.0,11.0,0.0,1.0,232.43,20.03,1304.0,4.0,0
0.0,0.0,-9.0,18.0,0.0,7.0,348.02,38.94,507.0,4.0,1
0.0,0.0,2.0,35.0,1.0,4.0,348.95500000000004,38.94,679.0,2.0,0
0.0,0.0,-11.0,2.0,0.0,5.0,253.4,15.4,157.0,1.0,0
0.0,0.0,-17.0,10.0,0.0,1.0,348.95500000000004,38.94,513.0,2.0,0
0.0,0.0,-11.0,20.0,0.0,8.0,243.58,38.94,325.0,1.0,0
0.0,0.0,0.0,29.0,0.0,3.0,221.98,32.08,317.0,3.0,0
0.0,0.0,-20.0,8.0,0.0,6.0,321.57,38.94,328.0,3.0,0
0.0,0.0,-6.0,12.0,0.0,1.0,292.63,22.73,1351.0,7.0,0
0.0,0.0,-7.0,31.0,0.0,1.0,245.85,38.94,2188.0,2.0,0
0.0,0.0,-19.0,16.0,0.0,4.0,278.22,38.94,353.0,7.0,0
0.0,0.0,-15.0,5.0,0.0,2.0,279.98,10.08,750.0,1.0,1
0.0,0.0,-20.0,13.0,0.0,1.0,273.66,38.94,207.0,2.0,0
0.0,0.0,-7.0,6.0,0.0,1.0,293.94,23.94,568.0,4.0,0
0.0,0.0,-12.0,4.0,0.0,1.0,348.95500000000004,13.99,2881.0,1.0,1
0.0,0.0,-22.0,11.0,0.0,3.0,256.4,16.98,502.0,1.0,0
0.0,0.0,-26.0,9.0,0.0,2.0,262.9,38.94,416.0,2.0,0
0.0,0.0,-10.0,19.0,0.0,8.0,206.92,16.09,1116.0,1.0,0
0.0,0.0,-19.0,8.0,0.0,10.0,277.5,28.5,408.0,1.0,0
0.0,0.0,-28.0,7.0,0.0,9.0,348.95500000000004,18.14,874.0,1.0,0
0.0,0.0,-4.0,24.0,0.0,10.0,191.65,21.75,298.0,1.0,0
0.0,0.0,-24.0,11.0,0.0,1.0,272.45,32.55,294.0,1.0,0
0.0,0.0,-20.0,6.0,0.0,1.0,330.29,38.94,760.6666666666666,1.0,0
0.0,0.0,-8.0,13.0,0.0,6.0,326.82,16.92,509.0,2.0,0
0.0,0.0,-20.0,8.0,0.0,10.0,348.95500000000004,38.94,674.0,1.0,0
0.0,0.0,0.0,11.0,0.0,3.0,348.95500000000004,28.54,1469.0,2.0,0
0.0,0.0,-4.0,32.0,0.0,1.0,232.71,38.94,341.0,2.0,1
0.0,0.0,1.0,23.0,1.0,10.0,348.95500000000004,38.94,866.0,1.0,0
0.0,0.0,6.0,22.0,1.0,1.0,257.92,17.93,989.0,1.0,1
0.0,0.0,-17.0,10.0,0.0,10.0,348.95500000000004,38.94,1935.0,1.0,0
0.0,0.0,-24.0,9.0,0.0,1.0,223.97,23.98,417.0,4.0,0
0.0,0.0,-7.0,11.0,0.0,8.0,208.23,18.24,755.0,2.0,0
0.0,0.0,-21.0,22.0,0.0,1.0,348.95500000000004,38.94,582.0,1.0,0
0.0,0.0,-13.0,9.0,0.0,1.0,348.95500000000004,26.99,1891.0,1.0,0
0.0,0.0,-21.0,2.0,0.0,3.0,195.51,16.02,1658.0,3.0,0
0.0,0.0,-23.0,6.0,0.0,10.0,348.95500000000004,26.88,1463.0,3.0,0
0.0,0.0,48.0,80.0,1.0,6.0,306.63,28.03,628.0,3.0,1
0.0,0.0,-16.0,8.0,0.0,4.0,292.72,22.73,735.0,2.0,0
0.0,0.0,-16.0,8.0,0.0,3.0,274.71,10.21,647.0,2.0,1
0.0,0.0,14.0,47.0,1.0,10.0,348.95500000000004,36.87,3896.0,7.0,1
0.0,0.0,-20.0,25.0,0.0,3.0,348.95500000000004,28.71,625.0,1.0,0
0.0,0.0,-15.0,12.0,0.0,2.0,196.38,36.48,3495.0,1.0,0
0.0,0.0,-12.0,11.0,0.0,6.0,227.38,27.48,268.0,1.0,0
0.0,0.0,-3.0,17.0,0.0,6.0,218.8,38.94,210.5,1.0,1
0.0,0.0,-20.0,13.0,0.0,2.0,257.78,38.94,3006.0,2.0,0
0.0,0.0,-5.0,33.0,0.0,6.0,348.95500000000004,36.49,434.0,2.0,0
0.0,0.0,-15.0,16.0,0.0,1.0,235.7,23.9,259.0,1.0,0
0.0,0.0,9.0,29.0,1.0,10.0,348.95500000000004,29.63,3896.0,7.0,1
0.0,0.0,-16.0,10.0,0.0,5.0,218.06,28.06,1514.0,1.0,0
0.0,0.0,-7.0,11.0,0.0,8.0,294.88,14.98,606.0,2.0,0
0.0,0.0,-7.0,12.0,0.0,2.0,223.3,28.06,973.0,2.0,0
0.0,0.0,-12.0,10.0,0.0,8.0,348.95500000000004,18.67,176.0,1.0,0
0.0,0.0,-15.0,12.0,0.0,4.0,256.5,36.6,87.0,3.0,0
0.0,0.0,-22.0,11.0,0.0,10.0,348.95500000000004,38.94,562.0,5.0,0
0.0,0.0,-13.0,21.0,0.0,1.0,348.95500000000004,38.94,766.0,1.0,0
0.0,0.0,2.0,23.0,1.0,4.0,252.38,31.74,919.0,1.0,1
0.0,0.0,-13.0,15.0,0.0,10.0,348.95500000000004,29.93,1566.0,4.0,1
0.0,0.0,0.0,15.0,0.0,5.0,348.95500000000004,38.94,612.0,1.0,0
0.0,0.0,-8.0,12.0,0.0,8.0,348.95500000000004,24.24,2644.0,6.0,0
0.0,0.0,-4.0,33.0,0.0,6.0,320.05,38.94,275.0,5.0,0
0.0,0.0,19.0,42.0,1.0,10.0,282.98,38.94,769.0,1.0,1
0.0,0.0,-17.0,15.0,0.0,8.0,206.76,17.76,1069.0,1.0,0
0.0,0.0,5.0,27.0,1.0,4.0,306.78,17.78,958.0,3.0,1
0.0,0.0,-19.0,14.0,0.0,3.0,246.37,26.38,162.0,5.0,0
0.0,0.0,-2.0,15.0,0.0,6.0,227.1,17.1,3760.0,1.0,1
0.0,0.0,-21.0,3.0,0.0,1.0,206.06,13.06,2558.0,1.0,0
0.0,0.0,-14.0,13.0,0.0,1.0,348.95500000000004,38.94,1351.0,3.0,0
0.0,0.0,-14.0,7.0,0.0,1.0,218.97,18.98,1247.0,2.0,0
0.0,0.0,-25.0,6.0,0.0,8.0,348.95500000000004,16.83,210.0,1.0,0
0.0,0.0,-12.0,25.0,0.0,8.0,244.54,26.54,904.0,6.0,0
0.0,0.0,-21.0,5.0,0.0,1.0,348.95500000000004,27.14,328.0,2.0,0
0.0,0.0,-22.0,16.0,0.0,1.0,348.95500000000004,27.43,1205.0,3.0,0
0.0,0.0,-25.0,44.0,0.0,2.0,283.61,38.94,1194.0,1.0,0
0.0,0.0,9.0,33.0,1.0,8.0,348.95500000000004,22.32,1335.0,1.0,1
0.0,0.0,-12.0,8.0,0.0,5.0,258.41,14.73,878.0,1.0,0
0.0,0.0,-8.0,22.0,0.0,1.0,283.91,38.94,646.0,1.0,0
0.0,0.0,4.0,32.0,1.0,6.0,322.8,23.8,1479.0,3.0,1
0.0,0.0,-35.0,15.0,0.0,1.0,339.64,38.94,677.0,1.0,0
0.0,0.0,-20.0,6.0,0.0,10.0,265.62,16.62,1233.0,4.0,0
0.0,0.0,-12.0,1.0,0.0,2.0,348.95500000000004,38.94,1649.0,1.0,0
0.0,0.0,-10.0,15.0,0.0,1.0,260.36,16.47,594.0,1.0,0
0.0,0.0,-18.0,13.0,0.0,10.0,348.95500000000004,38.94,1935.0,1.0,0
0.0,0.0,-15.0,9.0,0.0,10.0,242.44,19.44,536.0,1.0,0
0.0,0.0,-31.0,30.0,0.0,3.0,246.35,38.94,1208.0,1.0,1
0.0,0.0,-17.0,12.0,0.0,1.0,307.46,18.46,1892.0,4.0,0
0.0,0.0,5.0,22.0,1.0,1.0,322.89,22.9,1892.0,4.0,0
0.0,0.0,-14.0,7.0,0.0,2.0,344.15,14.65,980.0,1.0,0
0.0,0.0,-14.0,11.0,0.0,1.0,245.35,16.35,638.0,4.0,1
0.0,0.0,-10.0,2.0,0.0,1.0,348.95500000000004,18.94,282.0,2.0,0
0.0,0.0,-5.0,26.0,0.0,7.0,244.31,24.41,279.0,1.0,0
0.0,0.0,-18.0,10.0,0.0,1.0,348.95500000000004,27.13,625.0,1.0,1
0.0,0.0,-18.0,9.0,0.0,1.0,247.1,38.94,1812.0,1.0,1
0.0,0.0,-13.0,9.0,0.0,10.0,248.85,18.86,988.0,2.0,0
0.0,0.0,17.0,43.0,1.0,1.0,216.15,17.15,474.0,2.0,1
0.0,0.0,-13.0,18.0,0.0,4.0,315.84,16.84,547.0,1.0,0
0.0,0.0,-23.0,25.0,0.0,4.0,317.0,38.94,1069.5,1.0,1
0.0,0.0,0.0,22.0,0.0,1.0,226.23,26.24,665.0,1.0,0
0.0,0.0,-5.0,6.0,0.0,3.0,279.24,19.44,587.0,2.0,0
0.0,0.0,-28.0,10.0,0.0,1.0,348.95500000000004,38.94,3270.0,4.0,0
0.0,0.0,-9.0,4.0,0.0,1.0,275.8,38.94,451.0,1.0,0
0.0,0.0,-28.0,8.0,0.0,1.0,216.27,16.28,1325.0,3.0,0
0.0,0.0,-9.0,10.0,0.0,1.0,348.95500000000004,38.94,1345.0,8.0,0
0.0,0.0,-20.0,11.0,0.0,10.0,348.95500000000004,20.43,694.0,1.0,0
0.0,0.0,-36.0,12.0,0.0,8.0,237.58,20.58,671.0,3.0,0
0.0,0.0,-18.0,10.0,0.0,10.0,339.94,14.94,566.0,1.0,0
0.0,0.0,-17.0,14.0,0.0,1.0,348.95500000000004,36.83,775.0,3.0,0
0.0,0.0,-20.0,17.0,0.0,1.0,348.95500000000004,38.94,1189.0,4.0,0
0.0,0.0,-13.0,6.0,0.0,2.0,315.68,15.69,742.0,1.0,1
0.0,0.0,-8.0,17.0,0.0,1.0,260.64,38.94,262.0,2.5,1
0.0,0.0,-17.0,6.0,0.0,3.0,259.82,29.92,1132.0,8.0,0
0.0,0.0,-17.0,2.0,0.0,3.0,348.95500000000004,23.11,124.0,1.0,1
0.0,0.0,-7.0,15.0,0.0,7.0,348.95500000000004,26.76,302.0,1.0,0
0.0,0.0,-22.0,14.0,0.0,1.0,217.64,18.64,330.0,1.0,0
0.0,0.0,-8.0,3.0,0.0,8.0,208.25,8.26,557.0,1.0,0
0.0,0.0,-2.0,22.0,0.0,1.0,241.71,34.81,793.0,1.0,0
0.0,0.0,-7.0,18.0,0.0,2.0,196.01,16.01,871.0,4.0,0
0.0,0.0,-13.0,24.0,0.0,1.0,348.95500000000004,38.94,388.0,3.0,0
0.0,0.0,-11.0,11.0,0.0,1.0,302.37,38.94,539.0,1.0,0
0.0,0.0,-8.0,12.0,0.0,1.0,230.1,38.94,1117.0,6.0,0
0.0,0.0,-16.0,6.0,0.0,7.0,338.72,18.72,929.0,2.0,0
0.0,0.0,-7.0,11.0,0.0,1.0,240.13,20.35,278.0,1.0,0
0.0,0.0,-17.0,6.0,0.0,1.0,348.95500000000004,20.93,1686.0,1.0,0
0.0,0.0,-6.0,4.0,0.0,1.0,245.4,38.94,297.0,2.0,0
0.0,0.0,-10.0,22.0,0.0,9.0,205.48,35.68,408.0,4.0,0
0.0,0.0,-13.0,20.0,0.0,10.0,348.95500000000004,38.94,96.0,1.0,0
0.0,0.0,-18.0,6.0,0.0,8.0,312.53,14.53,772.0,1.0,0
0.0,0.0,-17.0,13.0,0.0,1.0,348.95500000000004,38.94,1176.0,3.0,0
0.0,0.0,-17.0,10.0,0.0,1.0,296.63,26.73,1351.0,7.0,0
0.0,0.0,-13.0,4.0,0.0,7.0,348.95500000000004,38.94,817.0,1.0,1
0.0,0.0,-17.0,6.0,0.0,3.0,348.95500000000004,38.94,781.0,2.0,0
0.0,0.0,-19.0,2.0,0.0,10.0,348.95500000000004,38.94,2810.0,7.0,0
0.0,0.0,-6.0,12.0,0.0,3.0,228.26,38.94,1097.0,1.0,0
0.0,0.0,-17.0,9.0,0.0,2.0,266.89,20.27,1246.0,1.0,0
0.0,0.0,-14.0,14.0,0.0,1.0,348.95500000000004,38.94,1176.0,3.0,0
0.0,0.0,-17.0,14.0,0.0,3.0,211.59,38.94,787.0,2.0,0
0.0,0.0,-21.0,14.0,0.0,10.0,348.95500000000004,38.94,753.0,2.0,0
0.0,0.0,-14.0,15.0,0.0,1.0,348.95500000000004,38.94,2494.0,5.0,0
0.0,0.0,-8.0,30.0,0.0,10.0,348.95500000000004,38.94,3916.0,3.0,0
0.0,0.0,-26.0,20.0,0.0,10.0,311.8,38.94,1653.0,2.0,1
0.0,0.0,5.0,31.0,1.0,10.0,331.74,32.74,2667.0,5.0,1
0.0,0.0,-16.0,11.0,0.0,8.0,348.95500000000004,38.94,3611.0,4.0,0
0.0,0.0,-10.0,8.0,0.0,10.0,273.22,13.32,293.0,1.0,0
0.0,0.0,-15.0,17.0,0.0,6.0,348.95500000000004,38.94,870.0,2.0,0
0.0,0.0,-5.0,19.0,0.0,4.0,334.48,14.58,237.0,1.0,0
0.0,0.0,-19.0,5.0,0.0,4.0,249.7,38.81,565.0,1.0,0
0.0,0.0,-26.0,17.0,0.0,1.0,240.1,38.94,543.0,1.0,0
0.0,0.0,-16.0,6.0,0.0,2.0,316.72,17.72,2667.0,5.0,0
0.0,0.0,-7.0,5.0,0.0,3.0,348.95500000000004,38.94,282.0,2.0,0
0.0,0.0,-12.0,22.0,0.0,1.0,243.78,38.94,209.0,1.0,0
0.0,0.0,-17.0,9.0,0.0,10.0,231.27,26.27,162.0,5.0,0
0.0,0.0,-13.0,6.0,0.0,3.0,348.95500000000004,38.94,473.5,1.0,1
0.0,0.0,-18.0,7.0,0.0,10.0,348.95500000000004,38.94,660.0,2.0,0
0.0,0.0,-15.0,7.0,0.0,8.0,348.95500000000004,18.2,3902.0,7.0,0
0.0,0.0,1.0,22.0,1.0,2.0,239.32,19.42,581.0,1.0,0
0.0,0.0,-28.0,6.0,0.0,3.0,290.48,15.53,2138.0,1.0,0
0.0,0.0,-11.0,20.0,0.0,3.0,283.62,17.62,735.0,2.0,0
0.0,0.0,-8.0,10.0,0.0,5.0,274.9,24.9,622.0,3.0,0
0.0,0.0,-14.0,4.0,0.0,2.0,348.95500000000004,22.74,531.0,6.0,1
0.0,0.0,-15.0,7.0,0.0,4.0,348.95500000000004,27.76,1131.0,1.0,0
0.0,0.0,-20.0,11.0,0.0,1.0,296.53,26.63,1188.0,1.0,1
0.0,0.0,-13.0,11.0,0.0,8.0,348.95500000000004,21.29,223.0,3.0,0
0.0,0.0,-10.0,12.0,0.0,1.0,328.5,38.94,606.0,2.0,0
0.0,0.0,-15.0,10.0,0.0,5.0,348.95500000000004,38.94,582.0,5.0,0
0.0,0.0,-6.0,20.0,0.0,8.0,348.95500000000004,38.94,1303.0,1.0,0
0.0,0.0,3.0,34.0,1.0,10.0,348.95500000000004,38.94,655.0,3.0,1
0.0,0.0,-5.0,2.0,0.0,4.0,270.13,33.129999999999995,284.0,1.0,0
0.0,0.0,-22.0,7.0,0.0,1.0,348.95500000000004,38.94,870.0,1.0,0
0.0,0.0,-10.0,11.0,0.0,6.0,339.79,24.79,738.0,5.0,0
0.0,0.0,-20.0,4.0,0.0,1.0,279.5,38.94,431.5,2.0,1
0.0,0.0,-17.0,11.0,0.0,8.0,348.95500000000004,21.47,553.0,1.0,0
0.0,0.0,-28.0,10.0,0.0,5.0,246.71,26.38,671.0,3.0,0
0.0,0.0,-21.0,12.0,0.0,1.0,348.95500000000004,25.0,485.0,3.0,0
0.0,0.0,-18.0,2.0,0.0,3.0,269.01,10.01,638.0,4.0,0
0.0,0.0,-8.0,17.0,0.0,8.0,215.27,16.27,1057.0,1.0,0
0.0,0.0,-19.0,7.0,0.0,10.0,348.95500000000004,21.59,72.0,4.0,0
0.0,0.0,-13.0,7.0,0.0,1.0,347.32,21.16,1131.0,3.0,0
0.0,0.0,-11.0,15.0,0.0,1.0,348.95500000000004,38.94,363.0,1.0,0
0.0,0.0,-14.0,6.0,0.0,7.0,262.16,22.17,985.0,1.0,0
0.0,0.0,-16.0,10.0,0.0,3.0,205.68,38.94,514.3333333333334,2.6666666666666665,1
0.0,0.0,-14.0,9.0,0.0,1.0,247.04,31.04,3006.0,2.0,1
0.0,0.0,-14.0,8.0,0.0,5.0,275.06,38.94,450.0,1.0,0
0.0,0.0,-5.0,29.0,0.0,3.0,188.5,38.6,818.0,3.0,0
0.0,0.0,-17.0,6.0,0.0,7.0,348.95500000000004,19.74,973.0,1.0,0
0.0,0.0,-14.0,16.0,0.0,4.0,348.95500000000004,38.94,1861.0,1.0,0
0.0,0.0,-3.0,22.0,0.0,6.0,318.25,18.35,2795.0,5.0,0
0.0,0.0,-36.0,14.0,0.0,8.0,246.92,38.94,330.0,1.0,0
0.0,0.0,-20.0,12.0,0.0,1.0,348.95500000000004,20.19,3352.0,5.0,0
0.0,0.0,-33.0,6.0,0.0,1.0,254.63,17.63,510.0,2.0,0
0.0,0.0,-15.0,7.0,0.0,1.0,348.95500000000004,38.94,1534.0,5.0,0
0.0,0.0,-7.0,11.0,0.0,10.0,274.87,38.94,470.0,1.0,0
0.0,0.0,-8.0,19.0,0.0,5.0,348.95500000000004,20.99,262.0,3.0,0
0.0,0.0,31.0,57.0,1.0,6.0,348.95500000000004,31.66,729.0,1.0,0
0.0,0.0,-11.0,3.0,0.0,1.0,217.8,17.82,737.5,2.5,0
0.0,0.0,-1.0,15.0,0.0,8.0,299.75,19.85,289.0,1.0,0
0.0,0.0,-11.0,6.0,0.0,1.0,267.51,38.51,1020.0,4.0,1
0.0,0.0,-8.0,13.0,0.0,1.0,348.95500000000004,38.94,2400.0,2.0,0
0.0,0.0,-30.0,9.0,0.0,4.0,237.59,22.59,516.0,1.0,1
0.0,0.0,-22.0,3.0,0.0,2.0,233.33,9.33,279.0,1.0,0
0.0,0.0,-16.0,5.0,0.0,1.0,216.15,16.15,462.0,1.0,0
0.0,0.0,38.0,62.0,1.0,1.0,191.58,21.68,298.0,1.0,1
0.0,0.0,-14.0,7.0,0.0,5.0,348.95500000000004,21.11,587.0,1.0,0
0.0,0.0,-13.0,8.0,0.0,10.0,265.55,38.94,604.0,1.0,0
0.0,0.0,-21.0,13.0,0.0,1.0,306.78,17.78,240.0,1.0,0
0.0,0.0,-13.0,16.0,0.0,4.0,180.35,20.36,1269.0,1.0,0
0.0,0.0,-26.0,12.0,0.0,10.0,348.95500000000004,38.94,992.0,1.0,0
0.0,0.0,-19.0,9.0,0.0,8.0,321.08,21.09,1002.0,3.0,0
0.0,0.0,-5.0,14.0,0.0,3.0,276.07,38.94,769.0,1.0,0
0.0,0.0,-11.0,11.0,0.0,1.0,273.63,14.83,588.0,1.0,0
0.0,0.0,-13.0,14.0,0.0,4.0,292.34,38.94,1128.0,1.0,0
0.0,0.0,-13.0,13.0,0.0,10.0,348.95500000000004,38.94,770.0,3.0,0
0.0,0.0,6.0,48.0,1.0,1.0,348.95500000000004,38.94,982.0,3.0,1
0.0,0.0,-12.0,12.0,0.0,3.0,348.95500000000004,38.94,2172.0,1.0,0
0.0,0.0,-5.0,3.0,0.0,2.0,311.59,20.09,1833.0,1.0,0
0.0,0.0,-41.0,14.0,0.0,3.0,348.95500000000004,38.94,1567.0,4.0,0
0.0,0.0,-19.0,13.0,0.0,3.0,288.6,38.94,1308.0,2.0,0
0.0,0.0,8.0,31.0,1.0,3.0,348.95500000000004,38.94,1493.0,1.0,1
0.0,0.0,-20.0,19.0,0.0,1.0,263.22,38.94,1156.0,2.0,0
0.0,0.0,-7.0,10.0,0.0,1.0,348.95500000000004,38.94,433.8,1.0,0
0.0,0.0,1.0,24.0,1.0,8.0,348.95500000000004,25.12,297.0,1.0,0
0.0,0.0,3.0,28.0,1.0,1.0,348.95500000000004,38.94,183.0,6.0,0
0.0,0.0,-12.0,6.0,0.0,8.0,348.95500000000004,17.61,174.0,2.0,0
0.0,0.0,-22.0,9.0,0.0,7.0,348.95500000000004,38.94,779.0,2.0,0
0.0,0.0,-25.0,8.0,0.0,10.0,340.34,20.34,566.0,1.0,0
0.0,0.0,-7.0,10.0,0.0,1.0,348.95500000000004,38.94,1053.0,2.0,0
0.0,0.0,-12.0,3.0,0.0,6.0,348.95500000000004,37.26,829.0,5.0,0
0.0,0.0,-13.0,21.0,0.0,1.0,297.27,38.94,214.0,1.0,0
0.0,0.0,-6.0,6.0,0.0,12.0,269.69,8.69,1647.0,1.0,0
0.0,0.0,-23.0,2.0,0.0,10.0,348.95500000000004,38.94,402.0,1.0,0
0.0,0.0,-27.0,7.0,0.0,3.0,289.39,38.94,344.0,3.0,0
0.0,0.0,-16.0,6.0,0.0,10.0,348.95500000000004,38.94,1549.0,1.0,0
0.0,0.0,-18.0,8.0,0.0,3.0,226.47,16.57,553.0,1.0,0
0.0,0.0,-9.0,6.0,0.0,6.0,321.57,26.58,526.0,2.0,0
0.0,0.0,-15.0,2.0,0.0,1.0,348.95500000000004,12.56,182.0,3.0,0
0.0,0.0,-13.0,18.0,0.0,5.0,348.95500000000004,30.26,388.0,2.0,0
0.0,0.0,-14.0,5.0,0.0,1.0,279.3,38.94,290.75,1.0,0
0.0,0.0,-19.0,9.0,0.0,7.0,348.95500000000004,21.78,734.0,1.0,0
0.0,0.0,-13.0,11.0,0.0,1.0,317.85,17.86,823.0,2.0,0
0.0,0.0,-21.0,4.0,0.0,1.0,348.95500000000004,18.38,673.0,4.0,0
0.0,0.0,-15.0,26.0,0.0,1.0,252.35,38.94,314.0,3.0,0
0.0,0.0,35.0,57.0,1.0,1.0,348.95500000000004,17.55,772.0,1.0,1
0.0,0.0,-17.0,11.0,0.0,4.0,284.42,38.94,771.0,1.0,1
0.0,0.0,-11.0,11.0,0.0,12.0,283.93,34.03,87.0,3.0,0
0.0,0.0,-13.0,12.0,0.0,3.5,348.95500000000004,38.94,268.0,5.0,0
0.0,0.0,-14.0,7.0,0.0,8.0,247.97,13.14,822.0,1.0,0
0.0,0.0,-6.0,19.0,0.0,4.0,196.0,16.01,457.0,2.0,0
0.0,0.0,-14.0,12.0,0.0,5.0,348.95500000000004,38.94,1050.0,1.0,0
0.0,0.0,-25.0,8.0,0.0,1.0,216.15,17.15,474.0,2.0,0
0.0,0.0,-18.0,15.0,0.0,5.0,348.95500000000004,38.94,603.0,1.0,0
0.0,0.0,-10.0,33.0,0.0,3.0,348.95500000000004,38.94,3149.0,1.0,0
0.0,0.0,-24.0,3.0,0.0,8.0,348.95500000000004,38.94,853.0,3.0,0
0.0,0.0,-9.0,14.0,0.0,3.0,334.54,34.55,753.0,2.0,0
0.0,0.0,-26.0,3.0,0.0,4.0,348.95500000000004,20.7,625.0,1.0,0
0.0,0.0,-16.0,17.0,0.0,1.0,348.95500000000004,38.94,1399.0,3.0,0
0.0,0.0,-14.0,12.0,0.0,4.0,235.28,16.28,617.0,2.0,0
0.0,0.0,-19.0,7.0,0.0,2.0,321.58,22.58,2007.0,4.0,0
0.0,0.0,-22.0,17.0,0.0,1.0,348.95500000000004,18.0,818.0,3.0,0
0.0,0.0,-28.0,11.0,0.0,8.0,348.95500000000004,38.94,582.0,1.0,0
0.0,0.0,-16.0,13.0,0.0,1.0,219.17,22.18,431.0,2.0,0
0.0,0.0,-5.0,37.0,0.0,4.0,348.95500000000004,28.82,1622.0,4.0,1
0.0,0.0,-13.0,20.0,0.0,1.0,348.95500000000004,38.94,87.0,3.0,0
0.0,0.0,-7.0,9.0,0.0,1.0,197.02,17.02,112.0,2.0,0
0.0,0.0,-23.0,8.0,0.0,1.0,247.83,27.84,1050.0,1.0,0
0.0,0.0,-23.0,12.0,0.0,1.0,348.95500000000004,38.94,2983.0,1.0,0
0.0,0.0,10.0,29.0,1.0,1.0,309.22,38.94,270.0,5.0,1
0.0,0.0,-13.0,10.0,0.0,10.0,346.88,38.94,674.0,1.0,0
0.0,0.0,-21.0,10.0,0.0,7.0,345.05,16.05,1530.0,6.0,0
0.0,0.0,-6.0,15.0,0.0,10.0,348.95500000000004,38.94,1271.0,1.0,0
0.0,0.0,-14.0,7.0,0.0,8.0,285.81,38.94,646.0,1.0,0
0.0,0.0,-10.0,1.0,0.0,10.0,348.95500000000004,16.38,1486.0,6.0,0
0.0,0.0,-18.0,9.0,0.0,10.0,348.95500000000004,24.29,245.0,4.0,0
0.0,0.0,-10.0,26.0,0.0,2.0,237.59,22.59,708.0,2.0,1
0.0,0.0,-20.0,4.0,0.0,1.0,214.42000000000002,14.42,579.0,1.0,0
0.0,0.0,-13.0,9.0,0.0,10.0,348.95500000000004,34.379999999999995,261.5,1.0,0
0.0,0.0,-11.0,12.0,0.0,10.0,348.95500000000004,38.94,539.0,2.0,1
0.0,0.0,-4.0,5.0,0.0,1.0,348.95500000000004,21.62,1135.0,5.0,0
0.0,0.0,-15.0,6.0,0.0,1.0,348.95500000000004,19.49,1083.0,4.0,0
0.0,0.0,-24.0,10.0,0.0,1.0,197.01,17.02,486.0,4.0,0
0.0,0.0,-18.0,1.0,0.0,3.0,182.91,15.92,1456.0,1.0,0
0.0,0.0,-16.0,19.0,0.0,1.0,187.56,27.66,1235.0,3.0,0
0.0,0.0,-19.0,11.0,0.0,5.0,284.54,38.94,311.0,1.0,0
0.0,0.0,-7.0,12.0,0.0,3.0,348.95500000000004,38.94,825.0,1.0,0
0.0,0.0,-16.0,21.0,0.0,1.0,245.84,38.94,802.0,9.0,0
0.0,0.0,14.0,65.0,1.0,10.0,348.95500000000004,38.94,1118.2,1.0,0
0.0,0.0,-28.0,26.0,0.0,3.0,216.26,26.36,1885.0,1.0,0
0.0,0.0,0.0,29.0,0.0,10.0,348.95500000000004,27.22,985.0,2.0,0
0.0,0.0,-13.0,11.0,0.0,8.0,348.95500000000004,33.55,3632.0,4.0,0
0.0,0.0,-10.0,11.0,0.0,3.0,348.95500000000004,38.94,3218.0,5.0,0
0.0,0.0,-12.0,10.0,0.0,6.0,348.95500000000004,38.94,1002.0,3.0,1
0.0,0.0,-23.0,7.0,0.0,8.0,348.95500000000004,27.7,1102.0,2.0,0
0.0,0.0,-16.0,9.0,0.0,2.0,222.11,26.21,1188.0,1.0,0
0.0,0.0,-14.0,16.0,0.0,3.0,348.95500000000004,38.94,3006.0,2.0,0
0.0,0.0,-10.0,2.0,0.0,10.0,348.95500000000004,29.45,2213.0,4.0,0
0.0,0.0,-4.0,5.0,0.0,5.0,348.95500000000004,31.84,919.0,1.0,0
0.0,0.0,-5.0,28.0,0.0,1.0,228.21,38.94,1292.0,1.0,0
0.0,0.0,-10.0,3.0,0.0,8.0,277.02,23.02,286.0,1.0,0
0.0,0.0,-1.0,31.0,0.0,4.0,213.83,23.83,612.0,1.0,1
0.0,0.0,-1.0,31.0,0.0,1.0,232.82,38.94,1350.0,1.0,0
0.0,0.0,-2.0,16.0,0.0,3.0,314.84,15.84,3076.0,4.0,1
0.0,0.0,-18.0,5.0,0.0,2.0,217.27,17.37,677.0,5.0,0
0.0,0.0,-15.0,9.0,0.0,3.0,348.95500000000004,38.94,1367.5,2.5,0
0.0,0.0,-13.0,11.0,0.0,7.0,348.95500000000004,38.94,2040.5,1.5,0
0.0,0.0,-25.0,1.0,0.0,1.0,208.55,8.65,900.0,2.0,1
0.0,0.0,15.0,44.0,1.0,1.0,348.95500000000004,38.94,1125.0,3.0,1
0.0,0.0,-12.0,3.0,0.0,1.0,192.36,12.46,380.0,1.0,0
0.0,0.0,-14.0,10.0,0.0,1.0,321.82,26.82,423.0,1.0,0
0.0,0.0,-7.0,17.0,0.0,3.0,348.95500000000004,37.11,1125.0,3.0,0
0.0,0.0,-12.0,33.0,0.0,1.0,348.95500000000004,38.94,1051.0,2.0,1
0.0,0.0,-20.0,4.0,0.0,1.0,312.52,14.52,1075.0,4.0,0
0.0,0.0,-18.0,9.0,0.0,3.0,312.49,38.94,756.0,1.0,0
0.0,0.0,-9.0,14.0,0.0,8.0,348.95500000000004,38.94,1345.0,8.0,0
0.0,0.0,-11.0,13.0,0.0,4.0,240.74,23.84,1648.0,2.0,0
0.0,0.0,-13.0,10.0,0.0,6.0,298.83,19.83,550.0,1.0,0
0.0,0.0,-7.0,26.0,0.0,2.0,348.95500000000004,21.75,2916.0,14.0,0
0.0,0.0,-16.0,26.0,0.0,1.0,278.75,38.94,1128.0,1.0,0
0.0,0.0,-10.0,11.0,0.0,1.0,315.32,28.33,1002.0,3.0,0
0.0,0.0,-13.0,6.0,0.0,2.0,348.95500000000004,16.19,574.0,1.0,0
0.0,0.0,-14.0,2.0,0.0,2.0,276.48,26.48,1431.0,6.0,0
0.0,0.0,-3.0,18.0,0.0,10.0,348.95500000000004,38.94,430.0,1.0,0
0.0,0.0,-35.0,7.0,0.0,10.0,348.95500000000004,38.94,375.0,2.0,0
0.0,0.0,-10.0,6.0,0.0,2.0,348.95500000000004,10.71,742.0,1.0,0
0.0,0.0,-20.0,6.0,0.0,9.0,348.95500000000004,13.85,951.0,2.0,0
0.0,0.0,-9.0,10.0,0.0,6.0,348.95500000000004,25.1,562.0,2.0,0
0.0,0.0,6.0,37.0,1.0,3.0,236.97,17.97,838.0,2.0,1
0.0,0.0,-10.0,13.0,0.0,6.0,348.95500000000004,20.87,2052.0,2.0,0
0.0,0.0,-27.0,13.0,0.0,10.0,348.95500000000004,26.42,986.0,2.0,0
0.0,0.0,-8.0,2.0,0.0,6.0,244.41,17.46,620.0,1.0,0
0.0,0.0,-32.0,20.0,0.0,4.0,348.95500000000004,38.94,387.0,3.0,0
0.0,0.0,-23.0,13.0,0.0,10.0,225.33,38.94,1893.0,1.0,0
0.0,0.0,-15.0,7.0,0.0,10.0,284.23,14.23,189.0,1.0,0
0.0,0.0,-13.0,5.0,0.0,10.0,348.95500000000004,38.94,651.0,1.0,0
0.0,0.0,-10.0,11.0,0.0,3.0,348.95500000000004,36.68,2683.0,1.0,0
0.0,0.0,-15.0,13.0,0.0,2.0,217.55,17.65,1100.0,6.0,0
0.0,0.0,-8.0,15.0,0.0,10.0,216.31,38.94,2536.0,2.0,0
0.0,0.0,-9.0,11.0,0.0,6.0,348.95500000000004,18.25,219.0,1.0,0
0.0,0.0,-7.0,7.0,0.0,4.0,216.6,17.62,2440.0,1.0,0
0.0,0.0,-10.0,7.0,0.0,6.0,335.47,10.47,2644.0,6.0,0
0.0,0.0,-13.0,11.0,0.0,7.0,348.95500000000004,38.94,1335.5,1.0,0
0.0,0.0,13.0,31.0,1.0,3.0,212.13,16.13,1017.0,3.0,1
0.0,0.0,-19.0,7.0,0.0,5.0,252.09,22.1,933.0,1.0,0
0.0,0.0,-38.0,8.0,0.0,2.0,241.73,20.74,299.0,1.0,0
0.0,0.0,-2.0,8.0,0.0,10.0,348.95500000000004,32.26,598.0,3.0,0
0.0,0.0,-9.0,6.0,0.0,10.0,212.83,13.83,282.0,1.0,1
0.0,0.0,-10.0,4.0,0.0,4.0,279.7,10.7,499.0,1.0,1
0.0,0.0,1.0,15.0,1.0,1.0,348.95500000000004,10.71,601.0,1.0,0
0.0,0.0,-16.0,13.0,0.0,4.0,348.95500000000004,38.94,577.0,1.0,0
0.0,0.0,-4.0,7.0,0.0,10.0,256.69,21.69,419.0,3.0,0
0.0,0.0,-13.0,3.0,0.0,8.0,348.95500000000004,35.45,310.0,1.0,0
0.0,0.0,-10.0,3.0,0.0,10.0,258.94,9.94,698.0,1.0,0
0.0,0.0,-30.0,14.0,0.0,1.0,343.26,38.94,1390.0,2.0,0
0.0,0.0,-11.0,8.0,0.0,10.0,348.95500000000004,38.94,236.0,2.0,0
0.5,0.5,-19.0,8.0,0.0,1.0,371.31,43.51,421.0,1.5,0
0.0,0.0,-25.0,3.0,0.0,8.0,245.86,19.68,1602.0,4.0,0
0.0,0.0,-12.0,7.0,0.0,1.0,278.72,38.94,1831.0,3.0,0
0.0,0.0,6.0,47.0,1.0,10.0,271.9,38.94,590.0,1.0,1
0.0,0.0,0.0,22.0,0.0,12.0,293.89,38.94,250.0,1.0,0
0.0,0.0,-5.0,21.0,0.0,1.0,314.48,24.58,537.0,3.0,1
0.0,0.0,-11.0,8.0,0.0,5.0,311.1,11.11,823.0,2.0,1
0.0,0.0,-15.0,6.0,0.0,4.0,348.73,13.84,501.0,4.0,1
0.0,0.0,-8.0,24.0,0.0,3.0,348.95500000000004,38.94,1030.0,5.0,1
0.0,0.0,-12.0,11.0,0.0,1.0,243.45,19.45,582.0,1.0,0
0.0,0.0,-14.0,8.0,0.0,10.0,348.95500000000004,31.24,252.0,1.0,0
0.0,0.0,-11.0,18.0,0.0,10.0,356.12,36.74,595.0,1.0,0
0.0,0.0,-12.0,8.0,0.0,9.0,348.95500000000004,25.87,1039.0,1.0,0
0.0,0.0,-9.0,7.0,0.0,10.0,348.95500000000004,38.94,197.0,1.0,0
0.0,0.0,-16.0,13.0,0.0,1.0,348.95500000000004,38.94,189.0,1.0,1
0.0,0.0,-30.0,18.0,0.0,1.0,348.95500000000004,33.15,625.0,1.0,0
0.0,0.0,22.0,43.0,1.0,4.0,348.95500000000004,38.94,696.0,4.0,1
0.0,0.0,4.0,30.0,1.0,8.0,215.14,16.14,447.0,2.0,1
0.0,0.0,-17.0,13.0,0.0,4.0,217.64,17.65,940.0,1.0,0
0.0,0.0,-10.0,11.0,0.0,1.0,245.54,38.94,2010.0,2.0,0
0.0,0.0,-9.0,32.0,0.0,1.0,348.95500000000004,38.94,1398.0,1.0,0
0.0,0.0,-17.0,6.0,0.0,1.0,348.95500000000004,21.46,1702.0,5.0,0
0.0,0.0,-18.0,8.0,0.0,2.0,277.8,38.94,249.0,3.0,0
0.0,0.0,-14.0,6.0,0.0,10.0,348.95500000000004,21.92,765.0,2.0,0
0.0,0.0,-25.0,7.0,0.0,1.0,348.95500000000004,38.94,296.0,1.0,0
0.0,0.0,-9.0,4.0,0.0,10.0,348.95500000000004,34.21,1176.0,3.0,0
0.0,0.0,9.0,44.0,1.0,4.0,348.95500000000004,28.63,504.0,3.0,0
0.0,0.0,-10.0,22.0,0.0,9.0,348.95500000000004,25.61,504.0,3.0,1
0.0,0.0,-20.0,17.0,0.0,1.0,348.95500000000004,38.94,1139.0,3.0,0
0.0,0.0,-21.0,13.0,0.0,1.0,257.05,38.94,1200.5,1.5,0
0.0,0.0,-10.0,20.0,0.0,10.0,348.95500000000004,23.69,1543.0,3.0,0
0.0,0.0,-44.0,22.0,0.0,1.0,263.24,38.94,621.0,1.0,0
0.0,0.0,-14.0,13.0,0.0,10.0,348.95500000000004,38.94,1279.0,1.0,0
0.0,0.0,-1.0,22.0,0.0,1.0,348.95500000000004,38.94,608.0,1.5,0
0.0,0.0,-32.0,10.0,0.0,8.0,348.95500000000004,18.0,837.0,2.0,0
0.0,0.0,-12.0,21.0,0.0,4.0,317.79,17.8,1014.0,3.0,0
0.0,0.0,-6.0,6.0,0.0,10.0,348.95500000000004,38.94,1202.0,2.0,0
0.0,0.0,-16.0,13.0,0.0,6.0,216.13,16.15,447.0,2.0,0
0.0,0.0,8.0,32.0,1.0,5.0,245.35,16.35,1220.0,1.0,0
0.0,0.0,-13.0,14.0,0.0,4.0,322.8,23.8,1000.0,2.0,0
0.0,0.0,-9.0,3.0,0.0,1.0,348.95500000000004,27.8,362.0,2.0,0
0.0,0.0,-20.0,11.0,0.0,8.0,348.95500000000004,32.7,440.5,1.0,1
0.0,0.0,27.0,63.0,1.0,3.0,218.72,38.94,1212.0,5.0,1
0.0,0.0,-20.0,7.0,0.0,1.0,267.64,37.64,756.0,1.0,0
0.0,0.0,0.0,19.0,0.0,2.0,198.29,12.8,2853.0,1.0,0
0.0,0.0,-17.0,10.0,0.0,1.0,271.23,23.75,321.3333333333333,1.0,0
0.0,0.0,4.0,38.0,1.0,8.0,348.95500000000004,11.61,1341.0,2.0,0
0.0,0.0,-13.0,9.0,0.0,1.0,257.79,17.44,2518.0,2.0,0
0.0,0.0,-10.0,10.0,0.0,8.0,340.12,20.12,576.0,1.0,1
0.0,0.0,-13.0,6.0,0.0,1.0,348.95500000000004,20.96,1267.0,1.0,0
0.0,0.0,7.0,35.0,1.0,10.0,182.36,32.56,249.0,1.0,1
0.0,0.0,-10.0,15.0,0.0,10.0,348.95500000000004,27.88,1447.0,5.0,1
0.0,0.0,-9.0,13.0,0.0,8.0,348.95500000000004,38.94,675.0,2.0,0
0.0,0.0,-11.0,25.0,0.0,1.0,348.95500000000004,38.94,2400.0,2.0,0
0.0,0.0,3.0,39.0,1.0,10.0,348.95500000000004,26.98,1044.0,1.0,0
0.0,0.0,6.0,26.0,1.0,10.0,226.56,26.76,259.0,1.0,1
0.0,0.0,-14.0,18.0,0.0,8.0,348.95500000000004,18.21,874.0,1.0,0
0.0,0.0,30.0,55.0,1.0,6.0,348.95500000000004,25.23,397.0,3.0,1
0.0,0.0,-11.0,11.0,0.0,1.0,220.02,38.94,339.0,2.0,0
0.0,0.0,-18.0,4.0,0.0,1.0,348.95500000000004,25.14,582.0,5.0,0
0.0,0.0,-1.0,29.0,0.0,1.0,348.95500000000004,31.04,1616.0,3.0,0
0.0,0.0,-7.0,21.0,0.0,10.0,348.95500000000004,38.94,332.0,1.0,0
0.0,0.0,-9.0,4.0,0.0,1.0,289.55,9.55,772.0,1.0,0
0.0,0.0,-15.0,8.0,0.0,1.0,348.95500000000004,38.94,1744.0,2.0,0
0.0,0.0,-21.0,4.0,0.0,8.0,195.88,16.88,1208.0,1.0,0
0.0,0.0,-22.0,12.0,0.0,1.0,285.58,38.94,331.0,4.0,1
0.0,0.0,-6.0,8.0,0.0,1.0,348.95500000000004,38.94,610.0,3.0,0
0.0,0.0,-23.0,5.0,0.0,4.0,204.63,29.63,1814.0,1.0,0
0.0,0.0,-14.0,10.0,0.0,3.0,296.71,16.72,582.0,4.0,0
0.0,0.0,5.0,32.0,1.0,5.0,348.95500000000004,38.94,1621.0,7.0,1
0.0,0.0,-34.0,3.0,0.0,8.0,348.95500000000004,28.38,1865.0,1.0,0
0.0,0.0,-16.0,12.0,0.0,4.0,225.62,38.94,559.0,2.0,0
0.0,0.0,-13.0,12.0,0.0,1.0,202.5,26.51,798.0,1.0,0
0.0,0.0,-15.0,9.0,0.0,3.0,348.95500000000004,17.55,1202.0,3.0,0
0.0,0.0,-44.0,12.0,0.0,4.0,323.79,24.0,894.0,1.0,0
0.0,0.0,-16.0,10.0,0.0,10.0,348.95500000000004,21.8,1801.0,6.0,0
0.0,0.0,-9.0,10.0,0.0,10.0,348.95500000000004,38.94,263.0,3.0,0
0.0,0.0,4.0,21.0,1.0,8.0,207.73,21.79,1416.0,4.0,1
0.0,0.0,-12.0,10.0,0.0,10.0,279.17,38.94,331.0,4.0,1
0.0,0.0,-16.0,10.0,0.0,4.0,348.95500000000004,19.82,437.0,3.0,0
0.0,0.0,-15.0,10.0,0.0,4.0,207.94,18.04,202.0,3.0,0
0.0,0.0,-23.0,14.0,0.0,5.0,296.36,21.41,2138.0,1.0,0
0.0,0.0,-22.0,12.0,0.0,10.0,348.95500000000004,27.55,2644.0,6.0,0
0.0,0.0,-14.0,18.0,0.0,5.0,324.29,24.39,842.0,1.0,0
0.0,0.0,-9.0,3.0,0.0,5.0,248.93,10.03,1985.0,1.0,0
0.0,0.0,-21.0,19.0,0.0,1.5,223.68,33.28,421.0,5.0,0
0.0,0.0,-11.0,10.0,0.0,8.0,348.95500000000004,38.94,870.0,1.0,0
0.0,0.0,-26.0,8.0,0.0,4.0,348.95500000000004,38.94,1211.0,5.0,0
0.0,0.0,-8.0,16.0,0.0,7.0,348.95500000000004,18.13,492.0,1.0,0
0.0,0.0,-14.0,8.0,0.0,4.0,273.88,38.94,1116.0,6.0,0
0.0,0.0,-7.0,20.0,0.0,2.0,297.8,38.94,816.0,1.0,1
0.0,0.0,-9.0,14.0,0.0,10.0,316.34,30.34,322.0,1.0,0
0.0,0.0,-13.0,8.0,0.0,5.0,274.9,24.9,858.0,3.0,0
0.0,0.0,-10.0,3.0,0.0,1.0,348.95500000000004,36.41,623.0,2.0,1
0.0,0.0,20.0,54.0,1.0,1.0,211.26,38.76,688.0,1.0,1
0.0,0.0,-6.0,14.0,0.0,5.0,197.02,17.02,112.0,2.0,0
0.0,0.0,-4.0,30.0,0.0,8.0,251.15,38.94,343.0,2.0,0
0.0,0.0,-6.0,18.0,0.0,3.0,279.57,38.94,883.0,1.0,0
0.0,0.0,-8.0,28.0,0.0,10.0,248.29,38.94,519.0,2.0,0
0.0,0.0,-4.0,6.0,0.0,2.0,348.95500000000004,27.88,1001.0,4.0,0
0.0,0.0,5.0,30.0,1.0,4.0,232.71,38.94,501.0,3.0,1
0.0,0.0,-16.0,11.0,0.0,6.0,204.07,16.07,156.0,1.0,0
0.0,0.0,-22.0,8.0,0.0,8.0,282.74,38.94,402.0,2.0,0
0.0,0.0,-13.0,9.0,0.0,1.0,348.95500000000004,27.42,995.0,4.0,0
0.0,0.0,-14.0,10.0,0.0,3.0,293.36,13.46,780.0,2.0,0
0.0,0.0,-13.0,18.0,0.0,10.0,212.02,16.12,465.0,1.0,0
0.0,0.0,-25.0,5.0,0.0,5.0,268.99,19.0,439.0,1.0,0
0.0,0.0,-12.0,3.0,0.0,6.0,334.77,34.87,2245.0,1.0,1
0.0,0.0,-7.0,17.0,0.0,2.0,252.11,38.94,515.0,2.0,0
0.0,0.0,-19.0,7.0,0.0,1.0,348.95500000000004,38.94,309.0,1.0,0
0.0,0.0,-14.0,16.0,0.0,10.0,348.95500000000004,38.94,391.4,1.8,1
0.0,0.0,-6.0,21.0,0.0,1.0,291.43,38.94,87.0,3.0,0
0.0,0.0,-22.0,11.0,0.0,6.0,348.95500000000004,17.33,476.0,2.0,0
0.0,0.0,-16.0,18.0,0.0,5.5,348.95500000000004,38.94,860.0,2.0,0
0.0,0.0,-23.0,11.0,0.0,10.0,348.95500000000004,38.94,3053.0,4.0,0
0.0,0.0,-6.0,20.0,0.0,5.0,348.95500000000004,24.42,324.0,5.0,0
0.0,0.0,-10.0,11.0,0.0,18.0,348.95500000000004,32.85,3632.0,4.0,1
0.0,0.0,-16.0,5.0,0.0,10.0,249.57,21.57,731.0,5.0,0
0.0,0.0,-10.0,3.0,0.0,7.0,348.95500000000004,28.85,633.5,2.0,0
0.0,0.0,-3.0,4.0,0.0,5.0,277.86,37.88,527.5,1.5,0
0.0,0.0,-15.0,12.0,0.0,1.0,235.7,35.9,189.0,1.0,0
0.0,0.0,-12.0,9.0,0.0,3.0,186.82,16.82,514.0,2.0,0
0.0,0.0,-13.0,32.0,0.0,1.0,348.95500000000004,38.94,554.0,1.0,0
0.0,0.0,-41.0,8.0,0.0,10.0,272.33,12.43,1305.0,1.0,0
0.0,0.0,-1.0,41.0,0.0,10.0,275.48,35.48,1515.0,1.0,0
0.0,0.0,-10.0,7.0,0.0,3.0,248.36,19.32,603.0,1.0,0
0.0,0.0,-34.0,7.0,0.0,3.0,348.95500000000004,38.94,1294.0,1.0,0
0.0,0.0,0.0,15.0,0.0,7.0,348.95500000000004,38.94,1500.0,4.0,0
0.0,0.0,-31.0,11.0,0.0,5.0,284.42,38.94,3215.0,1.0,0
0.0,0.0,-13.0,10.0,0.0,1.0,348.95500000000004,38.94,1450.0,1.0,0
0.0,0.0,-8.0,11.0,0.0,9.0,295.83,16.83,561.0,5.0,0
0.0,0.0,-28.0,19.0,0.0,10.0,348.95500000000004,38.94,315.0,1.0,0
0.0,0.0,-6.0,8.0,0.0,5.0,250.55,20.57,656.0,5.0,0
0.0,0.0,-10.0,15.0,0.0,8.0,196.7,16.7,1153.0,4.0,0
0.0,0.0,-15.0,11.0,0.0,1.0,348.95500000000004,15.55,468.0,1.0,0
0.0,0.0,9.0,40.0,1.0,5.0,184.58,38.94,143.0,1.0,1
0.0,0.0,-2.0,22.0,0.0,1.0,266.04,38.94,472.0,1.0,0
0.0,0.0,-7.0,6.0,0.0,10.0,305.57,38.94,1726.6666666666667,1.6666666666666667,1
0.0,0.0,-12.0,27.0,0.0,3.0,187.59,38.59,321.0,2.0,0
0.0,0.0,-41.0,18.0,0.0,1.0,323.79,24.0,894.0,1.0,1
0.0,0.0,-6.0,7.0,0.0,10.0,273.18,33.28,2417.0,1.0,0
0.0,0.0,-12.0,10.0,0.0,5.0,204.25,14.35,2816.0,1.0,0
0.0,0.0,-15.0,4.0,0.0,1.0,279.84,10.84,527.0,1.0,1
0.0,0.0,-20.0,6.0,0.0,5.0,295.56,37.56,574.0,1.0,0
0.0,0.0,-9.0,20.0,0.0,1.0,348.95500000000004,38.94,414.0,1.0,0
0.0,0.0,-9.0,5.0,0.0,2.0,223.97,23.98,684.0,1.0,0
0.0,0.0,1.0,28.0,1.0,10.0,348.95500000000004,38.94,883.0,1.0,1
0.0,0.0,-11.0,3.0,0.0,1.0,334.86,38.94,831.0,7.0,0
0.0,0.0,-5.0,19.0,0.0,4.0,348.95500000000004,15.94,440.0,2.0,0
0.0,0.0,-8.0,12.0,0.0,2.0,200.82,12.82,465.0,1.0,0
0.0,0.0,-10.0,8.0,0.0,1.0,316.57,18.57,405.0,2.0,0
0.0,0.0,-1.0,18.0,0.0,1.0,301.46,38.94,1885.0,1.0,0
0.0,0.0,-21.0,10.0,0.0,10.0,285.74,28.75,1189.0,3.0,0
0.0,0.0,-56.0,4.0,0.0,5.0,243.57,38.94,711.0,4.0,0
0.0,0.0,-14.0,14.0,0.0,10.0,348.95500000000004,38.94,964.0,1.0,0
0.0,0.0,-9.0,13.0,0.0,1.0,251.09,21.1,1001.0,1.0,0
0.0,0.0,-4.0,18.0,0.0,3.0,229.78,38.94,347.0,2.0,1
0.0,0.0,-8.0,17.0,0.0,1.0,348.95500000000004,38.94,418.0,1.0,0
0.0,0.0,8.0,29.0,1.0,10.0,348.95500000000004,33.35,1447.0,5.0,1
0.0,0.0,-13.0,19.0,0.0,1.0,238.69,18.79,236.0,1.0,0
0.0,0.0,-24.0,20.0,0.0,2.0,348.95500000000004,38.94,492.0,1.0,0
0.0,0.0,-13.0,12.0,0.0,2.0,244.62,14.63,970.0,1.0,0
0.0,0.0,-25.0,11.0,0.0,1.0,207.15,38.94,1456.0,1.0,0
0.0,0.0,-18.0,23.0,0.0,10.0,348.95500000000004,38.94,346.0,4.0,0
0.0,0.0,-35.0,12.0,0.0,3.0,348.95500000000004,38.94,1616.0,1.0,0
0.0,0.0,-13.0,10.0,0.0,1.0,260.34,38.94,708.0,9.0,0
0.0,0.0,-38.0,7.0,0.0,10.0,348.95500000000004,18.38,3014.0,6.0,0
0.0,0.0,-3.0,18.0,0.0,10.0,202.66,13.66,1526.0,2.0,0
0.0,0.0,-15.0,7.0,0.0,8.0,255.96999999999997,38.94,346.0,3.0,0
0.0,0.0,-10.0,8.0,0.0,1.0,348.95500000000004,17.1,1209.0,5.0,0
0.0,0.0,-3.0,15.0,0.0,1.0,242.94,13.94,477.0,5.0,0
0.0,0.0,-10.0,7.0,0.0,5.0,213.74,13.84,256.0,1.0,0
0.0,0.0,-3.0,6.0,0.0,1.0,322.8,38.94,1237.0,5.0,0
0.0,0.0,-15.0,7.0,0.0,8.0,313.22,14.22,263.0,5.0,0
0.0,0.0,24.0,50.0,1.0,1.0,241.21,31.31,375.0,1.0,1
0.0,0.0,-1.0,24.0,0.0,1.0,348.95500000000004,34.54,677.0,1.0,0
0.0,0.0,-7.0,15.0,0.0,3.0,229.63,16.24,905.0,2.0,0
0.0,0.0,-1.0,26.0,0.0,10.0,298.11,28.21,289.0,1.0,1
0.0,0.0,-12.0,3.0,0.0,6.0,348.95500000000004,11.76,1458.0,1.0,0
0.0,0.0,-27.0,18.0,0.0,8.0,348.95500000000004,38.94,1859.0,3.0,1
0.0,0.0,-4.0,22.0,0.0,8.0,245.72,20.72,646.0,1.0,0
0.0,0.0,-19.0,12.0,0.0,5.0,348.95500000000004,38.94,1785.5,4.5,0
0.0,0.0,-6.0,10.0,0.0,1.0,248.36,19.32,603.0,1.0,0
0.0,0.0,3.0,30.0,1.0,4.0,348.95500000000004,25.4,874.0,3.0,0
0.0,0.0,-8.0,18.0,0.0,8.0,348.95500000000004,21.65,694.0,1.0,0
0.0,0.0,-15.0,9.0,0.0,10.0,252.09,22.1,1001.0,1.0,0
0.0,0.0,-12.0,10.0,0.0,10.0,348.95500000000004,38.94,1546.0,5.0,0
0.0,0.0,-16.0,12.0,0.0,5.0,319.66,19.67,408.0,2.0,0
0.0,0.0,0.0,17.0,0.0,1.0,257.44,38.44,1885.0,1.0,0
0.0,0.0,-9.0,13.0,0.0,2.0,232.78,23.78,1246.0,1.0,0
0.0,0.0,-17.0,12.0,0.0,1.0,348.95500000000004,38.94,894.0,1.0,0
0.0,0.0,-18.0,14.0,0.0,1.0,316.26,17.76,2013.0,4.0,0
0.0,0.0,2.0,29.0,1.0,1.0,305.97,30.97,512.0,1.0,0
0.0,0.0,-12.0,12.0,0.0,8.0,348.95500000000004,38.94,771.0,1.0,0
0.0,0.0,-13.0,9.0,0.0,4.0,348.95500000000004,27.34,422.0,4.0,0
0.0,0.0,-25.0,8.0,0.0,10.0,348.95500000000004,38.94,536.0,4.0,0
0.0,0.0,-11.0,5.0,0.0,6.0,348.95500000000004,38.94,251.0,1.0,0
0.0,0.0,6.0,27.0,1.0,5.0,348.95500000000004,22.4,912.0,2.0,1
0.0,0.0,-7.0,16.0,0.0,10.0,348.95500000000004,38.94,1747.0,5.0,0
0.0,0.0,-17.0,4.0,0.0,8.0,254.25,15.25,602.0,1.0,0
0.0,0.0,-11.0,12.0,0.0,2.0,274.19,38.94,192.0,1.0,0
0.0,0.0,-6.0,5.0,0.0,4.0,348.95500000000004,20.69,229.0,4.0,0
0.0,0.0,-11.0,14.0,0.0,4.0,348.95500000000004,35.99,343.0,1.0,0
0.0,0.0,-30.0,8.0,0.0,6.0,336.1,26.11,2582.0,3.0,0
0.0,0.0,-16.0,14.0,0.0,5.5,348.07,23.07,2644.0,6.0,0
0.0,0.0,-9.0,9.0,0.0,3.0,213.75,14.75,927.0,3.0,0
0.0,0.0,-16.0,6.0,0.0,1.0,330.17,20.27,344.0,2.0,0
0.0,0.0,-18.0,13.0,0.0,10.0,324.94,38.94,1099.0,1.0,0
0.0,0.0,-2.0,10.0,0.0,1.0,326.36,16.37,429.0,3.0,0
0.0,0.0,-14.0,25.0,0.0,5.0,206.84,36.85,1350.0,1.0,0
0.0,0.0,-11.0,11.0,0.0,4.0,348.95500000000004,38.94,1176.0,3.0,0
0.0,0.0,-21.0,8.0,0.0,1.0,273.58,38.94,2030.0,2.0,0
0.0,0.0,-6.0,8.0,0.0,8.0,348.95500000000004,17.81,2141.0,1.0,0
0.0,0.0,-13.0,16.0,0.0,10.0,309.28,38.94,526.0,2.0,0
0.0,0.0,-14.0,12.0,0.0,8.0,348.95500000000004,20.04,912.0,2.0,0
0.0,0.0,-18.0,16.0,0.0,6.0,329.14,18.61,218.0,5.0,0
0.0,0.0,-5.0,4.0,0.0,8.0,254.46,10.46,805.0,1.0,0
0.0,0.0,5.0,32.0,1.0,8.0,251.68,21.69,750.0,1.0,1
0.0,0.0,-7.0,13.0,0.0,1.0,235.55,35.56,1180.0,1.0,0
0.0,0.0,-13.0,5.0,0.0,5.0,242.16,23.16,1345.0,1.0,0
0.0,0.0,-8.0,8.0,0.0,1.0,348.95500000000004,38.94,1663.0,1.0,0
0.0,0.0,10.0,35.0,1.0,10.0,348.95500000000004,37.3,1447.0,5.0,1
0.0,0.0,-15.0,6.0,0.0,2.0,235.28,16.28,838.0,2.0,0
0.0,0.0,-27.0,22.0,0.0,8.0,348.95500000000004,32.42,851.0,1.0,1
0.0,0.0,-12.0,2.0,0.0,3.0,348.95500000000004,17.76,710.0,4.0,0
0.0,0.0,-8.0,2.0,0.0,2.0,214.52,14.52,1358.0,7.0,0
0.0,0.0,-17.0,8.0,0.0,1.0,282.18,38.94,87.0,3.0,0
0.0,0.0,-7.0,8.0,0.0,2.0,234.22,24.23,516.0,1.0,0
0.0,0.0,-17.0,15.0,0.0,6.0,348.95500000000004,38.94,937.0,2.0,0
0.0,0.0,-20.0,5.0,0.0,10.0,348.95500000000004,14.52,344.0,1.0,0
0.0,0.0,-11.0,21.0,0.0,1.0,348.95500000000004,31.44,1447.0,5.0,1
0.0,0.0,-26.0,14.0,0.0,2.0,218.63,19.63,330.0,1.0,0
0.0,0.0,-11.0,17.0,0.0,4.0,215.15,17.15,865.0,2.0,0
0.0,0.0,-33.0,12.0,0.0,8.0,348.95500000000004,38.94,594.0,3.0,0
0.0,0.0,-8.0,14.0,0.0,1.0,285.73,16.73,246.0,1.0,1
0.0,0.0,8.0,35.0,1.0,5.0,188.34,18.44,1029.0,2.0,0
0.0,0.0,-13.0,8.0,0.0,1.0,348.95500000000004,27.83,1135.0,5.0,0
0.0,0.0,-14.0,21.0,0.0,4.0,337.1,38.94,1226.0,4.0,0
0.0,0.0,-5.0,23.0,0.0,6.0,348.95500000000004,31.4,1447.0,5.0,1
0.0,0.0,-37.0,14.0,0.0,5.0,241.99,26.99,516.0,1.0,0
0.0,0.0,-11.0,4.0,0.0,4.0,348.95500000000004,17.5,765.0,2.0,0
0.0,0.0,-10.0,22.0,0.0,5.0,259.91,20.91,214.0,1.0,0
0.0,0.0,-4.0,28.0,0.0,2.0,221.93,38.94,652.5,1.0,0
0.0,0.0,-15.0,16.0,0.0,6.0,258.86,18.96,542.0,2.0,0
0.0,0.0,-11.0,21.0,0.0,8.0,197.53,18.53,2492.0,1.0,0
0.0,0.0,-15.0,10.0,0.0,1.0,317.21,17.31,165.0,1.0,0
0.0,0.0,-33.0,6.0,0.0,2.0,315.69,17.19,2013.0,4.0,0
0.0,0.0,-14.0,18.0,0.0,3.0,348.95500000000004,18.4,1401.0,5.0,0
0.0,0.0,-22.0,14.0,0.0,1.0,265.92,36.92,617.0,2.0,0
0.0,0.0,-17.0,16.0,0.0,1.0,226.93,27.93,234.0,1.0,0
0.0,0.0,-23.0,8.0,0.0,8.0,348.95500000000004,13.9,838.0,1.0,0
0.0,0.0,-14.0,10.0,0.0,2.0,257.92,18.92,1593.0,10.0,0
0.0,0.0,-20.0,14.0,0.0,2.0,348.95500000000004,17.13,874.0,1.0,1
0.0,0.0,-9.0,22.0,0.0,1.0,348.95500000000004,38.94,363.0,1.0,0
0.0,0.0,-17.0,4.0,0.0,4.0,273.02,28.02,1071.0,1.0,0
0.0,0.0,-10.0,10.0,0.0,3.0,332.73,13.73,439.0,1.0,0
0.0,0.0,-18.0,7.0,0.0,1.0,181.92,14.92,774.0,1.0,0
0.0,0.0,-25.0,7.0,0.0,10.0,288.13,19.13,1053.0,2.0,0
0.0,0.0,-21.0,5.0,0.0,2.0,237.6,37.6,2690.0,1.0,0
0.0,0.0,-2.0,14.0,0.0,1.0,348.95500000000004,25.24,179.0,1.0,0
0.0,0.0,-14.0,10.0,0.0,1.0,207.28,27.3,486.0,1.0,0
0.0,0.0,-12.0,9.0,0.0,8.0,348.95500000000004,19.71,927.0,1.0,0
0.0,0.0,10.0,34.0,1.0,1.0,348.95500000000004,38.94,162.0,1.0,0
0.0,0.0,-4.0,7.0,0.0,1.0,323.53,33.63,2245.0,1.0,0
0.0,0.0,-13.0,10.0,0.0,10.0,348.95500000000004,18.84,641.0,1.0,0
0.0,0.0,-20.0,15.0,0.0,10.0,348.95500000000004,33.59,3088.0,6.0,0
0.0,0.0,-3.0,24.0,0.0,5.0,302.4,20.51,1238.0,1.0,0
0.0,0.0,-6.0,16.0,0.0,7.0,348.95500000000004,38.94,451.0,1.0,0
0.0,0.0,-9.0,9.0,0.0,5.0,240.13,20.35,278.0,1.0,0
0.0,0.0,-3.0,13.0,0.0,5.0,348.95500000000004,20.54,3902.0,7.0,0
0.0,0.0,-26.0,15.0,0.0,6.0,347.06,38.94,268.0,1.0,0
0.0,0.0,-17.0,9.0,0.0,5.0,348.95500000000004,25.75,169.0,1.0,0
0.0,0.0,-15.0,10.0,0.0,3.0,348.95500000000004,38.94,3508.0,2.0,0
0.0,0.0,-13.0,11.0,0.0,1.0,195.0,16.0,2162.0,1.0,1
0.0,0.0,-15.0,8.0,0.0,1.0,348.95500000000004,38.94,987.0,1.0,0
0.0,0.0,-6.0,4.0,0.0,8.0,300.22,10.32,1061.0,2.0,0
0.0,0.0,-18.0,7.0,0.0,10.0,348.95500000000004,38.94,647.5,1.5,0
0.0,0.0,-6.0,7.0,0.0,3.0,314.66,14.76,344.0,2.0,0
0.0,0.0,-13.0,23.0,0.0,8.0,348.95500000000004,38.94,1707.0,2.0,0
0.0,0.0,-14.0,10.0,0.0,1.0,348.95500000000004,20.64,885.0,4.0,0
0.0,0.0,-10.0,8.0,0.0,1.0,348.95500000000004,38.94,2098.0,4.0,0
0.0,0.0,-5.0,18.0,0.0,5.0,316.42,38.42,1146.0,7.0,0
0.0,0.0,-11.0,8.0,0.0,8.0,348.95500000000004,20.61,682.0,1.0,0
0.0,0.0,-11.0,15.0,0.0,8.0,251.8,38.94,362.0,1.0,0
0.0,0.0,-9.0,22.0,0.0,3.0,238.69,18.79,236.0,1.0,1
0.0,0.0,-7.0,22.0,0.0,8.0,348.95500000000004,38.94,537.5,1.0,0
0.0,0.0,-23.0,6.0,0.0,4.0,227.23,17.23,225.0,1.0,0
0.0,0.0,-7.0,7.0,0.0,3.0,280.12,30.12,771.0,1.0,0
0.0,0.0,-11.0,18.0,0.0,6.0,348.95500000000004,38.94,451.0,2.5,1
0.0,0.0,-29.0,14.0,0.0,5.0,348.95500000000004,38.94,554.0,1.0,0
0.0,0.0,-21.0,2.0,0.0,5.0,332.73,13.73,1914.0,5.0,0
0.0,0.0,-14.0,9.0,0.0,4.0,259.6,19.25,2518.0,2.0,0
0.0,0.0,-7.0,4.0,0.0,1.0,348.95500000000004,33.2,1123.0,1.0,0
0.0,0.0,-10.0,3.0,0.0,2.0,348.95500000000004,18.14,2134.0,1.0,0
0.0,0.0,-13.0,11.0,0.0,1.0,348.95500000000004,29.75,1654.0,4.0,0
0.0,0.0,-6.0,6.0,0.0,4.0,344.2,38.94,591.0,1.0,1
0.0,0.0,-10.0,9.0,0.0,5.0,348.95500000000004,31.77,2150.0,1.0,1
0.0,0.0,-35.0,17.0,0.0,9.0,348.95500000000004,30.87,1562.0,4.0,0
0.0,0.0,-14.0,3.0,0.0,5.0,218.82,9.82,784.0,1.0,0
0.0,0.0,-9.0,16.0,0.0,6.0,339.39,19.49,339.0,2.0,0
0.0,0.0,-15.0,9.0,0.0,1.0,348.95500000000004,38.94,1071.0,1.0,1
0.0,0.0,-21.0,10.0,0.0,1.0,348.95500000000004,38.94,1654.0,4.0,0
0.0,0.0,-21.0,6.0,0.0,10.0,348.95500000000004,38.94,1263.0,2.0,0
0.0,0.0,-21.0,2.0,0.0,10.0,348.95500000000004,38.94,1946.0,4.0,0
0.0,0.0,-29.0,3.0,0.0,5.0,348.95500000000004,38.94,1313.0,1.0,1
0.0,0.0,-3.0,7.0,0.0,4.0,255.49,15.99,768.0,1.0,0
0.0,0.0,-15.0,5.0,0.0,1.0,242.8,12.81,970.0,1.0,0
0.0,0.0,5.0,30.0,1.0,4.0,281.96,38.94,182.0,1.0,0
0.0,0.0,-5.0,7.0,0.0,5.0,284.89,18.99,1558.0,4.0,0
0.0,0.0,0.0,27.0,0.0,4.0,195.69,17.69,349.0,1.0,0
0.0,0.0,-14.0,3.0,0.0,6.0,342.88,14.88,3469.0,5.0,0
0.0,0.0,-17.0,5.0,0.0,10.0,348.95500000000004,38.94,469.5,1.0,1
0.0,0.0,-12.0,17.0,0.0,10.0,236.48,20.48,838.0,2.0,0
0.0,0.0,-15.0,13.0,0.0,8.0,348.95500000000004,38.94,2460.0,3.0,0
0.0,0.0,-9.0,5.0,0.0,3.0,228.69,8.79,382.0,4.0,0
0.0,0.0,-16.0,4.0,0.0,3.0,253.71,13.81,2789.0,1.0,0
0.0,0.0,-17.0,7.0,0.0,4.0,322.58,22.59,753.0,2.0,0
0.0,0.0,-22.0,10.0,0.0,3.0,233.0,38.94,1242.0,1.0,0
0.0,0.0,-13.0,7.0,0.0,5.0,283.18,13.28,2592.0,2.0,0
0.0,0.0,-22.0,10.0,0.0,1.0,199.49,29.59,815.0,4.0,0
0.0,0.0,2.0,11.0,1.0,2.0,244.81,14.91,233.0,1.0,0
0.0,0.0,6.0,26.0,1.0,6.0,318.97,19.97,389.0,1.0,1
0.0,0.0,-6.0,3.0,0.0,1.0,315.77,19.87,584.0,2.0,0
0.0,0.0,-20.0,7.0,0.0,4.0,186.82,16.82,514.0,2.0,0
0.0,0.0,-6.0,8.0,0.0,8.0,348.95500000000004,16.79,1865.0,1.0,0
0.0,0.0,-4.0,26.0,0.0,3.0,241.83,38.94,2853.0,1.0,0
0.0,0.0,-14.0,9.0,0.0,4.0,348.95500000000004,35.63,1964.5,1.0,1
0.0,0.0,-20.0,6.0,0.0,2.0,218.3,18.31,569.0,1.0,0
0.0,0.0,-10.0,14.0,0.0,1.0,348.95500000000004,38.94,1145.0,6.0,1
0.0,0.0,26.0,50.0,1.0,5.5,348.95500000000004,38.94,820.0,4.0,1
0.0,0.0,-19.0,10.0,0.0,5.0,348.95500000000004,25.93,1865.0,1.0,0
0.0,0.0,8.0,35.0,1.0,6.0,348.95500000000004,38.94,1135.0,5.0,1
0.0,0.0,-21.0,20.0,0.0,2.0,348.95500000000004,38.94,2558.0,1.0,0
0.0,0.0,-10.0,4.0,0.0,8.0,344.72,18.56,1131.0,3.0,0
0.0,0.0,-11.0,7.0,0.0,1.0,223.22,38.94,250.0,3.0,1
0.0,0.0,-7.0,8.0,0.0,1.0,348.95500000000004,19.47,163.0,1.0,0
0.0,0.0,-7.0,5.0,0.0,9.0,348.95500000000004,29.38,802.0,1.0,0
0.0,0.0,-13.0,18.0,0.0,3.0,219.54,38.94,3571.0,1.0,0
0.0,0.0,-12.0,12.0,0.0,1.0,236.2,16.3,481.0,4.0,0
0.0,0.0,-12.0,14.0,0.0,4.0,275.98,36.18,1749.0,1.0,0
0.0,0.0,-9.0,5.0,0.0,8.0,348.95500000000004,17.01,289.0,1.0,0
0.0,0.0,-20.0,6.0,0.0,8.0,233.42,18.42,516.0,1.0,0
0.0,0.0,13.0,45.0,1.0,7.0,262.59,38.94,236.0,1.0,1
0.0,0.0,-6.0,32.0,0.0,4.0,348.95500000000004,32.02,871.0,4.0,0
0.0,0.0,-9.0,7.0,0.0,6.0,348.95500000000004,38.94,723.0,8.0,0
0.0,0.0,-12.0,18.0,0.0,10.0,348.95500000000004,38.94,1977.0,5.0,1
0.0,0.0,-52.0,7.0,0.0,10.0,348.95500000000004,21.27,837.0,2.0,0
0.0,0.0,-28.0,3.0,0.0,3.0,238.09,18.09,2730.0,4.0,0
0.0,0.0,-10.0,33.0,0.0,1.0,348.95500000000004,38.94,3458.5,1.0,0
0.0,0.0,-12.0,18.0,0.0,8.0,348.95500000000004,25.54,1969.0,1.0,1
0.0,0.0,-16.0,17.0,0.0,2.0,273.23,18.23,566.0,1.0,0
0.0,0.0,-22.0,12.0,0.0,4.0,205.0,20.0,1375.0,2.5,0
0.0,0.0,-14.0,18.0,0.0,1.0,217.74,17.84,1132.0,8.0,0
0.0,0.0,-20.0,9.0,0.0,1.0,255.05,38.94,2188.0,2.0,0
0.0,0.0,-1.0,21.0,0.0,10.0,348.95500000000004,37.6,1176.0,3.0,0
0.0,0.0,-22.0,25.0,0.0,1.0,265.12,31.14,1296.0,1.0,0
0.0,0.0,-12.0,7.0,0.0,1.0,267.5,27.5,1030.0,5.0,0
0.0,0.0,-3.0,20.0,0.0,10.0,281.36,38.94,284.0,3.0,1
0.0,0.0,-17.0,8.0,0.0,3.0,235.23,35.48,869.0,3.0,0
0.0,0.0,-11.0,7.0,0.0,1.0,348.95500000000004,38.94,502.0,3.0,0
0.0,0.0,-10.0,15.0,0.0,8.0,348.95500000000004,17.59,915.0,2.0,0
0.0,0.0,-22.0,9.0,0.0,4.0,348.95500000000004,21.77,352.0,1.0,0
0.0,0.0,-28.0,13.0,0.0,6.0,348.95500000000004,38.94,625.0,1.0,0
0.0,0.0,7.0,21.0,1.0,1.0,348.95500000000004,38.94,1632.0,8.0,1
0.0,0.0,-14.0,11.0,0.0,5.0,262.13,37.23,343.0,4.0,1
0.0,0.0,-14.0,11.0,0.0,2.0,253.69,14.69,353.0,7.0,0
0.0,0.0,-11.0,4.0,0.0,8.0,223.02,14.02,203.0,1.0,0
0.0,0.0,6.0,31.0,1.0,8.0,348.95500000000004,19.3,442.0,1.0,1
0.0,0.0,-13.0,10.0,0.0,10.0,348.95500000000004,21.92,725.0,1.0,0
0.0,0.0,-24.0,4.0,0.0,6.0,348.95500000000004,38.94,1041.0,5.0,0
0.0,0.0,-23.0,13.0,0.0,1.0,348.95500000000004,37.59,3319.0,6.0,0
0.0,0.0,-23.0,17.0,0.0,5.0,285.36,38.94,245.5,4.0,0
0.0,0.0,-12.0,16.0,0.0,1.0,348.95500000000004,38.94,1946.0,4.0,1
0.0,0.0,-12.0,14.0,0.0,8.0,348.95500000000004,15.94,623.0,1.0,1
0.0,0.0,-19.0,8.0,0.0,5.0,283.0,34.0,408.0,1.0,0
0.0,0.0,-13.0,5.0,0.0,10.0,348.95500000000004,38.94,112.0,1.0,0
0.0,0.0,-4.0,19.0,0.0,10.0,348.95500000000004,38.94,2172.0,1.0,0
0.0,0.0,11.0,38.0,1.0,4.0,230.75,38.94,546.0,1.0,1
0.0,0.0,-21.0,8.0,0.0,3.0,235.3,26.3,716.0,3.0,0
0.0,0.0,-12.0,20.0,0.0,3.0,348.95500000000004,38.94,875.0,1.0,0
0.0,0.0,-27.0,6.0,0.0,10.0,348.95500000000004,38.94,540.0,1.0,0
0.0,0.0,-3.0,11.0,0.0,1.0,265.35,15.35,1694.0,1.0,1
0.0,0.0,-12.0,4.0,0.0,5.0,248.36,19.32,603.0,1.0,0
0.0,0.5,-9.0,6.0,0.0,10.0,697.9100000000001,70.1,2044.0,1.0,0
0.0,0.0,-14.0,12.0,0.0,1.0,220.34,20.64,344.0,3.0,0
0.0,0.0,-27.0,11.0,0.0,10.0,348.95500000000004,16.62,425.0,5.0,1
0.0,0.0,-22.0,16.0,0.0,8.0,312.24,38.94,275.0,1.0,0
0.0,0.0,-13.0,8.0,0.0,6.0,348.95500000000004,38.94,2492.6,1.0,0
0.0,0.0,-34.0,12.0,0.0,1.0,248.71,38.94,408.0,1.0,0
0.0,0.0,-28.0,9.0,0.0,8.0,295.83,16.83,501.0,4.0,0
0.0,0.0,-7.0,6.0,0.0,3.0,348.95500000000004,15.03,1459.0,9.0,0
0.0,0.0,-13.0,21.0,0.0,6.0,348.95500000000004,38.94,594.0,3.0,0
0.0,0.0,-14.0,12.0,0.0,8.0,339.33,38.94,337.0,3.0,1
0.0,0.0,-10.0,11.0,0.0,10.0,348.95500000000004,21.04,3893.0,1.0,0
0.0,0.0,-19.0,7.0,0.0,1.0,348.95500000000004,33.16,354.0,1.0,0
0.0,0.0,-24.0,13.0,0.0,4.0,234.84,34.94,813.0,2.0,0
0.0,0.0,-21.0,15.0,0.0,5.0,228.59,38.94,775.0,1.0,0
0.0,0.0,4.0,23.0,1.0,8.0,348.95500000000004,38.94,885.0,4.0,0
0.0,0.0,-12.0,5.0,0.0,5.0,248.4,21.63,649.0,1.0,0
0.0,0.0,-10.0,11.0,0.0,1.0,264.67,14.77,231.0,1.0,0
0.0,0.0,-6.0,7.0,0.0,8.0,315.2,16.6,606.0,3.0,0
0.0,0.0,-9.0,19.0,0.0,3.0,235.28,16.28,232.0,1.0,0
0.0,0.0,-14.0,17.0,0.0,4.0,348.95500000000004,27.73,1622.0,4.0,0
0.0,0.0,-8.0,10.0,0.0,1.0,208.71,13.71,247.0,1.0,0
0.0,0.0,-24.0,7.0,0.0,10.0,348.95500000000004,31.83,1543.0,3.0,0
0.0,0.0,-22.0,7.0,0.0,3.0,231.6,36.6,1926.0,1.0,0
0.0,0.0,-15.0,14.0,0.0,1.0,235.53,38.94,789.0,1.0,0
0.0,0.0,-12.0,8.0,0.0,1.0,183.73,13.74,1620.0,1.0,0
0.0,0.0,-14.0,12.0,0.0,1.0,288.37,38.94,674.0,3.0,0
0.0,0.0,-24.0,11.0,0.0,2.0,270.72,20.72,702.0,1.0,0
0.0,0.0,-5.0,23.0,0.0,5.0,302.46,38.94,1487.0,1.0,0
0.0,0.0,-21.0,16.0,0.0,3.0,348.95500000000004,38.94,450.0,1.0,0
0.0,0.0,-7.0,21.0,0.0,4.0,197.97,22.07,613.0,4.0,0
0.0,0.0,-11.0,8.0,0.0,8.0,292.99,13.35,632.0,2.0,0
0.0,0.0,-21.0,12.0,0.0,8.0,238.69,18.79,236.0,1.0,0
0.0,0.0,-4.0,23.0,0.0,5.0,278.41,38.94,998.0,3.0,0
0.0,0.0,-1.0,19.0,0.0,4.0,348.95500000000004,31.14,236.0,1.0,0
0.0,0.0,-7.0,2.0,0.0,5.0,339.07,9.17,1642.0,10.0,0
0.0,0.0,-19.0,5.0,0.0,2.0,266.61,19.61,659.0,1.0,0
0.0,0.0,-19.0,7.0,0.0,1.0,290.37,21.37,802.0,2.0,0
0.0,0.0,-23.0,13.0,0.0,3.0,332.62,38.94,413.0,3.0,0
0.0,0.0,-9.0,19.0,0.0,2.0,296.61,16.71,780.0,2.0,1
0.0,0.0,-21.0,20.0,0.0,1.0,262.49,38.94,1128.0,1.0,0
0.0,0.0,-10.0,7.0,0.0,8.0,248.52,28.52,89.0,2.0,0
0.0,0.0,-44.0,16.0,0.0,6.0,295.52,35.62,1305.0,1.0,0
0.0,0.0,-17.0,5.0,0.0,1.0,348.95500000000004,34.2,1060.0,1.0,0
0.0,0.0,-20.0,7.0,0.0,8.0,348.95500000000004,18.19,1427.0,1.0,0
0.0,0.0,-8.0,14.0,0.0,3.0,348.95500000000004,38.94,2118.0,2.0,1
0.0,0.0,0.0,29.0,0.0,10.0,348.95500000000004,38.94,2164.0,1.0,0
0.0,0.0,-11.0,8.0,0.0,4.0,288.47,18.57,1351.0,7.0,0
0.0,0.0,-38.0,7.0,0.0,1.0,236.34,38.94,1440.0,1.0,1
0.0,0.0,-9.0,9.0,0.0,3.0,290.01,38.94,1638.0,2.0,0
0.0,0.0,-12.0,5.0,0.0,2.0,314.92,14.93,753.0,2.0,0
0.0,0.0,-14.0,6.0,0.0,8.0,319.05,38.94,270.0,5.0,1
0.0,0.0,-12.0,2.0,0.0,4.0,244.15,14.16,934.0,1.0,0
0.0,0.0,1.0,18.0,1.0,4.0,282.27,13.27,499.0,1.0,0
0.0,0.0,-10.0,14.0,0.0,10.0,348.95500000000004,18.29,1499.0,1.0,0
0.0,0.0,0.0,22.0,0.0,10.0,348.95500000000004,32.29,2676.0,1.0,0
0.0,0.0,0.0,23.0,0.0,3.0,259.54,38.94,3189.0,6.5,0
0.0,0.0,-24.0,8.0,0.0,6.0,310.2,38.94,266.0,3.0,0
0.0,0.0,-11.0,8.0,0.0,1.0,348.95500000000004,38.94,314.0,1.0,0
0.0,0.0,-1.0,25.0,0.0,4.0,186.86,34.86,487.0,3.0,1
0.0,0.0,-10.0,9.0,0.0,2.0,348.95500000000004,30.44,273.0,1.0,0
0.0,0.0,-9.0,14.0,0.0,5.0,348.95500000000004,38.94,189.0,1.0,1
0.0,0.0,-9.0,10.0,0.0,10.0,308.79,17.8,521.0,1.0,0
0.0,0.0,-12.0,3.0,0.0,8.0,209.15,9.16,1325.0,3.0,0
0.0,0.0,-13.0,11.0,0.0,5.0,246.32,16.33,688.0,1.0,0
0.0,0.0,-12.0,15.0,0.0,5.0,348.95500000000004,38.94,1002.0,3.0,0
0.0,0.0,-16.0,25.0,0.0,6.0,348.95500000000004,38.94,851.0,1.0,0
0.0,0.0,-18.0,7.0,0.0,8.0,224.55,15.55,236.0,1.0,0
0.0,0.0,-15.0,10.0,0.0,4.0,348.95500000000004,20.59,912.0,2.0,0
0.0,0.0,-16.0,8.0,0.0,1.0,278.46,17.46,782.0,1.0,0
0.0,0.0,-18.0,12.0,0.0,1.0,348.95500000000004,38.94,1202.0,2.0,0
0.0,0.0,-7.0,8.0,0.0,1.0,234.89,14.9,216.0,3.0,0
0.0,0.0,-45.0,8.0,0.0,10.0,348.95500000000004,38.94,944.0,2.0,1
0.0,0.0,3.0,29.0,1.0,6.0,206.77,31.87,1988.0,3.0,0
0.0,0.0,-5.0,3.0,0.0,5.0,237.06,17.06,1649.0,1.0,0
0.0,0.0,-18.0,4.0,0.0,10.0,348.95500000000004,38.94,389.5,3.0,0
0.0,0.0,-36.0,11.0,0.0,8.0,340.27,14.11,1131.0,3.0,0
0.0,0.0,-3.0,18.0,0.0,2.0,337.94,18.94,357.0,3.0,0
0.0,0.0,-5.0,18.0,0.0,3.0,297.39,17.4,422.0,5.0,0
0.0,0.0,-5.0,5.0,0.0,1.0,304.28,24.28,1161.0,10.0,0
0.0,0.0,-16.0,18.0,0.0,3.0,310.2,38.94,266.0,3.0,0
0.0,0.0,-21.0,15.0,0.0,1.0,302.95,28.0,2138.0,1.0,0
0.0,0.0,-16.0,4.0,0.0,5.5,348.95500000000004,16.2,786.0,2.0,0
0.0,0.0,0.0,14.0,0.0,3.0,208.18,25.2,1538.0,1.0,0
0.0,0.0,-7.0,12.0,0.0,1.0,292.11,13.34,1051.0,1.0,0
0.0,0.0,-14.0,28.0,0.0,3.0,348.95500000000004,38.94,1177.0,1.0,0
0.0,0.0,7.0,44.0,1.0,5.0,243.57,38.57,162.0,5.0,1
0.0,0.0,-13.0,12.0,0.0,7.0,348.95500000000004,18.95,1070.0,1.0,0
0.0,0.0,-2.0,10.0,0.0,2.5,340.07,10.07,2644.0,6.0,0
0.0,0.0,18.0,40.0,1.0,6.0,348.95500000000004,16.23,555.0,2.0,1
0.0,0.0,17.0,43.0,1.0,1.0,222.71,23.71,784.0,1.0,0
0.0,0.0,-18.0,26.0,0.0,2.0,337.42,38.94,1226.0,4.0,0
0.0,0.0,-21.0,21.0,0.0,10.0,348.95500000000004,38.94,3976.0,3.0,0
0.0,0.0,-12.0,6.0,0.0,5.0,348.95500000000004,38.94,2121.0,1.0,0
0.0,0.0,-29.0,15.0,0.0,10.0,348.95500000000004,38.94,249.0,2.0,0
0.0,0.0,16.0,43.0,1.0,1.0,348.95500000000004,32.28,290.0,1.0,1
0.0,0.0,-15.0,8.0,0.0,1.0,348.95500000000004,22.86,3890.0,2.0,0
0.0,0.0,-13.0,6.0,0.0,1.0,335.17,35.27,2403.0,1.0,0
0.0,0.0,-7.0,7.0,0.0,4.0,348.95500000000004,13.79,1826.0,1.0,0
0.0,0.0,-11.0,20.0,0.0,8.0,348.95500000000004,38.94,201.0,2.0,0
0.0,0.0,-17.0,4.0,0.0,1.0,348.95500000000004,14.78,738.0,5.0,0
0.0,0.0,-14.0,8.0,0.0,10.0,326.82,16.92,388.0,1.0,0
0.0,0.0,-14.0,4.0,0.0,8.0,340.07,10.07,2644.0,6.0,0
0.0,0.0,-9.0,7.0,0.0,1.0,348.95500000000004,17.1,1063.0,6.0,0
0.0,0.0,-28.0,6.0,0.0,3.0,348.95500000000004,22.02,591.0,1.0,0
0.0,0.0,1.0,3.0,1.0,5.0,298.18,10.18,493.0,1.0,0
0.0,0.0,-5.0,42.0,0.0,10.0,348.95500000000004,38.94,982.0,3.0,0
0.0,0.0,-19.0,15.0,0.0,3.0,327.01,21.11,553.0,9.0,0
0.0,0.0,-9.0,14.0,0.0,4.0,348.95500000000004,38.94,300.0,4.0,0
0.0,0.0,-14.0,12.0,0.0,8.0,285.63,16.63,561.0,1.0,0
0.0,0.0,-13.0,19.0,0.0,2.0,346.96,17.06,1642.0,10.0,0
0.0,0.0,-20.0,11.0,0.0,5.0,348.95500000000004,38.79,3632.0,4.0,0
0.0,0.0,-12.0,8.0,0.0,10.0,348.95500000000004,26.7,1882.0,4.0,1
0.0,0.0,-6.0,1.0,0.0,3.5,348.95500000000004,38.94,919.0,1.0,0
0.0,0.0,-1.0,22.0,0.0,3.0,240.82,38.94,886.0,1.0,0
0.0,0.0,-7.0,10.0,0.0,3.0,347.32,21.16,1131.0,3.0,0
0.0,0.0,-2.0,23.0,0.0,4.5,213.94,34.14,300.0,1.0,0
0.0,0.0,-23.0,6.0,0.0,1.0,348.95500000000004,38.94,431.0,1.0,0
0.0,0.0,-13.0,6.0,0.0,10.0,348.95500000000004,38.94,1511.0,1.0,0
0.0,0.0,-21.0,23.0,0.0,3.0,212.73,38.94,327.0,2.0,0
0.0,0.0,-9.0,2.0,0.0,8.0,319.81,9.91,723.0,1.0,0
0.0,0.0,-11.0,10.0,0.0,1.0,348.95500000000004,15.82,124.0,1.0,0
0.0,0.0,-15.0,21.0,0.0,1.0,297.42,28.42,245.0,1.0,0
0.0,0.0,22.0,44.0,1.0,1.0,204.32,34.32,331.0,4.0,1
0.0,0.0,-20.0,10.0,0.0,5.0,264.87,34.97,731.0,5.0,0
0.0,0.0,-11.0,16.0,0.0,10.0,348.95500000000004,29.03,1791.0,4.0,0
0.0,0.0,-16.0,6.0,0.0,1.0,243.86,33.86,3006.0,2.0,0
0.0,0.0,-2.0,26.0,0.0,1.0,348.95500000000004,38.94,545.0,3.0,0
0.0,0.0,-11.0,1.0,0.0,1.0,348.95500000000004,15.81,406.0,3.0,0
0.0,0.0,-14.0,6.0,0.0,3.0,198.4,28.4,851.0,1.0,0
0.0,0.0,-22.0,9.0,0.0,1.0,222.7,32.8,149.0,3.0,0
0.0,0.0,-8.0,17.0,0.0,6.0,318.25,18.35,2795.0,5.0,0
0.0,0.0,-11.0,9.0,0.0,1.0,348.95500000000004,38.94,762.0,3.0,0
0.0,0.0,-13.0,6.0,0.0,5.0,293.46,13.46,820.0,1.0,0
0.0,0.0,-7.0,3.0,0.0,1.5,257.99,9.0,2025.0,2.0,0
0.0,0.0,-17.0,9.0,0.0,4.0,273.98,38.94,450.0,1.0,0
0.0,0.0,-18.0,13.0,0.0,3.0,217.83,17.84,705.0,2.0,0
0.0,0.0,-13.0,13.0,0.0,4.0,302.44,22.45,1234.0,3.0,0
0.0,0.0,-11.0,19.0,0.0,4.0,348.95500000000004,38.74,702.0,2.0,0
0.0,0.0,-18.0,6.0,0.0,2.0,211.89,12.89,521.0,1.0,0
0.0,0.0,-4.0,12.0,0.0,8.0,348.95500000000004,28.38,751.0,1.0,0
0.0,0.0,-14.0,10.0,0.0,4.5,348.95500000000004,38.94,1970.0,4.0,1
0.0,0.0,-9.0,4.0,0.0,8.0,348.95500000000004,15.27,867.0,3.0,0
0.0,0.0,-8.0,11.0,0.0,1.0,193.5,13.6,521.0,7.0,0
0.0,0.0,-16.0,21.0,0.0,1.0,232.45,22.55,1358.0,7.0,0
0.0,0.0,-16.0,7.0,0.0,5.0,227.27,22.27,162.0,5.0,0
0.0,0.0,-21.0,8.0,0.0,4.0,257.34,38.94,317.0,1.5,0
0.0,0.0,-13.0,6.0,0.0,1.0,348.95500000000004,20.11,1163.0,2.0,0
0.0,0.0,-6.0,11.0,0.0,4.0,348.95500000000004,16.97,913.0,3.0,0
0.0,0.0,-18.0,2.0,0.0,6.0,271.24,31.44,503.0,1.0,1
0.0,0.0,-27.0,13.0,0.0,2.0,325.89,15.9,2582.0,3.0,0
0.0,0.0,-14.0,24.0,0.0,8.0,221.09,22.19,736.0,4.0,0
0.0,0.0,-19.0,19.0,0.0,1.0,229.8,29.8,579.0,1.0,0
0.0,0.0,-15.0,17.0,0.0,1.0,348.95500000000004,18.24,354.0,1.0,0
0.0,0.0,28.0,45.0,1.0,4.5,348.95500000000004,17.94,644.0,2.0,1
0.0,0.0,-43.0,7.0,0.0,8.0,348.95500000000004,17.8,657.0,1.0,0
0.0,0.0,-16.0,16.0,0.0,4.0,310.25,31.46,347.5,1.0,1
0.0,0.0,-13.0,15.0,0.0,2.0,297.79,18.79,713.0,1.0,0
0.0,0.0,14.0,33.0,1.0,4.0,348.95500000000004,38.51,3611.0,4.0,1
0.0,0.0,-11.0,10.0,0.0,3.0,224.98,12.98,236.0,1.0,0
0.0,0.0,-20.0,7.0,0.0,9.0,348.95500000000004,38.94,604.0,1.0,0
0.0,0.0,-21.0,11.0,0.0,4.0,348.95500000000004,26.89,361.0,1.0,0
0.0,0.0,-17.0,12.0,0.0,1.0,249.49,19.49,677.0,1.0,0
0.0,0.0,-17.0,5.0,0.0,3.0,238.12,38.94,925.0,2.0,0
0.0,0.0,31.0,67.0,1.0,1.0,348.95500000000004,37.27,982.0,3.0,0
0.0,0.0,-15.0,6.0,0.0,5.0,283.88,13.98,1351.0,7.0,0
0.0,0.0,-4.0,30.0,0.0,3.0,250.51,38.94,575.0,2.0,0
0.0,0.0,-14.0,14.0,0.0,1.0,348.95500000000004,25.59,872.0,2.0,0
0.0,0.0,-4.0,30.0,0.0,1.0,246.29,34.489999999999995,259.0,1.0,0
0.0,0.0,30.0,59.0,1.0,3.0,207.57,18.57,353.0,7.0,1
0.0,0.0,-12.0,14.0,0.0,1.0,348.95500000000004,38.94,345.5,1.0,0
0.0,0.0,-10.0,8.0,0.0,8.0,270.67,24.05,1246.0,1.0,0
0.0,0.0,-2.0,10.0,0.0,8.0,209.21,10.21,784.0,1.0,0
0.0,0.0,-26.0,8.0,0.0,2.0,348.95500000000004,38.94,753.0,2.0,0
0.0,0.0,-21.0,8.0,0.0,8.0,348.95500000000004,38.94,217.0,3.0,0
0.0,0.0,-19.0,15.0,0.0,8.0,341.02,17.02,795.0,1.0,0
0.0,0.0,0.0,22.0,0.0,1.0,348.95500000000004,25.66,3014.0,6.0,0
0.0,0.0,5.0,29.0,1.0,5.0,348.95500000000004,38.94,395.0,2.0,1
0.0,0.0,-13.0,8.0,0.0,10.0,228.28,30.88,874.0,5.0,0
0.0,0.0,-11.0,10.0,0.0,5.0,224.72,13.82,617.0,2.0,0
0.0,0.0,-23.0,9.0,0.0,2.0,348.95500000000004,38.94,1211.0,5.0,0
0.0,0.0,-42.0,23.0,0.0,6.0,337.42,38.94,1226.0,4.0,0
0.0,0.0,7.0,35.0,1.0,6.0,318.32,38.94,462.0,1.0,1
0.0,0.0,-14.0,4.0,0.0,1.0,348.95500000000004,22.28,383.0,1.0,0
0.0,0.0,0.0,26.0,0.0,8.0,348.95500000000004,20.19,885.0,4.0,0
0.0,0.0,-22.0,8.0,0.0,6.0,348.95500000000004,26.62,900.0,1.0,0
0.0,0.0,1.0,30.0,1.0,2.0,197.73,17.83,1177.0,5.0,1
0.0,0.0,-11.0,12.0,0.0,10.0,348.95500000000004,38.94,1108.0,1.0,0
0.0,0.0,-23.0,8.0,0.0,3.0,302.27,38.94,536.0,1.0,0
0.0,0.0,-16.0,10.0,0.0,8.0,348.95500000000004,23.39,1387.0,1.0,0
0.0,0.0,-20.0,19.0,0.0,3.5,306.76,36.76,1118.0,5.0,0
0.0,0.0,-8.0,5.0,0.0,1.0,235.64,15.74,289.0,1.0,0
0.0,0.0,-22.0,15.0,0.0,8.0,348.95500000000004,38.94,582.0,1.0,0
0.0,0.0,-22.0,12.0,0.0,1.0,348.95500000000004,38.94,485.0,5.0,1
0.0,0.0,-21.0,19.0,0.0,5.0,348.95500000000004,29.96,870.0,2.0,0
0.0,0.0,-10.0,1.0,0.0,8.0,348.95500000000004,38.94,455.0,3.0,0
0.0,0.0,-16.0,7.0,0.0,1.0,348.95500000000004,38.94,394.0,2.0,0
0.0,0.0,-13.0,10.0,0.0,15.0,348.95500000000004,38.94,96.0,1.0,0
0.0,0.0,-5.0,8.0,0.0,1.0,284.79,16.79,512.0,1.0,0
0.0,0.0,-14.0,7.0,0.0,4.0,220.04,38.94,1350.5,1.5,0
0.0,0.0,-20.0,4.0,0.0,10.0,297.71,17.72,819.0,4.0,0
0.0,0.0,-16.0,13.0,0.0,1.0,348.95500000000004,35.32,1885.0,1.0,0
0.0,0.0,2.0,22.0,1.0,2.0,303.87,38.94,1536.0,3.0,0
0.0,0.0,-14.0,8.0,0.0,2.0,205.28,27.28,203.0,2.0,0
0.0,0.0,-15.0,7.0,0.0,8.0,342.07,38.94,257.0,1.0,0
0.0,0.0,2.0,24.0,1.0,5.0,348.95500000000004,38.94,197.0,1.0,1
0.0,0.0,-22.0,8.0,0.0,4.0,294.31,33.82,510.0,1.0,1
0.0,0.0,-6.0,3.0,0.0,10.0,348.95500000000004,19.66,463.0,1.5,0
0.0,0.0,-28.0,21.0,0.0,10.0,348.95500000000004,18.0,451.0,6.0,0
0.0,0.0,-21.0,10.0,0.0,1.0,348.95500000000004,38.94,937.0,1.0,1
0.0,0.0,-7.0,6.0,0.0,4.0,348.95500000000004,38.94,698.0,3.0,0
0.0,0.0,-14.0,9.0,0.0,10.0,348.95500000000004,19.91,478.0,2.0,0
0.0,0.0,-24.0,4.0,0.0,4.0,348.95500000000004,38.94,2142.0,5.0,0
0.0,0.0,-7.0,25.0,0.0,1.0,317.76,17.86,2880.0,1.0,0
0.0,0.0,-6.0,17.0,0.0,2.0,261.46000000000004,22.47,494.0,1.0,0
0.0,0.0,-10.0,2.0,0.0,10.0,348.95500000000004,14.27,352.0,1.0,0
0.0,0.0,7.0,31.0,1.0,1.0,268.36,18.46,269.0,1.0,1
0.0,0.0,-21.0,5.0,0.0,1.0,348.95500000000004,38.94,326.5,1.75,1
0.0,0.0,-7.0,12.0,0.0,1.0,270.0,38.94,636.0,1.0,0
0.0,0.0,-20.0,9.0,0.0,2.0,276.59,26.59,1694.0,1.0,0
0.0,0.0,-15.0,8.0,0.0,1.0,348.95500000000004,26.22,3839.0,4.0,0
0.0,0.0,-29.0,10.0,0.0,4.0,264.34,38.94,301.0,2.0,0
0.0,0.0,-13.0,4.0,0.0,1.0,348.95500000000004,10.32,627.0,2.0,0
0.0,0.0,-26.0,9.0,0.0,8.0,216.64,17.64,330.0,1.0,0
0.0,0.0,-21.0,10.0,0.0,2.0,203.06,16.06,591.0,3.0,0
0.0,0.0,-14.0,3.0,0.0,6.0,311.1,11.11,823.0,2.0,0
0.0,0.0,-23.0,5.0,0.0,1.0,228.0,19.0,784.0,1.0,0
0.0,0.0,-15.0,21.0,0.0,4.0,296.1,38.94,586.0,6.0,0
0.0,0.0,-12.0,14.0,0.0,8.0,348.95500000000004,38.94,3632.0,4.0,0
0.0,0.0,-16.0,4.0,0.0,1.0,243.45,10.45,805.0,1.0,0
0.0,0.0,4.0,24.0,1.0,4.0,202.12,32.22,202.0,8.0,0
0.0,0.0,-8.0,25.0,0.0,4.0,314.26,38.94,1007.0,2.0,0
0.0,0.0,-13.0,10.0,0.0,1.0,221.79,21.89,298.0,1.0,0
0.0,0.0,-9.0,6.0,0.0,4.0,260.59,38.94,338.0,3.0,0
0.0,0.0,-14.0,16.0,0.0,1.0,348.95500000000004,38.94,625.0,1.0,0
0.0,0.0,-47.0,8.0,0.0,4.0,348.95500000000004,24.38,625.0,1.0,0
0.0,0.0,-10.0,14.0,0.0,7.0,348.95500000000004,22.25,792.0,3.0,0
0.0,0.0,-23.0,11.0,0.0,6.0,348.95500000000004,38.94,2370.0,2.0,0
0.0,0.0,-8.0,8.0,0.0,1.0,348.95500000000004,38.94,252.0,1.0,0
0.0,0.0,-15.0,16.0,0.0,10.0,348.95500000000004,38.94,951.0,1.0,1
0.0,0.0,-19.0,8.0,0.0,6.0,348.95500000000004,21.84,452.0,1.0,0
0.0,0.0,1.0,34.0,1.0,6.0,348.95500000000004,17.22,1100.0,1.0,1
0.0,0.0,-15.0,25.0,0.0,12.0,286.64,16.64,293.0,1.0,0
0.0,0.0,-13.0,6.0,0.0,4.0,287.77,37.77,771.0,1.0,0
0.0,0.0,-14.0,14.0,0.0,1.0,348.95500000000004,38.94,584.5,1.0,1
0.0,0.0,-11.0,33.0,0.0,1.0,348.95500000000004,38.94,450.0,1.0,0
0.0,0.0,-9.0,7.0,0.0,4.0,348.95500000000004,38.94,963.0,1.0,0
0.0,0.0,-8.0,16.0,0.0,10.0,249.08,17.38,594.0,1.0,0
0.0,0.0,-7.0,16.0,0.0,5.0,348.95500000000004,38.94,3632.0,4.0,0
0.0,0.0,-16.0,9.0,0.0,1.0,321.82,26.82,408.0,1.0,0
0.0,0.0,-2.0,22.0,0.0,1.0,208.8,18.9,1177.0,5.0,0
0.0,0.0,-17.0,6.0,0.0,5.0,348.95500000000004,34.900000000000006,491.5,1.0,0
0.0,0.0,-28.0,9.0,0.0,1.0,348.95500000000004,23.52,1426.0,1.0,0
0.0,0.0,-6.0,13.0,0.0,8.0,250.14,16.39,692.0,1.0,0
0.0,0.0,-3.0,20.0,0.0,1.0,226.88,38.94,790.0,5.0,0
0.0,0.0,-27.0,8.0,0.0,6.0,348.95500000000004,22.74,650.0,2.0,0
0.0,0.0,-25.0,8.0,0.0,3.0,252.42,32.42,865.0,3.0,0
0.0,0.0,-9.0,7.0,0.0,6.0,348.95500000000004,15.45,1147.0,1.0,0
0.0,0.0,-25.0,5.0,0.0,1.0,348.95500000000004,38.94,2040.5,1.5,0
0.0,0.0,-4.0,22.0,0.0,1.0,214.83,30.79,278.0,1.0,0
0.0,0.0,-11.0,17.0,0.0,1.0,267.0,18.0,326.0,1.0,0
0.0,0.0,-6.0,2.0,0.0,3.0,241.92,23.94,189.0,1.0,0
0.0,0.0,-18.0,7.0,0.0,8.0,252.44,38.94,708.0,2.0,0
0.0,0.0,-31.0,5.0,0.0,1.5,217.36,17.37,214.0,3.0,0
0.0,0.0,-15.0,8.0,0.0,1.0,239.44,20.44,1885.0,1.0,0
0.0,0.0,-8.0,2.0,0.0,10.0,348.95500000000004,38.94,925.0,5.0,0
0.0,0.0,-16.0,11.0,0.0,7.0,250.91,38.94,162.0,4.0,0
0.0,0.0,-6.0,7.0,0.0,9.0,270.61,37.71,537.0,2.0,0
0.0,0.0,-16.0,10.0,0.0,1.0,348.95500000000004,38.94,1374.0,3.0,0
0.0,0.0,-13.0,15.0,0.0,1.0,224.27,24.27,283.0,3.0,0
0.0,0.0,-34.0,12.0,0.0,6.0,328.82,38.94,612.0,4.0,1
0.0,0.0,-21.0,4.0,0.0,6.0,327.7,20.4,594.0,3.0,0
0.0,0.0,-13.0,9.0,0.0,10.0,348.95500000000004,38.94,1053.0,2.0,0
0.0,0.0,-10.0,14.0,0.0,3.0,348.95500000000004,38.94,625.0,1.0,0
0.0,0.0,-14.0,9.0,0.0,1.0,348.95500000000004,38.94,1520.0,2.0,0
0.0,0.0,-6.0,12.0,0.0,1.0,205.99,16.09,1956.0,5.0,0
0.0,0.0,-10.0,21.0,0.0,3.0,348.95500000000004,38.94,875.0,1.0,0
0.0,0.0,-20.0,8.0,0.0,4.0,348.95500000000004,26.13,912.0,2.0,0
0.0,0.0,-16.0,9.0,0.0,1.0,215.76,36.76,595.0,1.0,0
0.0,0.0,-8.0,20.0,0.0,4.0,348.95500000000004,18.87,623.0,1.0,1
0.0,0.0,-11.0,7.0,0.0,4.0,327.94,28.14,518.0,1.0,1
0.0,0.0,-15.0,13.0,0.0,10.0,348.95500000000004,16.18,625.0,1.0,0
0.0,0.0,-5.0,4.0,0.0,8.0,348.95500000000004,29.1,263.0,6.0,0
0.0,0.0,-20.0,2.0,0.0,8.0,348.95500000000004,13.41,273.0,1.0,0
0.0,0.0,-4.0,20.0,0.0,8.0,348.95500000000004,38.94,805.0,1.0,0
0.0,0.0,-33.0,7.0,0.0,8.0,266.5,38.94,189.0,1.0,0
0.0,0.0,-14.0,5.0,0.0,1.0,197.58,8.58,312.0,2.0,0
0.0,0.0,-10.0,9.0,0.0,3.0,322.89,22.9,422.0,5.0,0
0.0,0.0,-25.0,9.0,0.0,3.0,310.18,38.94,582.0,1.0,0
0.0,0.0,-12.0,6.0,0.0,3.0,262.68,34.68,771.0,1.0,0
0.0,0.0,13.0,35.0,1.0,6.0,337.2,18.2,389.0,1.0,1
0.0,0.0,-14.0,10.0,0.0,10.0,348.95500000000004,38.94,1091.0,1.0,0
0.0,0.0,-6.0,8.0,0.0,5.0,348.95500000000004,24.7,1502.0,2.0,0
0.0,0.0,-26.0,14.0,0.0,1.0,247.21,38.94,1177.0,5.0,0
0.0,0.0,-20.0,6.0,0.0,1.0,292.68,32.88,1735.0,5.0,0
0.0,0.0,-13.0,7.0,0.0,9.0,317.34,18.34,521.0,1.0,0
0.0,0.0,-17.0,10.0,0.0,7.0,348.95500000000004,19.7,780.0,2.0,0
0.0,0.0,-10.0,15.0,0.0,6.0,306.97,22.07,606.0,2.0,0
0.0,0.0,-17.0,25.0,0.0,1.0,348.95500000000004,38.94,1180.0,1.0,1
0.0,0.0,-20.0,16.0,0.0,10.0,348.95500000000004,31.98,625.0,1.0,0
0.0,0.0,-21.0,3.0,0.0,4.0,320.79,30.81,1660.5,3.0,0
0.0,0.0,-22.0,14.0,0.0,1.0,348.95500000000004,18.0,246.5,1.0,0
0.0,0.0,-27.0,7.0,0.0,10.0,281.12,38.94,529.0,1.0,0
0.0,0.0,-12.0,18.0,0.0,10.0,348.95500000000004,18.5,876.0,2.0,0
0.0,0.0,-14.0,13.0,0.0,1.0,348.95500000000004,33.54,217.0,3.0,0
0.0,0.0,16.0,48.0,1.0,6.0,348.95500000000004,26.01,1455.0,1.0,1
0.0,0.0,-22.0,12.0,0.0,3.0,189.84,38.94,1893.0,1.0,0
0.0,0.0,-17.0,8.0,0.0,8.0,348.95500000000004,20.94,1701.0,2.0,0
0.0,0.0,-13.0,7.0,0.0,4.0,348.95500000000004,17.51,903.0,1.0,0
0.0,0.0,-14.0,11.0,0.0,1.0,348.95500000000004,38.94,1279.0,4.0,0
0.0,0.0,-22.0,11.0,0.0,1.0,256.11,18.11,863.0,3.0,0
0.0,0.0,-20.0,12.0,0.0,2.0,283.8,38.94,417.0,2.0,0
0.0,0.0,-13.0,7.0,0.0,8.0,348.95500000000004,38.94,3863.0,5.0,0
0.0,0.0,-10.0,1.0,0.0,10.0,244.15,14.16,1001.0,1.0,0
0.0,0.0,-9.0,20.0,0.0,3.0,235.06,25.07,516.0,1.0,0
0.0,0.0,-21.0,14.0,0.0,1.0,303.99,23.05,837.0,1.0,0
0.0,0.0,1.0,14.0,1.0,1.0,348.95500000000004,21.3,636.0,1.0,1
0.0,0.0,-14.0,7.0,0.0,3.0,348.95500000000004,38.94,1052.0,1.0,0
0.0,0.0,-13.0,11.0,0.0,1.0,267.02,38.94,235.0,1.0,0
0.0,0.0,-20.0,7.0,0.0,2.0,335.48,38.94,1002.0,3.0,0
0.0,0.0,-12.0,16.0,0.0,4.0,292.24,38.94,2231.0,3.0,0
0.0,0.0,-16.0,7.0,0.0,2.0,348.95500000000004,38.94,815.0,1.0,1
0.0,0.0,-11.0,9.0,0.0,8.0,305.78,15.79,1493.0,4.0,0
0.0,0.0,-12.0,17.0,0.0,1.0,348.95500000000004,37.57,384.5,3.0,0
0.0,0.0,-24.0,8.0,0.0,2.0,189.42,29.52,325.0,1.0,0
0.0,0.0,-13.0,4.0,0.0,4.0,335.47,10.47,2644.0,6.0,0
0.0,0.0,-17.0,11.0,0.0,1.0,334.45,35.45,1228.0,2.0,0
0.0,0.0,-1.0,21.0,0.0,3.0,348.95500000000004,31.58,3084.0,5.0,0
0.0,0.0,-2.0,21.0,0.0,1.0,348.95500000000004,38.94,1868.0,1.0,0
0.0,0.0,0.0,2.0,0.0,1.0,348.95500000000004,38.94,228.0,1.0,0
0.0,0.0,-11.0,20.0,0.0,2.0,330.76,21.0,583.0,1.0,0
0.0,0.0,-10.0,4.0,0.0,1.0,207.95,9.95,1108.0,3.0,0
0.0,0.0,-2.0,5.0,0.0,10.0,348.95500000000004,18.6,3014.0,6.0,0
0.0,0.0,-13.0,17.0,0.0,1.0,228.71,18.72,940.0,1.0,0
0.0,0.0,0.0,24.0,0.0,10.0,314.84,15.84,156.0,1.0,1
0.0,0.0,-23.0,10.0,0.0,2.0,220.64,20.74,852.0,1.0,0
0.0,0.0,-32.0,9.0,0.0,4.0,237.26,37.26,621.0,1.0,0
0.0,0.0,-2.0,23.0,0.0,3.0,348.95500000000004,38.94,287.0,3.0,0
0.0,0.0,-16.0,7.0,0.0,10.0,348.95500000000004,15.6,1392.0,1.0,0
0.0,0.0,6.0,28.0,1.0,3.0,348.95500000000004,38.94,287.0,3.0,0
0.0,0.0,-15.0,20.0,0.0,1.0,201.65,21.75,795.0,1.0,0
0.0,0.0,-15.0,9.0,0.0,10.0,348.95500000000004,38.94,1123.0,1.0,0
0.0,0.0,-16.0,11.0,0.0,4.5,348.95500000000004,38.94,3611.0,4.0,0
0.0,0.0,17.0,44.0,1.0,10.0,348.95500000000004,18.91,899.0,3.0,1
0.0,0.0,-12.0,8.0,0.0,1.0,335.18,25.18,327.0,1.0,0
0.0,0.0,-4.0,30.0,0.0,1.0,348.95500000000004,11.19,555.0,2.0,0
0.0,0.0,-28.0,8.0,0.0,1.0,283.02,19.1,1042.0,1.0,0
0.0,0.0,-13.0,14.0,0.0,4.0,266.5,16.51,982.0,2.0,1
0.0,0.0,-16.0,15.0,0.0,10.0,348.95500000000004,18.38,1087.0,7.0,0
0.0,0.0,-14.0,8.0,0.0,1.0,214.04,38.94,829.0,1.0,1
0.0,0.0,-7.0,3.0,0.0,9.0,348.95500000000004,37.42,758.0,6.5,1
0.0,0.0,-7.0,21.0,0.0,10.0,188.65,21.66,1620.0,1.0,0
0.0,0.0,-13.0,18.0,0.0,5.0,348.95500000000004,26.69,1657.0,6.0,0
0.0,0.0,-9.0,18.0,0.0,1.0,348.95500000000004,35.96,1155.0,1.0,0
0.0,0.0,-12.0,14.0,0.0,2.0,348.07,23.07,2644.0,6.0,0
0.0,0.0,-28.0,12.0,0.0,6.0,340.81,38.94,582.0,1.0,0
0.0,0.0,-20.0,14.0,0.0,5.0,296.86,38.94,2235.0,1.0,0
0.0,0.0,-15.0,10.0,0.0,4.0,319.37,19.38,1892.0,4.0,0
0.0,0.0,-4.0,21.0,0.0,8.0,254.98,35.08,267.0,1.0,0
0.0,0.0,-13.0,5.0,0.0,1.0,220.28,16.28,847.0,2.0,0
0.0,0.0,-27.0,10.0,0.0,1.0,348.95500000000004,33.98,3358.0,3.0,0
0.0,0.0,-2.0,31.0,0.0,1.0,348.95500000000004,28.99,625.0,1.0,0
0.0,0.0,-16.0,6.0,0.0,4.0,305.89,38.94,437.6,1.4,1
0.0,0.0,-16.0,8.0,0.0,4.0,296.12,36.32,739.0,4.0,0
0.0,0.0,-8.0,17.0,0.0,10.0,233.46,38.94,341.0,2.0,0
0.0,0.0,-16.0,10.0,0.0,10.0,348.95500000000004,22.74,1547.0,2.0,1
0.0,0.0,-28.0,9.0,0.0,8.0,348.95500000000004,25.58,700.0,1.0,0
0.0,0.0,-11.0,24.0,0.0,10.0,313.4,33.4,1273.0,5.0,0
0.0,0.0,-11.0,10.0,0.0,8.0,294.06,28.1,1202.0,1.0,1
0.0,0.0,-14.0,7.0,0.0,10.0,348.95500000000004,17.79,1801.0,6.0,0
0.0,0.0,0.0,19.0,0.0,1.0,301.0,12.0,1650.0,6.0,0
0.0,0.5,-8.0,19.0,0.0,1.0,418.0,52.709999999999994,455.75,2.0,1
0.0,0.0,-35.0,15.0,0.0,10.0,348.95500000000004,20.0,663.0,1.0,0
0.0,0.0,-7.0,18.0,0.0,5.0,348.95500000000004,31.16,1001.0,1.0,0
0.0,0.0,-21.0,11.0,0.0,4.0,257.65,38.94,3831.0,1.0,0
0.0,0.0,5.0,29.0,1.0,10.0,337.78,38.78,235.0,5.0,1
0.0,0.0,-8.0,2.0,0.0,1.0,249.16,9.26,422.0,7.0,0
0.0,0.0,-13.0,14.0,0.0,1.0,348.95500000000004,23.6,1286.0,1.0,1
0.0,0.0,-5.0,14.0,0.0,5.0,234.62,15.62,236.0,1.0,0
0.0,0.0,-3.0,18.0,0.0,10.0,320.53,38.94,87.0,3.0,0
0.0,0.0,-16.0,4.0,0.0,8.0,246.55,28.66,476.5,1.0,0
0.0,0.0,3.0,16.0,1.0,10.0,287.76,15.51,1687.0,1.0,0
0.0,0.0,-25.0,22.0,0.0,6.0,236.06,26.06,417.0,5.0,0
0.0,0.0,-22.0,3.0,0.0,1.0,314.76,38.94,587.6666666666666,1.0,1
0.0,0.0,-22.0,14.0,0.0,8.0,257.3,38.94,500.0,2.0,0
0.0,0.0,4.0,26.0,1.0,1.0,295.93,17.16,1051.0,1.0,1
0.0,0.0,-28.0,16.0,0.0,10.0,348.95500000000004,38.94,1746.0,1.0,0
0.0,0.0,-8.0,15.0,0.0,5.0,209.39,14.39,567.0,1.0,0
0.0,0.0,-2.0,10.0,0.0,8.0,348.95500000000004,15.96,1184.0,4.0,0
0.0,0.0,-27.0,3.0,0.0,8.0,312.37,38.94,601.0,3.0,1
0.0,0.0,-16.0,14.0,0.0,4.0,202.5,38.94,340.0,2.0,1
0.0,0.0,6.0,35.0,1.0,10.0,256.9,38.94,584.0,1.0,1
0.0,0.0,-7.0,25.0,0.0,3.0,230.12,38.94,2188.0,2.0,0
0.0,0.0,-9.0,7.0,0.0,4.0,268.07,9.07,55.0,1.0,0
0.0,0.0,-7.0,5.0,0.0,4.0,348.95500000000004,26.99,1868.0,1.0,0
0.0,0.0,-13.0,16.0,0.0,1.0,226.71,27.71,183.0,1.0,0
0.0,0.0,-7.0,5.0,0.0,1.0,348.95500000000004,11.11,911.0,3.0,0
0.0,0.0,-23.0,12.0,0.0,10.0,348.95500000000004,38.94,162.0,5.0,0
0.0,0.0,-14.0,12.0,0.0,1.0,342.22,22.73,881.0,1.0,0
0.0,0.0,-4.0,13.0,0.0,1.0,326.92,16.93,391.0,3.0,0
0.0,0.0,1.0,24.0,1.0,8.0,228.78,17.89,410.0,2.0,0
0.0,0.0,-17.0,12.0,0.0,1.0,323.68,38.94,526.0,2.0,0
0.0,0.0,-13.0,21.0,0.0,1.0,226.35,16.35,632.0,1.0,1
0.0,0.0,-8.0,9.0,0.0,2.0,293.46,13.46,820.0,1.0,0
0.0,0.0,-13.0,17.0,0.0,10.0,251.63,38.94,597.0,1.0,0
0.0,0.0,-15.0,3.0,0.0,24.0,348.95500000000004,30.64,217.0,3.0,1
0.0,0.0,12.0,48.0,1.0,3.0,220.58,38.94,1893.0,1.0,1
0.0,0.0,19.0,49.0,1.0,4.0,348.95500000000004,30.58,523.0,1.0,1
0.0,0.0,-13.0,18.0,0.0,5.0,348.95500000000004,38.94,512.0,6.0,0
0.0,0.0,-15.0,3.0,0.0,10.0,294.66,9.76,528.0,2.0,0
0.0,0.0,-34.0,10.0,0.0,8.0,239.72,29.73,516.0,1.0,0
0.0,0.0,-33.0,10.0,0.0,2.0,229.28,38.94,179.0,1.0,0
0.0,0.0,-16.0,12.0,0.0,5.0,231.27,26.27,162.0,5.0,0
0.0,0.0,2.0,27.0,1.0,1.0,348.95500000000004,38.94,1247.0,6.0,0
0.0,0.0,-33.0,9.0,0.0,2.0,280.89,20.99,844.0,3.0,1
0.0,0.0,0.0,31.0,0.0,1.0,190.33,20.43,815.0,4.0,0
0.0,0.0,-11.0,11.0,0.0,8.0,348.95500000000004,38.94,3610.0,4.0,0
0.0,0.0,1.0,19.0,1.0,1.0,348.95500000000004,38.94,696.0,1.0,1
0.0,0.0,-3.0,18.0,0.0,5.0,270.15,38.94,252.0,1.0,0
0.0,0.0,-14.0,6.0,0.0,1.0,348.95500000000004,34.72,1507.0,4.0,0
0.0,0.0,-10.0,8.0,0.0,6.0,348.95500000000004,19.79,900.0,1.0,0
0.0,0.0,-2.0,4.0,0.0,1.0,317.39,17.4,1243.0,4.0,0
0.0,0.0,-8.0,19.0,0.0,10.0,348.95500000000004,38.94,122.5,1.0,1
0.0,0.0,-1.0,24.0,0.0,3.0,304.69,38.94,270.0,5.0,0
0.0,0.0,-13.0,15.0,0.0,1.0,292.37,22.38,735.0,2.0,0
0.0,0.0,-9.0,17.0,0.0,10.0,348.95500000000004,38.94,936.0,2.0,0
0.0,0.0,-7.0,7.0,0.0,1.0,327.47,38.94,516.0,1.0,0
0.0,0.0,-34.0,4.0,0.0,5.0,348.95500000000004,37.94,115.0,1.0,1
0.0,0.0,0.0,21.0,0.0,1.0,348.95500000000004,38.7,1303.0,2.0,0
0.0,0.0,-8.0,17.0,0.0,1.0,192.0,16.99,729.0,1.0,0
0.0,0.0,-19.0,11.0,0.0,10.0,348.95500000000004,38.94,349.0,1.0,0
0.0,0.0,-10.0,6.0,0.0,1.0,244.15,14.16,933.0,1.0,0
0.0,0.0,-21.0,20.0,0.0,2.0,219.36,38.94,1128.0,1.0,0
0.0,0.0,-15.0,9.0,0.0,6.0,348.95500000000004,21.3,1485.0,1.0,0
0.0,0.0,-12.0,16.0,0.0,1.0,288.52,29.32,154.0,1.0,0
0.0,0.0,-5.0,7.0,0.0,8.0,348.95500000000004,38.94,1726.0,5.0,1
0.0,0.0,-21.0,11.0,0.0,1.0,224.16,36.66,2165.0,1.0,0
0.0,0.0,-10.0,6.0,0.0,8.0,348.95500000000004,38.94,591.0,3.0,0
0.0,0.0,-15.0,12.0,0.0,10.0,241.5,38.94,996.0,1.0,0
0.0,0.0,-10.0,6.0,0.0,8.0,245.27,18.32,620.0,1.0,0
0.0,0.0,-18.0,6.0,0.0,1.0,319.11,38.94,266.0,3.0,0
0.0,0.0,-15.0,29.0,0.0,10.0,348.95500000000004,38.94,534.0,3.0,0
0.0,0.0,-13.0,3.0,0.0,3.0,340.07,10.07,2644.0,6.0,0
0.0,0.0,-11.0,5.0,0.0,1.0,327.96,20.98,1912.0,4.0,0
0.0,0.0,-10.0,18.0,0.0,1.0,348.95500000000004,38.94,1460.0,6.0,0
0.0,0.0,-20.0,8.0,0.0,8.0,348.95500000000004,22.45,676.0,3.0,0
0.0,0.0,-17.0,12.0,0.0,5.0,287.76,37.77,748.0,2.0,0
0.0,0.0,7.0,36.0,1.0,1.0,348.95500000000004,38.94,1135.0,5.0,0
0.0,0.0,-14.0,12.0,0.0,3.0,348.95500000000004,38.94,1279.0,4.0,0
0.0,0.0,-8.0,11.0,0.0,3.0,227.17,18.17,957.0,3.0,0
0.0,0.0,-22.0,9.0,0.0,10.0,348.95500000000004,38.94,796.0,3.0,0
0.0,0.0,-14.0,11.0,0.0,8.0,327.8,12.81,1030.0,1.0,0
0.0,0.0,-20.0,10.0,0.0,3.0,343.9,38.94,425.0,1.0,0
0.0,0.0,-12.0,16.0,0.0,1.0,303.76,38.94,1118.0,1.0,1
0.0,0.0,-8.0,14.0,0.0,1.0,348.95500000000004,38.94,238.0,1.0,0
0.0,0.0,14.0,46.0,1.0,9.0,348.95500000000004,31.09,912.0,2.0,1
0.0,0.0,2.0,32.0,1.0,8.0,348.95500000000004,25.56,623.0,1.0,1
0.0,0.0,-14.0,13.0,0.0,6.0,348.95500000000004,38.94,616.0,1.0,0
0.0,0.0,-10.0,17.0,0.0,1.0,237.98,38.94,1135.0,1.0,0
0.0,0.0,-13.0,8.0,0.0,10.0,348.95500000000004,22.15,1801.0,6.0,0
0.0,0.0,-7.0,13.0,0.0,8.0,348.95500000000004,37.54,1176.0,3.0,0
0.0,0.0,-15.0,8.0,0.0,9.0,348.95500000000004,38.94,1174.0,1.0,0
0.0,0.0,-6.0,22.0,0.0,1.0,206.14,34.34,421.0,1.0,0
0.0,0.0,-9.0,5.0,0.0,1.0,233.84,8.84,134.0,1.0,0
0.0,0.0,-24.0,22.0,0.0,1.0,348.95500000000004,38.94,955.0,1.0,1
0.0,0.0,-7.0,4.0,0.0,2.0,274.38,14.48,650.0,1.0,0
0.0,0.0,-9.0,6.0,0.0,4.0,348.95500000000004,30.08,162.0,5.0,0
0.0,0.0,-4.0,30.0,0.0,7.0,348.95500000000004,34.05,862.0,1.0,0
0.0,0.0,-14.0,9.0,0.0,1.0,306.11,37.11,1817.5,5.5,0
0.0,0.0,3.0,28.0,1.0,4.0,201.65,21.75,797.0,1.0,1
0.0,0.0,-21.0,6.0,0.0,1.0,234.6,38.94,707.0,1.0,1
0.0,0.0,-11.0,5.0,0.0,5.0,254.28,38.94,960.0,2.0,0
0.0,0.0,-5.0,21.0,0.0,1.0,348.95500000000004,33.83,3632.0,4.0,0
0.0,0.0,-32.0,6.0,0.0,4.0,348.95500000000004,18.63,1384.0,5.0,0
0.0,0.0,-14.0,8.0,0.0,3.0,248.7,38.94,1305.5,3.0,0
0.0,0.0,-15.0,6.0,0.0,10.0,348.95500000000004,38.94,728.0,1.0,1
0.0,0.0,-25.0,7.0,0.0,3.0,286.66,26.66,735.0,2.0,0
0.0,0.0,-14.0,9.0,0.0,4.0,282.6,38.94,940.0,4.0,0
0.0,0.0,-11.0,4.0,0.0,1.0,232.67,23.869999999999997,1107.0,8.0,1
0.0,0.0,6.0,27.0,1.0,1.0,232.39,24.39,821.0,1.0,0
0.0,0.0,-23.0,15.0,0.0,3.0,348.95500000000004,38.94,953.0,1.0,0
0.0,0.0,-27.0,13.0,0.0,4.0,272.23,17.23,262.0,1.0,1
0.0,0.0,-1.0,11.0,0.0,5.0,302.37,38.94,674.0,1.0,0
0.0,0.0,-18.0,3.0,0.0,3.0,348.95500000000004,24.3,593.0,1.0,0
0.0,0.0,-24.0,12.0,0.0,10.0,348.95500000000004,28.0,347.0,1.0,1
0.0,0.0,-14.0,13.0,0.0,1.0,348.95500000000004,20.19,1642.0,10.0,0
0.0,0.0,-25.0,10.0,0.0,6.0,206.08,20.27,2455.0,2.0,0
0.0,0.0,-24.0,5.0,0.0,4.0,348.95500000000004,38.94,1386.0,1.0,0
0.0,0.0,41.0,74.0,1.0,1.0,288.43,38.44,572.0,3.0,1
0.0,0.0,-3.0,6.0,0.0,18.0,348.95500000000004,13.68,869.0,4.0,0
0.0,0.0,-6.0,12.0,0.0,8.0,238.01,14.01,582.0,1.0,0
0.0,0.0,-10.0,12.0,0.0,4.0,233.98,13.98,463.0,2.0,0
0.0,0.0,-11.0,19.0,0.0,2.0,317.53,18.53,649.0,3.0,0
0.0,0.0,-19.0,9.0,0.0,6.0,325.92,16.92,1026.0,3.0,0
0.0,0.0,-9.0,8.0,0.0,6.0,234.15,35.15,260.0,1.0,0
0.0,0.0,-7.0,18.0,0.0,5.0,348.95500000000004,35.76,1841.0,7.0,0
0.0,0.0,-15.0,13.0,0.0,3.0,348.95500000000004,21.74,913.0,3.0,0
0.0,0.0,0.0,7.0,0.0,8.0,240.35,10.36,410.0,1.0,0
0.0,0.0,-7.0,21.0,0.0,8.0,348.95500000000004,25.42,876.0,2.0,0
0.0,0.0,-5.0,20.0,0.0,4.0,348.95500000000004,38.94,1096.5,2.0,0
0.0,0.0,-20.0,5.0,0.0,10.0,309.12,16.22,355.0,1.0,0
0.0,0.0,-9.0,3.0,0.0,1.0,348.95500000000004,38.94,1369.0,2.0,0
0.0,0.0,-15.0,10.0,0.0,1.0,188.0,38.94,310.0,3.0,1
0.0,0.0,-19.0,8.0,0.0,10.0,348.95500000000004,26.25,556.0,1.0,0
0.0,0.0,-22.0,2.0,0.0,10.0,348.95500000000004,25.04,528.0,1.0,0
0.0,0.0,-13.0,14.0,0.0,4.0,348.95500000000004,38.94,600.0,1.0,0
0.0,0.0,-7.0,13.0,0.0,10.0,348.95500000000004,38.94,740.0,2.0,0
0.0,0.0,-10.0,4.0,0.0,6.0,348.95500000000004,38.94,1372.0,5.0,0
0.0,0.0,6.0,48.0,1.0,6.0,348.95500000000004,38.94,468.0,1.0,1
0.0,0.0,-9.0,3.0,0.0,10.0,348.95500000000004,13.51,589.0,2.0,0
0.0,0.0,-15.0,9.0,0.0,8.0,304.14,19.24,335.0,3.0,0
0.0,0.0,-7.0,19.0,0.0,2.0,348.95500000000004,24.59,867.0,3.0,1
0.0,0.0,-7.0,12.0,0.0,4.0,226.38,38.94,509.0,2.0,0
0.0,0.0,-1.0,31.0,0.0,1.0,280.27,31.27,214.0,1.0,1
0.0,0.0,-14.0,13.0,0.0,1.0,278.16,18.26,1665.0,1.0,0
0.0,0.0,-16.0,16.0,0.0,2.0,348.95500000000004,38.94,2716.0,1.0,1
0.0,0.0,-12.0,8.0,0.0,6.0,280.63,38.94,603.0,1.0,0
0.0,0.0,-15.0,7.0,0.0,8.0,348.95500000000004,15.9,623.0,1.0,0
0.0,0.0,-4.0,27.0,0.0,10.0,348.95500000000004,38.94,463.0,1.0,1
0.0,0.0,-6.0,31.0,0.0,1.0,237.53,38.53,1244.0,1.0,0
0.0,0.0,-3.0,20.0,0.0,4.0,312.49,38.94,771.0,1.0,0
0.0,0.0,-31.0,5.0,0.0,4.0,285.36,35.56,3184.0,1.0,0
0.0,0.0,-10.0,1.0,0.0,8.0,348.95500000000004,38.94,339.0,5.0,0
0.0,0.0,-6.0,15.0,0.0,9.0,232.97,13.97,570.0,2.0,0
0.0,0.0,-17.0,3.0,0.0,10.0,348.95500000000004,26.78,1793.0,10.0,0
0.0,0.0,25.0,62.0,1.0,8.0,283.62,38.94,500.0,1.0,1
0.0,0.0,0.0,21.0,0.0,1.0,348.95500000000004,12.99,1222.0,2.0,0
0.0,0.0,-25.0,11.0,0.0,10.0,348.95500000000004,38.94,248.5,1.0,0
0.0,0.0,-2.0,23.0,0.0,10.0,221.79,21.89,264.0,1.0,0
0.0,0.0,-4.0,9.0,0.0,4.0,253.68,25.68,731.0,6.0,0
0.0,0.0,-13.0,7.0,0.0,5.0,223.91,13.91,409.0,3.0,1
0.0,0.0,-6.0,17.0,0.0,2.0,348.95500000000004,38.94,667.0,3.0,0
0.0,0.0,-13.0,9.0,0.0,1.0,256.48,38.94,3481.0,1.0,0
0.0,0.0,-9.0,10.0,0.0,4.0,270.85,38.94,815.0,1.0,0
0.0,0.0,-5.0,34.0,0.0,10.0,348.95500000000004,29.3,625.0,1.0,0
0.0,0.0,-4.0,4.0,0.0,2.0,258.67,38.67,419.0,4.0,0
0.0,0.0,-10.0,3.0,0.0,4.0,348.95500000000004,16.86,788.0,4.0,0
0.0,0.0,-23.0,14.0,0.0,1.0,325.37,38.94,582.0,1.0,0
0.0,0.0,1.0,33.0,1.0,8.0,276.07,38.94,582.0,1.0,0
0.0,0.0,-21.0,7.0,0.0,2.5,270.84000000000003,20.94,1382.0,1.0,0
0.0,0.0,-14.0,8.0,0.0,10.0,248.85,18.86,988.0,2.0,0
0.0,0.0,-15.0,11.0,0.0,8.0,218.61,28.71,162.0,4.0,0
0.0,0.0,-23.0,17.0,0.0,3.0,265.14,35.15,729.0,2.0,0
0.0,0.0,-21.0,16.0,0.0,4.0,348.95500000000004,35.6,999.0,2.0,0
0.0,0.0,-21.0,6.0,0.0,3.0,348.95500000000004,38.94,463.0,5.0,0
0.0,0.0,-22.0,2.0,0.0,1.0,348.95500000000004,16.97,304.0,3.0,0
0.0,0.0,-23.0,15.0,0.0,2.0,249.08,31.28,947.0,1.0,0
0.0,0.0,-16.0,6.0,0.0,3.0,284.33,14.33,566.0,1.0,0
0.0,0.0,-14.0,10.0,0.0,1.0,340.05,25.049999999999997,3006.0,2.0,0
0.0,0.0,-15.0,12.0,0.0,3.0,348.95500000000004,38.94,2233.0,1.0,0
0.0,0.0,-14.0,23.0,0.0,6.0,323.07,38.94,1274.0,1.0,0
0.0,0.0,3.0,39.0,1.0,3.0,210.56,20.57,926.0,3.0,0
0.0,0.0,-9.0,3.0,0.0,10.0,348.95500000000004,18.15,1405.0,1.0,0
0.0,0.0,-14.0,18.0,0.0,10.0,348.95500000000004,38.94,214.0,1.0,0
0.0,0.0,-23.0,9.0,0.0,4.0,308.6,19.6,895.0,1.0,0
0.0,0.0,-7.0,16.0,0.0,10.0,312.44,36.44,263.0,1.0,0
0.0,0.0,-16.0,13.0,0.0,8.0,348.95500000000004,38.94,217.0,3.0,0
0.0,0.0,-18.0,7.0,0.0,1.0,320.58,21.58,2043.0,5.0,0
0.0,0.0,-7.0,8.0,0.0,1.0,236.7,16.06,919.0,1.0,1
0.0,0.0,-8.0,24.0,0.0,15.0,348.95500000000004,26.99,1949.0,4.0,0
0.0,0.0,5.0,21.0,1.0,3.0,348.95500000000004,26.87,2145.0,1.0,1
0.0,0.0,-6.0,26.0,0.0,4.0,243.4,38.94,559.0,1.0,0
0.0,0.0,-20.0,4.0,0.0,6.0,319.05,38.94,270.0,5.0,0
0.0,0.0,12.0,49.0,1.0,9.0,227.73,38.94,1350.0,1.0,1
0.0,0.0,-15.0,12.0,0.0,1.0,318.97,19.97,219.0,1.0,0
0.0,0.0,-18.0,12.0,0.0,1.0,194.0,17.0,805.0,1.0,0
0.0,0.0,-27.0,8.0,0.0,6.0,348.95500000000004,17.27,564.0,2.0,0
0.0,0.0,-12.0,7.0,0.0,1.0,348.95500000000004,25.1,1351.0,2.0,0
0.0,0.0,-7.0,14.0,0.0,10.0,348.95500000000004,18.91,329.0,1.0,0
0.0,0.0,-20.0,8.0,0.0,3.0,348.95500000000004,38.94,1275.0,2.0,1
0.0,0.0,-4.0,10.0,0.0,4.0,213.34,13.35,1336.0,1.0,0
0.0,0.0,-22.0,12.0,0.0,10.0,348.95500000000004,38.94,870.0,2.0,0
0.0,0.0,-10.0,16.0,0.0,8.0,348.95500000000004,22.14,513.0,1.0,0
0.0,0.0,-7.0,6.0,0.0,10.0,348.95500000000004,38.94,1199.0,10.0,0
0.0,0.0,0.0,7.0,0.0,1.0,279.04,9.14,1102.0,5.0,0
0.0,0.0,-12.0,10.0,0.0,8.0,348.95500000000004,21.45,613.0,3.0,0
0.0,0.0,-4.0,14.0,0.0,3.0,348.95500000000004,24.28,866.0,1.0,0
0.0,0.0,-14.0,16.0,0.0,8.0,243.36,38.94,1480.0,5.0,0
0.0,0.0,-4.0,23.0,0.0,1.0,348.95500000000004,21.51,327.0,1.0,1
0.0,0.0,-21.0,5.0,0.0,8.0,348.95500000000004,38.57,1828.0,2.0,0
0.0,0.0,-1.0,6.0,0.0,1.0,348.95500000000004,11.55,2412.0,4.0,0
0.0,0.0,-12.0,7.0,0.0,4.0,348.95500000000004,36.68,3814.0,2.0,0
0.0,0.0,8.0,37.0,1.0,10.0,348.95500000000004,38.94,2506.0,4.0,1
0.0,0.0,-14.0,5.0,0.0,1.0,229.06,38.94,1538.0,2.0,0
0.0,0.0,-27.0,11.0,0.0,1.0,276.65,19.05,378.0,1.0,0
0.0,0.0,-14.0,11.0,0.0,8.0,234.46,14.56,236.0,1.0,0
0.0,0.0,-10.0,25.0,0.0,8.0,348.95500000000004,38.36,966.0,1.0,0
0.0,0.0,-9.0,13.0,0.0,4.0,227.47,27.48,629.0,3.0,1
0.0,0.0,-13.0,15.0,0.0,10.0,258.16,38.94,1348.0,1.0,1
0.0,0.0,-27.0,9.0,0.0,1.0,348.95500000000004,20.55,1056.0,1.0,0
0.0,0.0,-11.0,2.0,0.0,10.0,293.07,10.31,698.0,1.0,0
0.0,0.0,-19.0,6.0,0.0,9.0,348.95500000000004,38.94,611.5,1.0,0
0.0,0.0,-14.0,5.0,0.0,5.0,348.95500000000004,31.09,2824.0,5.0,0
0.0,0.0,-15.0,6.0,0.0,1.0,348.95500000000004,38.94,184.0,1.0,0
0.0,0.0,-6.0,10.0,0.0,3.0,217.8,38.94,606.0,2.0,0
0.0,0.0,-22.0,12.0,0.0,3.0,184.83,15.93,634.0,2.0,0
0.0,0.0,-19.0,5.0,0.0,6.0,348.95500000000004,37.37,2130.0,4.0,0
0.0,0.0,-11.0,11.0,0.0,5.5,321.58000000000004,22.58,2087.0,3.0,0
0.0,0.0,-7.0,24.0,0.0,1.0,259.68,38.94,1085.0,2.0,0
0.0,0.0,0.0,25.0,0.0,4.0,193.57,17.67,501.0,1.0,0
0.0,0.0,-13.0,4.0,0.0,1.0,348.95500000000004,18.61,1500.0,2.0,0
0.0,0.0,-7.0,7.0,0.0,6.0,348.95500000000004,36.0,1403.0,1.0,0
0.0,0.0,-5.0,20.0,0.0,4.0,282.53,33.53,1194.0,1.0,0
0.0,0.0,-21.0,8.0,0.0,10.0,339.09,20.11,2304.0,4.0,0
0.0,0.0,-5.0,14.0,0.0,7.0,206.87,26.88,2188.0,2.0,0
0.0,0.0,-11.0,10.0,0.0,8.0,348.95500000000004,38.94,1199.0,10.0,0
0.0,0.0,-29.0,10.0,0.0,1.0,221.89,21.89,1457.0,1.0,0
0.0,0.0,-15.0,15.0,0.0,10.0,348.95500000000004,38.94,545.0,6.0,0
0.0,0.0,-19.0,7.0,0.0,1.0,205.05,17.08,547.0,3.0,0
0.0,0.0,25.0,47.0,1.0,8.0,241.22,16.32,582.0,1.0,1
0.0,0.0,-20.0,9.0,0.0,3.5,348.95500000000004,38.94,422.0,5.0,0
0.0,0.0,-5.0,8.0,0.0,3.0,204.45,24.55,2268.0,1.0,1
0.0,0.0,0.0,34.0,0.0,1.0,348.95500000000004,37.27,982.0,3.0,0
0.0,0.0,-7.0,6.0,0.0,1.0,310.29,30.39,2250.0,1.0,1
0.0,0.0,-3.0,10.0,0.0,1.0,348.95500000000004,38.94,452.0,1.0,1
0.0,0.0,-13.0,7.0,0.0,2.0,218.45,14.45,236.0,1.0,0
0.0,0.0,-13.0,9.0,0.0,10.0,348.95500000000004,20.04,3532.0,1.0,0
0.0,0.0,5.0,26.0,1.0,1.0,348.95500000000004,38.51,3407.0,5.0,1
0.0,0.0,-30.0,5.0,0.0,1.0,348.95500000000004,23.23,1064.0,1.0,0
0.0,0.0,-1.0,17.0,0.0,1.0,201.54,16.05,2853.0,1.0,0
0.0,0.0,7.0,20.0,1.0,8.0,281.76,16.76,582.0,1.0,1
0.0,0.0,-22.0,8.0,0.0,10.0,346.88,38.94,674.0,1.0,0
0.0,0.0,-15.0,6.0,0.0,10.0,241.39,38.94,259.0,2.0,0
0.0,0.0,-2.0,37.0,0.0,1.0,213.64,38.94,606.0,2.0,1
0.0,0.0,-9.0,8.0,0.0,1.0,328.95,28.96,1851.0,8.0,0
0.0,0.0,0.0,5.0,0.0,1.0,270.47,10.57,1518.0,2.0,0
0.0,0.0,-6.0,26.0,0.0,3.0,348.95500000000004,38.94,648.0,2.0,1
0.0,0.0,-6.0,5.0,0.0,3.0,285.79,16.79,210.0,2.0,0
0.0,0.0,-7.0,13.0,0.0,1.0,193.46,18.47,511.0,6.0,0
0.0,0.0,-33.0,5.0,0.0,1.0,268.64,16.64,2055.0,1.0,0
0.0,0.0,-16.0,7.0,0.0,10.0,234.75,38.94,1118.0,1.0,0
0.0,0.0,-7.0,6.0,0.0,2.0,348.95500000000004,19.54,1727.0,1.0,0
0.0,0.0,-20.0,6.0,0.0,1.0,257.94,14.05,594.0,1.0,0
0.0,0.0,-16.0,15.0,0.0,1.0,348.95500000000004,38.94,1828.0,1.0,0
0.0,0.0,3.0,32.0,1.0,1.0,296.41,38.94,1193.0,2.0,0
0.0,0.0,-24.0,2.0,0.0,4.0,311.34,38.94,400.0,3.0,0
0.0,0.0,-13.0,8.0,0.0,10.0,348.95500000000004,12.99,1222.0,2.0,0
0.0,0.0,-17.0,12.0,0.0,1.0,303.2,33.4,332.0,1.0,1
0.5,0.5,-13.0,6.0,0.0,8.0,697.9100000000001,43.05,599.5,1.5,1
0.5,0.5,-10.0,23.0,0.0,5.5,697.9100000000001,77.88,551.0,1.0,0
0.0,0.0,-10.0,2.0,0.0,2.0,335.47,10.47,2644.0,6.0,0
0.0,0.0,-13.0,9.0,0.0,8.0,348.95500000000004,15.94,468.0,1.0,0
0.0,0.0,-5.0,20.0,0.0,8.0,348.95500000000004,28.8,872.0,2.0,1
0.0,0.0,-9.0,7.0,0.0,7.0,348.95500000000004,35.78,975.0,1.0,0
0.0,0.0,-6.0,16.0,0.0,1.0,348.95500000000004,38.38,579.0,1.0,0
0.0,0.0,-25.0,7.0,0.0,1.0,235.7,35.9,189.0,1.0,1
0.0,0.0,-5.0,27.0,0.0,10.0,348.95500000000004,38.94,1358.0,1.0,1
0.0,0.0,-3.0,18.0,0.0,10.0,247.23,17.24,934.0,1.0,0
0.0,0.0,4.0,27.0,1.0,1.0,339.79,24.79,738.0,5.0,1
0.0,0.0,-18.0,5.0,0.0,1.0,274.98,15.98,596.0,2.0,0
0.0,0.0,-16.0,14.0,0.0,1.0,348.95500000000004,28.82,1289.0,1.0,0
0.0,0.0,-8.0,3.0,0.0,1.0,348.95500000000004,17.02,2396.0,2.0,0
0.0,0.0,-15.0,11.0,0.0,1.0,296.03000000000003,16.13,616.0,1.0,0
0.0,0.0,-10.0,4.0,0.0,6.0,305.29,15.39,253.0,2.0,0
0.0,0.0,-6.0,26.0,0.0,4.0,268.88,38.94,289.0,1.0,0
0.0,0.0,8.0,39.0,1.0,2.0,222.68,18.68,236.0,1.0,1
0.0,0.0,-5.0,15.0,0.0,2.0,319.11,38.94,266.0,3.0,1
0.0,0.0,21.0,41.0,1.0,6.0,323.72,38.94,2524.0,1.0,1
0.0,0.0,-11.0,11.0,0.0,2.0,252.03,38.94,606.0,2.0,1
0.0,0.0,-9.0,4.0,0.0,10.0,348.95500000000004,38.94,400.0,1.0,1
0.0,0.0,22.0,41.0,1.0,3.0,252.95,38.94,541.0,3.0,1
0.0,0.0,-12.0,27.0,0.0,1.0,348.95500000000004,38.94,912.0,2.0,0
0.0,0.0,-28.0,6.0,0.0,8.0,348.95500000000004,18.21,625.0,1.0,0
0.0,0.0,-19.0,8.0,0.0,6.0,305.55,35.65,269.0,1.0,0
0.0,0.0,-11.0,17.0,0.0,1.0,348.95500000000004,38.94,1918.0,3.0,0
0.0,0.0,-5.0,21.0,0.0,3.0,305.77,16.77,1892.0,4.0,0
0.0,0.0,-9.0,13.0,0.0,1.0,254.06,38.94,1416.0,1.0,0
0.0,0.0,-16.0,9.0,0.0,6.0,348.95500000000004,38.94,2355.0,4.0,0
0.0,0.0,-15.0,14.0,0.0,10.0,348.95500000000004,25.37,440.0,2.0,0
0.0,0.0,-9.0,3.0,0.0,2.0,290.22,18.22,1049.0,3.0,0
0.0,0.0,-22.0,20.0,0.0,3.0,301.63,32.63,582.0,1.0,0
0.0,0.0,-14.0,8.0,0.0,12.0,348.95500000000004,16.57,1654.0,3.0,0
0.0,0.0,-21.0,14.0,0.0,1.0,334.05,38.94,899.0,2.0,0
0.0,0.0,-13.0,15.0,0.0,5.0,348.95500000000004,38.94,376.0,3.0,1
0.0,0.0,-11.0,10.0,0.0,1.0,319.8,13.64,568.0,2.0,0
0.0,0.0,-14.0,11.0,0.0,4.0,251.07,18.07,84.0,1.0,0
0.0,0.0,8.0,34.0,1.0,8.0,348.95500000000004,10.29,404.0,3.0,1
0.0,0.0,-20.0,12.0,0.0,1.0,348.95500000000004,38.94,317.0,1.0,0
0.0,0.0,-8.0,18.0,0.0,8.0,207.92,17.1,1088.0,2.0,0
0.0,0.0,-6.0,19.0,0.0,4.0,239.16,38.94,1086.0,1.0,0
0.0,0.0,-15.0,12.0,0.0,4.0,218.27,19.27,162.0,1.0,0
0.0,0.0,-26.0,7.0,0.0,1.0,348.95500000000004,38.94,278.3333333333333,1.3333333333333333,1
0.0,0.0,-13.0,9.0,0.0,1.0,266.49,17.5,192.0,1.0,0
0.0,0.0,-30.0,17.0,0.0,3.0,342.65,38.94,245.0,3.0,0
0.0,0.0,-1.0,5.0,0.0,8.0,348.95500000000004,20.08,2282.0,4.0,0
0.0,0.0,-2.0,4.0,0.0,4.0,254.58,26.58,771.0,1.0,0
0.0,0.0,-13.0,12.0,0.0,10.0,348.95500000000004,38.94,83.0,1.0,1
0.0,0.0,4.0,27.0,1.0,10.0,348.95500000000004,38.94,1114.0,5.0,1
0.0,0.0,-13.0,15.0,0.0,1.0,348.95500000000004,17.9,337.0,5.0,0
0.0,0.0,-8.0,24.0,0.0,8.0,194.06,24.06,514.0,2.0,0
0.0,0.0,-27.0,6.0,0.0,1.0,348.95500000000004,38.94,905.3333333333334,1.0,0
0.0,0.0,-24.0,8.0,0.0,10.0,249.82,19.82,771.0,1.0,0
0.0,0.0,-14.0,6.0,0.0,1.0,348.95500000000004,10.05,2304.0,4.0,0
0.0,0.0,-7.0,16.0,0.0,3.0,348.95500000000004,12.99,1222.0,2.0,0
0.0,0.0,-17.0,15.0,0.0,6.0,348.95500000000004,20.19,1642.0,10.0,0
0.0,0.0,-15.0,41.0,0.0,4.0,266.69,38.94,1167.0,1.0,0
0.0,0.0,-17.0,16.0,0.0,10.0,348.95500000000004,26.53,1009.0,2.0,0
0.0,0.0,-13.0,15.0,0.0,10.0,348.95500000000004,38.94,1384.0,3.0,0
0.0,0.0,-20.0,10.0,0.0,1.0,321.34,21.44,499.0,1.0,0
0.0,0.0,-9.0,4.0,0.0,1.0,242.8,12.81,934.0,1.0,0
0.0,0.0,-9.0,11.0,0.0,8.0,342.03,12.03,2644.0,6.0,0
0.0,0.0,1.0,4.0,1.0,1.0,297.76,10.76,1967.0,4.0,0
0.0,0.0,-13.0,11.0,0.0,5.0,291.43,38.94,87.0,3.0,0
0.0,0.0,-15.0,9.0,0.0,8.0,348.95500000000004,38.0,876.0,2.0,0
0.0,0.0,-20.0,12.0,0.0,8.0,348.95500000000004,38.94,266.0,2.0,0
0.0,0.0,-13.0,26.0,0.0,1.0,343.64,14.64,472.0,1.0,0
0.0,0.0,-22.0,4.0,0.0,8.0,310.03,20.13,1061.0,2.0,0
0.0,0.0,-12.0,20.0,0.0,8.0,348.95500000000004,25.77,623.0,1.0,0
0.0,0.0,-13.0,7.0,0.0,1.0,220.27,20.37,580.0,4.0,0
0.0,0.0,-11.0,10.0,0.0,1.0,205.26,14.36,351.0,1.0,0
0.0,0.0,-11.0,18.0,0.0,10.0,194.12,38.94,1893.0,1.0,0
0.0,0.0,7.0,42.0,1.0,3.0,348.95500000000004,26.3,1087.0,4.0,0
0.0,0.0,-11.0,10.0,0.0,1.0,187.96,14.96,808.0,5.0,0
0.0,0.0,-14.0,10.0,0.0,10.0,236.88,36.91,1157.0,1.0,0
0.0,0.0,-24.0,11.0,0.0,5.0,207.79,27.8,3745.0,6.0,0
0.0,0.0,-20.0,12.0,0.0,10.0,300.55,20.65,443.0,2.0,0
0.0,0.0,-13.0,14.0,0.0,8.0,348.95500000000004,38.94,1022.0,2.0,0
0.0,0.0,-28.0,9.0,0.0,10.0,348.95500000000004,30.27,220.0,2.0,0
0.0,0.0,-13.0,3.0,0.0,5.0,314.32,24.83,1002.0,3.0,0
0.0,0.0,-24.0,10.0,0.0,3.0,348.95500000000004,38.94,2894.0,1.0,0
0.0,0.0,5.0,26.0,1.0,9.0,348.95500000000004,38.94,1550.0,5.0,1
0.0,0.0,-12.0,10.0,0.0,1.0,184.2,14.3,298.0,1.0,0
0.0,0.0,-8.0,29.0,0.0,1.0,348.95500000000004,38.94,1012.0,1.0,1
0.0,0.0,-10.0,9.0,0.0,1.0,293.36,13.46,820.0,1.0,0
0.0,0.0,-20.0,10.0,0.0,5.0,231.27,26.27,162.0,5.0,0
0.0,0.0,-6.0,16.0,0.0,2.0,219.33,19.33,1746.0,4.0,0
0.0,0.0,-19.0,11.0,0.0,6.0,348.95500000000004,38.94,1155.0,1.0,0
0.0,0.0,-7.0,2.0,0.0,5.0,265.12,15.22,269.0,1.0,0
0.0,0.0,-14.0,8.0,0.0,10.0,348.95500000000004,38.94,2009.0,2.0,0
0.0,0.0,-17.0,12.0,0.0,3.0,265.04,38.94,1543.0,3.0,0
0.0,0.0,-23.0,24.0,0.0,1.0,348.95500000000004,23.2,439.0,3.0,0
0.0,0.0,-12.0,8.0,0.0,8.0,254.66,14.67,1489.0,1.0,0
0.0,0.0,-7.0,18.0,0.0,5.0,204.55,27.56,1456.0,1.0,1
0.0,0.0,-8.0,4.0,0.0,2.0,348.95500000000004,24.69,931.0,4.0,0
0.0,0.0,-10.0,13.0,0.0,1.0,289.04,19.14,180.0,3.0,0
0.0,0.0,-21.0,11.0,0.0,4.0,274.54,35.54,292.5,1.0,0
0.0,0.0,-41.0,41.0,0.0,3.0,348.95500000000004,38.94,1103.0,1.0,0
0.0,0.0,-14.0,16.0,0.0,5.0,222.15,38.94,1271.0,1.0,0
0.0,0.0,-5.0,23.0,0.0,1.0,190.48,23.49,1456.0,1.0,0
0.0,0.0,-17.0,4.0,0.0,8.0,348.95500000000004,11.94,574.0,1.0,0
0.0,0.0,-24.0,6.0,0.0,1.0,348.95500000000004,38.94,446.0,5.0,0
0.0,0.0,-10.0,16.0,0.0,1.0,348.95500000000004,38.94,1404.0,4.0,0
0.0,0.0,-8.0,19.0,0.0,8.0,332.96,32.97,1139.0,3.0,0
0.0,0.0,-19.0,3.0,0.0,3.0,285.73,35.83,425.0,1.0,0
0.0,0.0,-15.0,1.0,0.0,10.0,348.95500000000004,24.82,1736.0,4.0,0
0.0,0.0,-17.0,28.0,0.0,4.0,304.11,38.94,1694.0,1.0,0
0.0,0.0,-6.0,10.0,0.0,1.0,254.61,38.94,772.0,1.0,0
0.0,0.0,-11.0,19.0,0.0,2.0,348.95500000000004,17.68,2101.0,4.0,0
0.0,0.0,2.0,22.0,1.0,1.0,194.55,14.65,289.0,1.0,0
0.0,0.0,-6.0,13.0,0.0,4.0,211.28,32.28,301.0,3.0,0
0.0,0.0,-15.0,12.0,0.0,6.0,340.13,38.94,1146.0,1.0,1
0.0,0.0,-14.0,6.0,0.0,1.0,348.95500000000004,38.94,635.0,1.0,0
0.0,0.0,-9.0,45.0,0.0,2.0,263.17,24.17,729.0,1.0,0
0.0,0.0,-19.0,12.0,0.0,9.0,237.66,38.94,1289.0,1.0,0
0.0,0.0,-13.0,9.0,0.0,10.0,296.33,26.34,474.0,1.0,0
0.0,0.0,-6.0,23.0,0.0,4.0,257.92,18.92,353.0,7.0,0
0.0,0.0,-18.0,17.0,0.0,2.0,185.84,15.94,850.0,1.0,0
0.0,0.0,-20.0,4.0,0.0,8.0,223.99,38.94,948.0,2.0,0
0.0,0.0,-22.0,9.0,0.0,1.0,248.38,34.38,1058.0,1.0,0
0.0,0.0,-14.0,10.0,0.0,5.0,348.95500000000004,18.77,919.0,2.0,0
0.0,0.0,-17.0,14.0,0.0,10.0,283.17,28.17,982.0,1.0,0
0.0,0.0,-20.0,9.0,0.0,6.0,297.69,38.94,281.5,1.0,0
0.0,0.0,-4.0,17.0,0.0,8.0,191.67,21.68,663.0,1.0,0
0.0,0.0,-10.0,11.0,0.0,15.0,313.54,38.94,2064.0,4.0,0
0.0,0.0,-20.0,8.0,0.0,8.0,230.73,18.73,236.0,1.0,0
0.0,0.0,-18.0,9.0,0.0,6.5,314.65999999999997,38.94,338.0,1.0,0
0.0,0.0,-19.0,16.0,0.0,10.0,348.95500000000004,38.94,122.0,1.0,1
0.0,0.0,-18.0,11.0,0.0,1.0,256.43,17.43,341.0,1.0,0
0.0,0.0,-7.0,1.0,0.0,10.0,348.95500000000004,17.71,1795.0,4.0,0
0.0,0.0,-3.0,9.0,0.0,3.0,348.95500000000004,13.51,589.0,2.0,0
0.0,0.0,-19.0,4.0,0.0,2.0,239.68,38.94,389.0,3.0,0
0.0,0.0,-5.0,23.0,0.0,1.0,348.95500000000004,38.94,685.0,4.0,1
0.0,0.0,-36.0,16.0,0.0,8.0,348.95500000000004,38.94,913.0,3.0,0
0.0,0.0,-13.0,7.0,0.0,1.0,238.41,19.41,1513.0,3.0,0
0.0,0.0,155.0,194.0,1.0,4.0,345.15,38.94,1128.0,1.0,0
0.0,0.0,-28.0,11.0,0.0,1.0,348.95500000000004,38.94,3319.0,6.0,0
0.0,0.0,-10.0,10.0,0.0,4.0,319.19,20.19,1479.0,3.0,0
0.0,0.0,-14.0,6.0,0.0,10.0,348.95500000000004,38.94,1353.0,7.0,0
0.0,0.0,-7.0,28.0,0.0,1.0,348.95500000000004,38.94,476.0,1.0,1
0.0,0.0,-43.0,1.0,0.0,3.0,348.95500000000004,18.0,388.0,1.0,0
0.0,0.0,-8.0,4.0,0.0,5.0,248.86,25.06,728.0,5.0,0
0.0,0.0,-17.0,8.0,0.0,1.0,305.79,32.9,234.5,1.0,1
0.0,0.0,-11.0,10.0,0.0,10.0,348.95500000000004,16.17,2057.0,2.0,0
0.0,0.0,-17.0,10.0,0.0,7.0,348.95500000000004,38.94,603.0,1.0,0
0.0,0.0,2.0,22.0,1.0,10.0,226.74,29.75,1128.0,1.0,1
0.0,0.0,-14.0,6.0,0.0,1.0,336.38,36.6,518.0,1.0,0
0.0,0.0,-14.0,13.0,0.0,1.0,348.95500000000004,20.05,1301.0,1.0,0
0.0,0.0,8.0,26.0,1.0,3.0,315.16,38.94,764.0,1.0,0
0.0,0.0,-5.0,1.0,0.0,8.0,235.83,16.83,216.0,3.0,0
0.0,0.0,-13.0,11.0,0.0,8.0,348.95500000000004,14.29,535.0,1.0,1
0.0,0.0,-18.0,17.0,0.0,4.0,302.62,38.94,1084.0,1.0,0
0.0,0.0,-16.0,8.0,0.0,1.0,348.95500000000004,38.94,649.0,1.0,0
0.0,0.0,-33.0,17.0,0.0,10.0,348.95500000000004,38.94,478.0,1.0,1
0.0,0.0,-22.0,21.0,0.0,4.0,220.02,38.94,1128.0,1.0,0
0.0,0.0,21.0,47.0,1.0,1.0,267.99,18.99,1014.0,1.0,1
0.0,0.0,-17.0,6.0,0.0,2.0,338.0,18.0,1533.0,4.0,0
0.0,0.0,-18.0,16.0,0.0,10.0,348.95500000000004,38.94,2810.0,7.0,0
0.0,0.0,-7.0,12.0,0.0,8.0,238.53,38.94,1683.0,1.0,0
0.0,0.0,-9.0,6.0,0.0,1.0,348.95500000000004,38.94,1793.0,1.0,0
0.0,0.0,2.0,31.0,1.0,6.0,235.28,16.28,617.0,2.0,0
0.0,0.0,-19.0,6.0,0.0,10.0,348.95500000000004,19.07,576.0,1.0,0
0.0,0.0,-21.0,12.0,0.0,5.0,348.95500000000004,38.94,817.0,1.0,0
0.0,0.0,-13.0,6.0,0.0,3.0,215.83,16.83,965.0,3.0,0
0.0,0.0,-5.0,4.0,0.0,1.0,324.88,25.08,269.0,1.0,0
0.0,0.0,-24.0,4.0,0.0,1.0,302.1,32.1,195.0,1.0,0
0.0,0.0,-24.0,6.0,0.0,10.0,348.95500000000004,23.38,1436.0,4.0,0
0.0,0.0,-3.0,5.0,0.0,1.0,253.98,13.98,372.0,1.0,0
0.0,0.0,-12.0,11.0,0.0,3.0,348.95500000000004,34.51,3611.0,4.0,0
0.0,0.0,-22.0,7.0,0.0,3.0,237.29,17.3,874.0,2.0,0
0.0,0.0,-12.0,21.0,0.0,10.0,233.88,35.88,317.0,4.0,1
0.0,0.0,-13.0,14.0,0.0,1.0,348.95500000000004,38.94,1259.0,1.0,1
0.0,0.0,-14.0,9.0,0.0,10.0,348.95500000000004,38.94,577.0,1.0,1
0.0,0.0,-4.0,33.0,0.0,3.0,325.58,26.58,824.0,1.0,0
0.0,0.0,-22.0,12.0,0.0,10.0,218.63,19.63,2067.0,1.0,0
0.0,0.0,-8.0,13.0,0.0,3.0,243.04,14.04,672.0,1.0,1
0.0,0.0,-2.0,9.0,0.0,2.0,246.61,16.71,902.0,2.0,0
0.0,0.0,-13.0,14.0,0.0,3.0,295.7,16.7,1313.0,3.0,0
0.0,0.0,3.0,32.0,1.0,8.0,348.95500000000004,21.84,452.0,1.0,1
0.0,0.0,-13.0,3.0,0.0,8.0,348.95500000000004,12.24,605.0,1.0,0
0.0,0.0,-26.0,14.0,0.0,6.0,348.95500000000004,38.94,228.0,2.0,0
0.0,0.0,-8.0,6.0,0.0,1.0,224.6,24.8,273.0,1.0,0
0.0,0.0,-20.0,6.0,0.0,4.0,200.68,30.7,1495.0,3.0,1
0.0,0.0,-6.0,21.0,0.0,2.0,292.94,38.94,125.0,2.0,0
0.0,0.0,-13.0,6.0,0.0,2.0,277.97,38.94,771.0,1.0,0
0.0,0.0,-7.0,17.0,0.0,1.0,319.17,38.94,407.0,1.6666666666666667,0
0.0,0.0,-11.0,5.0,0.0,1.0,348.95500000000004,25.53,1135.0,5.0,0
0.0,0.0,-5.0,24.0,0.0,1.0,251.68,38.94,1246.0,1.0,0
0.0,0.0,-12.0,13.0,0.0,5.5,348.95500000000004,24.25,244.0,2.0,0
0.0,0.0,-9.0,10.0,0.0,1.0,348.95500000000004,38.94,739.8,1.0,1
0.0,0.0,-20.0,8.0,0.0,3.0,348.95500000000004,38.94,895.0,1.3333333333333333,0
0.0,0.0,-21.0,4.0,0.0,6.0,348.95500000000004,38.94,402.0,1.0,0
0.0,0.0,-10.0,17.0,0.0,10.0,348.95500000000004,38.94,886.0,1.0,1
0.0,0.0,-21.0,12.0,0.0,1.0,213.79,34.79,3314.0,2.0,0
0.0,0.0,-16.0,7.0,0.0,1.0,348.95500000000004,19.96,352.0,1.0,0
0.0,0.0,-6.0,8.0,0.0,10.0,340.02,20.12,2811.0,1.0,0
0.0,0.0,-19.0,5.0,0.0,3.0,348.95500000000004,30.869999999999997,3686.5,1.5,0
0.0,0.0,-2.0,23.0,0.0,1.0,309.22,38.94,270.0,5.0,0
0.0,0.0,-8.0,10.0,0.0,5.0,313.55,38.94,478.0,1.0,0
0.0,0.0,-21.0,25.0,0.0,6.0,247.38,19.48,501.0,4.0,1
0.0,0.0,-14.0,8.0,0.0,1.0,279.04,20.05,2125.0,1.0,0
0.0,0.0,-10.0,10.0,0.0,4.0,348.95500000000004,38.94,2223.0,1.0,0
0.0,0.0,-15.0,2.0,0.0,1.0,348.95500000000004,17.44,1792.0,6.0,0
0.0,0.0,-16.0,14.0,0.0,8.0,215.6,26.6,693.0,1.0,0
0.0,0.0,-2.0,23.0,0.0,3.0,275.34,15.57,606.0,2.0,0
0.0,0.0,-21.0,10.0,0.0,5.0,348.95500000000004,38.94,1893.0,1.0,1
0.0,0.0,-9.0,14.0,0.0,10.0,281.31,21.31,1351.0,7.0,0
0.0,0.0,-10.0,13.0,0.0,1.0,267.38,37.38,724.0,1.0,1
0.0,0.0,-8.0,19.0,0.0,5.0,261.72,36.72,1226.0,4.0,0
0.0,0.0,-4.0,22.0,0.0,1.0,237.36,38.94,748.0,1.0,0
0.0,0.0,-24.0,10.0,0.0,3.0,210.86,21.86,521.0,1.0,0
0.0,0.0,-23.0,4.0,0.0,3.0,348.95500000000004,32.63,422.5,1.5,1
0.0,0.0,-17.0,8.0,0.0,1.0,205.08,16.08,2147.0,1.0,0
0.0,0.0,-5.0,19.0,0.0,1.0,226.71,17.71,521.0,1.0,0
0.0,0.0,-14.0,6.0,0.0,10.0,291.72,22.72,216.0,3.0,0
0.0,0.0,-15.0,11.0,0.0,3.0,315.61,37.61,2378.0,1.0,0
0.0,0.0,-20.0,34.0,0.0,6.0,332.74,32.75,399.0,1.0,0
0.0,0.0,-25.0,35.0,0.0,1.0,348.95500000000004,20.04,542.0,4.0,1
0.0,0.0,-11.0,16.0,0.0,3.0,311.68,38.94,3160.0,3.0,0
0.0,0.0,-5.0,3.0,0.0,1.0,213.45,33.45,440.0,3.0,0
0.0,0.0,-26.0,3.0,0.0,8.0,348.95500000000004,38.94,603.5,3.0,1
0.0,0.0,-48.0,6.0,0.0,8.0,348.95500000000004,32.13,867.0,3.0,0
0.0,0.0,-13.0,12.0,0.0,4.0,209.15,33.15,1271.0,3.0,0
0.0,0.0,-3.0,15.0,0.0,4.0,199.9,25.9,686.0,1.0,1
0.0,0.0,26.0,49.0,1.0,1.0,348.95500000000004,38.94,1334.0,2.0,0
0.0,0.0,-18.0,8.0,0.0,8.0,317.97,19.97,501.0,4.0,0
0.0,0.0,-15.0,5.0,0.0,7.0,348.95500000000004,19.6,404.0,3.0,0
0.0,0.0,-10.0,12.0,0.0,9.0,265.49,16.49,303.0,2.0,0
0.0,0.0,-21.0,2.0,0.0,5.5,633.1999999999999,67.94,779.0,1.5,1
0.0,0.0,-19.0,4.0,0.0,3.0,257.43,17.44,1199.0,3.0,0
0.0,0.0,-14.0,10.0,0.0,1.0,248.55,18.86,713.0,2.0,0
0.0,0.0,-22.0,3.0,0.0,10.0,348.95500000000004,36.12,753.0,2.0,0
0.0,0.0,-15.0,12.0,0.0,4.0,221.87,17.87,2001.0,1.0,0
0.0,0.0,-7.0,15.0,0.0,3.0,292.72,22.73,615.0,2.0,0
0.0,0.0,10.0,35.0,1.0,1.0,243.36,38.94,261.0,3.0,0
0.0,0.0,1.0,26.0,1.0,10.0,348.95500000000004,38.94,566.0,1.0,0
0.0,0.0,-14.0,12.0,0.0,4.0,234.72,38.94,631.0,4.5,1
0.0,0.0,-14.0,12.0,0.0,1.0,348.95500000000004,38.94,3611.0,4.0,0
0.0,0.0,-14.0,7.0,0.0,8.0,319.67,25.67,329.0,1.0,0
0.0,0.0,-18.0,1.0,0.0,8.0,207.65,8.65,1008.0,8.0,0
0.0,0.0,-14.0,12.0,0.0,4.0,205.54,18.56,571.0,1.0,1
0.0,0.0,-15.0,8.0,0.0,1.0,212.41,14.41,1289.0,1.0,0
0.0,0.0,-12.0,5.0,0.0,1.0,348.95500000000004,20.98,1199.0,3.0,0
0.0,0.0,3.0,33.0,1.0,1.0,326.55,26.65,2795.0,5.0,0
0.0,0.0,-6.0,14.0,0.0,2.0,204.98,15.08,1031.0,3.0,0
0.0,0.0,-21.0,17.0,0.0,1.0,348.95500000000004,18.0,1009.0,2.0,0
0.0,0.0,-15.0,7.0,0.0,2.0,217.15,17.16,1492.0,10.0,0
0.0,0.0,-12.0,6.0,0.0,4.0,229.58,29.58,281.0,2.0,0
0.0,0.0,-16.0,6.0,0.0,6.0,321.58,22.58,753.0,2.0,0
0.0,0.0,-16.0,3.0,0.0,6.0,231.56,15.59,283.0,3.0,0
0.0,0.0,-6.0,20.0,0.0,10.0,348.95500000000004,38.94,444.0,4.0,0
0.0,0.0,-14.0,4.0,0.0,8.0,189.97,10.07,670.0,2.0,0
0.0,0.0,-25.0,7.0,0.0,8.0,240.82,38.94,219.0,1.0,1
0.0,0.0,-18.0,6.0,0.0,1.0,348.95500000000004,20.91,658.0,3.0,0
0.0,0.0,-10.0,8.0,0.0,3.0,212.73,13.73,349.0,1.0,1
0.0,0.0,-9.0,15.0,0.0,7.0,236.88,36.91,1157.0,1.0,0
0.0,0.0,-9.0,20.0,0.0,8.0,348.95500000000004,27.72,388.0,2.0,0
0.0,0.0,-23.0,6.0,0.0,8.0,348.95500000000004,38.94,464.0,4.0,0
0.0,0.0,-7.0,5.0,0.0,3.0,348.95500000000004,13.01,386.0,1.0,0
0.0,0.0,-9.0,5.0,0.0,3.0,348.95500000000004,13.25,1791.0,4.0,0
0.0,0.0,-8.0,14.0,0.0,1.0,286.83,20.83,1168.0,2.0,0
0.0,0.0,-21.0,6.0,0.0,2.0,348.95500000000004,38.94,94.0,1.0,0
0.0,0.0,-8.0,17.0,0.0,2.0,248.51,21.56,620.0,1.0,0
0.0,0.0,-21.0,12.0,0.0,1.0,251.29,16.39,500.0,1.0,0
0.0,0.0,-22.0,6.0,0.0,3.0,348.95500000000004,17.57,500.0,1.0,1
0.0,0.0,-13.0,7.0,0.0,10.0,343.51,24.51,752.0,2.0,0
0.0,0.0,-19.0,3.0,0.0,6.0,348.95500000000004,31.74,477.0,2.0,0
0.0,0.0,-7.0,26.0,0.0,3.0,185.43,38.94,1893.0,1.0,1
0.0,0.0,-18.0,7.0,0.0,3.0,286.54,16.64,1097.0,5.0,0
0.0,0.0,-16.0,8.0,0.0,10.0,348.95500000000004,38.94,2382.0,7.0,0
0.0,0.0,-6.0,4.0,0.0,8.0,236.7,16.06,919.0,1.0,0
0.0,0.0,-8.0,9.0,0.0,5.0,273.88,19.88,2358.0,6.0,0
0.0,0.0,-28.0,11.0,0.0,1.0,265.31,35.41,1128.0,2.0,0
0.0,0.0,-20.0,9.0,0.0,10.0,256.34,16.44,1145.0,5.0,0
0.0,0.0,-28.0,19.0,0.0,2.0,348.95500000000004,38.94,266.5,1.0,0
0.0,0.0,-21.0,6.0,0.0,10.0,348.95500000000004,38.94,293.0,1.0,0
0.0,0.0,-10.0,4.0,0.0,1.0,229.24,19.24,695.0,2.0,0
0.0,0.0,16.0,47.0,1.0,2.0,318.97,19.97,277.0,1.0,1
0.0,0.0,6.0,19.0,1.0,2.0,348.95500000000004,16.51,179.0,1.0,1
0.0,0.0,-2.0,10.0,0.0,1.0,279.7,10.7,498.0,1.0,0
0.0,0.0,-24.0,7.0,0.0,5.0,263.02,28.22,874.0,4.0,0
0.0,0.0,-19.0,8.0,0.0,10.0,348.95500000000004,38.94,812.0,3.0,0
0.0,0.0,-3.0,18.0,0.0,6.0,328.17,28.18,399.0,1.0,0
0.0,0.0,-1.0,21.0,0.0,8.0,348.95500000000004,19.94,2644.0,6.0,0
0.0,0.0,-13.0,5.0,0.0,1.0,235.64,15.74,289.0,1.0,1
0.0,0.0,-35.0,10.0,0.0,3.0,237.59,22.59,516.0,1.0,0
0.0,0.0,3.0,39.0,1.0,1.0,196.01,16.01,871.0,4.0,0
0.0,0.0,-33.0,9.0,0.0,1.0,267.92,38.94,325.0,1.0,0
0.0,0.0,-9.0,9.0,0.0,1.0,322.0,17.01,331.0,2.0,0
0.0,0.0,-23.0,9.0,0.0,10.0,348.95500000000004,18.98,338.4,1.0,0
0.0,0.0,-16.0,7.0,0.0,8.0,348.95500000000004,38.94,2370.0,2.0,0
0.0,0.0,-13.0,11.0,0.0,4.0,312.92,38.94,756.0,1.0,0
0.0,0.0,-1.0,21.0,0.0,1.0,348.95500000000004,19.38,606.0,2.0,0
0.0,0.0,12.0,37.0,1.0,10.0,348.95500000000004,38.94,3352.0,5.0,0
0.0,0.0,-1.0,1.0,0.0,10.0,239.51,12.61,666.0,1.0,0
0.0,0.0,-6.0,19.0,0.0,10.0,348.95500000000004,38.94,637.0,1.0,1
0.0,0.0,-17.0,8.0,0.0,8.0,274.71,10.21,647.0,2.0,0
0.0,0.0,-12.0,39.0,0.0,1.0,348.95500000000004,38.94,3330.0,3.0,0
0.0,0.0,-26.0,5.0,0.0,8.0,309.89,19.91,1796.0,3.0,0
0.0,0.0,1.0,8.0,1.0,2.5,348.95500000000004,17.89,1125.0,3.0,0
0.0,0.0,45.0,70.0,1.0,1.0,251.44,22.44,1755.0,2.0,1
0.0,0.0,-14.0,4.0,0.0,7.0,348.95500000000004,26.95,643.0,1.0,0
0.0,0.0,-15.0,30.0,0.0,6.0,348.95500000000004,38.94,1226.0,4.0,0
0.0,0.0,-15.0,28.0,0.0,4.0,348.95500000000004,38.94,92.0,2.0,0
0.0,0.0,-19.0,14.0,0.0,5.0,206.32,30.72,236.0,1.0,0
0.0,0.0,-19.0,13.0,0.0,3.0,344.07,24.17,526.0,2.0,0
0.0,0.0,-18.0,5.0,0.0,1.0,240.93,13.93,477.0,5.0,0
0.0,0.0,-11.0,16.0,0.0,10.0,328.41,28.42,1674.0,2.0,0
0.0,0.0,-2.0,1.0,0.0,3.0,340.47,10.47,2644.0,6.0,0
0.0,0.0,-10.0,23.0,0.0,1.0,348.95500000000004,38.94,750.0,5.0,0
0.0,0.0,-9.0,19.0,0.0,2.0,348.95500000000004,38.94,625.0,1.0,0
0.0,0.0,-22.0,12.0,0.0,3.0,197.82,18.82,1413.0,2.0,0
0.0,0.0,-6.0,16.0,0.0,1.0,348.95500000000004,21.89,836.0,1.0,0
0.0,0.0,-15.0,3.0,0.0,1.0,264.98,9.98,528.0,2.0,0
0.0,0.0,-3.0,19.0,0.0,10.0,348.95500000000004,18.25,1916.0,5.0,0
0.0,0.0,-20.0,16.0,0.0,1.0,273.2,33.2,379.0,1.0,0
0.0,0.0,-22.0,12.0,0.0,1.0,346.5,26.5,163.0,1.0,1
0.0,0.0,0.0,26.0,0.0,5.0,348.95500000000004,32.29,2676.0,1.0,0
0.0,0.0,-15.0,7.0,0.0,4.0,267.64,37.64,771.0,1.0,0
0.0,0.0,-12.0,5.0,0.0,6.0,318.4,18.41,753.0,2.0,0
0.0,0.0,-21.0,15.0,0.0,10.0,217.09,37.19,1120.0,1.0,0
0.0,0.0,-15.0,6.0,0.0,4.0,300.31,18.41,2789.0,1.0,0
0.0,0.0,6.0,37.0,1.0,6.0,348.95500000000004,19.98,1198.0,6.0,0
0.0,0.0,-24.0,10.0,0.0,5.0,348.95500000000004,38.94,791.0,6.0,1
0.0,0.0,-9.0,12.0,0.0,10.0,348.95500000000004,32.99,1447.0,5.0,1
0.0,0.0,-20.0,15.0,0.0,10.0,348.95500000000004,38.94,2033.0,2.0,0
0.0,0.0,-17.0,7.0,0.0,3.0,231.79,32.79,993.0,5.0,0
0.0,0.0,-21.0,11.0,0.0,3.0,270.19,35.19,729.0,2.0,0
0.0,0.0,-14.0,16.0,0.0,1.0,263.94,20.94,855.0,2.0,0
0.0,0.0,-12.0,7.0,0.0,6.0,348.95500000000004,16.85,2877.0,4.0,1
0.0,0.0,-6.0,19.0,0.0,4.0,284.71,24.81,115.0,1.0,0
0.0,0.0,-4.0,24.0,0.0,10.0,348.95500000000004,36.74,1072.0,3.0,0
0.0,0.0,4.0,31.0,1.0,3.0,324.55,38.56,659.0,2.0,1
0.0,0.0,-3.0,25.0,0.0,3.0,299.7,0.0,523.0,3.0,0
0.0,0.0,-15.0,12.0,0.0,4.0,348.95500000000004,23.21,872.0,2.0,0
0.0,0.0,-13.0,10.0,0.0,4.0,189.36,38.94,361.5,2.0,1
0.0,0.0,-34.0,15.0,0.0,10.0,348.95500000000004,24.63,544.0,1.0,0
0.0,0.0,-15.0,18.0,0.0,4.0,263.95,38.94,190.0,3.0,0
0.0,0.0,1.0,18.0,1.0,7.0,348.95500000000004,38.94,676.0,2.0,0
0.0,0.0,-2.0,24.0,0.0,3.0,332.7,38.94,808.0,1.0,1
0.0,0.0,-10.0,13.0,0.0,10.0,314.53,14.54,67.0,3.0,0
0.0,0.0,-4.0,14.0,0.0,1.0,348.95500000000004,38.94,3006.0,2.0,0
0.0,0.0,-21.0,1.0,0.0,1.0,348.95500000000004,33.8,1793.6666666666667,2.3333333333333335,1
0.0,0.0,-14.0,12.0,0.0,1.0,348.95500000000004,38.94,539.0,1.0,0
0.0,0.0,-12.0,28.0,0.0,10.0,237.59,22.59,516.0,1.0,1
0.0,0.0,-15.0,6.0,0.0,8.0,348.95500000000004,38.94,1297.0,3.0,0
0.0,0.0,4.0,37.0,1.0,8.0,348.95500000000004,28.76,352.0,1.0,1
0.0,0.0,-22.0,13.0,0.0,6.0,348.95500000000004,37.58,273.0,1.0,0
0.0,0.0,-8.0,13.0,0.0,3.0,201.04,16.05,562.0,4.0,0
0.0,0.0,-15.0,23.0,0.0,10.0,348.95500000000004,38.94,233.0,1.0,0
0.0,0.0,-11.0,17.0,0.0,2.0,348.95500000000004,27.95,187.0,1.0,0
0.0,0.0,-14.0,30.0,0.0,5.0,331.68,31.88,894.0,1.0,0
0.0,0.0,-12.0,8.0,0.0,1.0,269.78,10.01,606.0,2.0,0
0.0,0.0,-18.0,10.0,0.0,6.0,320.44,15.16,1114.0,4.0,0
0.0,0.0,-8.0,16.0,0.0,1.0,348.95500000000004,33.68,1363.0,2.0,1
0.0,0.0,-18.0,5.0,0.0,6.0,236.41,16.42,377.0,5.0,0
0.0,0.0,-3.0,27.0,0.0,6.0,342.94,23.04,661.0,2.0,0
0.0,0.0,-14.0,8.0,0.0,1.0,348.95500000000004,17.69,1205.0,3.0,1
0.0,0.0,-23.0,8.0,0.0,6.0,315.69,35.72,557.0,1.0,0
0.0,0.0,-7.0,19.0,0.0,1.0,317.85,17.86,823.0,2.0,0
0.0,0.0,-11.0,9.0,0.0,1.0,341.02,16.02,2644.0,6.0,0
0.0,0.0,-9.0,1.0,0.0,2.0,285.54,38.94,606.0,2.0,0
0.0,0.0,-7.0,24.0,0.0,5.0,348.95500000000004,36.06,944.0,1.0,0
0.0,0.0,-13.0,10.0,0.0,10.0,348.95500000000004,31.46,710.0,4.0,0
0.0,0.0,-18.0,3.0,0.0,1.0,273.47,14.47,547.0,1.0,0
0.0,0.0,-11.0,10.0,0.0,8.0,348.95500000000004,18.95,876.0,2.0,0
0.0,0.0,-19.0,8.0,0.0,7.0,216.14,16.15,442.0,3.0,0
0.0,0.0,-26.0,11.0,0.0,1.0,348.95500000000004,29.44,657.0,1.0,0
0.0,0.0,-7.0,2.0,0.0,1.0,348.95500000000004,38.94,1511.0,1.0,0
0.0,0.0,-15.0,6.0,0.0,8.0,195.28,14.29,119.0,1.0,0
0.0,0.0,-6.0,15.0,0.0,4.0,302.64,12.64,824.0,1.0,1
0.0,0.0,-8.0,3.0,0.0,1.0,261.18,9.18,1042.0,1.0,0
0.0,0.0,-14.0,5.0,0.0,6.0,323.36,13.37,391.0,3.0,0
0.0,0.0,-20.0,16.0,0.0,2.0,307.5,38.94,829.0,2.0,0
0.0,0.0,-6.0,10.0,0.0,1.0,201.08,10.08,3784.0,7.0,0
0.0,0.0,-4.0,22.0,0.0,8.0,348.95500000000004,38.94,875.0,1.0,0
0.0,0.0,-4.0,19.0,0.0,1.0,199.95,38.94,345.6666666666667,2.0,0
0.0,0.0,-8.0,30.0,0.0,8.0,348.95500000000004,21.73,623.0,1.0,0
0.0,0.0,-9.0,17.0,0.0,10.0,315.63,38.94,380.0,3.25,1
0.0,0.0,-11.0,3.0,0.0,5.0,348.95500000000004,38.94,133.0,2.0,0
0.0,0.0,-14.0,19.0,0.0,1.0,241.73,38.94,1191.0,1.0,0
0.0,0.0,-25.0,20.0,0.0,1.5,212.99,38.94,903.0,1.0,0
0.0,0.0,-10.0,5.0,0.0,2.0,189.56,10.07,1548.0,3.0,0
0.0,0.0,-11.0,10.0,0.0,1.0,348.95500000000004,38.94,341.0,2.0,0
0.0,0.0,-8.0,12.0,0.0,6.0,310.91,38.94,771.0,1.0,0
0.0,0.0,-20.0,10.0,0.0,5.0,319.41,29.41,2176.0,2.0,0
0.0,0.0,-19.0,8.0,0.0,5.0,254.18,38.94,670.0,1.0,0
0.0,0.0,6.0,32.0,1.0,1.0,266.96,33.16,255.0,1.0,1
0.0,0.0,-9.0,9.0,0.0,8.0,286.82,38.94,1141.0,1.0,0
0.0,0.0,-7.0,12.0,0.0,2.0,294.29,38.94,2468.0,1.0,0
0.0,0.0,-16.0,10.0,0.0,4.0,264.3,38.94,435.0,4.0,0
0.0,0.0,-8.0,3.0,0.0,10.0,348.95500000000004,38.94,1243.0,1.0,0
0.0,0.0,-8.0,5.0,0.0,4.0,332.28,32.3,1449.0,3.0,0
0.0,0.0,-24.0,11.0,0.0,10.0,348.95500000000004,20.03,1103.0,1.0,0
0.0,0.0,-17.0,8.0,0.0,2.0,348.95500000000004,26.26,1130.0,2.0,0
0.0,0.0,-21.0,7.0,0.0,10.0,348.95500000000004,38.94,2322.0,1.0,0
0.0,0.0,-28.0,8.0,0.0,1.0,348.95500000000004,37.64,1430.0,5.0,1
0.0,0.0,-25.0,5.0,0.0,5.0,302.98,33.989999999999995,473.0,2.0,0
0.0,0.0,-12.0,13.0,0.0,1.0,348.95500000000004,18.95,874.0,2.0,0
0.0,0.0,-17.0,14.0,0.0,1.0,348.95500000000004,38.94,1211.0,5.0,0
0.0,0.0,-5.0,17.0,0.0,1.0,216.16,19.26,599.0,1.0,0
0.0,0.0,-12.0,11.0,0.0,9.0,348.95500000000004,38.94,1263.0,2.0,0
0.0,0.0,-13.0,15.0,0.0,4.0,290.22,35.32,289.0,1.0,0
0.0,0.0,-9.0,14.0,0.0,3.0,348.95500000000004,38.94,387.0,1.0,0
0.0,0.0,0.0,22.0,0.0,10.0,238.03,38.94,320.5,1.0,0
0.0,0.0,-23.0,4.0,0.0,10.0,348.95500000000004,38.94,1510.0,3.0,1
0.0,0.0,-8.0,26.0,0.0,10.0,337.27,38.94,503.0,1.0,0
0.0,0.0,-11.0,1.0,0.0,2.0,289.83,14.83,690.0,1.0,0
0.0,0.0,-13.0,13.0,0.0,6.0,266.07,27.17,555.0,1.0,0
0.0,0.0,-9.0,13.0,0.0,10.0,348.95500000000004,38.94,499.0,1.0,0
0.0,0.0,-4.0,23.0,0.0,10.0,197.7,17.7,1153.0,4.0,0
0.0,0.0,-12.0,3.0,0.0,1.0,214.41,14.51,268.0,1.0,0
0.0,0.0,-2.0,38.0,0.0,1.0,348.95500000000004,38.94,423.0,1.0,0
0.0,0.0,-21.0,4.0,0.0,8.0,319.57,14.57,2881.0,1.0,0
0.0,0.0,-1.0,24.0,0.0,5.0,348.95500000000004,21.56,368.0,4.0,1
0.0,0.0,-14.0,9.0,0.0,10.0,287.77,37.77,756.0,1.0,0
0.0,0.0,-18.0,18.0,0.0,5.0,348.95500000000004,38.94,360.0,1.0,0
0.0,0.0,-1.0,25.0,0.0,4.0,245.35,16.35,582.0,1.0,0
0.0,0.0,-41.0,6.0,0.0,3.0,295.99,26.99,1513.0,1.0,0
0.0,0.0,-8.0,11.0,0.0,3.0,300.74,10.84,605.0,5.0,0
0.0,0.0,-9.0,7.0,0.0,1.0,348.95500000000004,38.94,1712.0,2.0,0
0.0,0.0,-9.0,11.0,0.0,7.0,348.95500000000004,38.94,678.0,3.0,0
0.0,0.0,-1.0,25.0,0.0,8.0,348.95500000000004,30.94,878.0,1.0,0
0.0,0.0,-17.0,15.0,0.0,3.0,348.95500000000004,19.34,857.0,1.0,0
0.0,0.0,-12.0,12.0,0.0,8.0,348.95500000000004,38.94,1135.0,5.0,0
0.0,0.0,-27.0,11.0,0.0,8.0,348.95500000000004,38.94,706.0,2.0,0
0.0,0.0,-24.0,5.0,0.0,8.0,348.95500000000004,23.57,211.0,2.0,0
0.0,0.0,-17.0,17.0,0.0,1.0,348.95500000000004,36.54,1851.0,3.5,0
0.0,0.0,-19.0,7.0,0.0,8.0,348.95500000000004,18.6,983.0,2.0,0
0.0,0.0,-15.0,3.0,0.0,3.0,214.77,14.87,294.0,1.0,0
0.0,0.0,-21.0,8.0,0.0,10.0,348.95500000000004,38.94,141.0,2.0,0
0.0,0.0,-9.0,28.0,0.0,2.0,198.02,22.03,798.0,1.0,1
0.0,0.0,-7.0,15.0,0.0,1.0,249.35,38.94,183.0,1.0,1
0.0,0.0,-8.0,24.0,0.0,4.0,220.54,20.64,444.0,2.0,0
0.0,0.0,-11.0,6.0,0.0,4.0,264.06,24.08,1024.0,1.0,0
0.0,0.0,-11.0,8.0,0.0,4.0,336.67,27.67,92.0,1.0,0
0.0,0.0,-23.0,6.0,0.0,1.0,348.95500000000004,38.94,659.0,2.0,0
0.0,0.0,-16.0,9.0,0.0,10.0,348.95500000000004,38.94,3632.0,4.0,0
0.0,0.0,-26.0,11.0,0.0,1.0,251.91,38.94,226.0,5.0,0
0.0,0.0,-10.0,14.0,0.0,8.0,348.95500000000004,38.94,725.0,1.0,0
0.0,0.0,-8.0,14.0,0.0,1.5,246.98,38.94,570.0,2.0,1
0.0,0.0,-18.0,6.0,0.0,10.0,348.95500000000004,19.4,874.0,2.0,0
0.0,0.0,-15.0,20.0,0.0,1.0,194.12,38.94,1893.0,1.0,0
0.0,0.0,-9.0,11.0,0.0,10.0,348.95500000000004,38.94,509.0,1.0,1
0.0,0.0,-22.0,18.0,0.0,1.0,225.63,18.38,1827.0,3.0,0
0.0,0.0,-13.0,2.0,0.0,3.0,348.95500000000004,11.31,966.0,3.0,0
0.0,0.0,-10.0,5.0,0.0,8.0,348.95500000000004,38.94,919.0,9.0,0
0.0,0.0,-25.0,15.0,0.0,3.0,348.95500000000004,21.3,1675.0,1.0,1
0.0,0.0,24.0,57.0,1.0,4.0,348.95500000000004,20.42,327.0,1.0,1
0.0,0.0,-14.0,6.0,0.0,4.0,223.97,23.98,619.0,2.0,0
0.0,0.0,-10.0,9.0,0.0,2.0,257.24,38.94,270.0,1.0,0
0.0,0.0,-10.0,8.0,0.0,10.0,348.95500000000004,32.05,1001.0,4.0,0
0.0,0.0,-6.0,17.0,0.0,4.0,348.95500000000004,15.83,623.0,1.0,0
0.0,0.0,-8.0,4.0,0.0,10.0,260.5,19.4,603.0,1.0,0
0.0,0.0,-15.0,9.0,0.0,4.0,254.14,24.15,606.0,2.0,0
0.0,0.0,-17.0,11.0,0.0,8.0,348.95500000000004,23.21,1142.0,2.0,0
0.0,0.0,-9.0,11.0,0.0,5.0,253.26,38.94,645.5,1.0,0
0.0,0.0,-14.0,1.0,0.0,1.0,294.97,15.07,2378.0,1.0,0
0.0,0.0,-6.0,13.0,0.0,10.0,348.95500000000004,15.68,2242.0,2.0,1
0.0,0.0,-7.0,14.0,0.0,1.0,316.97,16.98,387.0,2.0,0
0.0,0.0,-12.0,7.0,0.0,4.0,348.95500000000004,38.94,189.0,5.0,0
0.0,0.0,0.0,33.0,0.0,1.0,348.95500000000004,33.4,1543.0,3.0,0
0.0,0.0,-6.0,16.0,0.0,3.0,209.21,19.21,612.0,1.0,0
0.0,0.0,-13.0,13.0,0.0,1.0,348.95500000000004,37.81,3610.0,4.0,0
0.0,0.0,-12.0,8.0,0.0,3.6666666666666665,238.41,19.41,243.0,1.0,0
0.0,0.0,-14.0,20.0,0.0,4.0,348.95500000000004,38.94,267.5,1.0,0
0.0,0.0,-13.0,8.0,0.0,8.0,348.95500000000004,38.94,1726.0,5.0,0
0.0,0.0,-18.0,5.0,0.0,1.0,289.86,38.94,290.0,3.0,1
0.0,0.0,-7.0,3.0,0.0,3.0,213.29,13.3,579.0,4.0,0
0.0,0.0,4.0,25.0,1.0,6.0,348.95500000000004,17.94,340.0,3.0,0
0.0,0.0,-16.0,9.0,0.0,8.0,309.12,16.22,355.0,1.0,0
0.0,0.0,-18.0,3.0,0.0,10.0,183.64,13.74,713.0,1.0,0
0.0,0.0,-10.0,25.0,0.0,3.0,188.32,38.94,289.0,1.0,0
0.0,0.0,25.0,47.0,1.0,4.0,348.95500000000004,22.99,1764.0,2.0,1
0.0,0.0,-17.0,8.0,0.0,7.0,290.72,38.94,526.0,2.0,0
0.0,0.0,-26.0,5.0,0.0,8.0,348.95500000000004,16.41,2492.0,4.0,1
0.0,0.0,-3.0,11.0,0.0,2.0,208.88,8.98,200.0,2.0,0
0.0,0.0,14.0,37.0,1.0,8.0,348.95500000000004,38.94,1343.0,10.0,1
0.0,0.0,-8.0,9.0,0.0,1.0,348.95500000000004,38.94,677.0,2.0,1
0.0,0.0,1.0,28.0,1.0,5.0,310.28,38.94,348.0,2.0,0
0.0,0.0,-10.0,15.0,0.0,8.0,247.95,18.05,1665.0,1.0,0
0.0,0.0,-8.0,8.0,0.0,10.0,348.95500000000004,21.88,353.0,3.0,0
0.0,0.0,7.0,25.0,1.0,1.0,285.02,35.02,771.0,1.0,1
0.0,0.0,-9.0,8.0,0.0,6.0,348.95500000000004,28.75,1346.0,1.0,0
0.0,0.0,-13.0,15.0,0.0,3.0,220.12,38.94,429.0,5.0,0
0.0,0.0,-8.0,8.0,0.0,1.0,211.6,12.6,243.0,3.0,0
0.0,0.0,-13.0,10.0,0.0,3.0,196.68,36.78,487.0,2.0,0
0.0,0.0,-9.0,19.0,0.0,6.0,348.95500000000004,36.57,675.0,1.0,0
0.0,0.0,-9.0,11.0,0.0,1.0,348.95500000000004,38.94,282.0,1.0,0
0.0,0.0,-12.0,8.0,0.0,1.0,348.95500000000004,38.94,2644.0,6.0,0
0.0,0.0,-11.0,4.0,0.0,7.0,278.7,25.009999999999998,260.0,1.0,0
0.0,0.0,-8.0,11.0,0.0,3.0,348.95500000000004,19.05,1022.0,3.0,0
0.0,0.0,-8.0,23.0,0.0,5.0,348.95500000000004,38.94,2059.0,3.0,0
0.0,0.0,-9.0,11.0,0.0,3.0,348.95500000000004,37.75,3104.0,4.0,0
0.0,0.0,-1.0,9.0,0.0,6.0,348.95500000000004,14.5,1223.0,10.0,0
0.0,0.0,-11.0,5.0,0.0,8.0,286.18,17.18,209.0,2.0,0
0.0,0.0,5.0,13.0,1.0,1.0,348.95500000000004,27.42,2111.0,1.0,0
0.0,0.0,-13.0,9.0,0.0,10.0,348.95500000000004,26.7,1882.0,4.0,1
0.0,0.0,-32.0,24.0,0.0,2.0,348.95500000000004,26.89,1909.0,4.0,0
0.0,0.0,-21.0,4.0,0.0,4.0,234.5,38.94,660.0,1.3333333333333333,1
0.0,0.0,-15.0,24.0,0.0,3.0,348.95500000000004,38.94,1122.0,1.0,1
0.0,0.0,-20.0,14.0,0.0,10.0,233.81,28.81,162.0,5.0,0
0.0,0.0,-9.0,9.0,0.0,15.0,348.95500000000004,31.98,548.0,1.5,0
0.0,0.0,-16.0,5.0,0.0,3.0,211.4,14.4,290.0,1.0,0
0.0,0.0,12.0,46.0,1.0,6.0,198.14,38.94,455.0,3.0,1
0.0,0.0,-17.0,18.0,0.0,6.0,247.98,28.08,481.0,4.0,0
0.0,0.0,-19.0,12.0,0.0,5.0,227.75,38.94,451.0,5.0,0
0.0,0.0,-11.0,17.0,0.0,4.0,233.21,13.67,300.0,1.0,0
0.0,0.0,-15.0,8.0,0.0,10.0,348.95500000000004,18.2,500.0,1.0,0
0.0,0.0,-3.0,11.0,0.0,1.0,240.21,24.31,2257.0,1.0,0
0.0,0.0,-20.0,7.0,0.0,1.0,339.21,38.94,1002.0,3.0,0
0.0,0.0,-20.0,3.0,0.0,3.0,269.95,20.05,877.0,1.0,0
0.0,0.0,-9.0,2.0,0.0,10.0,348.95500000000004,27.66,233.0,1.0,0
0.0,0.0,-15.0,9.0,0.0,3.0,230.44,20.44,971.0,1.0,0
0.0,0.0,-21.0,11.0,0.0,8.0,348.95500000000004,38.94,1813.0,3.0,0
0.0,0.0,0.0,26.0,0.0,1.0,208.64,38.74,815.0,4.0,0
0.0,0.0,-22.0,6.0,0.0,1.0,325.33,16.33,610.0,1.0,0
0.0,0.0,-26.0,6.0,0.0,8.0,289.89,19.99,547.0,1.0,0
0.0,0.0,-11.0,14.0,0.0,6.0,348.95500000000004,38.94,111.0,1.0,0
0.0,0.0,3.0,16.0,1.0,2.0,245.5,16.7,529.0,1.0,1
0.0,0.0,-11.0,4.0,0.0,8.0,348.95500000000004,32.17,395.0,4.0,0
0.0,0.0,-9.0,22.0,0.0,6.0,348.95500000000004,38.94,742.0,4.0,0
0.0,0.0,-7.0,13.0,0.0,1.0,348.95500000000004,20.93,217.0,3.0,0
0.0,0.0,15.0,50.0,1.0,1.0,348.95500000000004,27.55,2644.0,6.0,0
0.0,0.0,-3.0,22.0,0.0,5.0,203.06,16.06,591.0,3.0,0
0.0,0.0,28.0,45.0,1.0,1.0,210.36,38.94,420.0,1.0,1
0.0,0.0,0.0,22.0,0.0,10.0,348.95500000000004,38.94,1363.0,2.0,0
0.0,0.0,-3.0,14.0,0.0,1.0,302.64,12.64,824.0,1.0,0
0.0,0.0,-13.0,15.0,0.0,5.0,253.98,33.99,1050.0,1.0,0
0.0,0.0,-14.0,7.0,0.0,5.0,238.11,19.11,322.0,5.0,0
0.0,0.0,6.0,71.0,1.0,3.0,227.24,28.24,474.0,1.0,1
0.0,0.0,-6.0,20.0,0.0,8.0,227.84,27.95,279.0,1.0,0
0.0,0.0,-20.0,6.0,0.0,8.0,347.97,18.07,1182.0,2.0,0
0.0,0.0,-13.0,11.0,0.0,15.0,348.95500000000004,38.94,707.0,1.0,0
0.0,0.0,-9.0,5.0,0.0,10.0,348.95500000000004,25.13,2683.0,1.0,0
0.0,0.0,-9.0,15.0,0.0,1.0,348.95500000000004,18.53,225.0,2.0,0
0.0,0.0,-17.0,6.0,0.0,10.0,348.95500000000004,19.65,606.0,2.0,0
0.0,0.0,-5.0,23.0,0.0,1.0,288.86,38.94,883.0,1.0,1
0.0,0.0,-12.0,11.0,0.0,3.0,204.07,15.07,616.0,5.0,0
0.0,0.0,-20.0,13.0,0.0,10.0,348.95500000000004,30.46,2151.0,1.0,0
0.0,0.0,-16.0,12.0,0.0,2.0,215.05,15.15,780.0,2.0,0
0.0,0.0,-12.0,14.0,0.0,2.0,348.95500000000004,30.02,1609.0,3.0,0
0.0,0.0,-13.0,17.0,0.0,1.0,348.95500000000004,14.89,315.0,1.0,0
0.0,0.0,-9.0,7.0,0.0,10.0,268.84,19.84,773.0,2.0,0
0.0,0.0,-21.0,30.0,0.0,3.0,325.75,38.94,1159.0,1.0,0
0.0,0.0,-15.0,8.0,0.0,5.0,348.95500000000004,38.94,345.0,6.0,0
0.0,0.0,3.0,20.0,1.0,2.0,260.24,35.24,1226.0,4.0,1
0.0,0.0,-4.0,11.0,0.0,1.0,253.8,38.94,178.0,2.0,0
0.0,0.0,-17.0,3.0,0.0,1.0,265.44,38.94,959.0,4.0,0
0.0,0.0,-12.0,9.0,0.0,1.0,285.02,35.02,756.0,1.0,0
0.0,0.0,-20.0,15.0,0.0,1.0,211.92,34.12,256.0,1.0,0
0.0,0.0,-7.0,5.0,0.0,2.0,256.66,27.66,2092.0,4.0,0
0.0,0.0,-3.0,17.0,0.0,1.0,228.88,28.9,740.0,2.0,0
0.0,0.0,-14.0,15.0,0.0,1.0,195.12,38.94,1893.0,1.0,0
0.0,0.0,-17.0,8.0,0.0,6.0,315.73,15.83,146.0,1.0,0
0.0,0.0,-15.0,14.0,0.0,8.0,219.78,35.78,312.0,1.0,0
0.0,0.0,-22.0,5.0,0.0,3.0,332.71,38.94,419.0,1.0,0
0.0,0.0,-15.0,8.0,0.0,10.0,320.04,38.94,586.0,6.0,0
0.0,0.0,-23.0,24.0,0.0,1.0,234.5,38.94,894.0,1.0,0
0.0,0.0,-15.0,5.0,0.0,6.0,309.33,10.25,1690.0,4.0,0
0.0,0.0,-9.0,24.0,0.0,1.0,202.5,38.94,341.0,2.0,0
0.0,0.0,-14.0,4.0,0.0,3.0,348.95500000000004,24.69,441.0,4.0,0
0.0,0.0,-18.0,10.0,0.0,1.0,215.15,16.15,474.0,2.0,0
0.0,0.0,-15.0,5.0,0.0,1.0,228.01,24.01,847.0,2.0,0
0.0,0.0,-25.0,7.0,0.0,10.0,348.95500000000004,38.94,1745.0,1.0,0
0.0,0.0,-12.0,17.0,0.0,4.0,187.65,20.66,1620.0,1.0,1
0.0,0.0,-21.0,11.0,0.0,5.0,204.03,24.13,795.0,1.0,0
0.0,0.0,-6.0,4.0,0.0,8.0,315.37,38.94,488.0,3.0,0
0.0,0.0,-39.0,13.0,0.0,1.5,348.95500000000004,38.94,807.0,1.0,0
0.0,0.0,-21.0,12.0,0.0,2.0,247.83,29.93,572.0,2.0,1
0.0,0.0,-15.0,17.0,0.0,1.0,306.49,38.94,771.0,1.0,0
0.0,0.0,-12.0,4.0,0.0,8.0,344.84,18.68,1131.0,3.0,1
0.0,0.0,-23.0,5.0,0.0,1.0,238.86,29.86,574.0,1.0,0
0.0,0.0,-5.0,17.0,0.0,5.0,348.95500000000004,38.94,590.0,1.0,1
0.0,0.0,-10.0,25.0,0.0,10.0,279.0,19.1,558.0,2.0,0
0.0,0.0,-13.0,2.0,0.0,10.0,348.95500000000004,17.92,3437.0,6.0,0
0.0,0.0,-11.0,13.0,0.0,1.0,227.6,38.94,1987.0,3.0,0
0.0,0.0,-13.0,14.0,0.0,1.0,233.88,13.88,702.0,1.0,0
0.0,0.0,-10.0,18.0,0.0,1.0,348.95500000000004,19.78,1649.0,1.0,1
0.0,0.0,-13.0,21.0,0.0,8.0,348.95500000000004,38.94,2165.0,4.0,1
0.0,0.0,-11.0,15.0,0.0,4.0,257.42,38.94,298.0,1.0,0
0.0,0.0,-16.0,12.0,0.0,6.0,348.95500000000004,30.93,1517.0,1.0,0
0.0,0.0,-10.0,13.0,0.0,10.0,348.95500000000004,38.94,1176.0,3.0,0
0.0,0.0,-18.0,12.0,0.0,1.0,348.95500000000004,25.42,1176.0,4.0,0
0.0,0.0,-9.0,9.0,0.0,1.0,348.95500000000004,27.089999999999996,191.0,1.0,1
0.0,0.0,-10.0,11.0,0.0,3.0,348.95500000000004,17.13,546.0,1.0,0
0.0,0.0,-15.0,3.0,0.0,10.0,348.95500000000004,10.57,501.0,4.0,0
0.0,0.0,-4.0,17.0,0.0,5.0,236.88,16.98,1149.0,8.0,0
0.0,0.0,-22.0,2.0,0.0,8.0,348.95500000000004,17.39,1931.0,1.0,0
0.0,0.0,-19.0,5.0,0.0,3.0,309.12,16.22,355.0,1.0,0
0.0,0.0,-18.0,16.0,0.0,5.0,233.8,23.9,409.0,1.0,0
0.0,0.0,-19.0,6.0,0.0,2.0,348.95500000000004,18.26,645.0,2.0,0
0.0,0.0,4.0,31.0,1.0,8.0,348.95500000000004,38.94,983.0,2.0,1
0.0,0.0,-7.0,13.0,0.0,1.0,338.13,38.94,1378.0,2.0,0
0.0,0.0,-16.0,9.0,0.0,3.0,266.17,38.94,2030.0,2.0,0
0.0,0.0,-20.0,16.0,0.0,6.0,306.06,26.16,791.0,4.0,0
0.0,0.0,-12.0,2.0,0.0,10.0,335.47,10.47,2644.0,6.0,0
0.0,0.0,-10.0,2.0,0.0,2.0,229.18,16.18,1058.0,1.0,0
0.0,0.0,-10.0,7.0,0.0,4.0,348.95500000000004,38.94,1105.0,1.0,0
0.0,0.0,-14.0,12.0,0.0,10.0,345.07,38.94,334.0,1.0,0
0.0,0.0,-14.0,15.0,0.0,1.0,225.17,38.94,315.0,1.0,0
0.0,0.0,-6.0,23.0,0.0,1.0,193.92,38.94,341.0,2.0,1
0.0,0.0,-17.0,5.0,0.0,4.0,348.95500000000004,22.85,1024.0,1.0,0
0.0,0.0,-6.0,5.0,0.0,10.0,348.95500000000004,38.94,1026.0,1.0,0
0.0,0.0,-1.0,33.0,0.0,3.0,279.54,38.94,145.0,6.0,0
0.0,0.0,-11.0,17.0,0.0,4.0,262.99,33.0,1194.0,1.0,0
0.0,0.0,-19.0,11.0,0.0,4.0,253.36,18.36,725.0,2.0,0
0.0,0.0,-12.0,5.0,0.0,1.0,220.03,23.03,779.0,1.0,1
0.0,0.0,-12.0,13.0,0.0,4.0,346.76,16.76,2644.0,6.0,0
0.0,0.0,-14.0,9.0,0.0,3.0,348.95500000000004,38.94,675.0,3.0,1
0.0,0.0,-15.0,4.0,0.0,10.0,314.92,14.93,753.0,2.0,0
0.0,0.0,14.0,38.0,1.0,2.0,348.95500000000004,38.94,353.0,1.0,1
0.0,0.0,1.0,4.0,1.0,8.0,332.25,13.25,1736.0,6.0,0
0.0,0.0,-14.0,5.0,0.0,5.0,348.95500000000004,13.4,1914.0,5.0,0
0.0,0.0,1.0,23.0,1.0,6.0,348.95500000000004,15.55,765.0,3.0,0
0.0,0.0,-5.0,29.0,0.0,5.0,258.29,38.94,1128.0,1.0,0
0.0,0.0,-7.0,2.0,0.0,4.0,236.7,16.06,919.0,1.0,0
0.0,0.0,-6.0,20.0,0.0,1.0,266.49,16.5,289.0,1.0,0
0.0,0.0,-21.0,7.0,0.0,10.0,348.95500000000004,17.4,552.0,1.0,0
0.0,0.0,-18.0,7.0,0.0,10.0,202.76,31.759999999999998,274.5,1.0,0
0.0,0.0,-18.0,16.0,0.0,10.0,348.95500000000004,20.77,623.0,1.0,0
0.0,0.0,-29.0,21.0,0.0,2.0,348.95500000000004,38.94,1547.0,2.0,0
0.0,0.0,-11.0,24.0,0.0,2.0,222.17,38.94,1893.0,1.0,0
0.0,0.0,-24.0,13.0,0.0,10.0,348.95500000000004,38.94,2952.0,3.0,0
0.0,0.0,-16.0,11.0,0.0,6.0,305.98,22.78,1258.0,4.0,0
0.0,0.0,-10.0,4.0,0.0,5.0,335.47,10.47,2644.0,6.0,0
0.0,0.0,-23.0,6.0,0.0,1.0,263.89,20.89,855.0,2.0,0
0.0,0.0,-9.0,8.0,0.0,1.0,348.95500000000004,38.94,465.0,1.0,0
0.0,0.0,-23.0,13.0,0.0,1.0,319.45,38.94,361.0,2.0,0
0.0,0.0,-20.0,9.0,0.0,1.0,232.54,22.55,708.0,2.0,0
0.0,0.0,-19.0,4.0,0.0,1.0,249.03,38.94,1782.0,1.0,1
0.0,0.0,-8.0,15.0,0.0,8.0,223.32,27.69,466.0,1.0,0
0.0,0.0,-10.0,2.0,0.0,3.0,348.95500000000004,10.12,850.0,1.0,0
0.0,0.0,-16.0,19.0,0.0,15.0,348.95500000000004,38.94,353.0,2.0,0
0.0,0.0,-20.0,14.0,0.0,10.0,248.74,38.94,590.0,2.0,0
0.0,0.0,-10.0,3.0,0.0,7.0,348.95500000000004,13.64,690.0,2.0,0
0.0,0.0,-8.0,7.0,0.0,5.0,348.95500000000004,35.83,388.0,1.0,0
0.0,0.0,-20.0,11.0,0.0,3.0,210.03,35.03,425.0,5.0,0
0.0,0.0,-18.0,9.0,0.0,4.0,320.07,20.08,1892.0,4.0,0
0.0,0.0,-7.0,19.0,0.0,5.0,323.96,24.96,2059.0,4.0,0
0.0,0.0,-22.0,2.0,0.0,9.0,348.95500000000004,13.77,1177.0,1.0,1
0.0,0.0,-14.0,18.0,0.0,8.0,348.95500000000004,38.94,1436.0,3.0,0
0.0,0.0,-20.0,6.0,0.0,1.0,348.95500000000004,20.19,1175.0,5.0,0
0.0,0.0,-12.0,9.0,0.0,3.0,348.95500000000004,38.94,149.0,3.0,0
0.0,0.0,-27.0,12.0,0.0,4.0,230.19,38.94,1350.0,1.0,0
0.0,0.0,-9.0,10.0,0.0,1.0,223.81,13.81,579.0,7.0,0
0.0,0.0,-9.0,12.0,0.0,6.0,348.95500000000004,30.27,1482.0,3.0,0
0.0,0.0,-16.0,10.0,0.0,2.0,348.95500000000004,21.08,536.0,3.0,0
0.0,0.0,-15.0,10.0,0.0,5.0,348.95500000000004,27.52,693.0,2.0,0
0.0,0.0,-26.0,14.0,0.0,6.0,223.01,23.11,708.0,2.0,0
0.0,0.0,-7.0,17.0,0.0,2.0,348.95500000000004,16.2,784.0,1.0,0
0.0,0.0,155.0,182.0,1.0,1.0,348.95500000000004,33.98,636.0,1.0,0
0.0,0.0,-26.0,5.0,0.0,5.0,348.95500000000004,38.94,299.5,1.5,0
0.0,0.0,-15.0,10.0,0.0,1.0,243.4,33.4,3006.0,2.0,0
0.0,0.0,-22.0,12.0,0.0,6.0,318.57,18.58,399.0,1.0,0
0.0,0.0,-16.0,6.0,0.0,5.0,217.64,17.65,1047.0,5.0,0
0.0,0.0,1.0,9.0,1.0,10.0,348.95500000000004,11.19,492.0,1.0,0
0.0,0.0,22.0,49.0,1.0,1.0,188.4,28.5,729.0,1.0,1
0.0,0.0,-8.0,11.0,0.0,8.0,348.95500000000004,14.3,527.0,1.0,0
0.0,0.0,-14.0,6.0,0.0,1.0,280.36,30.369999999999997,405.0,1.0,0
0.0,0.0,-1.0,28.0,0.0,10.0,295.0,38.94,1037.0,5.0,0
0.0,0.0,-21.0,7.0,0.0,1.0,196.72,21.72,310.0,1.0,0
0.0,0.0,-21.0,11.0,0.0,2.0,217.27,19.27,1108.0,3.0,0
0.0,0.0,-8.0,22.0,0.0,4.0,226.74,29.75,1128.0,1.0,0
0.0,0.0,-12.0,1.0,0.0,6.0,313.93,14.93,753.0,2.0,0
0.0,0.0,-21.0,6.0,0.0,1.0,278.21000000000004,38.94,324.0,5.0,1
0.0,0.0,-29.0,6.0,0.0,3.0,318.97,19.97,219.0,1.0,0
0.0,0.0,-14.0,5.0,0.0,4.0,348.95500000000004,15.35,679.0,3.0,0
0.0,0.0,-20.0,6.0,0.0,8.0,348.95500000000004,37.08,3006.0,2.0,1
0.0,0.0,10.0,33.0,1.0,10.0,203.81,38.94,267.0,1.0,1
0.0,0.0,1.0,16.0,1.0,2.0,200.82,16.78,278.0,1.0,0
0.0,0.0,8.0,37.0,1.0,1.0,191.49,21.59,815.0,4.0,1
0.0,0.0,-18.0,10.0,0.0,4.0,211.81,31.91,1988.0,3.0,0
0.0,0.0,-7.0,5.0,0.0,1.0,348.95500000000004,16.85,625.0,1.0,0
0.0,0.0,8.0,17.0,1.0,5.0,258.67,38.67,419.0,4.0,0
0.0,0.0,-9.0,8.0,0.0,1.0,348.95500000000004,35.03,611.5,1.0,0
0.0,0.0,7.0,49.0,1.0,10.0,249.62,38.94,1156.0,2.0,1
0.0,0.0,-4.0,1.0,0.0,8.0,348.95500000000004,11.2,304.0,1.0,0
0.0,0.0,-5.0,28.0,0.0,4.0,348.95500000000004,38.94,982.0,3.0,1
0.0,0.0,-20.0,6.0,0.0,5.0,269.75,19.85,744.0,2.0,0
0.0,0.0,-18.0,10.0,0.0,2.0,322.19,38.94,118.0,2.0,1
0.0,0.0,-6.0,10.0,0.0,7.0,319.25,19.35,612.0,1.0,0
0.0,0.0,-11.0,5.0,0.0,4.0,242.0,13.1,236.0,1.0,0
0.0,0.0,-9.0,20.0,0.0,1.0,201.84,17.05,261.0,1.0,0
0.0,0.0,-6.0,21.0,0.0,3.0,348.95500000000004,28.8,2883.0,4.0,0
0.0,0.0,-3.0,25.0,0.0,1.0,348.95500000000004,38.94,640.0,2.0,1
0.0,0.0,-20.0,9.0,0.0,4.0,215.8,16.15,789.0,3.0,0
0.0,0.0,-46.0,16.0,0.0,10.0,348.95500000000004,20.84,313.0,1.0,0
0.0,0.0,1.0,27.0,1.0,8.0,310.97,35.47,575.0,1.0,0
0.0,0.0,-13.0,11.0,0.0,1.0,312.61,12.71,600.0,3.0,1
0.0,0.0,-16.0,2.0,0.0,5.0,205.45,12.45,2558.0,1.0,0
0.0,0.0,-16.0,10.0,0.0,1.0,348.95500000000004,18.79,1163.0,2.0,0
0.0,0.0,-11.0,43.0,0.0,10.0,348.95500000000004,29.92,2872.0,7.0,0
0.0,0.0,2.0,21.0,1.0,8.0,266.44,16.45,1335.0,5.0,0
0.0,0.0,-14.0,12.0,0.0,1.0,216.72,38.94,322.5,1.0,1
0.0,0.0,-10.0,23.0,0.0,8.0,348.95500000000004,38.94,1253.0,8.0,0
0.0,0.0,-14.0,7.0,0.0,2.0,344.51,24.52,1781.0,3.0,0
0.0,0.0,-7.0,12.0,0.0,5.0,348.95500000000004,38.94,1135.0,5.0,0
0.0,0.0,-8.0,12.0,0.0,4.0,348.95500000000004,38.94,387.0,1.0,0
0.0,0.0,-17.0,12.0,0.0,4.0,205.28,38.94,789.0,1.0,0
0.0,0.0,-46.0,11.0,0.0,8.0,348.95500000000004,24.38,625.0,1.0,1
0.0,0.0,-6.0,13.0,0.0,6.0,332.87,12.87,133.0,1.0,0
0.0,0.0,-4.0,20.0,0.0,5.0,214.0,54.2,917.0,4.0,0
0.0,0.0,-7.0,12.0,0.0,8.0,348.95500000000004,18.95,1392.0,1.0,0
0.0,0.0,10.0,32.0,1.0,8.0,348.95500000000004,17.19,501.0,4.0,1
0.0,0.0,0.0,27.0,0.0,1.0,348.95500000000004,38.94,181.0,4.0,0
0.0,0.0,-9.0,13.0,0.0,1.5,348.95500000000004,38.94,1193.0,1.0,0
0.0,0.0,-11.0,22.0,0.0,1.0,348.95500000000004,38.94,453.0,3.0,0
0.0,0.0,-16.0,12.0,0.0,10.0,348.95500000000004,38.94,870.0,1.0,0
0.0,0.0,-18.0,4.0,0.0,10.0,348.95500000000004,16.84,1457.0,5.0,0
0.0,0.0,-22.0,8.0,0.0,2.0,237.55,38.94,597.0,1.0,0
0.0,0.0,-13.0,21.0,0.0,1.0,348.95500000000004,23.52,389.0,1.0,0
0.0,0.0,-11.0,16.0,0.0,3.0,190.48,23.49,1456.0,1.0,1
0.0,0.0,-16.0,7.0,0.0,8.0,348.95500000000004,19.32,575.0,3.0,0
0.0,0.0,-12.0,13.0,0.0,6.0,210.22,38.94,1744.0,1.0,1
0.0,0.0,-11.0,12.0,0.0,4.0,348.95500000000004,25.43,594.0,2.0,0
0.0,0.0,50.0,73.0,1.0,8.0,276.57,16.57,439.0,1.0,1
0.0,0.0,-17.0,5.0,0.0,6.0,254.41,38.94,218.5,1.0,0
0.0,0.0,-21.0,12.0,0.0,5.0,348.95500000000004,38.94,692.0,1.0,1
0.0,0.0,-4.0,24.0,0.0,3.0,217.61,38.94,1893.0,1.0,1
0.0,0.0,9.0,37.0,1.0,3.0,316.58,38.94,1501.0,1.0,1
0.0,0.0,1.0,23.0,1.0,8.0,256.43,17.43,419.0,4.0,0
0.0,0.0,7.0,31.0,1.0,9.0,348.95500000000004,32.73,1447.0,5.0,1
0.0,0.0,-19.0,8.0,0.0,6.0,348.95500000000004,17.12,150.0,1.0,0
0.0,0.0,-17.0,7.0,0.0,8.0,348.95500000000004,20.08,816.0,1.0,0
0.0,0.0,7.0,28.0,1.0,8.0,286.56,26.66,293.0,1.0,1
0.0,0.0,-24.0,10.0,0.0,1.0,348.95500000000004,20.26,719.0,6.0,0
0.0,0.0,-35.0,5.0,0.0,4.0,199.9,20.0,940.0,4.0,0
0.0,0.0,-14.0,7.0,0.0,5.0,348.95500000000004,38.94,286.0,1.0,0
0.0,0.0,-27.0,6.0,0.0,2.0,348.95500000000004,16.22,757.0,1.0,0
0.0,0.0,-9.0,6.0,0.0,10.0,348.95500000000004,12.31,1790.0,7.0,0
0.0,0.0,-9.0,9.0,0.0,1.0,318.97,19.97,1479.0,3.0,0
0.0,0.0,-17.0,6.0,0.0,1.0,348.95500000000004,17.7,452.0,1.0,0
0.0,0.0,-14.0,11.0,0.0,6.0,348.95500000000004,16.17,61.0,2.0,0
0.0,0.0,-17.0,5.0,0.0,2.0,207.57,17.58,732.0,1.0,1
0.0,0.0,-23.0,8.0,0.0,9.0,214.04,15.14,499.0,1.0,0
0.0,0.0,-15.0,5.0,0.0,8.0,348.95500000000004,18.28,182.0,1.0,0
0.0,0.0,-26.0,10.0,0.0,8.0,348.95500000000004,23.01,515.0,3.0,0
0.0,0.0,-15.0,12.0,0.0,10.0,348.95500000000004,28.67,389.0,1.0,0
0.0,0.0,-14.0,10.0,0.0,3.0,348.95500000000004,18.28,696.0,4.0,0
0.0,0.0,-14.0,14.0,0.0,4.0,220.16,22.46,685.0,1.0,0
0.0,0.0,-18.0,20.0,0.0,10.0,348.95500000000004,38.94,427.0,1.0,0
0.0,0.0,-13.0,17.0,0.0,2.0,195.91,16.01,635.0,1.0,0
0.0,0.0,-19.0,5.0,0.0,5.0,216.93,17.03,264.0,1.0,0
0.0,0.0,-9.0,6.0,0.0,3.0,348.95500000000004,11.11,911.0,3.0,0
0.0,0.0,-24.0,30.0,0.0,10.0,338.46,38.66,293.0,1.0,0
0.0,0.0,-10.0,9.0,0.0,8.0,326.53,13.69,1061.0,2.0,0
0.0,0.0,-11.0,8.0,0.0,10.0,275.56,15.57,536.0,1.0,0
0.0,0.0,-4.0,22.0,0.0,10.0,332.3,37.3,408.0,2.0,0
0.0,0.0,-20.0,14.0,0.0,10.0,348.95500000000004,38.94,2723.0,4.0,1
0.0,0.0,-25.0,8.0,0.0,6.0,348.95500000000004,38.94,1042.0,1.0,0
0.0,0.0,-14.0,10.0,0.0,1.0,330.66,38.94,629.0,3.0,0
0.0,0.0,-21.0,8.0,0.0,3.0,276.44,38.94,87.0,2.0,0
0.0,0.0,-7.0,18.0,0.0,5.0,348.95500000000004,24.65,289.0,1.0,0
0.0,0.0,-7.0,5.0,0.0,5.0,348.95500000000004,38.94,1006.0,1.0,1
0.0,0.0,-12.0,14.0,0.0,10.0,256.91,18.92,313.0,1.0,0
0.0,0.0,-13.0,8.0,0.0,2.0,241.0,13.1,883.0,4.0,0
0.0,0.0,-4.0,25.0,0.0,4.0,286.24,36.24,3820.0,1.0,0
0.0,0.0,-12.0,13.0,0.0,4.0,348.95500000000004,38.94,1598.0,1.0,1
0.0,0.0,-7.0,13.0,0.0,1.0,290.65,38.94,430.0,2.0,0
0.0,0.0,-14.0,10.0,0.0,5.0,317.78,38.94,1026.0,2.0,1
0.0,0.0,-16.0,7.0,0.0,1.0,287.1,17.1,1207.0,1.0,0
0.0,0.0,-12.0,3.0,0.0,4.0,244.34,24.34,1831.0,1.0,0
0.0,0.0,-18.0,20.0,0.0,1.0,348.95500000000004,36.0,2009.0,3.0,0
0.0,0.0,-77.0,14.0,0.0,10.0,222.8,38.94,397.0,3.0,0
0.0,0.0,-2.0,24.0,0.0,10.0,348.95500000000004,38.94,400.0,2.0,1
0.0,0.0,1.0,27.0,1.0,5.0,266.52,38.94,495.0,2.0,0
0.0,0.0,-14.0,14.0,0.0,1.5,296.12,36.32,571.0,4.0,0
0.0,0.0,-31.0,15.0,0.0,8.0,258.25,19.25,636.0,1.0,0
0.0,0.0,-13.0,18.0,0.0,8.0,276.56,16.57,234.0,1.0,0
0.0,0.0,-10.0,15.0,0.0,1.0,196.81,16.82,1611.0,2.0,0
0.0,0.0,-11.0,11.0,0.0,10.0,348.95500000000004,22.8,566.0,3.0,0
0.0,0.0,-16.0,16.0,0.0,6.0,348.95500000000004,38.94,274.75,1.0,1
0.0,0.0,-25.0,9.0,0.0,3.0,348.95500000000004,20.19,3352.0,5.0,0
0.0,0.0,-19.0,20.0,0.0,10.0,348.95500000000004,38.94,730.0,2.0,0
0.0,0.0,-8.0,11.0,0.0,8.0,250.09,22.09,418.0,1.0,0
0.0,0.0,-17.0,13.0,0.0,10.0,348.95500000000004,38.94,1176.0,3.0,0
0.0,0.0,-19.0,11.0,0.0,4.0,307.64,28.64,1803.0,1.0,1
0.0,0.0,-15.0,21.0,0.0,6.0,183.93,14.93,827.0,1.0,0
0.0,0.0,-12.0,19.0,0.0,2.0,348.95500000000004,36.53,219.0,4.0,0
0.0,0.0,-22.0,6.0,0.0,10.0,348.95500000000004,12.94,461.0,2.0,0
0.0,0.0,-13.0,7.0,0.0,2.0,244.8,27.0,947.0,1.0,0
0.0,0.0,-26.0,5.0,0.0,8.0,348.95500000000004,17.86,617.0,1.0,0
0.0,0.0,-12.0,7.0,0.0,8.0,243.01,13.11,236.0,1.0,0
0.0,0.0,-8.0,27.0,0.0,1.0,348.95500000000004,18.15,509.0,1.0,0
0.0,0.0,-20.0,9.0,0.0,1.0,239.34,38.94,254.0,1.0,0
0.0,0.0,-13.0,3.0,0.0,3.0,348.95500000000004,37.54,1176.0,3.0,0
0.0,0.0,-13.0,14.0,0.0,6.0,298.32,38.94,608.0,2.0,0
0.5,0.5,-15.0,9.0,0.0,1.0,697.9100000000001,56.099999999999994,633.0,2.5,0
0.0,0.0,-12.0,1.0,0.0,10.0,343.07,11.07,1914.0,5.0,0
0.0,0.0,-14.0,13.0,0.0,3.0,200.0,38.94,2113.0,1.0,0
0.0,0.0,-16.0,6.0,0.0,1.0,225.69,27.69,292.0,1.0,0
0.0,0.0,-15.0,10.0,0.0,4.0,319.37,19.38,1892.0,4.0,0
0.0,0.0,-18.0,8.0,0.0,1.0,348.95500000000004,38.94,1949.0,4.0,0
0.0,0.0,-3.0,21.0,0.0,9.0,348.95500000000004,38.94,1190.0,2.0,1
0.0,0.0,-12.0,15.0,0.0,8.0,348.95500000000004,27.56,745.0,3.0,0
0.0,0.0,-1.0,21.0,0.0,4.0,250.48,20.58,158.0,1.0,0
0.0,0.0,-17.0,15.0,0.0,3.0,348.95500000000004,25.16,905.0,1.0,0
0.0,0.0,-5.0,8.0,0.0,5.0,342.04,38.94,606.0,2.0,0
0.0,0.0,-9.0,18.0,0.0,10.0,348.95500000000004,38.94,562.0,5.0,0
0.0,0.0,-32.0,27.0,0.0,2.0,260.99,38.94,516.0,1.0,0
0.0,0.0,-20.0,8.0,0.0,8.0,348.95500000000004,18.14,236.0,1.0,0
0.0,0.0,-32.0,6.0,0.0,3.0,225.71,38.94,2188.0,2.0,0
0.0,0.0,-2.0,15.0,0.0,1.0,321.58,21.59,753.0,2.0,0
0.0,0.0,-9.0,13.0,0.0,3.0,348.95500000000004,23.34,1773.0,1.0,0
0.0,0.0,-16.0,10.0,0.0,10.0,348.95500000000004,18.2,3902.0,7.0,0
0.0,0.0,-4.0,24.0,0.0,1.0,348.95500000000004,33.37,2136.0,1.0,0
0.0,0.0,-10.0,9.0,0.0,2.0,211.89,12.89,640.0,1.0,0
0.0,0.0,-16.0,14.0,0.0,3.0,348.95500000000004,18.7,625.0,1.0,0
0.0,0.0,-20.0,15.0,0.0,10.0,348.95500000000004,38.94,122.0,1.0,0
0.0,0.0,-16.0,10.0,0.0,1.0,348.95500000000004,20.18,882.0,4.0,0
0.0,0.0,-7.0,21.0,0.0,10.0,315.66,35.76,1715.0,4.0,0
0.0,0.0,-10.0,21.0,0.0,10.0,348.95500000000004,38.94,154.0,1.0,0
0.0,0.0,-14.0,19.0,0.0,1.0,274.34,17.56,394.0,1.0,0
0.0,0.0,-21.0,5.0,0.0,1.0,316.73,12.74,335.0,1.0,0
0.0,0.0,-9.0,7.0,0.0,1.0,338.68,13.68,2644.0,6.0,0
0.0,0.0,-21.0,2.0,0.0,1.0,348.95500000000004,20.21,515.0,3.0,0
0.0,0.0,-9.0,24.0,0.0,8.0,348.95500000000004,38.94,1461.0,3.0,0
0.0,0.0,-23.0,6.0,0.0,1.0,348.95500000000004,38.94,625.3333333333334,1.0,0
0.0,0.0,-10.0,9.0,0.0,3.0,299.34,38.94,2046.0,1.0,0
0.0,0.0,-8.0,20.0,0.0,1.0,348.95500000000004,22.17,1063.0,3.0,0
0.0,0.0,-6.0,11.0,0.0,10.0,348.95500000000004,33.83,3632.0,4.0,0
0.0,0.0,-7.0,9.0,0.0,3.0,348.95500000000004,19.89,478.0,2.0,0
0.0,0.0,-10.0,4.0,0.0,3.0,269.46,38.94,1132.0,8.0,0
0.0,0.0,-9.0,24.0,0.0,1.0,348.95500000000004,38.94,1105.0,1.0,1
0.0,0.0,-8.0,9.0,0.0,3.0,289.89,19.99,874.0,2.0,0
0.0,0.0,-10.0,3.0,0.0,4.0,348.95500000000004,9.38,473.0,1.0,0
0.0,0.0,-23.0,18.0,0.0,1.0,219.28,38.94,330.0,1.0,1
0.0,0.0,-16.0,6.0,0.0,4.0,348.95500000000004,35.65,3610.0,4.0,1
0.0,0.0,0.0,12.0,0.0,10.0,335.47,10.47,2644.0,6.0,0
0.0,0.0,-11.0,29.0,0.0,3.0,211.74,33.74,357.0,2.0,1
0.0,0.0,-6.0,3.0,0.0,1.0,269.54,19.55,1247.0,2.0,0
0.0,0.0,-1.0,24.0,0.0,1.0,238.96,30.96,903.5,3.0,0
0.0,0.0,9.0,31.0,1.0,4.0,345.53,26.54,1658.0,3.0,1
0.0,0.0,-18.0,11.0,0.0,2.0,348.95500000000004,27.22,1686.0,1.0,0
0.0,0.0,-13.0,13.0,0.0,5.0,273.56,15.56,606.0,2.0,0
0.0,0.0,-17.0,15.0,0.0,6.0,348.95500000000004,38.94,209.0,2.0,0
0.0,0.0,-13.0,4.0,0.0,5.0,340.07,10.07,2644.0,6.0,0
0.0,0.0,-22.0,12.0,0.0,8.0,329.95,20.05,849.0,1.0,0
0.0,0.0,-14.0,13.0,0.0,4.0,212.03,22.13,1885.0,1.0,0
0.0,0.0,-21.0,9.0,0.0,2.0,254.16,38.94,1248.0,4.0,0
0.0,0.0,-6.0,24.0,0.0,4.0,288.66,28.67,729.0,1.0,0
0.0,0.0,-29.0,10.0,0.0,1.0,218.73,33.74,2188.0,1.0,0
0.0,0.0,-18.0,5.0,0.0,10.0,242.03,22.03,313.0,1.0,0
0.0,0.0,-13.0,5.0,0.0,5.0,348.95500000000004,16.14,546.0,1.0,0
0.0,0.0,-27.0,9.0,0.0,1.0,249.99,19.99,756.0,1.0,0
0.0,0.0,-13.0,18.0,0.0,8.0,348.95500000000004,38.94,875.0,1.0,0
0.0,0.0,-16.0,12.0,0.0,7.0,348.95500000000004,38.94,392.0,4.0,0
0.0,0.0,-25.0,10.0,0.0,5.0,301.79,38.94,807.0,3.0,0
0.0,0.0,-3.0,15.0,0.0,5.0,287.61,37.61,770.0,1.0,0
0.0,0.0,-6.0,6.0,0.0,7.0,335.04,10.04,2644.0,6.0,0
0.0,0.0,-7.0,4.0,0.0,1.0,348.95500000000004,35.08,2230.0,1.0,0
0.0,0.0,-20.0,7.0,0.0,1.0,348.95500000000004,25.52,871.0,4.0,0
0.0,0.0,-27.0,13.0,0.0,10.0,217.64,18.64,330.0,1.0,0
0.0,0.0,-20.0,5.0,0.0,1.0,294.73,29.93,234.5,1.0,1
0.0,0.0,-21.0,7.0,0.0,10.0,348.95500000000004,38.94,1154.0,1.0,0
0.0,0.0,-18.0,9.0,0.0,3.0,344.86,24.96,663.0,2.0,0
0.0,0.0,-9.0,8.0,0.0,10.0,298.11,28.21,289.0,1.0,0
0.0,0.0,-18.0,4.0,0.0,5.0,346.38,16.48,842.0,2.0,0
0.0,0.0,-15.0,6.0,0.0,8.0,348.95500000000004,38.94,504.0,1.0,0
0.0,0.0,-22.0,11.0,0.0,4.0,230.95,38.94,1107.0,1.0,0
0.0,0.0,5.0,25.0,1.0,3.0,273.32,13.32,439.0,1.0,1
0.0,0.0,-36.0,6.0,0.0,9.0,348.95500000000004,27.48,2352.0,3.0,0
0.0,0.0,-9.0,12.0,0.0,1.0,245.06,19.15,261.0,1.0,1
0.0,0.0,19.0,37.0,1.0,8.0,347.32,21.16,1131.0,3.0,1
0.0,0.0,-9.0,11.0,0.0,5.5,187.25,38.94,345.3333333333333,2.0,0
0.0,0.0,-7.0,3.0,0.0,2.0,216.45,36.949999999999996,204.0,1.0,0
0.0,0.0,-9.0,3.0,0.0,8.0,340.07,10.07,2644.0,6.0,0
0.0,0.0,-7.0,26.0,0.0,10.0,348.95500000000004,17.0,1136.0,4.0,0
0.0,0.0,36.0,66.0,1.0,10.0,348.95500000000004,21.44,2873.0,8.0,1
0.0,0.0,-8.0,13.0,0.0,1.0,246.23,38.94,212.0,2.0,0
0.0,0.0,-6.0,6.0,0.0,10.0,348.95500000000004,29.81,374.0,1.0,0
0.0,0.0,-11.0,17.0,0.0,4.0,348.95500000000004,38.94,1488.0,1.0,0
0.0,0.0,-10.0,8.0,0.0,1.0,318.97,19.97,446.0,2.0,0
0.0,0.0,18.0,40.0,1.0,10.0,293.26,34.26,807.0,1.0,1
0.0,0.0,3.0,36.0,1.0,5.0,257.19,27.69,2258.0,6.0,1
0.0,0.0,-12.0,6.0,0.0,12.0,348.95500000000004,38.94,705.0,2.0,0
0.0,0.0,-15.0,23.0,0.0,2.0,261.42,38.94,2188.0,2.0,1
0.0,0.0,-10.0,13.0,0.0,10.0,348.95500000000004,19.59,672.0,2.0,0
0.0,0.0,-17.0,12.0,0.0,10.0,248.48,34.5,418.0,1.0,0
0.0,0.0,-18.0,4.0,0.0,4.0,244.34,17.84,973.0,4.0,0
0.0,0.0,6.0,32.0,1.0,2.0,228.95,38.94,249.0,1.5,1
0.0,0.0,-6.0,16.0,0.0,2.0,348.95500000000004,38.94,903.0,1.0,0
0.0,0.0,15.0,44.0,1.0,1.0,225.15,26.15,330.0,1.0,1
0.0,0.0,-5.0,3.0,0.0,1.0,320.67,38.94,2040.0,1.0,0
0.0,0.0,-21.0,6.0,0.0,1.0,348.95500000000004,33.34,298.0,1.0,0
0.0,0.0,-27.0,24.0,0.0,1.0,285.45,35.55,256.0,1.0,0
0.0,0.0,-8.0,23.0,0.0,1.0,246.92,38.94,2066.0,1.0,0
0.0,0.0,-6.0,20.0,0.0,4.0,287.97,38.94,350.0,1.0,0
0.0,0.0,-7.0,18.0,0.0,1.0,310.65,38.94,249.0,2.0,1
0.0,0.0,-16.0,15.0,0.0,1.0,201.15,38.94,1797.0,1.0,0
0.0,0.0,-14.0,9.0,0.0,8.0,348.95500000000004,38.94,391.0,1.0,1
0.0,0.0,-17.0,4.0,0.0,3.0,348.95500000000004,17.51,1331.0,2.0,1
0.0,0.0,-6.0,23.0,0.0,8.0,348.95500000000004,37.55,875.0,1.0,0
0.0,0.0,-15.0,10.0,0.0,4.0,234.84,34.94,1159.0,3.0,0
0.0,0.0,-21.0,13.0,0.0,1.0,348.95500000000004,18.21,874.0,1.0,0
0.0,0.0,-18.0,11.0,0.0,3.0,266.5,16.6,927.0,1.0,0
0.0,0.0,-14.0,7.0,0.0,8.0,283.54,14.54,547.0,1.0,0
0.0,0.0,-10.0,13.0,0.0,1.0,226.7,16.7,3006.0,2.0,0
0.0,0.0,-14.0,14.0,0.0,2.0,216.38,36.4,847.0,2.0,0
0.0,0.0,-15.0,10.0,0.0,1.0,225.71,38.94,2188.0,2.0,0
0.0,0.0,-12.0,22.0,0.0,10.0,348.95500000000004,38.94,1176.0,3.0,0
0.0,0.0,4.0,12.0,1.0,5.0,348.95500000000004,19.44,294.0,1.0,1
0.0,0.0,-17.0,17.0,0.0,8.0,280.72,38.94,470.0,1.0,0
0.0,0.0,-21.0,14.0,0.0,4.0,226.91,21.92,1648.0,4.0,0
0.0,0.0,-17.0,10.0,0.0,1.0,213.34,38.94,577.0,2.0,0
0.0,0.0,17.0,50.0,1.0,4.0,190.33,20.43,919.0,5.0,1
0.0,0.0,-14.0,13.0,0.0,1.0,348.95500000000004,28.77,1131.0,1.0,0
0.0,0.0,-3.0,16.0,0.0,1.0,247.04,31.04,3006.0,2.0,0
0.0,0.0,-3.0,11.0,0.0,10.0,291.7,38.94,904.0,1.0,0
0.0,0.0,-35.0,13.0,0.0,1.0,309.81,19.91,186.0,1.0,0
0.0,0.0,4.0,24.0,1.0,1.0,335.58,38.94,752.0,4.0,1
0.0,0.0,-8.0,8.0,0.0,6.0,348.95500000000004,26.52,554.0,3.0,0
0.0,0.0,-8.0,4.0,0.0,1.0,348.95500000000004,15.27,867.0,3.0,0
0.0,0.0,-20.0,5.0,0.0,1.0,330.58,20.05,218.0,5.0,0
0.0,0.0,-4.0,26.0,0.0,8.0,238.69,18.79,236.0,1.0,0
0.0,0.0,-10.0,20.0,0.0,2.0,264.92,18.3,1246.0,1.0,0
0.0,0.0,-8.0,18.0,0.0,3.0,265.9,38.94,1149.0,8.0,0
0.0,0.0,-19.0,10.0,0.0,8.0,348.95500000000004,28.08,731.0,2.0,0
0.0,0.0,-9.0,2.0,0.0,7.0,302.52,38.94,1394.5,1.0,0
0.0,0.0,-6.0,4.0,0.0,1.0,348.95500000000004,38.94,1793.0,1.0,0
0.0,0.0,-10.0,13.0,0.0,5.0,292.06,38.94,488.0,3.0,0
0.0,0.0,-13.0,2.0,0.0,3.0,260.58,38.94,419.0,3.0,0
0.0,0.0,-19.0,9.0,0.0,1.0,348.95500000000004,38.94,625.0,1.0,0
0.0,0.0,-7.0,9.0,0.0,4.0,218.95,9.05,612.0,1.0,0
0.0,0.0,-21.0,15.0,0.0,4.0,348.95500000000004,38.94,1304.0,4.0,0
0.0,0.0,-6.0,23.0,0.0,3.0,348.95500000000004,38.94,1125.0,3.0,0
0.0,0.0,-12.0,18.0,0.0,2.0,230.75,38.94,902.0,2.0,0
0.0,0.0,-17.0,3.0,0.0,3.0,299.76,38.94,870.0,1.0,0
0.0,0.0,-26.0,11.0,0.0,5.0,242.59,27.59,516.0,1.0,0
0.0,0.0,-8.0,13.0,0.0,1.0,254.0,38.94,37.0,2.0,1
0.0,0.0,-18.0,19.0,0.0,5.0,286.27,26.27,671.0,2.0,0
0.0,0.0,-18.0,6.0,0.0,2.0,317.1,28.1,1060.0,1.0,0
0.0,0.0,-10.0,2.0,0.0,2.0,260.19,26.3,956.5,3.5,0
0.0,0.0,75.0,86.0,1.0,6.0,348.95500000000004,11.44,1455.0,1.0,0
0.0,0.0,-7.0,6.0,0.0,10.0,348.95500000000004,38.94,189.0,1.0,0
0.0,0.0,-31.0,11.0,0.0,10.0,348.95500000000004,38.94,753.0,2.0,0
0.0,0.0,-29.0,8.0,0.0,1.0,348.95500000000004,38.94,124.0,2.0,0
0.0,0.0,-8.0,15.0,0.0,1.0,348.95500000000004,38.94,1089.0,1.0,0
0.0,0.0,-3.0,5.0,0.0,10.0,348.95500000000004,17.49,1340.0,3.0,0
0.0,0.0,6.0,29.0,1.0,5.0,348.95500000000004,18.39,2469.0,1.0,1
0.0,0.0,-35.0,4.0,0.0,1.0,348.95500000000004,36.44,84.0,1.0,0
0.0,0.0,-12.0,2.0,0.0,1.0,348.95500000000004,23.56,257.0,1.0,0
0.0,0.0,-2.0,14.0,0.0,1.0,348.95500000000004,20.29,1083.0,4.0,0
0.0,0.0,-27.0,8.0,0.0,4.0,222.97,23.97,2066.0,1.0,0
0.0,0.0,-13.0,13.0,0.0,10.0,348.95500000000004,38.94,240.0,1.0,1
0.0,0.0,-22.0,6.0,0.0,7.0,348.95500000000004,23.63,1055.0,2.0,0
0.0,0.0,24.0,52.0,1.0,4.0,218.72,29.72,353.0,7.0,0
0.0,0.0,-16.0,7.0,0.0,2.0,306.78,16.78,1114.0,3.0,0
0.0,0.0,-17.0,7.0,0.0,8.0,348.95500000000004,38.94,1404.0,4.0,0
0.0,0.0,-29.0,8.0,0.0,5.0,348.95500000000004,38.94,469.0,1.0,0
0.0,0.0,-9.0,7.0,0.0,1.0,274.26,14.26,1138.0,1.0,1
0.0,0.0,-19.0,8.0,0.0,1.0,348.95500000000004,38.94,1873.0,1.0,0
0.0,0.0,-16.0,16.0,0.0,8.0,348.95500000000004,31.45,998.0,3.0,1
0.0,0.0,-19.0,7.0,0.0,1.0,265.49,15.5,2238.0,6.0,0
0.0,0.0,-29.0,18.0,0.0,6.0,348.95500000000004,38.94,645.0,1.5,0
0.0,0.0,-17.0,8.0,0.0,2.0,341.02,16.02,2644.0,6.0,0
0.0,0.0,-8.0,17.0,0.0,5.5,348.95500000000004,38.94,1658.0,5.0,0
0.0,0.0,-29.0,18.0,0.0,4.0,227.94,27.95,1157.0,1.0,0
0.0,0.0,-12.0,12.0,0.0,4.0,320.87,15.88,331.0,2.0,0
0.0,0.0,-19.0,3.0,0.0,5.0,348.95500000000004,25.11,1800.0,7.0,0
0.0,0.0,-17.0,7.0,0.0,2.0,348.95500000000004,38.94,786.4,1.0,0
0.0,0.0,-5.0,17.0,0.0,8.0,348.95500000000004,22.36,1135.0,3.0,0
0.0,0.0,-22.0,12.0,0.0,6.0,255.16,38.94,404.6666666666667,4.333333333333333,0
0.0,0.0,-15.0,9.0,0.0,1.0,229.78,33.98,390.0,7.0,1
0.0,0.0,-16.0,14.0,0.0,1.0,348.89,20.89,3469.0,5.0,0
0.0,0.0,-15.0,24.0,0.0,10.0,348.95500000000004,38.94,551.0,3.0,0
0.0,0.0,-24.0,18.0,0.0,8.0,348.95500000000004,38.94,383.0,1.0,0
0.0,0.0,-17.0,9.0,0.0,2.0,345.05,16.05,193.0,3.0,0
0.0,0.0,-27.0,15.0,0.0,10.0,348.95500000000004,20.59,1527.0,2.0,1
0.0,0.0,2.0,31.0,1.0,7.0,348.95500000000004,38.94,325.0,8.0,0
0.0,0.0,-14.0,8.0,0.0,1.0,348.95500000000004,38.94,257.0,1.0,0
0.0,0.0,-20.0,8.0,0.0,2.0,243.51,38.94,240.5,1.5,0
0.0,0.0,-14.0,6.0,0.0,1.0,236.3,16.3,257.0,1.0,1
0.0,0.0,-11.0,13.0,0.0,18.0,348.95500000000004,19.63,912.0,1.0,0
0.0,0.0,-2.0,24.0,0.0,1.0,222.58,27.68,3708.0,1.0,1
0.0,0.0,-7.0,18.0,0.0,3.0,195.0,16.0,582.0,1.0,0
0.0,0.0,-16.0,11.0,0.0,4.0,348.95500000000004,38.94,516.0,1.0,0
0.0,0.0,-15.0,7.0,0.0,6.0,348.95500000000004,38.94,2098.0,4.0,0
0.0,0.0,-7.0,13.0,0.0,5.0,246.64,37.22,370.0,1.0,1
0.0,0.0,-16.0,25.0,0.0,10.0,348.95500000000004,38.94,1145.7142857142858,1.0,1
0.0,0.0,-20.0,11.0,0.0,8.0,266.86,26.96,2789.0,1.0,0
0.0,0.0,-3.0,19.0,0.0,10.0,267.51,17.51,893.0,2.0,0
0.0,0.0,-9.0,16.0,0.0,10.0,284.02,14.02,961.0,1.0,0
0.0,0.0,-15.0,9.0,0.0,4.0,257.57,16.57,234.0,1.0,1
0.0,0.0,-11.0,16.0,0.0,5.0,224.07,38.94,1893.0,1.0,0
0.0,0.0,-5.0,10.0,0.0,1.0,239.24,14.24,206.0,1.0,0
0.0,0.0,-17.0,9.0,0.0,10.0,348.95500000000004,38.94,266.0,3.0,0
0.0,0.0,-14.0,20.0,0.0,8.0,348.95500000000004,18.21,874.0,1.0,0
0.0,0.0,-16.0,10.0,0.0,1.0,189.98,31.98,530.0,4.0,0
0.0,0.0,-9.0,22.0,0.0,7.0,214.56,36.57,412.0,1.0,0
0.0,0.0,-13.0,9.0,0.0,10.0,273.49,38.94,640.0,2.0,0
0.0,0.0,-15.0,9.0,0.0,1.0,192.44,12.46,1877.0,1.0,0
0.0,0.0,-17.0,18.0,0.0,8.0,348.95500000000004,38.94,339.0,1.0,0
0.0,0.0,-13.0,13.0,0.0,4.0,348.95500000000004,13.04,1273.0,2.0,0
0.0,0.0,-16.0,14.0,0.0,1.0,348.95500000000004,18.94,541.0,1.0,0
0.0,0.0,-9.0,19.0,0.0,2.0,338.33,18.68,906.0,3.0,0
0.0,0.0,-10.0,12.0,0.0,8.0,323.87,23.97,885.0,3.0,0
0.0,0.0,-21.0,8.0,0.0,1.0,234.62,24.62,715.0,2.0,0
0.0,0.0,-7.0,11.0,0.0,3.0,338.77,13.77,2644.0,6.0,0
0.0,0.0,-26.0,11.0,0.0,2.0,348.95500000000004,18.0,2276.0,2.0,1
0.0,0.0,-5.0,20.0,0.0,10.0,284.42,38.94,771.0,1.0,0
0.0,0.0,-33.0,6.0,0.0,1.0,216.83,17.83,906.0,2.0,0
0.0,0.0,-10.0,10.0,0.0,10.0,348.95500000000004,23.24,287.0,3.0,0
0.0,0.0,-15.0,7.0,0.0,10.0,348.95500000000004,38.94,94.0,1.0,0
0.0,0.0,-18.0,5.0,0.0,10.0,348.95500000000004,38.94,1247.0,7.0,0
0.0,0.0,-15.0,7.0,0.0,8.0,348.95500000000004,16.16,534.0,1.0,0
0.0,0.0,-2.0,7.0,0.0,6.0,348.95500000000004,38.94,1552.0,5.0,0
0.0,0.0,-10.0,15.0,0.0,4.0,292.63,22.73,1351.0,7.0,0
0.0,0.0,-17.0,9.0,0.0,4.0,197.65,38.94,831.0,7.0,0
0.0,0.0,-20.0,3.0,0.0,1.0,348.95500000000004,38.94,213.0,1.0,0
0.0,0.0,-12.0,9.0,0.0,8.0,309.28,38.94,526.0,2.0,0
0.0,0.0,-15.0,6.0,0.0,10.0,348.95500000000004,25.59,514.0,1.0,0
0.0,0.0,-16.0,17.0,0.0,5.0,348.95500000000004,38.94,343.0,10.0,0
0.0,0.0,-27.0,9.0,0.0,4.0,348.95500000000004,38.25,1102.0,1.5,0
0.0,0.0,-28.0,8.0,0.0,1.0,244.34,24.34,1831.0,1.0,0
0.0,0.0,-8.0,22.0,0.0,4.0,348.95500000000004,38.94,461.0,1.0,1
0.0,0.0,-14.0,7.0,0.0,10.0,348.95500000000004,16.32,856.0,1.0,0
0.0,0.0,-15.0,7.0,0.0,6.0,286.09,17.09,175.0,6.0,0
0.0,0.0,-18.0,9.0,0.0,1.0,348.95500000000004,38.94,1621.0,7.0,0
0.0,0.0,-27.0,5.0,0.0,10.0,348.95500000000004,35.39,511.5,2.0,0
0.0,0.0,-13.0,12.0,0.0,2.0,270.54,15.54,271.0,1.0,0
0.0,0.0,-15.0,13.0,0.0,6.0,348.95500000000004,25.42,422.0,5.0,0
0.0,0.0,-18.0,24.0,0.0,1.0,348.95500000000004,22.14,2379.0,1.0,1
0.0,0.0,28.0,54.0,1.0,4.0,223.26,24.26,1167.0,1.0,1
0.0,0.0,0.0,3.0,0.0,5.0,348.95500000000004,14.89,1294.0,2.0,0
0.0,0.0,9.0,21.0,1.0,1.0,218.37,10.37,821.0,1.0,1
0.0,0.0,-8.0,15.0,0.0,5.0,348.95500000000004,38.94,766.0,1.0,0
0.0,0.0,-17.0,12.0,0.0,1.0,300.78,38.94,540.0,4.0,0
0.0,0.0,-25.0,12.0,0.0,8.0,348.95500000000004,38.94,876.0,1.0,0
0.0,0.0,11.0,42.0,1.0,4.0,348.95500000000004,38.94,430.0,1.0,1
0.0,0.0,2.0,24.0,1.0,5.0,227.75,38.94,857.0,7.0,1
0.0,0.0,-14.0,21.0,0.0,2.0,202.39,38.94,608.0,1.0,0
0.0,0.0,-12.0,7.0,0.0,1.0,348.95500000000004,21.71,359.0,4.0,0
0.0,0.0,-18.0,8.0,0.0,1.0,348.95500000000004,38.94,992.0,1.0,0
0.0,0.0,-13.0,10.0,0.0,5.0,286.2,38.94,786.0,4.0,0
0.0,0.0,-15.0,9.0,0.0,1.0,348.95500000000004,38.94,1247.0,7.0,0
0.0,0.0,-11.0,2.0,0.0,3.0,270.32,10.33,876.0,2.0,0
0.0,0.0,-12.0,12.0,0.0,10.0,348.95500000000004,38.94,421.3333333333333,1.3333333333333333,1
0.0,0.0,8.0,32.0,1.0,1.0,348.95500000000004,29.74,719.0,6.0,1
0.0,0.0,-35.0,6.0,0.0,10.0,348.95500000000004,28.87,1354.0,1.0,0
0.0,0.0,17.0,37.0,1.0,6.0,348.95500000000004,38.94,809.0,5.0,1
0.0,0.0,-12.0,2.0,0.0,1.0,348.95500000000004,12.66,258.0,3.0,0
0.0,0.0,-11.0,7.0,0.0,3.0,331.96,16.96,1914.0,5.0,0
0.0,0.0,-6.0,15.0,0.0,10.0,348.95500000000004,38.94,334.0,1.0,0
0.0,0.0,-11.0,18.0,0.0,10.0,348.95500000000004,38.94,1011.0,6.0,1
0.0,0.0,-13.0,12.0,0.0,5.0,209.88,38.94,1168.0,3.5,0
0.0,0.0,-24.0,11.0,0.0,1.0,285.75,28.75,706.0,1.0,0
0.0,0.0,-10.0,18.0,0.0,1.0,348.95500000000004,38.94,1131.0,1.0,0
0.0,0.0,-5.0,20.0,0.0,2.0,204.43,38.94,477.5,1.0,1
0.0,0.0,2.0,23.0,1.0,3.5,277.2,38.94,573.0,5.0,0
0.0,0.0,-20.0,5.0,0.0,4.0,257.98,28.98,317.0,1.0,0
0.0,0.0,-14.0,19.0,0.0,10.0,348.95500000000004,38.94,415.0,1.0,0
0.0,0.0,-15.0,7.0,0.0,10.0,337.18,38.94,870.0,1.0,0
0.0,0.0,-4.0,5.0,0.0,1.0,340.07,10.07,2644.0,6.0,0
0.0,0.0,-11.0,8.0,0.0,1.0,348.95500000000004,15.35,679.0,3.0,0
0.0,0.0,-7.0,14.0,0.0,5.0,348.95500000000004,38.94,590.0,1.0,0
0.0,0.0,35.0,59.0,1.0,2.0,312.61,32.71,729.0,1.0,1
0.0,0.0,-7.0,12.0,0.0,4.0,216.15,16.16,1135.0,4.0,0
0.0,0.0,-13.0,3.0,0.0,8.0,307.16,29.16,657.0,2.0,0
0.0,0.0,10.0,35.0,1.0,4.0,348.95500000000004,38.94,961.0,1.0,0
0.0,0.0,-6.0,21.0,0.0,1.0,348.95500000000004,38.94,295.0,1.0,0
0.0,0.0,-5.0,4.0,0.0,8.0,348.95500000000004,19.23,389.0,2.0,0
0.0,0.0,-14.0,7.0,0.0,1.0,298.32,28.33,502.0,2.0,0
0.0,0.0,-28.0,12.0,0.0,3.0,198.31,18.51,593.0,1.0,0
0.0,0.0,-15.0,10.0,0.0,10.0,215.8,16.15,801.0,3.0,0
0.0,0.0,-7.0,46.0,0.0,4.0,244.91,38.94,1350.0,1.0,0
0.0,0.0,-13.0,4.0,0.0,1.0,189.58,17.6,1008.0,5.0,0
0.0,0.0,-24.0,13.0,0.0,7.0,348.95500000000004,38.94,735.0,4.0,1
0.0,0.0,-2.0,16.0,0.0,5.0,348.95500000000004,38.94,1404.0,4.0,0
0.0,0.0,-13.0,5.0,0.0,1.0,212.03,12.03,1521.0,2.0,0
0.0,0.0,-10.0,5.0,0.0,10.0,348.95500000000004,14.63,2408.0,5.0,0
0.0,0.0,-14.0,4.0,0.0,8.0,316.4,18.4,597.0,1.0,0
0.0,0.0,-12.0,4.0,0.0,1.0,308.51,38.94,674.0,1.0,0
0.0,0.0,-4.0,20.0,0.0,5.0,293.4,38.94,692.0,2.0,0
0.0,0.0,-20.0,23.0,0.0,10.0,348.95500000000004,38.94,1277.0,1.0,0
0.0,0.0,-16.0,6.0,0.0,1.0,348.95500000000004,38.94,1893.0,1.0,0
0.0,0.0,-10.0,27.0,0.0,7.0,280.09,30.1,1029.0,1.0,1
0.0,0.0,-14.0,5.0,0.0,1.0,348.95500000000004,38.94,485.0,5.0,0
0.0,0.0,-2.0,25.0,0.0,8.0,348.95500000000004,38.94,658.0,1.0,0
0.0,0.0,-15.0,8.0,0.0,1.0,348.95500000000004,38.94,1137.0,1.0,1
0.0,0.0,-26.0,14.0,0.0,1.0,348.95500000000004,21.1,2938.0,4.0,0
0.0,0.0,-21.0,10.0,0.0,1.0,232.1,38.94,1117.0,6.0,0
0.0,0.0,-1.0,17.0,0.0,10.0,321.58,21.59,753.0,2.0,0
0.0,0.0,-13.0,9.0,0.0,7.0,348.95500000000004,33.38,2155.0,1.0,1
0.0,0.0,6.0,31.0,1.0,3.0,330.13,21.13,1186.0,2.0,0
0.0,0.0,-28.0,14.0,0.0,1.0,327.28,17.38,732.0,1.0,0
0.0,0.0,-17.0,15.0,0.0,1.0,348.95500000000004,19.81,1222.0,2.0,0
0.0,0.0,-14.0,3.0,0.0,2.0,277.12,9.13,2025.0,2.0,0
0.0,0.0,-18.0,7.0,0.0,10.0,233.55,14.55,399.0,1.0,0
0.0,0.0,-7.0,22.0,0.0,10.0,348.95500000000004,38.94,2043.0,5.0,0
0.0,0.0,-13.0,14.0,0.0,8.0,348.95500000000004,16.19,501.0,4.0,0
0.0,0.0,-10.0,20.0,0.0,2.0,263.45,38.94,180.42857142857142,1.0,1
0.0,0.0,-11.0,21.0,0.0,4.0,214.04,15.14,499.0,1.0,0
0.0,0.0,-6.0,15.0,0.0,8.0,334.46,19.46,556.0,1.0,0
0.0,0.0,-7.0,15.0,0.0,10.0,348.95500000000004,38.94,568.0,4.0,1
0.0,0.0,-1.0,20.0,0.0,6.0,348.95500000000004,36.35,1520.0,2.0,0
0.0,0.0,-9.0,10.0,0.0,1.0,348.95500000000004,38.94,859.0,1.0,0
0.0,0.0,-10.0,1.0,0.0,8.0,243.16,14.16,217.0,3.0,0
0.0,0.0,-23.0,6.0,0.0,6.0,348.95500000000004,29.04,814.0,2.0,0
0.0,0.0,-8.0,3.0,0.0,2.0,310.81,10.91,3007.0,6.0,0
0.0,0.0,-25.0,10.0,0.0,6.0,299.7,0.0,523.0,3.0,1
0.0,0.0,-5.0,21.0,0.0,1.0,201.96,22.96,417.0,2.0,0
0.0,0.0,-8.0,11.0,0.0,1.0,295.65,38.94,661.0,1.0,0
0.0,0.0,-19.0,6.0,0.0,3.0,234.61,19.61,1062.0,3.0,0
0.0,0.0,-8.0,2.0,0.0,3.0,233.74,33.94,112.0,4.0,1
0.0,0.0,-14.0,13.0,0.0,1.0,348.95500000000004,27.34,907.0,1.0,0
0.0,0.0,-19.0,4.0,0.0,5.0,247.62,27.62,2730.0,4.0,0
0.0,0.0,-15.0,4.0,0.0,3.0,244.81,24.83,2324.0,1.0,0
0.0,0.0,-14.0,9.0,0.0,1.0,348.95500000000004,31.8,625.0,1.0,0
0.0,0.0,-17.0,6.0,0.0,2.0,348.95500000000004,19.18,882.0,4.0,1
0.0,0.0,7.0,24.0,1.0,4.0,198.57,8.58,606.0,2.0,1
0.0,0.0,-18.0,9.0,0.0,10.0,348.95500000000004,38.94,868.0,1.0,0
0.0,0.0,-17.0,20.0,0.0,1.0,220.84,30.84,507.0,5.0,1
0.0,0.0,-13.0,2.0,0.0,10.0,348.95500000000004,35.73,1578.0,3.0,0
0.0,0.0,-32.0,10.0,0.0,4.0,348.95500000000004,38.94,1476.0,2.0,0
0.0,0.0,2.0,18.0,1.0,10.0,348.95500000000004,27.48,741.0,2.0,0
0.0,0.0,-7.0,1.0,0.0,4.0,241.51,30.509999999999998,395.5,5.75,0
0.0,0.0,-16.0,12.0,0.0,8.0,348.95500000000004,25.57,876.0,2.0,1
0.0,0.0,-21.0,12.0,0.0,8.0,348.95500000000004,20.02,874.0,1.0,1
0.0,0.0,-15.0,10.0,0.0,9.0,348.95500000000004,38.94,439.0,3.0,0
0.0,0.0,-16.0,15.0,0.0,4.0,348.95500000000004,24.8,504.0,3.0,1
0.0,0.0,-19.0,9.0,0.0,10.0,348.95500000000004,20.04,912.0,2.0,0
0.0,0.0,-26.0,7.0,0.0,8.0,348.95500000000004,38.94,564.0,3.0,0
0.0,0.0,-6.0,11.0,0.0,8.0,348.95500000000004,15.96,606.0,2.0,0
0.0,0.0,-12.0,14.0,0.0,1.0,342.16,31.67,698.5,2.0,0
0.0,0.0,-14.0,11.0,0.0,8.0,254.12,14.12,439.0,1.0,1
0.0,0.0,-14.0,10.0,0.0,6.0,245.47,29.91,3758.0,1.0,0
0.0,0.0,-13.0,3.0,0.0,8.0,348.95500000000004,38.94,1387.857142857143,1.5714285714285714,0
0.0,0.0,-4.0,12.0,0.0,1.0,220.43,38.94,1291.0,1.0,0
0.0,0.0,-23.0,9.0,0.0,3.0,223.88,23.98,325.0,1.0,0
0.0,0.0,-10.0,18.0,0.0,4.0,223.84,38.84,192.0,2.0,0
0.0,0.0,-19.0,6.0,0.0,1.0,258.96,38.94,488.0,3.0,0
0.0,0.0,-14.0,4.0,0.0,8.0,348.95500000000004,15.81,882.0,4.0,0
0.0,0.0,-6.0,9.0,0.0,10.0,195.1,10.11,3734.0,5.0,0
0.0,0.0,-27.0,9.0,0.0,8.0,348.95500000000004,23.46,1064.0,1.0,0
0.0,0.0,-14.0,11.0,0.0,10.0,348.95500000000004,28.18,1849.0,3.0,0
0.0,0.0,-18.0,9.0,0.0,2.0,348.95500000000004,24.59,376.0,5.0,0
0.0,0.0,-4.0,15.0,0.0,10.0,348.95500000000004,26.36,468.0,1.0,0
0.0,0.0,-8.0,11.0,0.0,8.0,348.95500000000004,17.03,1800.0,7.0,0
0.0,0.0,-20.0,6.0,0.0,1.0,232.35,38.94,344.0,3.0,0
0.0,0.0,-7.0,26.0,0.0,2.0,348.95500000000004,20.98,499.0,1.0,1
0.0,0.0,-17.0,9.0,0.0,10.0,348.95500000000004,18.18,558.0,2.0,0
0.0,0.0,-6.0,30.0,0.0,1.0,348.95500000000004,38.94,740.0,2.0,0
0.0,0.0,-28.0,10.0,0.0,1.0,307.86,28.22,465.0,1.0,0
0.0,0.0,-9.0,12.0,0.0,2.0,232.83,34.93,2476.0,2.0,0
0.0,0.0,5.0,24.0,1.0,7.0,348.95500000000004,38.94,561.0,5.0,0
0.0,0.0,3.0,31.0,1.0,8.0,348.95500000000004,21.84,452.0,1.0,0
0.0,0.0,-13.0,5.0,0.0,4.0,188.94,9.45,1631.0,3.0,0
0.0,0.0,-3.0,28.0,0.0,8.0,347.42,27.52,718.0,1.0,0
0.0,0.0,-14.0,8.0,0.0,8.0,348.95500000000004,17.7,452.0,1.0,0
0.0,0.0,-6.0,11.0,0.0,4.0,318.05,38.94,3571.0,1.0,0
0.0,0.0,-12.0,7.0,0.0,1.3333333333333333,265.59999999999997,38.94,408.0,1.0,0
0.0,0.0,28.0,61.0,1.0,7.0,348.95500000000004,38.94,982.0,3.0,1
0.0,0.0,-22.0,9.0,0.0,7.0,348.95500000000004,38.94,1059.0,5.0,0
0.0,0.0,-18.0,21.0,0.0,1.0,348.95500000000004,38.94,436.0,1.0,0
0.0,0.0,-14.0,12.0,0.0,1.0,214.56,38.94,151.0,1.0,0
0.0,0.0,-24.0,7.0,0.0,3.0,253.88,24.19,713.0,2.0,0
0.0,0.0,-10.0,8.0,0.0,1.0,266.34,38.94,749.0,1.0,0
0.0,0.0,-9.0,16.0,0.0,10.0,234.05,38.94,1912.0,5.0,0
0.0,0.0,-3.0,28.0,0.0,4.0,186.85,16.95,495.0,7.0,0
0.0,0.0,-12.0,13.0,0.0,6.0,328.17,28.18,399.0,1.0,0
0.0,0.0,-27.0,12.0,0.0,6.0,309.54,14.64,737.0,1.0,0
0.0,0.0,-18.0,9.0,0.0,1.0,348.95500000000004,18.5,650.0,1.0,0
0.0,0.0,-15.0,9.0,0.0,2.0,348.95500000000004,38.94,628.0,2.0,0
0.0,0.0,-11.0,13.0,0.0,6.0,339.86,10.96,1575.0,1.0,0
0.0,0.0,-8.0,5.0,0.0,1.0,348.95500000000004,38.94,716.0,1.5,0
0.0,0.0,-14.0,14.0,0.0,1.0,225.66,25.66,452.0,1.0,0
0.0,0.0,-20.0,10.0,0.0,1.5,255.66,38.94,355.0,2.0,1
0.0,0.0,-25.0,7.0,0.0,1.0,256.43,17.43,304.0,1.0,0
0.0,0.0,-26.0,10.0,0.0,9.0,348.95500000000004,38.94,1211.0,5.0,0
0.0,0.0,-16.0,13.0,0.0,1.0,296.19,19.19,579.0,1.0,0
0.0,0.0,-6.0,18.0,0.0,8.0,348.95500000000004,38.94,266.0,1.0,0
0.0,0.0,-6.0,7.0,0.0,1.0,348.95500000000004,38.94,2282.0,4.0,0
0.0,0.0,-33.0,8.0,0.0,5.0,268.42,38.52,844.0,5.0,0
0.0,0.0,5.0,43.0,1.0,10.0,348.95500000000004,38.94,982.0,3.0,1
0.0,0.0,-19.0,9.0,0.0,1.0,348.95500000000004,38.94,1090.0,1.0,1
0.0,0.0,-14.0,9.0,0.0,10.0,348.95500000000004,17.38,206.0,1.0,0
0.0,0.0,-15.0,7.0,0.0,7.0,348.95500000000004,10.85,497.0,1.0,1
0.0,0.0,-17.0,10.0,0.0,1.0,261.96,17.96,1842.0,1.0,0
0.0,0.0,-4.0,5.0,0.0,5.0,348.95500000000004,26.15,3352.0,5.0,0
0.0,0.0,-21.0,12.0,0.0,10.0,218.87,18.97,952.0,4.0,0
0.0,0.0,-25.0,5.0,0.0,8.0,289.95,38.94,423.0,1.0,0
0.0,0.0,-7.0,14.0,0.0,8.0,330.27,16.37,489.0,1.0,0
0.0,0.0,-14.0,5.0,0.0,10.0,348.95500000000004,17.23,1102.0,2.0,0
0.0,0.0,-9.0,26.0,0.0,1.0,348.95500000000004,21.95,876.0,2.0,0
0.0,0.0,-6.0,6.0,0.0,1.0,208.75,9.75,784.0,1.0,0
0.0,0.0,-11.0,2.0,0.0,10.0,348.95500000000004,26.69,3407.0,5.0,0
0.0,0.0,-2.0,7.0,0.0,1.0,246.82,9.82,1406.0,3.0,0
0.0,0.0,-7.0,21.0,0.0,6.0,348.95500000000004,17.62,736.0,1.0,0
0.0,0.0,-31.0,8.0,0.0,4.0,314.81,38.94,285.3333333333333,1.0,1
0.0,0.0,-23.0,10.0,0.0,2.0,348.95500000000004,37.6,1386.0,1.0,0
0.0,0.0,-14.0,13.0,0.0,6.0,343.71,18.71,2644.0,6.0,0
0.0,0.0,-7.0,10.0,0.0,8.0,348.95500000000004,36.96,1211.0,5.0,0
0.0,0.0,-13.0,12.0,0.0,1.0,348.95500000000004,38.94,1893.0,1.0,0
0.0,0.0,-14.0,10.0,0.0,6.0,300.28,10.38,476.0,1.0,1
0.0,0.5,-16.0,4.0,0.0,14.5,497.355,52.44,290.5,1.5,1
0.0,0.0,-19.0,8.0,0.0,10.0,348.95500000000004,26.04,855.0,1.0,0
0.0,0.0,3.0,30.0,1.0,8.0,302.24,38.94,551.0,2.0,1
0.0,0.0,-15.0,13.0,0.0,1.0,295.81,19.81,501.0,4.0,0
0.0,0.0,-6.0,18.0,0.0,1.0,217.36,30.37,1207.0,1.0,0
0.0,0.0,-8.0,33.0,0.0,5.0,292.59,23.59,736.0,4.0,0
0.0,0.0,-22.0,13.0,0.0,4.0,243.71,18.82,762.0,2.0,0
0.0,0.0,-7.0,3.0,0.0,5.0,348.95500000000004,24.88,1135.0,5.0,0
0.0,0.0,-11.0,17.0,0.0,3.0,348.95500000000004,38.94,1335.0,2.0,0
0.0,0.0,-7.0,13.0,0.0,1.0,251.43,38.94,446.5,1.0,0
0.0,0.0,-4.0,5.0,0.0,5.0,336.83,17.54,1131.0,3.0,0
0.0,0.0,-14.0,2.0,0.0,1.0,348.95500000000004,38.94,452.5,2.0,1
0.0,0.0,-15.0,8.0,0.0,1.0,219.45,38.94,381.0,1.0,0
0.0,0.0,-24.0,7.0,0.0,5.0,348.95500000000004,38.94,317.0,1.0,0
0.0,0.0,-21.0,10.0,0.0,3.0,252.0,22.1,1936.0,1.0,0
0.0,0.0,-15.0,14.0,0.0,1.0,348.95500000000004,38.94,209.0,1.0,0
0.0,0.0,-10.0,2.0,0.0,1.0,265.76,35.77,722.0,1.0,0
0.0,0.0,-19.0,9.0,0.0,8.0,348.95500000000004,20.42,1517.0,1.0,0
0.0,0.0,-7.0,13.0,0.0,8.0,218.27,19.27,253.0,1.0,0
0.0,0.0,-49.0,6.0,0.0,1.0,348.95500000000004,18.58,491.0,4.0,0
0.0,0.0,-12.0,14.0,0.0,1.0,212.97,18.07,493.0,6.0,0
0.0,0.0,-14.0,10.0,0.0,1.0,348.95500000000004,38.94,137.0,1.75,0
0.0,0.0,-5.0,15.0,0.0,5.5,239.68,38.94,465.0,1.0,1
0.0,0.0,-13.0,8.0,0.0,5.0,348.95500000000004,21.22,2644.0,6.0,0
0.0,0.0,-25.0,12.0,0.0,4.0,205.76,17.76,339.0,1.0,0
0.0,0.0,-18.0,7.0,0.0,1.0,348.95500000000004,26.42,2983.0,7.0,0
0.0,0.0,-20.0,16.0,0.0,5.0,348.95500000000004,22.64,1138.0,2.0,0
0.0,0.0,1.0,37.0,1.0,1.0,348.95500000000004,37.05,582.0,2.0,1
0.0,0.0,-13.0,26.0,0.0,10.0,348.95500000000004,38.94,1234.0,1.0,0
0.0,0.0,-15.0,10.0,0.0,1.0,348.95500000000004,21.28,438.0,1.0,1
0.0,0.0,-23.0,6.0,0.0,10.0,317.31,27.31,1619.0,1.0,1
0.0,0.0,-7.0,29.0,0.0,1.0,216.38,36.39,350.0,1.0,0
0.0,0.0,-15.0,4.0,0.0,1.0,245.54,15.55,887.0,1.0,0
0.0,0.0,-15.0,17.0,0.0,1.0,232.24,38.94,1128.0,1.0,0
0.0,0.0,-15.0,18.0,0.0,10.0,348.95500000000004,38.94,1034.0,2.5,0
0.0,0.0,-8.0,5.0,0.0,1.0,292.74,26.74,1115.0,2.0,0
0.0,0.0,-23.0,11.0,0.0,6.0,251.11,38.94,544.0,5.0,0
0.0,0.0,7.0,38.0,1.0,1.0,220.54,20.64,325.0,1.0,1
0.0,0.0,-6.0,4.0,0.0,10.0,259.85,19.85,1021.0,1.0,1
0.0,0.0,-10.0,17.0,0.0,8.0,343.71,18.71,2644.0,6.0,0
0.0,0.0,-16.0,8.0,0.0,24.0,348.95500000000004,38.94,1473.6666666666667,2.6666666666666665,0
0.0,0.0,-11.0,6.0,0.0,1.0,348.95500000000004,38.94,1135.0,5.0,1
0.0,0.0,-8.0,4.0,0.0,8.0,250.42,38.94,336.0,1.0,1
0.0,0.0,-6.0,8.0,0.0,2.0,311.81,31.82,1800.0,1.0,0
0.0,0.0,4.0,17.0,1.0,6.0,325.15,25.25,391.0,3.0,1
0.0,0.0,-21.0,8.0,0.0,7.0,348.95500000000004,29.04,2179.0,3.0,0
0.0,0.0,-14.0,11.0,0.0,9.0,348.95500000000004,22.85,926.0,1.0,0
0.0,0.0,-14.0,11.0,0.0,4.0,227.74,38.94,1337.5,3.5,1
0.0,0.0,-13.0,21.0,0.0,5.0,348.95500000000004,38.94,995.0,4.0,0
0.0,0.0,1.0,27.0,1.0,4.0,217.15,17.16,439.0,1.0,0
0.0,0.0,-15.0,10.0,0.0,2.0,317.8,18.8,209.0,2.0,1
0.0,0.0,-6.0,14.0,0.0,3.0,324.04,25.24,1924.0,3.0,0
0.0,0.0,-1.0,20.0,0.0,4.0,235.31,19.75,3758.0,1.0,0
0.0,0.0,-14.0,10.0,0.0,10.0,317.15,22.15,580.0,1.0,0
0.0,0.0,-14.0,6.0,0.0,4.0,318.7,38.94,1027.0,1.0,0
0.0,0.0,-21.0,6.0,0.0,3.0,348.95500000000004,38.94,272.0,7.0,0
0.0,0.0,-7.0,13.0,0.0,10.0,249.39,16.39,805.0,1.0,0
0.0,0.0,-14.0,16.0,0.0,3.0,348.95500000000004,38.94,1793.0,1.0,0
0.0,0.0,-12.0,30.0,0.0,7.0,348.95500000000004,38.94,1296.0,1.0,1
0.0,0.0,-10.0,3.0,0.0,10.0,348.95500000000004,35.16,603.0,1.0,1
0.0,0.0,-26.0,3.0,0.0,10.0,673.88,77.88,420.0,1.0,0
0.0,0.0,-22.0,6.0,0.0,3.0,340.48,38.94,485.0,5.0,0
0.0,0.0,-15.0,12.0,0.0,10.0,348.95500000000004,18.43,329.0,1.0,0
0.0,0.0,-17.0,15.0,0.0,10.0,327.82,38.94,511.0,4.0,0
0.0,0.0,-7.0,17.0,0.0,6.0,208.87,23.87,772.0,1.0,0
0.0,0.0,-30.0,9.0,0.0,1.0,237.54,27.55,516.0,1.0,0
0.0,0.0,-5.0,19.0,0.0,4.0,348.95500000000004,38.94,1401.0,2.0,0
0.0,0.0,-10.0,19.0,0.0,4.0,229.7,29.8,444.0,2.0,0
0.0,0.0,-10.0,13.0,0.0,1.0,220.29,38.94,474.0,4.0,0
0.0,0.0,-11.0,13.0,0.0,10.0,348.95500000000004,38.94,832.0,1.0,0
0.0,0.0,-16.0,19.0,0.0,6.0,267.92,24.03,594.0,1.0,0
0.0,0.0,-13.0,27.0,0.0,1.0,229.92,38.94,1286.0,1.0,0
0.0,0.0,-5.0,13.0,0.0,8.0,348.95500000000004,16.24,585.0,1.0,0
0.0,0.0,-20.0,8.0,0.0,4.0,225.32,37.52,932.0,1.0,0
0.0,0.0,-14.0,8.0,0.0,10.0,348.95500000000004,38.94,1074.0,6.0,0
0.0,0.0,-18.0,2.0,0.0,9.0,348.95500000000004,33.3,582.0,5.0,0
0.0,0.0,-13.0,11.0,0.0,8.0,316.35,38.94,340.0,2.0,0
0.0,0.0,-12.0,12.0,0.0,6.0,348.95500000000004,38.94,252.0,5.0,0
0.0,0.0,-17.0,6.0,0.0,8.0,273.85,13.95,649.0,3.0,0
0.0,0.0,-17.0,11.0,0.0,4.0,213.76,35.77,363.0,1.0,0
0.0,0.0,-16.0,6.0,0.0,3.0,345.05,16.05,718.0,1.0,0
0.0,0.0,-30.0,7.0,0.0,1.0,348.95500000000004,37.77,848.0,2.0,0
0.0,0.0,-20.0,10.0,0.0,1.0,337.42,18.42,389.0,1.0,0
0.0,0.0,-18.0,4.0,0.0,9.0,221.88,25.68,523.0,4.0,0
0.0,0.0,-8.0,5.0,0.0,4.0,348.95500000000004,11.46,1166.0,4.0,0
0.0,0.0,-28.0,10.0,0.0,1.0,292.5,17.55,2138.0,1.0,0
0.0,0.0,-13.0,10.0,0.0,1.0,348.95500000000004,38.94,839.5,2.25,1
0.0,0.0,-19.0,6.0,0.0,10.0,233.42,18.42,516.0,1.0,0
0.0,0.0,-5.0,20.0,0.0,2.0,236.29,16.29,617.0,2.0,0
0.0,0.0,-3.0,27.0,0.0,8.0,348.95500000000004,38.94,1259.0,1.0,0
0.0,0.0,-42.0,8.0,0.0,5.0,348.95500000000004,38.94,1865.0,1.0,0
0.0,0.0,-10.0,2.0,0.0,1.0,269.08,9.08,1057.0,6.0,0
0.0,0.0,10.0,21.0,1.0,4.5,227.69,8.79,598.0,1.0,1
0.0,0.0,-2.0,25.0,0.0,6.0,297.22,38.94,769.0,1.0,0
0.0,0.0,-9.0,11.0,0.0,8.0,348.95500000000004,14.4,446.0,5.0,0
0.0,0.0,0.0,22.0,0.0,1.0,348.95500000000004,38.94,1516.0,7.0,0
0.0,0.0,-25.0,13.0,0.0,4.0,232.89,38.94,1988.0,3.0,0
0.0,0.0,-10.0,3.0,0.0,10.0,348.95500000000004,38.94,1793.0,1.0,0
0.0,0.0,-15.0,10.0,0.0,3.0,348.95500000000004,18.91,329.0,1.0,0
0.0,0.0,-20.0,7.0,0.0,4.0,348.95500000000004,18.01,1957.0,3.0,0
0.0,0.0,-32.0,3.0,0.0,2.5,329.03999999999996,29.05,399.0,1.0,0
0.0,0.0,-14.0,4.0,0.0,1.0,188.94,9.45,1657.0,3.0,0
0.0,0.0,-26.0,5.0,0.0,4.0,427.88,68.28,210.5,1.0,1
0.0,0.0,-14.0,14.0,0.0,10.0,258.55,19.55,729.0,1.0,0
0.0,0.0,-20.0,6.0,0.0,4.0,348.95500000000004,20.6,438.0,2.0,0
0.0,0.0,-15.0,17.0,0.0,8.0,348.95500000000004,37.99,1654.0,3.0,0
0.0,0.0,8.0,33.0,1.0,5.5,348.95500000000004,32.86,1273.0,1.0,1
0.0,0.0,-17.0,2.0,0.0,8.0,211.75,21.75,1430.0,8.0,1
0.0,0.0,-10.0,7.0,0.0,1.0,243.01,13.11,236.0,1.0,0
0.0,0.0,0.0,22.0,0.0,6.0,348.95500000000004,38.94,2111.0,1.0,0
0.0,0.0,-8.0,16.0,0.0,1.0,291.72,22.72,249.0,3.0,0
0.0,0.0,-11.0,11.0,0.0,3.0,348.95500000000004,22.81,1457.0,5.0,0
0.0,0.0,-1.0,22.0,0.0,1.0,297.64,28.64,582.0,1.0,0
0.0,0.0,-22.0,12.0,0.0,5.0,310.2,38.94,266.0,3.0,0
0.0,0.0,-26.0,4.0,0.0,1.0,342.16,38.94,582.5,1.0,0
0.0,0.0,-2.0,17.0,0.0,1.0,348.95500000000004,15.71,468.0,1.0,0
0.0,0.0,-19.0,7.0,0.0,4.0,203.08,34.18,261.5,2.5,0
0.0,0.0,-8.0,16.0,0.0,6.0,316.85,16.86,823.0,2.0,0
0.0,0.0,-10.0,20.0,0.0,4.0,194.48,27.49,1456.0,1.0,0
0.0,0.0,-10.0,13.0,0.0,7.0,342.02,17.02,2644.0,6.0,0
0.0,0.0,-36.0,15.0,0.0,1.0,348.95500000000004,38.94,1917.0,4.0,0
0.0,0.0,4.0,17.0,1.0,5.0,279.27,38.94,722.0,1.0,1
0.0,0.0,-8.0,4.0,0.0,5.0,288.71,14.22,1693.0,8.0,1
0.0,0.0,-5.0,1.0,0.0,8.0,348.95500000000004,13.79,1949.0,2.0,1
0.0,0.0,-9.0,6.0,0.0,8.0,348.95500000000004,11.75,553.0,1.0,0
0.0,0.0,-18.0,22.0,0.0,3.0,225.57,26.67,465.0,1.0,0
0.0,0.0,-6.0,22.0,0.0,2.0,208.61,17.78,1116.0,1.0,0
0.0,0.0,-20.0,14.0,0.0,3.0,239.04,38.94,540.0,4.0,0
0.0,0.0,-8.0,11.0,0.0,1.0,231.27,38.94,1085.0,2.0,1
0.0,0.0,-22.0,23.0,0.0,8.0,297.0,17.0,772.0,1.0,1
0.0,0.0,-17.0,4.0,0.0,4.0,348.95500000000004,12.99,1222.0,2.0,0
0.0,0.0,-9.0,11.0,0.0,7.0,318.44,38.94,674.0,1.0,0
0.0,0.0,-11.0,23.0,0.0,1.0,348.95500000000004,33.85,111.0,1.0,0
0.0,0.0,-5.0,20.0,0.0,1.0,203.08,38.94,894.0,1.0,0
0.0,0.0,-33.0,12.0,0.0,7.0,348.95500000000004,18.0,718.0,1.0,0
0.0,0.0,-13.0,4.0,0.0,1.0,348.95500000000004,38.94,1719.0,3.0,0
0.0,0.0,-9.0,2.0,0.0,10.0,348.95500000000004,38.94,833.0,2.0,0
0.0,0.0,-9.0,3.0,0.0,3.0,261.18,9.18,1042.0,1.0,0
0.0,0.0,-6.0,23.0,0.0,1.0,252.74,38.94,711.0,1.0,0
0.0,0.0,-7.0,6.0,0.0,10.0,310.21,21.21,510.0,8.0,0
0.0,0.0,-6.0,16.0,0.0,1.0,348.95500000000004,38.94,603.0,1.0,0
0.0,0.0,-25.0,7.0,0.0,6.0,296.64,16.84,725.0,2.0,0
0.0,0.0,-7.0,10.0,0.0,10.0,264.62,14.63,792.0,1.0,0
0.0,0.0,-8.0,8.0,0.0,1.0,243.89,38.94,636.0,1.0,0
0.0,0.0,-14.0,6.0,0.0,4.0,348.95500000000004,19.65,371.0,2.0,0
0.0,0.0,-15.0,14.0,0.0,4.0,316.64,38.64,501.0,4.0,0
0.0,0.0,-11.0,19.0,0.0,5.0,348.95500000000004,31.24,1415.0,4.0,0
0.0,0.0,-17.0,10.0,0.0,2.0,348.95500000000004,38.94,1715.0,4.0,0
0.0,0.0,-10.0,8.0,0.0,1.0,207.52,18.04,157.0,9.0,0
0.0,0.0,-13.0,14.0,0.0,4.0,305.27,38.94,1002.0,3.0,0
0.0,0.0,-8.0,2.0,0.0,1.0,348.95500000000004,35.57,606.0,2.0,0
0.0,0.0,-12.0,8.0,0.0,2.0,195.58,29.68,606.0,1.0,0
0.0,0.0,-16.0,10.0,0.0,4.0,242.23,28.23,616.0,1.0,0
0.0,0.0,-16.0,18.0,0.0,7.0,348.95500000000004,38.94,3322.0,1.0,0
0.0,0.0,-18.0,32.0,0.0,10.0,348.95500000000004,38.94,495.0,6.0,0
0.0,0.0,-10.0,5.0,0.0,2.0,281.73,16.73,571.0,1.0,0
0.0,0.0,-30.0,14.0,0.0,3.0,259.0,30.0,236.0,1.0,0
0.0,0.0,-15.0,10.0,0.0,4.0,348.95500000000004,27.94,547.0,1.0,0
0.0,0.0,-16.0,5.0,0.0,7.0,348.95500000000004,17.58,598.0,2.0,0
0.0,0.0,-14.0,14.0,0.0,1.0,243.99,38.94,450.0,1.0,0
0.0,0.0,-23.0,8.0,0.0,1.0,223.26,26.26,555.0,1.0,0
0.0,0.0,-13.0,22.0,0.0,10.0,348.95500000000004,38.94,408.0,1.0,0
0.0,0.0,-18.0,15.0,0.0,5.0,348.95500000000004,38.94,1227.0,1.0,0
0.0,0.0,-30.0,7.0,0.0,6.0,348.95500000000004,33.8,1479.0,3.0,0
0.0,0.0,-10.0,14.0,0.0,1.0,348.95500000000004,38.94,606.0,2.0,0
0.0,0.0,-2.0,22.0,0.0,3.0,195.0,20.1,828.0,4.0,0
0.0,0.0,-15.0,9.0,0.0,8.0,348.95500000000004,19.91,1302.0,3.0,0
0.0,0.0,-13.0,23.0,0.0,1.0,348.95500000000004,29.4,1663.0,1.0,0
0.0,0.0,-18.0,17.0,0.0,1.0,273.12,18.22,883.0,4.0,0
0.0,0.0,-33.0,7.0,0.0,1.0,348.95500000000004,38.12,1811.0,6.0,0
0.0,0.0,-16.0,6.0,0.0,3.0,348.95500000000004,9.59,506.0,2.0,0
0.0,0.0,7.0,34.0,1.0,10.0,348.95500000000004,28.7,1613.0,2.0,0
0.0,0.0,-7.0,26.0,0.0,3.0,287.1,38.94,606.0,2.0,0
0.0,0.0,-8.0,6.0,0.0,8.0,342.25,12.25,2644.0,6.0,0
0.0,0.0,-11.0,10.0,0.0,1.0,328.94,38.94,3694.0,1.0,0
0.0,0.0,-18.0,11.0,0.0,1.0,277.35,37.0,2518.0,2.0,0
0.0,0.0,-15.0,8.0,0.0,1.0,240.41,20.51,1853.0,3.0,0
0.0,0.0,-20.0,10.0,0.0,1.0,225.59,27.69,1212.0,1.0,0
0.0,0.0,-7.0,6.0,0.0,4.0,279.7,10.7,498.0,1.0,0
0.0,0.0,-18.0,5.0,0.0,8.0,348.95500000000004,14.65,2029.0,2.0,0
0.0,0.0,-14.0,8.0,0.0,2.0,348.95500000000004,23.84,2378.0,1.0,1
0.0,0.0,-12.0,12.0,0.0,1.0,237.0,28.0,1246.0,1.0,0
0.0,0.0,-11.0,13.0,0.0,1.0,219.87,38.94,1636.5,1.0,0
0.0,0.0,-20.0,19.0,0.0,10.0,271.2,38.94,766.0,5.0,1
0.0,0.0,13.0,36.0,1.0,8.0,215.14,16.14,640.0,1.0,0
0.0,0.0,-26.0,8.0,0.0,1.0,348.95500000000004,38.94,3133.0,3.0,1
0.0,0.0,-10.0,21.0,0.0,10.0,310.2,38.94,266.0,3.0,0
0.0,0.0,-4.0,21.0,0.0,2.0,292.24,38.94,1226.0,4.0,0
0.0,0.0,-15.0,11.0,0.0,1.0,275.72,38.94,523.0,2.0,0
0.0,0.0,-14.0,8.0,0.0,10.0,348.95500000000004,14.8,421.0,1.0,0
0.0,0.0,5.0,23.0,1.0,2.0,340.29,15.29,472.0,2.0,0
0.0,0.0,-13.0,12.0,0.0,1.0,332.89,33.89,2006.0,4.0,0
0.0,0.0,22.0,40.0,1.0,1.0,218.45,14.45,236.0,1.0,1
0.0,0.0,-11.0,11.0,0.0,2.0,210.11,20.21,3025.0,1.0,0
0.0,0.0,-9.0,19.0,0.0,1.0,328.82,32.82,707.0,1.0,0
0.0,0.0,-8.0,5.0,0.0,3.0,340.07,10.07,2644.0,6.0,0
0.0,0.0,-14.0,11.0,0.0,5.0,337.83,38.94,762.0,3.0,1
0.0,0.0,-7.0,13.0,0.0,3.0,252.42,26.42,316.0,1.0,0
0.0,0.0,-16.0,5.0,0.0,10.0,305.19,16.19,770.0,1.0,0
0.0,0.0,-14.0,9.0,0.0,10.0,312.92,38.94,756.0,1.0,0
0.0,0.0,-2.0,32.0,0.0,1.0,298.4,18.4,1883.0,1.0,0
0.0,0.0,-21.0,7.0,0.0,4.0,233.64,18.08,3758.0,1.0,0
0.0,0.0,-6.0,27.0,0.0,5.0,236.36,8.46,501.0,4.0,1
0.0,0.0,-17.0,2.0,0.0,1.0,309.72,33.75,723.0,1.0,0
0.0,0.0,-10.0,4.0,0.0,1.0,348.95500000000004,10.51,1267.0,1.0,0
0.0,0.0,-5.0,13.0,0.0,4.0,348.95500000000004,20.31,1009.0,2.0,0
0.0,0.0,-10.0,8.0,0.0,8.0,228.03,25.03,277.0,1.0,1
0.0,0.0,-19.0,9.0,0.0,10.0,348.95500000000004,38.94,190.66666666666666,2.3333333333333335,0
0.0,0.0,-6.0,2.0,0.0,4.0,300.48,15.48,300.0,1.0,0
0.0,0.0,-12.0,11.0,0.0,8.0,277.48,18.72,376.0,1.0,0
0.0,0.0,-12.0,19.0,0.0,1.0,341.24,38.94,894.0,1.0,0
0.0,0.0,-12.0,13.0,0.0,10.0,348.95500000000004,34.0,421.0,1.0,0
0.0,0.0,-23.0,9.0,0.0,4.0,348.95500000000004,38.94,383.0,1.0,0
0.0,0.0,-10.0,3.0,0.0,3.0,348.95500000000004,18.9,1657.0,2.5,0
0.0,0.0,-12.0,20.0,0.0,1.0,329.22,38.94,1297.5,1.0,1
0.0,0.0,-9.0,20.0,0.0,9.0,348.95500000000004,36.51,551.0,3.0,0
0.0,0.0,-52.0,10.0,0.0,1.0,348.95500000000004,38.94,1319.0,2.0,0
0.0,0.0,-5.0,3.0,0.0,5.0,235.92,15.28,919.5,1.0,1
0.0,0.0,-19.0,3.0,0.0,10.0,255.71,33.71,1376.5,2.5,0
0.0,0.0,-29.0,14.0,0.0,5.0,234.5,38.94,894.0,1.0,0
0.0,0.0,2.0,28.0,1.0,3.0,190.48,23.49,1456.0,1.0,0
0.0,0.0,-12.0,13.0,0.0,7.0,348.95500000000004,16.19,439.0,1.0,0
0.0,0.0,-7.0,6.0,0.0,2.0,234.05,24.05,1161.0,10.0,0
0.0,0.0,7.0,31.0,1.0,10.0,348.95500000000004,35.02,653.0,2.0,0
0.0,0.0,-12.0,7.0,0.0,1.0,348.95500000000004,38.94,1400.0,10.0,0
0.0,0.0,-12.0,10.0,0.0,2.0,220.2,26.2,554.0,4.0,1
0.0,0.0,-13.0,5.0,0.0,6.0,328.3,28.4,892.0,4.0,0
0.0,0.0,-16.0,16.0,0.0,5.0,348.95500000000004,22.07,452.0,1.0,0
0.0,0.0,-28.0,25.0,0.0,6.0,338.74,38.94,2095.0,5.0,0
0.0,0.0,17.0,40.0,1.0,2.0,228.62,18.72,236.0,1.0,1
0.0,0.0,-1.0,45.0,0.0,1.0,214.99,35.0,434.5,1.0,0
0.0,0.0,-12.0,22.0,0.0,1.0,348.95500000000004,34.62,254.0,1.0,0
0.0,0.0,-5.0,17.0,0.0,1.0,348.95500000000004,38.94,324.0,1.0,0
0.0,0.0,-21.0,8.0,0.0,7.0,279.92,19.92,1633.0,5.0,0
0.0,0.0,-9.0,13.0,0.0,10.0,348.95500000000004,21.74,913.0,3.0,0
0.0,0.0,-20.0,7.0,0.0,3.0,348.95500000000004,38.94,554.6666666666666,1.3333333333333333,1
0.0,0.0,-17.0,8.0,0.0,6.0,348.95500000000004,38.94,390.0,7.0,1
0.0,0.0,-4.0,24.0,0.0,8.0,348.95500000000004,24.71,1859.0,1.0,0
0.0,0.0,-10.0,8.0,0.0,4.0,267.9,18.0,988.0,2.0,0
0.0,0.0,-18.0,5.0,0.0,10.0,314.54,14.54,300.0,1.0,0
0.0,0.0,-26.0,14.0,0.0,2.0,205.4,36.5,411.0,1.0,0
0.0,0.0,-8.0,15.0,0.0,1.0,348.95500000000004,25.74,465.0,1.0,0
0.0,0.0,14.0,39.0,1.0,2.0,226.46,38.94,1350.0,1.0,1
0.0,0.0,-37.0,14.0,0.0,10.0,348.95500000000004,36.65,1800.0,7.0,1
0.0,0.0,-15.0,1.0,0.0,10.0,348.95500000000004,38.94,1684.7142857142858,2.0,0
0.0,0.0,-13.0,6.0,0.0,10.0,314.7,15.7,249.0,3.0,0
0.0,0.0,-14.0,5.0,0.0,12.0,228.52,26.62,490.5,2.5,1
0.0,0.0,-20.0,12.0,0.0,24.0,348.95500000000004,38.94,1363.0,2.0,0
0.0,0.0,-22.0,6.0,0.0,1.0,348.95500000000004,16.95,830.0,2.0,0
0.0,0.0,-10.0,30.0,0.0,7.0,348.95500000000004,38.94,668.0,3.0,0
0.0,0.0,-15.0,2.0,0.0,4.0,348.95500000000004,16.67,905.0,1.0,0
0.0,0.0,-11.0,10.0,0.0,10.0,348.95500000000004,20.35,786.0,2.0,0
0.0,0.0,-25.0,9.0,0.0,1.0,283.53,24.53,623.0,5.0,0
0.0,0.0,4.0,23.0,1.0,9.0,348.95500000000004,38.94,598.0,1.0,1
0.0,0.0,-24.0,8.0,0.0,4.0,308.9,19.9,1650.0,6.0,1
0.0,0.0,-16.0,18.0,0.0,5.0,348.95500000000004,31.86,836.0,1.0,0
0.0,0.0,-23.0,16.0,0.0,1.0,255.52,16.52,636.0,1.0,0
0.0,0.0,-19.0,16.0,0.0,8.0,348.95500000000004,38.81,1811.0,6.0,0
0.0,0.0,-8.0,30.0,0.0,8.0,219.18,19.28,548.0,3.0,0
0.0,0.0,-15.0,5.0,0.0,1.0,209.86,9.96,623.0,1.0,0
0.0,0.0,-6.0,20.0,0.0,4.0,217.84,17.84,696.0,2.0,0
0.0,0.0,-21.0,9.0,0.0,2.0,328.32,38.94,1107.0,1.0,0
0.0,0.0,-17.0,1.0,0.0,1.0,248.57,29.57,452.0,2.0,0
0.0,0.0,-12.0,22.0,0.0,3.0,348.95500000000004,27.66,561.0,8.0,1
0.0,0.0,-8.0,5.0,0.0,5.5,330.36,11.36,389.0,1.0,0
0.0,0.0,-2.0,11.0,0.0,1.0,327.66,17.66,327.0,1.0,0
0.0,0.0,26.0,64.0,1.0,2.0,243.71,38.94,892.0,1.0,1
0.0,0.0,-12.0,10.0,0.0,5.0,348.95500000000004,38.94,975.0,1.0,0
0.0,0.0,8.0,37.0,1.0,10.0,348.95500000000004,33.03,1131.0,3.0,1
0.0,0.0,-18.0,3.0,0.0,1.0,195.51,16.02,1658.0,3.0,0
0.0,0.0,-3.0,23.0,0.0,3.0,324.74,25.74,2007.0,4.0,0
0.0,0.0,6.0,30.0,1.0,4.0,348.95500000000004,21.15,468.0,1.0,1
0.0,0.0,9.0,34.0,1.0,1.0,222.68,18.68,236.0,1.0,1
0.0,0.0,-28.0,9.0,0.0,3.0,290.72,38.94,1151.0,8.0,0
0.0,0.0,-14.0,10.0,0.0,8.0,267.65,18.65,288.0,1.0,0
0.0,0.0,-24.0,11.0,0.0,10.0,348.95500000000004,15.39,1114.0,4.0,0
0.0,0.0,-6.0,9.0,0.0,3.0,348.95500000000004,38.94,606.0,2.0,1
0.0,0.0,-1.0,18.0,0.0,5.0,247.62,27.62,612.0,7.0,0
0.0,0.0,-7.0,18.0,0.0,2.0,218.35,18.65,344.0,3.0,0
0.0,0.0,-24.0,5.0,0.0,8.0,288.76,19.76,1167.0,1.0,0
0.0,0.0,-9.0,7.0,0.0,10.0,348.95500000000004,38.94,611.0,2.0,0
0.0,0.0,-6.0,2.0,0.0,8.0,253.18,16.18,2917.5,2.0,0
0.0,0.0,-27.0,9.0,0.0,6.0,325.54,26.54,1649.0,5.0,1
0.0,0.0,-8.0,12.0,0.0,1.0,319.11,38.94,266.0,3.0,0
0.0,0.0,-10.0,13.0,0.0,10.0,272.14,22.24,233.0,1.0,0
0.0,0.0,-6.0,18.0,0.0,8.0,348.95500000000004,38.94,875.0,2.0,0
0.0,0.0,-37.0,19.0,0.0,4.0,323.82,38.94,519.0,2.0,0
0.0,0.0,-32.0,3.0,0.0,1.0,319.89,19.9,1139.0,3.0,0
0.0,0.5,-4.0,6.0,0.0,3.0,536.605,48.85,574.6666666666667,1.0,0
0.0,0.0,-6.0,14.0,0.0,3.0,191.23,22.23,126.0,6.0,0
0.0,0.0,-10.0,12.0,0.0,8.0,348.95500000000004,33.34,1125.0,3.0,0
0.0,0.0,-3.0,35.0,0.0,9.0,241.93,22.03,570.0,1.0,0
0.0,0.0,-19.0,7.0,0.0,1.0,348.95500000000004,33.41,1726.0,5.0,0
0.0,0.0,-4.0,7.0,0.0,1.0,310.94,23.94,743.0,1.0,0
0.0,0.0,-15.0,7.0,0.0,5.0,309.78,38.94,245.0,1.0,0
0.0,0.0,-17.0,3.0,0.0,8.0,348.95500000000004,38.94,606.0,2.0,1
0.0,0.5,-17.0,12.0,0.0,5.5,418.33500000000004,56.099999999999994,626.5,1.5,0
0.0,0.0,-11.0,11.0,0.0,1.0,296.33,26.34,474.0,1.0,0
0.0,0.0,-10.0,14.0,0.0,1.0,313.43,38.94,475.0,1.0,1
0.0,0.0,-6.0,15.0,0.0,4.0,340.74,25.2,606.0,2.0,0
0.0,0.0,-5.0,9.0,0.0,5.0,300.74,10.84,605.0,5.0,0
0.0,0.0,-8.0,10.0,0.0,1.0,348.95500000000004,38.94,1168.0,1.0,0
0.0,0.0,-27.0,11.0,0.0,5.0,348.95500000000004,29.5,2032.0,1.0,0
0.0,0.0,-7.0,9.0,0.0,1.0,341.0,37.4,1186.0,2.0,1
0.0,0.0,-4.0,13.0,0.0,1.0,340.12,11.12,179.0,1.0,0
0.0,0.0,-5.0,24.0,0.0,10.0,232.72,32.92,250.0,1.0,1
0.0,0.0,-30.0,7.0,0.0,1.0,264.95,26.95,501.0,2.0,0
0.0,0.0,-15.0,6.0,0.0,1.0,241.15,38.94,993.0,5.0,0
0.0,0.0,-4.0,19.0,0.0,1.0,238.78,38.94,816.0,2.0,1
0.0,0.0,-6.0,7.0,0.0,3.0,348.95500000000004,13.26,692.0,3.0,0
0.0,0.0,-10.0,18.0,0.0,1.0,348.95500000000004,38.94,790.0,1.0,0
0.0,0.0,-36.0,5.0,0.0,8.0,348.95500000000004,38.94,2432.0,4.0,1
0.0,0.0,-11.0,15.0,0.0,6.0,348.95500000000004,22.44,306.0,1.0,1
0.0,0.0,13.0,49.0,1.0,10.0,348.95500000000004,37.27,982.0,3.0,1
0.0,0.0,-21.0,5.0,0.0,2.0,348.95500000000004,17.01,538.0,1.0,0
0.0,0.0,-21.0,12.0,0.0,1.0,348.95500000000004,29.41,937.0,1.0,0
0.0,0.0,-22.0,12.0,0.0,1.0,278.22,38.94,236.0,1.0,0
0.0,0.0,-6.0,10.0,0.0,10.0,348.95500000000004,19.04,3319.0,6.0,0
0.0,0.0,-13.0,2.0,0.0,5.0,318.4,18.41,753.0,2.0,0
0.0,0.0,-6.0,22.0,0.0,10.0,348.95500000000004,24.68,1463.0,1.0,0
0.0,0.0,-19.0,5.0,0.0,2.0,264.16,38.94,450.0,1.0,0
0.0,0.0,-8.0,18.0,0.0,1.0,193.02,34.12,1981.5,1.5,0
0.0,0.0,-14.0,11.0,0.0,1.0,334.67,14.68,468.0,1.0,0
0.0,0.0,-1.0,3.0,0.0,1.0,267.05,17.05,1430.0,8.0,0
0.0,0.0,-13.0,7.0,0.0,1.0,348.95500000000004,38.94,1698.0,2.0,0
0.0,0.0,-9.0,14.0,0.0,1.0,348.95500000000004,38.94,362.0,2.0,0
0.0,0.0,-10.0,17.0,0.0,2.0,205.18,17.75,315.0,1.0,0
0.0,0.0,-13.0,20.0,0.0,8.0,348.95500000000004,38.94,1737.0,4.0,0
0.0,0.0,-5.0,18.0,0.0,9.0,348.95500000000004,28.16,1176.0,6.0,0
0.0,0.0,3.0,41.0,1.0,2.0,190.37,38.94,1893.0,1.0,1
0.0,0.0,-9.0,19.0,0.0,1.0,321.41,38.94,556.0,1.0,1
0.0,0.0,-13.0,11.0,0.0,8.0,348.95500000000004,18.25,1574.0,3.0,0
0.0,0.0,-11.0,15.0,0.0,1.0,348.95500000000004,38.94,762.0,3.0,0
0.0,0.0,0.0,16.0,0.0,6.0,348.95500000000004,38.94,1484.0,1.0,1
0.0,0.0,-24.0,7.0,0.0,3.0,348.95500000000004,31.41,1843.0,3.5,0
0.0,0.0,-4.0,25.0,0.0,3.0,284.84,25.94,925.0,1.0,1
0.0,0.0,-7.0,29.0,0.0,1.0,238.07,38.94,1128.0,1.0,0
0.0,0.0,-20.0,5.0,0.0,1.0,259.14,17.13,2680.0,4.0,1
0.0,0.0,-6.0,23.0,0.0,1.0,210.11,20.21,317.0,3.0,0
0.0,0.0,-5.0,5.0,0.0,1.0,348.95500000000004,21.98,1620.0,2.0,0
0.0,0.0,-12.0,11.0,0.0,10.0,348.95500000000004,38.94,1034.0,2.0,0
0.0,0.0,-13.0,9.0,0.0,3.0,348.95500000000004,38.94,573.0,2.0,0
0.0,0.0,-9.0,5.0,0.0,4.0,279.08,10.08,638.0,4.0,1
0.0,0.0,-14.0,8.0,0.0,10.0,319.72,19.72,696.0,4.0,0
0.0,0.0,-5.0,29.0,0.0,6.0,251.75,26.85,582.0,1.0,0
0.0,0.0,-8.0,9.0,0.0,6.0,348.95500000000004,15.62,644.0,1.0,0
0.0,0.0,-26.0,9.0,0.0,8.0,290.67,16.67,284.0,2.0,0
0.0,0.0,-16.0,8.0,0.0,4.0,201.82,12.82,232.0,1.0,1
0.0,0.0,-8.0,5.0,0.0,1.0,348.95500000000004,25.84,1001.0,1.0,0
0.0,0.0,-8.0,7.0,0.0,4.0,248.36,19.32,603.0,1.0,0
0.0,0.0,-11.0,7.0,0.0,2.0,218.45,14.45,236.0,1.0,0
0.0,0.0,-10.0,30.0,0.0,3.0,283.66,38.94,730.0,1.0,0
0.0,0.0,-23.0,17.0,0.0,8.0,303.22,38.94,597.0,1.0,1
0.0,0.0,-4.0,10.0,0.0,6.0,348.95500000000004,12.0,742.0,1.0,0
0.0,0.0,-8.0,20.0,0.0,3.0,260.0,38.94,1161.0,10.0,0
0.0,0.0,-14.0,24.0,0.0,5.0,348.95500000000004,38.94,1039.0,1.0,0
0.0,0.0,-5.0,7.0,0.0,1.0,218.37,10.37,821.0,1.0,1
0.0,0.0,-12.0,16.0,0.0,10.0,348.95500000000004,25.84,1513.0,1.0,0
0.0,0.0,-4.0,27.0,0.0,5.0,185.93,15.94,130.0,4.0,0
0.0,0.0,-4.0,16.0,0.0,4.0,240.76,38.94,469.0,4.0,0
0.0,0.0,-18.0,11.0,0.0,1.0,199.14,19.14,871.0,4.0,0
0.0,0.0,-17.0,16.0,0.0,5.0,348.95500000000004,18.8,765.0,3.0,0
0.0,0.0,-19.0,8.0,0.0,8.0,348.95500000000004,38.94,243.75,1.0,1
0.0,0.0,-8.0,20.0,0.0,1.0,304.06,38.94,87.0,3.0,0
0.0,0.0,-6.0,10.0,0.0,4.0,348.95500000000004,18.99,995.0,4.0,0
0.0,0.0,-19.0,9.0,0.0,8.0,319.88,19.98,532.0,2.0,0
0.0,0.0,-21.0,11.0,0.0,1.0,348.95500000000004,26.7,1882.0,4.0,0
0.0,0.0,1.0,19.0,1.0,1.0,303.7,38.94,1076.0,3.0,0
0.0,0.0,-29.0,6.0,0.0,2.0,340.82,25.82,1030.0,4.0,0
0.0,0.0,-6.0,12.0,0.0,1.0,207.28,27.3,750.0,1.0,0
0.0,0.0,-17.0,18.0,0.0,5.0,275.77,26.77,798.0,3.0,0
0.0,0.0,1.0,30.0,1.0,3.0,348.95500000000004,38.94,257.0,3.0,0
0.0,0.0,-13.0,10.0,0.0,3.0,348.95500000000004,17.19,501.0,4.0,0
0.0,0.0,27.0,58.0,1.0,8.0,348.95500000000004,31.96,625.0,1.0,1
0.0,0.0,-11.0,14.0,0.0,5.0,336.99,17.99,1980.0,2.0,0
0.0,0.0,-31.0,9.0,0.0,1.0,227.38,27.48,298.0,1.0,0
0.0,0.0,-35.0,8.0,0.0,8.0,333.66,38.94,631.3333333333334,1.3333333333333333,0
0.0,0.0,-14.0,13.0,0.0,8.0,348.95500000000004,18.73,691.0,2.0,0
0.0,0.0,-13.0,13.0,0.0,1.0,186.05,19.06,1456.0,1.0,0
0.0,0.0,-3.0,16.0,0.0,5.0,267.37,37.47,2115.0,1.0,0
0.0,0.0,-11.0,11.0,0.0,2.0,208.89,18.9,946.0,1.0,0
0.0,0.0,-10.0,10.0,0.0,4.0,348.95500000000004,14.43,473.0,1.0,0
0.0,0.0,-20.0,9.0,0.0,5.0,221.12,38.94,442.0,1.0,0
0.0,0.0,-16.0,5.0,0.0,10.0,348.95500000000004,22.07,168.0,1.0,0
0.0,0.0,-15.0,9.0,0.0,10.0,348.95500000000004,38.94,310.0,1.0,0
0.0,0.0,-16.0,14.0,0.0,10.0,266.94,17.29,3116.0,3.0,0
0.0,0.0,-34.0,15.0,0.0,3.0,348.95500000000004,38.94,1946.0,4.0,0
0.0,0.0,4.0,31.0,1.0,7.0,348.95500000000004,19.5,555.0,1.0,0
0.0,0.0,-6.0,7.0,0.0,2.0,291.54,15.54,676.0,2.0,1
0.0,0.0,-8.0,28.0,0.0,3.0,222.17,38.94,1893.0,1.0,0
0.0,0.0,-11.0,8.0,0.0,2.0,334.34,33.36,450.0,1.0,0
0.0,0.0,-9.0,9.0,0.0,4.0,348.95500000000004,18.17,1115.0,2.0,0
0.0,0.0,-14.0,18.0,0.0,1.0,258.05,19.24,545.0,1.0,0
0.0,0.0,-16.0,7.0,0.0,4.0,208.48,18.58,444.0,2.0,1
0.0,0.0,-27.0,13.0,0.0,10.0,348.95500000000004,20.0,413.5,1.0,1
0.0,0.0,-20.0,12.0,0.0,1.0,348.95500000000004,38.94,289.0,1.0,0
0.0,0.0,36.0,55.0,1.0,8.0,276.58,15.58,1647.0,1.0,1
0.0,0.0,-13.0,20.0,0.0,1.0,348.95500000000004,38.94,316.0,1.0,0
0.0,0.0,-8.0,14.0,0.0,1.0,196.01,16.01,1153.0,4.0,0
0.0,0.0,-16.0,7.0,0.0,4.0,206.76,17.76,965.0,3.0,0
0.0,0.0,-6.0,6.0,0.0,3.0,208.55,8.65,766.0,2.0,0
0.0,0.0,-26.0,10.0,0.0,1.0,289.02,38.94,425.0,1.0,0
0.0,0.0,-15.0,14.0,0.0,8.0,348.95500000000004,17.0,696.0,4.0,0
0.0,0.0,-37.0,5.0,0.0,8.0,327.17,38.94,557.5,1.0,0
0.0,0.0,-17.0,21.0,0.0,4.0,348.95500000000004,38.94,1155.0,1.0,0
0.0,0.0,-4.0,25.0,0.0,1.0,190.37,38.94,1893.0,1.0,0
0.0,0.0,-30.0,8.0,0.0,2.0,223.88,23.98,325.0,1.0,0
0.0,0.0,-24.0,2.0,0.0,10.0,254.91,37.019999999999996,566.0,1.5,1
0.0,0.0,-14.0,27.0,0.0,10.0,258.23,38.23,253.0,1.0,0
0.0,0.0,-14.0,9.0,0.0,18.0,335.89,35.9,1892.0,4.0,0
0.0,0.0,-12.0,2.0,0.0,2.0,348.95500000000004,38.94,655.0,2.0,0
0.0,0.0,-21.0,9.0,0.0,2.0,348.95500000000004,20.27,899.0,3.0,1
0.0,0.0,-19.0,16.0,0.0,3.0,292.39,32.49,1503.0,2.0,0
0.0,0.0,0.0,25.0,0.0,8.0,207.2,19.2,111.0,1.0,0
0.0,0.0,-11.0,11.0,0.0,10.0,348.95500000000004,25.59,868.0,2.0,0
0.0,0.0,21.0,46.0,1.0,10.0,348.95500000000004,38.94,255.0,1.0,1
0.0,0.0,-4.0,16.0,0.0,3.0,196.99,17.99,1977.0,3.0,0
0.0,0.0,-15.0,9.0,0.0,8.0,208.77,12.87,465.0,1.0,0
0.0,0.0,-40.0,12.0,0.0,4.0,348.95500000000004,38.94,625.0,1.0,0
0.0,0.0,-14.0,19.0,0.0,8.0,348.95500000000004,23.97,260.0,2.0,1
0.0,0.0,-18.0,14.0,0.0,6.0,348.95500000000004,37.14,772.0,1.0,0
0.0,0.0,-28.0,7.0,0.0,3.0,348.95500000000004,38.94,1211.0,5.0,1
0.0,0.0,-6.0,13.0,0.0,1.0,348.95500000000004,38.94,438.0,2.0,0
0.0,0.0,-10.0,19.0,0.0,1.0,339.37,35.92,259.0,1.0,1
0.0,0.0,-7.0,8.0,0.0,5.0,348.95500000000004,16.08,492.0,1.0,0
0.0,0.0,-15.0,3.0,0.0,10.0,245.24,25.44,2507.0,2.0,0
0.0,0.0,-15.0,9.0,0.0,8.0,235.41,16.41,528.0,2.0,0
0.0,0.0,-29.0,11.0,0.0,5.0,255.92,17.92,2067.0,1.0,0
0.0,0.0,-12.0,9.0,0.0,1.0,234.79,38.94,340.3333333333333,2.0,0
0.0,0.0,5.0,31.0,1.0,10.0,262.16,22.17,998.0,1.0,1
0.0,0.0,-6.0,5.0,0.0,10.0,336.17,11.17,2644.0,6.0,0
0.0,0.0,-19.0,20.0,0.0,4.0,218.91,38.94,729.0,1.0,1
0.0,0.0,-12.0,6.0,0.0,1.0,277.0,38.94,236.0,1.0,1
0.0,0.0,-55.0,7.0,0.0,8.0,348.95500000000004,38.94,288.0,3.0,0
0.0,0.0,-14.0,10.0,0.0,4.0,202.12,32.22,226.0,5.0,0
0.0,0.0,1.0,22.0,1.0,8.0,348.95500000000004,16.82,2522.0,5.0,0
0.0,0.0,-13.0,7.0,0.0,1.0,244.38,38.94,493.0,1.0,0
0.0,0.0,-6.0,15.0,0.0,8.0,348.95500000000004,37.6,1176.0,3.0,0
0.0,0.0,0.0,26.0,0.0,1.0,193.4,14.4,1413.0,2.0,0
0.0,0.0,-18.0,4.0,0.0,1.0,262.28,32.28,841.0,1.0,0
0.0,0.0,-23.0,6.0,0.0,10.0,348.95500000000004,38.94,593.0,1.0,1
0.0,0.0,-21.0,18.0,0.0,3.0,348.95500000000004,24.09,316.0,1.0,1
0.0,0.0,-13.0,8.0,0.0,4.0,348.95500000000004,37.54,1176.0,3.0,0
0.0,0.0,-19.0,35.0,0.0,5.0,270.72,20.72,1359.0,3.0,0
0.0,0.0,-12.0,1.0,0.0,1.0,214.08,16.08,149.0,1.0,0
0.0,0.0,-17.0,12.0,0.0,2.0,348.95500000000004,16.55,2599.0,4.0,0
0.0,0.0,-8.0,11.0,0.0,10.0,348.95500000000004,38.94,1145.0,1.0,0
0.0,0.0,-16.0,17.0,0.0,9.0,348.95500000000004,38.94,441.0,1.0,0
0.0,0.0,7.0,29.0,1.0,4.0,207.83,38.94,482.0,2.0,1
0.0,0.0,-11.0,9.0,0.0,8.0,215.24,19.25,550.0,1.0,0
0.0,0.0,-9.0,10.0,0.0,10.0,247.23,17.24,1001.0,1.0,1
0.0,0.0,-49.0,11.0,0.0,3.0,348.95500000000004,38.94,1270.0,2.0,0
0.0,0.0,-14.0,16.0,0.0,10.0,217.78,38.94,621.0,1.0,0
0.0,0.0,-8.0,3.0,0.0,2.0,340.07000000000005,10.07,2644.0,6.0,0
0.0,0.0,-11.0,4.0,0.0,10.0,348.95500000000004,38.94,1793.0,1.0,0
0.0,0.0,-24.0,6.0,0.0,4.0,318.8,38.94,464.0,4.0,0
0.0,0.0,1.0,27.0,1.0,5.0,254.04,38.94,1158.0,1.0,0
0.0,0.0,-15.0,8.0,0.0,5.0,309.81,19.91,245.0,3.0,0
0.0,0.0,-1.0,20.0,0.0,10.0,324.58,24.68,2795.0,5.0,0
0.0,0.0,-22.0,9.0,0.0,10.0,320.82,21.82,249.0,3.0,0
0.0,0.0,-8.0,8.0,0.0,1.0,293.46,13.46,820.0,1.0,0
0.0,0.0,-9.0,13.0,0.0,6.0,348.95500000000004,26.01,320.0,1.0,0
0.0,0.0,-20.0,15.0,0.0,8.0,348.95500000000004,38.94,3632.0,4.0,0
0.0,0.0,-4.0,22.0,0.0,10.0,348.95500000000004,27.1,135.0,1.0,0
0.0,0.0,-24.0,14.0,0.0,1.0,348.95500000000004,28.64,451.0,1.0,0
0.0,0.0,-40.0,9.0,0.0,6.0,348.95500000000004,30.34,1038.0,1.0,0
0.0,0.0,-20.0,6.0,0.0,2.0,273.69,38.489999999999995,544.5,1.0,1
0.0,0.0,-12.0,10.0,0.0,4.0,348.95500000000004,38.94,3610.0,4.0,0
0.0,0.0,-5.0,6.0,0.0,5.0,233.74,13.84,698.0,2.0,0
0.0,0.0,-14.0,6.0,0.0,2.0,237.16,17.17,594.0,1.0,0
0.0,0.0,-18.0,16.0,0.0,1.0,348.95500000000004,20.56,214.0,5.0,0
0.0,0.0,-28.0,12.0,0.0,5.0,258.08,38.94,432.0,1.0,1
0.0,0.0,-5.0,27.0,0.0,7.0,348.95500000000004,38.94,869.0,7.0,1
0.0,0.0,-26.0,18.0,0.0,4.0,214.44,35.06,798.0,1.0,0
0.0,0.0,-26.0,14.0,0.0,1.0,250.7,38.94,519.0,2.0,0
0.0,0.0,-9.0,4.0,0.0,3.0,301.67,38.94,674.0,1.0,0
0.0,0.0,-12.0,3.0,0.0,1.0,270.07,10.17,1251.0,1.0,0
0.0,0.0,-12.0,11.0,0.0,2.0,214.44,18.08,87.0,1.0,0
0.0,0.0,-10.0,16.0,0.0,3.0,246.26,16.36,1128.0,2.0,0
0.0,0.0,-6.0,26.0,0.0,4.0,348.95500000000004,38.94,869.0,7.0,0
0.0,0.0,-13.0,8.0,0.0,5.0,348.95500000000004,38.94,1901.0,3.0,0
0.0,0.0,-14.0,13.0,0.0,3.0,213.51,18.61,1971.0,3.0,1
0.0,0.0,-25.0,6.0,0.0,8.0,304.05,15.77,1059.0,5.0,0
0.0,0.0,-9.0,4.0,0.0,6.0,330.31,30.41,2126.0,6.0,1
0.0,0.0,-20.0,7.0,0.0,1.0,214.32,14.42,72.0,1.0,0
0.0,0.0,-36.0,17.0,0.0,2.0,316.19,38.94,1104.0,1.0,0
0.0,0.0,-12.0,11.0,0.0,4.0,248.73,18.74,1049.0,1.0,0
0.0,0.0,-12.0,12.0,0.0,4.0,348.95500000000004,38.94,3352.0,5.0,0
0.0,0.0,1.0,34.0,1.0,10.0,191.07,38.94,172.0,2.0,0
0.0,0.0,-11.0,6.0,0.0,1.0,348.95500000000004,38.94,776.5,2.5,0
0.0,0.0,10.0,19.0,1.0,1.0,301.67,38.94,674.0,1.0,1
0.0,0.0,-5.0,16.0,0.0,10.0,348.95500000000004,16.92,2715.0,2.0,1
0.0,0.0,-12.0,18.0,0.0,8.0,226.16,30.86,386.0,1.0,1
0.0,0.0,-7.0,21.0,0.0,8.0,348.95500000000004,31.94,536.0,1.0,0
0.0,0.0,-13.0,6.0,0.0,2.0,348.95500000000004,38.94,341.0,1.0,0
0.0,0.0,-1.0,8.0,0.0,4.0,257.08,38.94,747.0,2.0,0
0.0,0.0,-3.0,7.0,0.0,6.0,348.95500000000004,25.4,1819.0,7.0,0
0.0,0.0,-7.0,8.0,0.0,5.0,275.11,9.12,2025.0,2.0,0
0.0,0.0,-17.0,11.0,0.0,1.0,267.52,27.72,250.0,1.0,0
0.0,0.0,-28.0,6.0,0.0,1.0,348.95500000000004,38.94,3464.0,4.0,0
0.0,0.0,-15.0,18.0,0.0,7.0,234.19,35.19,1008.0,8.0,0
0.0,0.0,-10.0,4.0,0.0,1.0,209.21,10.21,234.0,1.0,0
0.0,0.0,-4.0,7.0,0.0,4.0,348.95500000000004,10.57,1222.0,2.0,1
0.0,0.0,-17.0,14.0,0.0,1.0,268.62,38.94,411.0,1.0,0
0.0,0.0,0.0,8.0,0.0,8.0,348.95500000000004,38.94,483.0,2.0,0
0.0,0.0,0.0,37.0,0.0,8.0,348.95500000000004,22.43,1222.0,2.0,0
0.0,0.0,-15.0,7.0,0.0,1.0,285.73,35.83,408.0,1.0,0
0.0,0.0,-14.0,8.0,0.0,2.0,348.95500000000004,38.94,444.0,1.0,1
0.0,0.0,-12.0,2.0,0.0,10.0,348.95500000000004,20.24,606.0,2.0,0
0.0,0.0,-21.0,11.0,0.0,8.0,348.95500000000004,38.94,692.0,3.0,0
0.0,0.0,-9.0,18.0,0.0,8.0,348.95500000000004,38.94,2644.0,6.0,0
0.0,0.0,-35.0,8.0,0.0,8.0,219.27,19.28,515.0,2.0,0
0.0,0.0,-17.0,13.0,0.0,4.0,348.95500000000004,23.6,588.0,2.0,0
0.0,0.0,-17.0,8.0,0.0,1.0,205.87,26.87,2188.0,2.0,0
0.0,0.0,-17.0,2.0,0.0,10.0,348.95500000000004,38.94,369.0,1.0,0
0.0,0.0,-15.0,18.0,0.0,10.0,348.95500000000004,38.94,2355.0,4.0,0
0.0,0.0,5.0,29.0,1.0,4.0,214.14,19.24,232.0,1.0,1
0.0,0.0,-18.0,18.0,0.0,8.0,220.14,38.94,406.0,1.5,0
0.0,0.0,-9.0,4.0,0.0,2.0,348.95500000000004,16.92,2660.0,9.0,0
0.0,0.0,-9.0,12.0,0.0,6.0,348.95500000000004,38.94,687.0,3.0,1
0.0,0.0,0.0,21.0,0.0,10.0,192.5,23.5,660.0,5.0,0
0.0,0.0,-7.0,10.0,0.0,5.0,248.36,19.32,603.0,1.0,0
0.0,0.0,-19.0,8.0,0.0,4.0,212.1,13.1,330.0,1.0,0
0.0,0.0,-13.0,16.0,0.0,3.0,348.95500000000004,38.94,1408.0,10.0,0
0.0,0.0,-14.0,4.0,0.0,2.0,348.95500000000004,11.54,941.0,4.0,0
0.0,0.0,-11.0,17.0,0.0,1.0,193.53,28.53,402.0,2.0,0
0.0,0.0,-19.0,6.0,0.0,8.0,348.95500000000004,16.76,1616.0,3.0,0
0.0,0.0,-22.0,4.0,0.0,3.0,246.49,19.5,1505.0,1.0,0
0.0,0.0,-18.0,11.0,0.0,4.0,348.95500000000004,25.76,693.0,2.0,0
0.0,0.0,-9.0,10.0,0.0,1.0,283.22,14.22,499.0,1.0,0
0.0,0.0,-12.0,12.0,0.0,1.0,348.95500000000004,38.94,606.0,2.0,0
0.0,0.0,-17.0,15.0,0.0,2.0,232.75,18.75,236.0,1.0,0
0.0,0.0,-18.0,8.0,0.0,10.0,348.95500000000004,38.94,1660.0,1.0,0
0.0,0.0,-11.0,3.0,0.0,8.0,348.95500000000004,38.94,1716.0,1.0,0
0.0,0.0,-23.0,18.0,0.0,1.0,210.61,38.94,119.0,1.0,0
0.0,0.0,-13.0,4.0,0.0,4.0,229.06,14.06,516.0,1.0,0
0.0,0.0,-2.0,7.0,0.0,5.0,348.95500000000004,38.94,273.0,1.0,0
0.0,0.0,-25.0,11.0,0.0,2.0,348.95500000000004,38.94,2881.0,1.0,0
0.0,0.0,-4.0,10.0,0.0,5.0,283.88,33.98,137.0,1.0,0
0.0,0.0,-19.0,15.0,0.0,3.0,285.68,38.94,1149.0,8.0,0
0.0,0.0,-18.0,9.0,0.0,8.0,348.95500000000004,21.17,600.0,3.0,0
0.0,0.0,-7.0,3.0,0.0,1.0,254.46,10.46,805.0,1.0,0
0.0,0.0,-14.0,6.0,0.0,5.0,261.14,24.24,711.0,6.0,0
0.0,0.0,-12.0,5.0,0.0,10.0,223.88,25.89,194.0,1.0,1
0.0,0.0,-20.0,3.0,0.0,10.0,348.95500000000004,38.94,542.8,1.2,0
0.0,0.0,-15.0,5.0,0.0,1.0,348.95500000000004,37.11,3632.0,4.0,0
0.0,0.0,-5.0,26.0,0.0,8.0,348.95500000000004,38.94,610.0,2.0,1
0.0,0.0,-13.0,14.0,0.0,3.0,194.12,38.94,1893.0,1.0,0
0.0,0.0,-25.0,4.0,0.0,7.0,348.95500000000004,17.87,750.0,1.0,0
0.0,0.0,-13.0,12.0,0.0,3.0,237.98,38.94,1055.0,1.0,0
0.0,0.0,-12.0,18.0,0.0,1.0,213.56,36.56,421.0,1.0,0
0.0,0.0,-7.0,9.0,0.0,8.0,348.95500000000004,36.72,1353.0,7.0,0
0.0,0.0,-14.0,7.0,0.0,1.0,348.95500000000004,25.11,332.0,1.0,0
0.0,0.0,-38.0,11.0,0.0,3.0,348.95500000000004,19.43,657.0,1.0,0
0.0,0.0,-34.0,3.0,0.0,3.0,247.06,26.42,919.0,1.0,0
0.0,0.0,-20.0,11.0,0.0,9.0,348.95500000000004,38.94,1849.0,3.0,0
0.0,0.0,-14.0,13.0,0.0,3.0,348.95500000000004,38.94,316.0,2.0,1
0.0,0.0,-13.0,2.0,0.0,10.0,348.95500000000004,17.92,3437.0,6.0,0
0.0,0.0,-33.0,6.0,0.0,8.0,348.95500000000004,31.12,998.0,1.0,1
0.0,0.0,-8.0,8.0,0.0,6.0,228.28,18.38,1358.0,7.0,0
0.0,0.0,13.0,43.0,1.0,5.0,252.68,22.69,934.0,1.0,1
0.0,0.0,-21.0,6.0,0.0,4.0,348.95500000000004,38.94,1002.0,3.0,0
0.0,0.0,-7.0,11.0,0.0,2.0,299.59,10.59,1892.0,4.0,0
0.0,0.0,-14.0,17.0,0.0,2.0,281.3,22.3,349.0,10.0,0
0.0,0.0,-16.0,15.0,0.0,8.0,348.95500000000004,22.34,2644.0,6.0,0
0.0,0.0,-8.0,12.0,0.0,8.0,342.02,17.02,2644.0,6.0,0
0.0,0.0,5.0,36.0,1.0,1.0,348.95500000000004,33.87,995.0,4.0,1
0.0,0.0,-18.0,6.0,0.0,8.0,348.95500000000004,38.94,273.5,1.5,0
0.0,0.0,-18.0,22.0,0.0,6.0,348.95500000000004,38.94,268.0,1.0,0
0.0,0.0,-12.0,2.0,0.0,10.0,348.95500000000004,17.01,609.0,2.0,0
0.0,0.0,-22.0,15.0,0.0,1.0,348.95500000000004,14.64,1097.0,2.0,0
0.0,0.0,-21.0,7.0,0.0,10.0,348.95500000000004,18.02,1056.0,1.0,1
0.0,0.0,-24.0,7.0,0.0,8.0,310.71,38.94,470.5,3.0,0
0.0,0.0,3.0,20.0,1.0,8.0,344.27,14.27,2644.0,6.0,1
0.0,0.0,-21.0,9.0,0.0,7.0,348.95500000000004,38.94,299.0,1.0,0
0.0,0.0,-20.0,10.0,0.0,1.0,348.95500000000004,38.94,754.0,1.0,0
0.0,0.0,-12.0,26.0,0.0,2.0,197.7,17.7,871.0,4.0,0
0.0,0.0,-9.0,12.0,0.0,4.0,192.64,32.64,504.0,1.0,0
0.0,0.0,-17.0,8.0,0.0,1.0,348.95500000000004,34.26,810.5,1.0,0
0.0,0.0,-37.0,5.0,0.0,4.0,253.18,24.18,509.0,4.0,0
0.0,0.0,-19.0,6.0,0.0,3.0,223.36,13.37,516.0,1.0,0
0.0,0.0,-14.0,9.0,0.0,1.0,252.09,22.1,1001.0,1.0,0
0.0,0.0,-15.0,13.0,0.0,1.0,290.02,32.02,289.0,1.0,0
0.0,0.0,-14.0,13.0,0.0,10.0,348.95500000000004,38.94,862.0,1.0,0
0.0,0.0,-9.0,14.0,0.0,1.0,210.12,34.12,321.0,1.0,1
0.0,0.0,0.0,26.0,0.0,8.0,260.19,38.94,637.0,1.0,0
0.0,0.0,-23.0,13.0,0.0,1.0,303.75,38.94,649.0,3.0,0
0.0,0.0,-18.0,8.0,0.0,10.0,281.34,38.94,364.0,1.0,1
0.0,0.0,-31.0,8.0,0.0,1.0,289.3,38.94,274.0,4.0,1
0.0,0.0,-11.0,18.0,0.0,10.0,348.95500000000004,23.55,2984.0,10.0,0
0.0,0.0,1.0,28.0,1.0,10.0,231.32,24.32,216.0,1.0,0
0.0,0.0,-6.0,11.0,0.0,8.0,348.95500000000004,16.57,1654.0,3.0,0
0.0,0.0,-7.0,7.0,0.0,8.0,338.56,9.56,561.0,1.0,0
0.0,0.0,-10.0,12.0,0.0,5.0,226.14,26.24,325.0,1.0,0
0.0,0.0,-26.0,3.0,0.0,4.0,295.12,16.12,291.0,1.0,0
0.0,0.0,-29.0,6.0,0.0,1.0,348.95500000000004,26.7,1882.0,4.0,0
0.0,0.0,-16.0,9.0,0.0,10.0,697.9100000000001,77.88,96.0,1.0,0
0.0,0.0,13.0,45.0,1.0,8.0,298.19,20.19,262.0,1.0,1
0.0,0.0,-15.0,9.0,0.0,10.0,348.95500000000004,24.67,710.0,4.0,0
0.0,0.0,-17.0,10.0,0.0,3.0,348.95500000000004,29.57,455.0,4.0,0
0.0,0.0,-11.0,7.0,0.0,4.0,209.71,29.91,210.5,1.0,0
0.0,0.0,5.0,26.0,1.0,10.0,348.95500000000004,38.94,1656.0,3.0,0
0.0,0.0,-13.0,4.0,0.0,1.0,326.6,38.94,2240.0,3.0,0
0.0,0.0,-7.0,6.0,0.0,4.0,348.95500000000004,38.94,313.0,1.0,0
0.0,0.0,14.0,40.0,1.0,3.0,348.95500000000004,18.53,1686.0,1.0,1
0.0,0.0,-17.0,5.0,0.0,10.0,348.95500000000004,22.99,1463.0,3.0,0
0.0,0.0,0.0,22.0,0.0,5.0,251.65,22.61,603.0,1.0,0
0.0,0.0,0.0,22.0,0.0,6.0,348.95500000000004,38.94,1670.0,3.0,0
0.0,0.0,6.0,29.0,1.0,5.5,238.69,18.79,236.0,1.0,1
0.0,0.0,-16.0,13.0,0.0,4.0,187.65,20.66,1620.0,1.0,0
0.0,0.0,-13.0,25.0,0.0,9.0,348.95500000000004,22.39,868.0,2.0,0
0.0,0.0,-19.0,5.0,0.0,5.0,233.36,33.56,253.5,1.0,0
0.0,0.0,-18.0,7.0,0.0,5.0,348.95500000000004,38.94,405.0,3.0,0
0.0,0.0,-6.0,27.0,0.0,3.0,223.25,34.35,235.5,3.5,0
0.0,0.0,-10.0,9.0,0.0,1.0,348.95500000000004,38.94,431.0,1.0,0
0.0,0.0,0.0,29.0,0.0,10.0,348.95500000000004,25.42,913.0,3.0,0
0.0,0.0,-8.0,14.0,0.0,4.0,296.12,36.32,713.0,1.0,0
0.0,0.0,-18.0,9.0,0.0,1.0,208.2,19.2,886.0,1.0,0
0.0,0.0,-20.0,9.0,0.0,2.0,245.35,16.35,516.0,1.0,0
0.0,0.0,-14.0,16.0,0.0,8.0,348.95500000000004,23.28,671.0,2.0,0
0.0,0.0,-7.0,15.0,0.0,1.0,266.7,24.7,806.0,1.0,0
0.0,0.0,-13.0,6.0,0.0,1.0,211.79,12.89,499.0,1.0,0
0.0,0.0,12.0,29.0,1.0,1.0,255.08,35.08,313.0,1.0,1
0.0,0.0,20.0,89.0,1.0,1.0,262.07,38.94,621.0,1.0,1
0.0,0.0,-15.0,6.0,0.0,4.0,257.45,38.94,2620.6666666666665,1.3333333333333333,0
0.0,0.0,-35.0,10.0,0.0,4.0,348.95500000000004,38.94,2582.0,3.0,1
0.0,0.0,-5.0,7.0,0.0,10.0,348.95500000000004,38.94,846.0,1.0,0
0.0,0.0,-2.0,17.0,0.0,4.0,200.75,13.75,514.0,2.0,0
0.0,0.0,-28.0,19.0,0.0,1.0,348.95500000000004,38.94,729.0,1.0,0
0.0,0.0,-8.0,11.0,0.0,10.0,348.95500000000004,38.94,1945.3333333333333,4.666666666666667,0
0.0,0.0,-23.0,7.0,0.0,3.5,230.72,30.92,601.0,2.0,0
0.0,0.0,-14.0,7.0,0.0,3.0,278.01,38.94,645.0,1.6666666666666667,0
0.0,0.0,-10.0,23.0,0.0,8.0,348.95500000000004,28.78,623.0,1.0,0
0.0,0.0,2.0,22.0,1.0,3.0,304.52,38.94,674.0,1.0,1
0.0,0.0,3.0,17.0,1.0,6.0,348.95500000000004,16.07,700.0,1.0,0
0.0,0.0,-1.0,25.0,0.0,4.0,236.12,38.94,1156.0,2.0,0
0.0,0.0,-14.0,10.0,0.0,4.0,348.95500000000004,38.94,1837.0,6.0,0
0.0,0.0,-13.0,15.0,0.0,3.0,318.55,38.65,780.0,2.0,0
0.0,0.0,-23.0,2.0,0.0,1.0,242.13,12.23,209.0,10.0,0
0.0,0.0,-7.0,12.0,0.0,1.0,186.82,16.82,514.0,2.0,0
0.0,0.0,-22.0,3.0,0.0,3.0,277.63,22.63,982.0,1.0,0
0.0,0.0,-6.0,38.0,0.0,4.0,348.95500000000004,38.94,1198.0,1.0,0
0.0,0.0,-3.0,8.0,0.0,3.0,225.08,19.28,922.0,7.0,0
0.0,0.0,-14.0,11.0,0.0,2.0,259.48,38.94,2083.0,4.0,0
0.0,0.0,-17.0,10.0,0.0,6.0,253.22,35.42,456.5,1.0,0
0.0,0.0,-18.0,6.0,0.0,1.0,348.95500000000004,38.94,729.0,3.0,0
0.0,0.0,-22.0,6.0,0.0,5.0,264.83,25.83,246.0,5.0,0
0.0,0.0,-8.0,5.0,0.0,7.0,348.95500000000004,9.38,473.0,1.0,0
0.0,0.0,-5.0,25.0,0.0,5.0,253.69,14.69,341.0,1.0,0
0.0,0.0,-14.0,13.0,0.0,10.0,348.95500000000004,19.75,606.0,2.0,0
0.0,0.0,-12.0,12.0,0.0,5.0,317.53,18.53,156.0,1.0,0
0.0,0.0,-12.0,9.0,0.0,10.0,348.95500000000004,38.94,1604.0,1.0,0
0.0,0.0,-16.0,20.0,0.0,1.0,237.87,32.87,162.0,5.0,0
0.0,0.0,-8.0,15.0,0.0,1.0,238.69,18.79,236.0,1.0,0
0.0,0.0,-11.0,21.0,0.0,20.0,348.95500000000004,38.94,254.5,2.0,0
0.0,0.0,-7.0,16.0,0.0,1.0,243.69,36.69,362.0,1.0,1
0.0,0.0,-6.0,19.0,0.0,6.0,325.54,26.54,1977.0,4.0,0
0.0,0.0,14.0,38.0,1.0,4.0,229.73,38.94,1187.0,1.0,1
0.0,0.0,-12.0,9.0,0.0,5.0,210.93,23.03,540.0,1.0,0
0.0,0.0,-5.0,8.0,0.0,6.0,348.95500000000004,27.38,848.0,4.0,0
0.0,0.0,-5.0,17.0,0.0,1.0,261.12,31.12,638.0,1.0,1
0.0,0.0,-8.0,6.0,0.0,10.0,305.16,25.36,270.0,1.0,0
0.0,0.0,-19.0,21.0,0.0,1.0,224.94,25.94,316.0,1.0,0
0.0,0.0,-10.0,6.0,0.0,2.0,346.9,26.92,1155.0,6.0,0
0.0,0.0,-13.0,8.0,0.0,10.0,240.0,38.94,243.0,3.0,0
0.0,0.0,-2.0,9.0,0.0,8.0,348.95500000000004,13.67,836.0,1.0,0
0.0,0.0,-26.0,16.0,0.0,3.0,207.24,38.94,1214.6666666666667,3.3333333333333335,0
0.0,0.0,-16.0,21.0,0.0,10.0,219.63,20.63,330.0,1.0,0
0.0,0.0,-7.0,20.0,0.0,5.0,348.95500000000004,38.94,2644.0,6.0,0
0.0,0.0,-15.0,9.0,0.0,4.0,348.95500000000004,38.51,3632.0,4.0,0
0.0,0.0,-28.0,10.0,0.0,1.0,256.92,18.92,330.0,1.0,0
0.0,0.0,-7.0,4.0,0.0,1.0,348.95500000000004,19.1,1168.0,1.0,0
0.0,0.0,-20.0,6.0,0.0,10.0,348.95500000000004,17.52,1267.0,1.0,0
0.0,0.0,-20.0,7.0,0.0,3.0,216.05,16.15,339.0,1.0,0
0.0,0.0,-15.0,21.0,0.0,4.0,307.23,38.94,146.85714285714286,3.5714285714285716,0
0.0,0.0,-13.0,12.0,0.0,6.0,348.95500000000004,38.94,982.0,3.0,0
0.0,0.0,-10.0,9.0,0.0,1.0,348.95500000000004,16.9,759.0,1.0,1
0.0,0.0,-6.0,5.0,0.0,1.0,235.83,16.83,249.0,3.0,0
0.0,0.0,10.0,45.0,1.0,8.0,330.62,31.62,625.0,1.0,1
0.0,0.0,-19.0,15.0,0.0,10.0,284.74,38.94,275.0,1.0,1
0.0,0.0,-8.0,4.0,0.0,5.0,285.16,9.67,3988.0,4.0,0
0.0,0.0,-15.0,5.0,0.0,1.0,348.95500000000004,38.94,395.0,2.0,0
0.0,0.0,-13.0,3.0,0.0,10.0,290.16,21.16,569.0,1.0,0
0.0,0.0,-20.0,18.0,0.0,1.0,348.95500000000004,25.45,268.0,1.0,0
0.0,0.0,-27.0,5.0,0.0,6.0,333.78,23.88,849.0,1.0,0
0.0,0.0,-18.0,6.0,0.0,2.5,348.95500000000004,20.59,690.0,2.0,0
0.0,0.0,-7.0,25.0,0.0,10.0,348.95500000000004,38.94,649.0,3.0,1
0.0,0.0,-20.0,3.0,0.0,10.0,348.95500000000004,20.95,1177.0,1.0,0
0.0,0.0,-13.0,7.0,0.0,4.0,244.17,14.27,990.0,2.0,0
0.0,0.0,1.0,22.0,1.0,5.0,348.95500000000004,17.07,1914.0,5.0,0
0.0,0.0,-21.0,17.0,0.0,1.0,185.94,15.94,631.0,2.0,0
0.0,0.0,-19.0,9.0,0.0,1.0,298.31,38.41,282.0,2.0,1
0.0,0.0,-16.0,10.0,0.0,10.0,315.34,38.94,1002.0,3.0,0
0.0,0.0,-24.0,18.0,0.0,8.0,344.32,15.32,1219.0,1.0,0
0.0,0.0,-12.0,10.0,0.0,7.0,301.19,21.2,615.0,2.0,0
0.0,0.0,-3.0,21.0,0.0,8.0,243.11,24.11,236.0,1.0,0
0.0,0.0,-12.0,12.0,0.0,10.0,348.95500000000004,23.44,1801.0,6.0,1
0.0,0.0,-13.0,22.0,0.0,1.0,217.36,38.94,1398.0,1.0,0
0.0,0.0,-3.0,6.0,0.0,2.0,263.36,10.46,750.0,1.0,0
0.0,0.0,-12.0,13.0,0.0,5.0,348.95500000000004,22.93,773.0,3.0,0
0.0,0.0,-14.0,4.0,0.0,1.0,348.95500000000004,38.94,546.0,4.0,1
0.0,0.0,-6.0,27.0,0.0,8.0,318.78,23.78,501.0,4.0,0
0.0,0.0,-31.0,12.0,0.0,4.0,259.56,38.94,330.0,1.0,0
0.0,0.0,-12.0,10.0,0.0,10.0,348.95500000000004,20.99,408.0,3.0,0
0.0,0.0,-27.0,2.0,0.0,4.0,217.36,38.94,302.0,1.0,0
0.0,0.0,-13.0,12.0,0.0,10.0,282.38,13.38,638.0,4.0,0
0.0,0.0,-19.0,3.0,0.0,8.0,232.17,12.17,612.0,7.0,0
0.0,0.0,19.0,39.0,1.0,2.0,192.14,32.15,621.0,1.0,1
0.0,0.0,-21.0,15.0,0.0,6.0,270.65,38.94,1971.0,3.0,0
0.0,0.0,-12.0,14.0,0.0,1.0,318.34,18.35,915.0,2.0,0
0.0,0.0,9.0,37.0,1.0,4.0,292.24,38.94,1226.0,4.0,1
0.0,0.0,-20.0,9.0,0.0,1.0,348.95500000000004,25.46,606.0,2.0,0
0.0,0.0,-9.0,10.0,0.0,1.0,348.95500000000004,38.94,232.0,1.0,0
0.0,0.0,-18.0,6.0,0.0,10.0,348.95500000000004,34.35,475.5,4.0,0
0.0,0.0,-1.0,7.0,0.0,1.0,348.95500000000004,38.94,341.0,1.0,0
0.0,0.0,-22.0,9.0,0.0,5.0,246.81,36.82,516.0,1.0,0
0.0,0.0,-17.0,10.0,0.0,2.0,192.76,12.76,871.0,4.0,0
0.0,0.0,-9.0,9.0,0.0,3.0,348.95500000000004,38.94,756.0,1.0,0
0.0,0.0,-10.0,17.0,0.0,3.0,348.95500000000004,38.94,92.0,2.0,0
0.0,0.0,-10.0,18.0,0.0,6.0,235.41,16.41,570.0,2.0,0
0.0,0.0,-21.0,10.0,0.0,6.0,322.95,38.94,756.0,1.0,0
0.0,0.0,-24.0,7.0,0.0,5.0,251.59,38.94,123.0,1.0,1
0.0,0.0,-17.0,6.0,0.0,3.0,319.69,27.36,1496.0,1.0,1
0.0,0.0,-7.0,6.0,0.0,10.0,348.95500000000004,14.7,724.0,1.0,0
0.0,0.0,-21.0,13.0,0.0,1.5,269.15,38.94,1001.0,1.0,0
0.0,0.0,-38.0,14.0,0.0,8.0,348.95500000000004,23.76,2569.0,2.0,0
0.0,0.0,-11.0,6.0,0.0,4.0,234.52,24.62,2310.0,1.0,0
0.0,0.0,-15.0,11.0,0.0,10.0,348.95500000000004,38.94,1352.0,1.0,0
0.0,0.0,-11.0,4.0,0.0,3.0,299.76,19.79,557.0,1.0,0
0.0,0.0,-11.0,9.0,0.0,4.0,206.0,26.1,289.0,1.0,0
0.0,0.0,-14.0,8.0,0.0,4.0,205.87,26.87,2188.0,2.0,0
0.0,0.0,-15.0,21.0,0.0,2.0,348.95500000000004,38.94,568.0,4.0,0
0.0,0.0,5.0,24.0,1.0,1.0,276.08,18.51,1101.0,1.0,1
0.0,0.0,-2.0,12.0,0.0,10.0,348.95500000000004,23.32,749.0,1.0,0
0.0,0.0,-15.0,14.0,0.0,8.0,348.95500000000004,38.94,3632.0,4.0,0
0.0,0.0,-14.0,8.0,0.0,1.0,291.74,38.94,606.0,2.0,0
0.0,0.0,-15.0,7.0,0.0,1.0,319.14,20.14,227.0,2.0,0
0.0,0.0,-24.0,7.0,0.0,10.0,284.05,16.05,696.0,3.0,0
0.0,0.0,-5.0,13.0,0.0,10.0,348.95500000000004,38.94,427.0,1.0,0
0.0,0.0,-22.0,7.0,0.0,7.0,300.28,30.29,748.0,2.0,0
0.0,0.0,-15.0,5.0,0.0,8.0,307.73,18.73,784.0,3.0,0
0.0,0.0,-13.0,11.0,0.0,8.0,348.95500000000004,38.94,245.0,3.0,1
0.0,0.0,-15.0,1.0,0.0,4.0,237.48,37.49,998.0,3.0,0
0.0,0.0,-13.0,1.0,0.0,7.0,233.92,9.92,279.0,1.0,0
0.0,0.0,-19.0,6.0,0.0,4.0,348.95500000000004,18.76,1209.0,1.0,0
0.0,0.0,-24.0,11.0,0.0,10.0,348.95500000000004,35.95,883.0,1.0,0
0.0,0.0,-11.0,11.0,0.0,1.0,213.77,23.87,1159.0,3.0,0
0.0,0.0,-10.0,7.0,0.0,3.0,228.41,13.41,516.0,1.0,0
0.0,0.0,-11.0,13.0,0.0,3.0,291.36,38.94,375.0,2.0,0
0.0,0.0,-4.0,18.0,0.0,1.0,270.06,38.94,49.0,4.0,0
0.0,0.0,-27.0,7.0,0.0,9.0,348.95500000000004,20.0,719.0,6.0,0
0.0,0.0,-17.0,5.0,0.0,6.0,258.81,38.94,523.0,2.0,0
0.0,0.0,-10.0,13.0,0.0,8.0,318.34,28.35,1002.0,3.0,0
0.0,0.0,-14.0,13.0,0.0,10.0,284.2,38.94,1150.0,1.0,0
0.0,0.0,-10.0,5.0,0.0,2.0,348.95500000000004,38.94,704.0,6.0,0
0.0,0.0,-14.0,10.0,0.0,1.0,228.9,28.9,832.0,1.0,0
0.0,0.0,-8.0,25.0,0.0,2.0,261.07,38.94,301.0,3.0,0
0.0,0.0,-24.0,16.0,0.0,3.0,253.07,38.94,1197.0,1.0,0
0.0,0.0,-14.0,8.0,0.0,2.0,249.5,19.5,407.0,1.0,1
0.0,0.0,-9.0,12.0,0.0,5.0,328.42,38.94,674.0,1.0,0
0.0,0.0,-13.0,18.0,0.0,8.0,348.95500000000004,23.78,220.0,2.0,0
0.0,0.0,-5.0,5.0,0.0,10.0,348.95500000000004,21.62,1352.0,1.0,0
0.0,0.0,-14.0,12.0,0.0,1.0,274.15,14.16,110.0,1.0,0
0.0,0.0,-8.0,11.0,0.0,5.0,233.94,38.94,643.0,1.6666666666666667,0
0.0,0.0,-13.0,11.0,0.0,3.0,253.52,19.52,750.0,1.0,0
0.0,0.0,-14.0,8.0,0.0,10.0,348.95500000000004,38.94,1626.0,3.0,0
0.0,0.0,-22.0,2.0,0.0,10.0,348.95500000000004,18.02,1056.0,1.0,0
0.0,0.0,-7.0,1.0,0.0,1.0,259.9,9.91,509.0,1.0,1
0.0,0.0,-35.0,10.0,0.0,8.0,348.95500000000004,38.94,726.0,5.0,0
0.0,0.0,-26.0,8.0,0.0,1.0,348.95500000000004,16.64,858.0,3.0,0
0.0,0.0,-12.0,1.0,0.0,5.0,244.91,8.91,726.0,3.0,0
0.0,0.0,-25.0,8.0,0.0,2.0,229.81,24.81,162.0,5.0,0
0.0,0.0,-10.0,2.0,0.0,8.0,315.45,36.949999999999996,662.0,1.0,0
0.0,0.0,-7.0,7.0,0.0,2.0,348.95500000000004,38.94,1455.0,6.0,0
0.0,0.0,-10.0,10.0,0.0,4.0,319.19,20.19,1479.0,3.0,0
0.0,0.0,-17.0,6.0,0.0,4.0,225.42,27.42,312.0,1.0,1
0.0,0.0,-8.0,15.0,0.0,4.0,214.57,17.77,676.0,2.0,0
0.0,0.0,-13.0,23.0,0.0,1.0,231.12,38.94,794.0,1.0,1
0.0,0.0,-3.0,21.0,0.0,2.0,198.44,18.54,181.0,2.0,0
0.0,0.0,-15.0,8.0,0.0,1.0,348.95500000000004,38.94,445.1666666666667,2.8333333333333335,1
0.0,0.0,-9.0,2.0,0.0,5.0,343.07,11.07,1914.0,5.0,0
0.0,0.0,-15.0,21.0,0.0,2.0,260.36,17.46,1032.0,1.0,0
0.0,0.0,7.0,24.0,1.0,3.0,253.62,27.62,1101.0,1.0,0
0.0,0.0,-11.0,3.0,0.0,1.0,348.95500000000004,38.94,823.0,5.0,0
0.0,0.0,-11.0,12.0,0.0,7.0,348.95500000000004,19.09,1887.0,2.0,1
0.0,0.0,-14.0,3.0,0.0,6.0,348.95500000000004,35.15,2984.0,3.0,0
0.0,0.0,-8.0,34.0,0.0,18.0,348.95500000000004,38.94,1128.0,1.0,0
0.0,0.0,-18.0,6.0,0.0,8.0,348.95500000000004,38.94,899.0,1.0,0
0.0,0.0,-6.0,26.0,0.0,10.0,348.95500000000004,32.95,1955.0,6.0,0
0.0,0.0,-13.0,3.0,0.0,8.0,348.95500000000004,22.56,688.0,3.0,1
0.0,0.0,-8.0,3.0,0.0,5.0,254.48,9.48,750.0,1.0,0
0.0,0.0,-42.0,10.0,0.0,10.0,348.95500000000004,19.43,657.0,1.0,0
0.0,0.0,-7.0,17.0,0.0,3.0,329.8,16.26,2304.0,3.0,0
0.0,0.0,-13.0,2.0,0.0,1.0,348.95500000000004,38.94,2119.0,2.0,0
0.0,0.0,-39.0,23.0,0.0,5.0,262.67,38.94,557.0,2.0,0
0.0,0.0,-23.0,8.0,0.0,1.0,272.97,19.0,786.0,4.0,0
0.0,0.0,-45.0,8.0,0.0,2.0,348.95500000000004,38.94,766.0,1.0,0
0.0,0.0,-15.0,9.0,0.0,7.0,348.95500000000004,36.35,668.0,1.0,0
0.0,0.0,-31.0,14.0,0.0,8.0,348.95500000000004,38.94,960.0,1.0,0
0.0,0.0,-17.0,9.0,0.0,8.0,348.95500000000004,24.52,1207.0,1.0,0
0.0,0.0,25.0,45.0,1.0,10.0,246.36,16.37,719.0,3.0,0
0.0,0.0,-13.0,16.0,0.0,10.0,348.95500000000004,38.94,1107.0,5.0,0
0.0,0.0,-15.0,8.0,0.0,5.0,348.95500000000004,19.61,1793.0,10.0,0
0.0,0.0,-22.0,6.0,0.0,7.0,224.1,24.2,325.0,1.0,0
0.0,0.0,-12.0,4.0,0.0,3.0,279.24,19.44,502.0,6.0,0
0.0,0.0,-4.0,16.0,0.0,10.0,348.95500000000004,24.97,1238.0,5.0,0
0.0,0.0,-7.0,15.0,0.0,5.0,251.65,22.61,603.0,1.0,0
0.0,0.0,15.0,42.0,1.0,6.0,325.73,35.83,245.0,3.0,1
0.0,0.0,-24.0,14.0,0.0,10.0,229.74,38.94,858.0,1.0,0
0.0,0.0,-11.0,21.0,0.0,1.0,242.8,38.94,464.0,3.0,0
0.0,0.0,-9.0,9.0,0.0,5.0,213.96,13.96,1358.0,7.0,0
0.0,0.0,1.0,25.0,1.0,2.0,348.95500000000004,18.95,1352.0,3.0,1
0.0,0.0,-15.0,17.0,0.0,2.0,348.95500000000004,38.94,769.0,1.0,0
0.0,0.0,-7.0,6.0,0.0,5.0,348.95500000000004,38.94,509.0,1.0,1
0.0,0.0,-26.0,6.0,0.0,8.0,250.32,23.52,591.0,2.0,0
0.0,0.0,-14.0,2.0,0.0,1.0,262.66,24.66,543.0,2.0,0
0.0,0.0,-21.0,14.0,0.0,12.0,279.03,29.13,419.0,5.0,0
0.0,0.0,-20.0,17.0,0.0,10.0,289.95,38.94,1205.0,1.0,0
0.0,0.0,-9.0,4.0,0.0,1.0,348.95500000000004,15.4,1496.0,3.0,0
0.0,0.0,-9.0,12.0,0.0,3.0,232.06,34.26,236.0,1.0,0
0.0,0.0,-18.0,8.0,0.0,8.0,348.95500000000004,19.7,625.0,1.0,0
0.0,0.0,-13.0,2.0,0.0,4.0,278.06,18.52,606.0,2.0,0
0.0,0.0,15.0,50.0,1.0,5.5,348.95500000000004,38.94,464.0,5.0,0
0.0,0.0,-16.0,7.0,0.0,10.0,348.95500000000004,38.94,1309.0,6.0,0
0.0,0.0,-15.0,11.0,0.0,1.0,348.95500000000004,38.94,973.0,8.0,0
0.0,0.0,-26.0,13.0,0.0,4.0,311.56,38.94,385.0,1.0,0
0.0,0.0,-29.0,4.0,0.0,8.0,348.95500000000004,16.34,1865.0,1.0,0
0.0,0.0,-3.0,17.0,0.0,1.0,232.71,38.94,348.0,2.0,0
0.0,0.0,-12.0,16.0,0.0,2.0,348.95500000000004,38.75,288.0,4.0,1
0.0,0.0,-9.0,5.0,0.0,10.0,298.48,28.68,744.0,2.0,0
0.0,0.0,-10.0,36.0,0.0,2.0,259.08,38.94,1047.0,1.0,1
0.0,0.0,-15.0,9.0,0.0,10.0,231.27,26.27,162.0,5.0,0
0.0,0.0,-9.0,21.0,0.0,1.0,238.76,38.78,564.0,5.0,1
0.0,0.0,-19.0,9.0,0.0,1.0,348.95500000000004,19.16,421.0,2.0,0
0.0,0.0,-10.0,23.0,0.0,6.0,329.65,38.94,900.0,3.0,0
0.0,0.0,-11.0,2.0,0.0,2.0,348.95500000000004,32.12,1652.0,1.0,1
0.0,0.0,-8.0,7.0,0.0,4.0,248.52,18.52,635.0,1.0,0
0.0,0.0,-9.0,13.0,0.0,2.0,348.95500000000004,18.69,493.0,1.0,0
0.0,0.0,-6.0,7.0,0.0,2.0,347.76,38.94,470.0,1.0,0
0.0,0.0,-21.0,10.0,0.0,1.0,246.61,16.71,804.0,2.0,0
0.0,0.0,-28.0,15.0,0.0,3.0,294.8,38.94,249.0,3.0,1
0.0,0.0,-10.0,11.0,0.0,5.0,257.18,24.43,46.0,2.0,0
0.0,0.0,-5.0,25.0,0.0,6.0,348.95500000000004,22.14,2379.0,1.0,0
0.0,0.0,-10.0,8.0,0.0,8.0,209.06,9.16,328.0,4.0,0
0.0,0.0,-1.0,15.0,0.0,2.0,348.95500000000004,38.94,901.0,1.0,0
0.0,0.0,-11.0,16.0,0.0,24.0,252.09,22.1,933.0,1.0,0
0.0,0.0,-9.0,12.0,0.0,8.0,215.03,15.13,331.0,2.0,0
0.0,0.0,-15.0,16.0,0.0,1.0,219.82,38.94,441.5,1.5,1
0.0,0.0,26.0,62.0,1.0,8.0,348.95500000000004,38.94,610.0,1.0,1
0.0,0.0,-8.0,12.0,0.0,1.0,348.95500000000004,31.99,1986.0,1.0,0
0.0,0.0,-25.0,8.0,0.0,3.0,185.43,38.94,1893.0,1.0,0
0.0,0.0,-9.0,8.0,0.0,8.0,212.83,13.83,260.0,1.0,0
0.0,0.0,0.0,8.0,0.0,3.0,236.7,16.06,919.0,1.0,0
0.0,0.0,-26.0,2.0,0.0,10.0,348.95500000000004,19.32,1001.0,4.0,0
0.0,0.0,-20.0,8.0,0.0,4.0,227.71,17.72,465.0,6.0,0
0.0,0.0,-11.0,14.0,0.0,2.0,312.06,17.16,1151.0,3.0,1
0.0,0.0,-4.0,2.0,0.0,10.0,348.95500000000004,37.69,720.0,5.0,0
0.0,0.0,6.0,45.0,1.0,1.0,348.95500000000004,38.94,1828.0,1.0,1
0.0,0.0,-15.0,15.0,0.0,8.0,348.95500000000004,38.94,353.42857142857144,1.2857142857142858,1
0.0,0.0,-26.0,7.0,0.0,1.0,327.87,38.94,673.0,1.0,0
0.0,0.0,-13.0,4.0,0.0,8.0,275.91,16.91,519.0,1.0,0
0.0,0.0,-18.0,7.0,0.0,10.0,348.95500000000004,38.94,303.0,1.0,1
0.0,0.0,-13.0,18.0,0.0,8.0,348.95500000000004,38.94,1893.0,1.0,1
0.0,0.0,8.0,29.0,1.0,1.0,200.55,23.56,1456.0,1.0,1
0.0,0.0,-11.0,11.0,0.0,1.0,303.32,33.33,482.0,1.0,0
0.0,0.0,-20.0,15.0,0.0,3.0,335.46,38.94,596.0,2.0,0
0.0,0.0,-15.0,2.0,0.0,6.0,348.95500000000004,38.92,902.0,2.0,0
0.0,0.0,-17.0,4.0,0.0,2.0,313.86,38.94,1133.5,2.0,0
0.0,0.0,-18.0,7.0,0.0,3.0,348.95500000000004,32.58,953.0,1.0,0
0.0,0.0,-7.0,7.0,0.0,1.0,258.33,38.94,417.0,2.0,0
0.0,0.0,0.0,35.0,0.0,5.0,220.8,25.81,408.0,1.0,0
0.0,0.0,-27.0,9.0,0.0,7.0,348.95500000000004,38.94,698.0,3.0,0
0.0,0.0,-13.0,5.0,0.0,5.0,224.59,14.59,715.0,2.0,0
0.0,0.0,-8.0,8.0,0.0,1.0,264.07,16.19,1051.0,1.0,0
0.0,0.0,-15.0,7.0,0.0,1.0,348.95500000000004,24.16,688.0,3.0,0
0.0,0.0,-20.0,7.0,0.0,10.0,348.95500000000004,38.94,2644.0,6.0,0
0.0,0.0,4.0,21.0,1.0,4.0,244.02,24.12,531.0,1.0,0
0.0,0.0,-13.0,10.0,0.0,7.0,348.95500000000004,37.6,1384.0,3.0,0
0.0,0.0,-13.0,22.0,0.0,1.0,213.47,38.94,162.0,1.0,0
0.0,0.0,-16.0,12.0,0.0,1.0,226.04,38.94,653.0,2.0,0
0.0,0.0,-14.0,17.0,0.0,8.0,245.83,18.03,529.0,1.0,0
0.0,0.0,4.0,25.0,1.0,7.0,348.95500000000004,33.03,1131.0,3.0,0
0.0,0.0,-18.0,7.0,0.0,8.0,348.95500000000004,38.94,222.0,1.0,0
0.0,0.0,-29.0,4.0,0.0,1.0,229.15,20.15,1461.0,4.0,0
0.0,0.0,-12.0,12.0,0.0,8.0,348.95500000000004,38.94,482.6666666666667,1.3333333333333333,0
0.0,0.0,4.0,24.0,1.0,1.0,342.15,17.15,2644.0,6.0,0
0.0,0.0,-7.0,19.0,0.0,8.0,212.88,12.9,447.0,2.0,1
0.0,0.0,-17.0,10.0,0.0,4.0,264.49,15.49,132.0,1.0,0
0.0,0.0,-14.0,11.0,0.0,1.0,348.95500000000004,38.94,1946.0,4.0,0
0.0,0.0,-5.0,47.0,0.0,1.0,311.82,16.82,2091.0,2.0,0
0.0,0.0,-11.0,10.0,0.0,2.0,258.58,18.59,1001.0,1.0,0
0.0,0.0,-5.0,12.0,0.0,3.0,348.95500000000004,11.99,1266.0,4.0,0
0.0,0.0,-15.0,7.0,0.0,10.0,348.95500000000004,20.19,721.0,1.0,0
0.0,0.0,-15.0,12.0,0.0,8.0,348.77,18.77,2644.0,6.0,0
0.0,0.0,14.0,39.0,1.0,1.0,198.08,38.94,2532.0,1.0,1
0.0,0.0,-13.0,12.0,0.0,10.0,191.58,21.68,298.0,1.0,0
0.0,0.0,-17.0,6.0,0.0,4.0,258.9,29.1,325.0,1.0,0
0.0,0.0,7.0,37.0,1.0,3.0,348.95500000000004,38.94,583.0,1.0,1
0.0,0.0,-26.0,14.0,0.0,1.0,348.95500000000004,19.72,501.0,4.0,0
0.0,0.0,-8.0,4.0,0.0,3.0,348.95500000000004,38.94,159.0,1.0,0
0.0,0.0,-14.0,11.0,0.0,8.0,229.37,20.37,696.0,3.0,0
0.0,0.0,-17.0,11.0,0.0,2.0,248.33,22.53,361.0,1.0,1
0.0,0.0,7.0,45.0,1.0,2.0,244.78,38.94,1128.0,1.0,0
0.0,0.0,-15.0,6.0,0.0,10.0,335.35,15.45,150.0,1.0,0
0.0,0.0,-12.0,7.0,0.0,10.0,308.43,38.94,674.0,1.0,0
0.0,0.0,-14.0,8.0,0.0,1.0,348.95500000000004,26.25,556.0,1.0,0
0.0,0.0,-14.0,9.0,0.0,1.0,348.95500000000004,32.46,1259.0,1.0,1
0.0,0.0,-17.0,8.0,0.0,1.0,348.95500000000004,13.84,625.0,1.0,0
0.0,0.0,-25.0,8.0,0.0,10.0,228.33,38.94,728.0,7.0,0
0.0,0.0,-6.0,2.0,0.0,4.0,299.18,10.18,527.0,1.0,0
0.0,0.0,-14.0,7.0,0.0,2.0,191.68,21.68,514.0,2.0,0
0.0,0.0,-21.0,16.0,0.0,1.0,259.85,38.94,1350.0,1.0,0
0.0,0.0,-19.0,8.0,0.0,8.0,276.57,17.57,805.0,1.0,0
0.0,0.0,-10.0,20.0,0.0,3.0,262.16,22.17,1001.0,1.0,0
0.0,0.0,-2.0,30.0,0.0,8.0,348.95500000000004,21.63,874.0,1.0,0
0.0,0.0,-18.0,7.0,0.0,10.0,348.95500000000004,15.28,679.0,2.0,0
0.0,0.0,-8.0,23.0,0.0,5.0,282.38,38.94,301.0,3.0,0
0.0,0.0,-13.0,7.0,0.0,10.0,348.95500000000004,38.94,932.6666666666666,2.3333333333333335,1
0.0,0.0,-11.0,11.0,0.0,4.0,270.47,18.47,2055.0,1.0,0
0.0,0.0,-10.0,16.0,0.0,4.0,213.78,38.78,192.0,2.0,0
0.0,0.0,3.0,12.0,1.0,3.0,346.4,17.4,503.0,4.0,1
0.0,0.0,-15.0,21.0,0.0,4.0,233.41,38.94,594.0,3.0,0
0.0,0.0,-2.0,34.0,0.0,3.0,348.95500000000004,19.95,875.0,1.0,0
0.0,0.0,-24.0,11.0,0.0,10.0,348.95500000000004,38.94,3407.0,5.0,0
0.0,0.0,-8.0,14.0,0.0,2.0,221.35,32.35,301.0,3.0,0
0.0,0.0,-8.0,15.0,0.0,1.0,348.95500000000004,30.0,1620.0,2.0,0
0.0,0.0,-17.0,3.0,0.0,10.0,348.95500000000004,18.66,1418.0,1.0,0
0.0,0.0,11.0,34.0,1.0,2.0,225.3,38.94,920.0,1.0,1
0.0,0.0,-9.0,18.0,0.0,1.2857142857142858,263.47,38.94,1158.0,1.0,0
0.0,0.0,-6.0,8.0,0.0,4.0,348.95500000000004,32.98,1105.0,1.0,0
0.0,0.0,-7.0,19.0,0.0,1.0,195.01,15.01,1153.0,4.0,0
0.0,0.0,-23.0,6.0,0.0,1.0,335.73,38.94,628.0,3.0,0
0.0,0.0,-20.0,10.0,0.0,1.0,335.16,38.94,904.0,1.0,0
0.0,0.0,-14.0,13.0,0.0,8.0,252.19,19.87,1288.0,1.0,1
0.0,0.0,-12.0,3.0,0.0,8.0,265.64,31.84,274.0,1.0,0
0.0,0.0,-15.0,19.0,0.0,1.0,348.95500000000004,38.94,625.0,1.0,0
0.0,0.0,-9.0,11.0,0.0,1.0,206.99,17.09,165.0,1.0,0
0.0,0.0,-16.0,13.0,0.0,1.0,348.95500000000004,38.94,1176.0,3.0,0
0.0,0.0,-6.0,24.0,0.0,1.0,348.95500000000004,38.94,1942.0,1.0,0
0.0,0.0,20.0,50.0,1.0,1.0,307.27,18.27,214.0,1.0,1
0.0,0.0,-20.0,2.0,0.0,10.0,346.06,17.06,832.0,2.0,0
0.0,0.0,-11.0,24.0,0.0,1.0,189.88,36.39,1912.0,4.0,0
0.0,0.0,-4.0,21.0,0.0,4.0,231.3,38.94,428.0,3.0,0
0.0,0.0,-14.0,22.0,0.0,4.0,224.12,35.12,1688.0,2.0,0
0.0,0.0,-19.0,11.0,0.0,8.0,348.95500000000004,23.07,2644.0,6.0,0
0.0,0.0,-4.0,6.0,0.0,10.0,348.95500000000004,38.94,2137.0,1.0,0
0.0,0.0,-16.0,6.0,0.0,3.0,254.14,24.15,482.0,1.0,0
0.0,0.0,-7.0,3.0,0.0,4.0,236.56,15.92,919.0,1.0,0
0.0,0.0,-17.0,12.0,0.0,10.0,348.95500000000004,38.94,1737.0,4.0,0
0.0,0.0,-13.0,7.0,0.0,10.0,348.95500000000004,17.0,1230.0,3.0,1
0.0,0.0,-18.0,13.0,0.0,1.0,348.95500000000004,25.42,575.0,1.0,0
0.0,0.0,-6.0,26.0,0.0,1.0,348.95500000000004,38.94,1141.0,1.0,0
0.0,0.0,-7.0,2.0,0.0,1.0,340.07,10.07,2644.0,6.0,0
0.0,0.0,-15.0,13.0,0.0,1.0,211.82,21.82,2490.0,5.0,0
0.0,0.0,-11.0,5.0,0.0,8.0,348.95500000000004,27.1,1800.0,7.0,0
0.0,0.0,-15.0,8.0,0.0,10.0,348.95500000000004,38.94,503.0,1.0,0
0.0,0.0,-14.0,4.0,0.0,1.0,348.95500000000004,10.54,1259.0,1.0,0
0.0,0.0,-11.0,1.0,0.0,4.0,348.95500000000004,10.46,762.0,1.0,0
0.0,0.0,-1.0,25.0,0.0,1.0,199.64,13.64,1077.0,1.0,0
0.0,0.0,-10.0,12.0,0.0,10.0,348.95500000000004,38.94,638.0,6.0,0
0.0,0.0,-36.0,13.0,0.0,10.0,348.95500000000004,38.94,2417.0,6.0,0
0.0,0.0,-22.0,10.0,0.0,3.0,348.95500000000004,38.94,825.0,6.0,0
0.0,0.0,-20.0,6.0,0.0,4.0,222.1,23.1,962.0,2.0,0
0.0,0.0,-7.0,10.0,0.0,1.0,348.95500000000004,38.94,375.0,2.0,0
0.0,0.0,-19.0,13.0,0.0,1.0,348.95500000000004,38.94,635.0,1.0,1
0.0,0.0,-15.0,4.0,0.0,6.0,348.95500000000004,18.48,1125.0,3.0,0
0.0,0.0,-17.0,6.0,0.0,4.0,235.61,20.05,3758.0,1.0,0
0.0,0.0,-17.0,1.0,0.0,8.0,249.16,9.26,640.0,1.0,0
0.0,0.0,-13.0,2.0,0.0,3.0,282.41,12.51,1948.0,1.0,0
0.0,0.0,-2.0,3.0,0.0,10.0,348.95500000000004,28.4,3072.0,1.0,0
0.0,0.0,-23.0,14.0,0.0,12.0,229.24,38.94,660.5,5.5,0
0.0,0.0,-27.0,7.0,0.0,8.0,348.95500000000004,38.94,694.25,1.0,1
0.0,0.0,-5.0,21.0,0.0,4.0,230.95,20.96,940.0,1.0,0
0.0,0.0,15.0,47.0,1.0,1.0,348.95500000000004,38.94,288.0,3.0,0
0.0,0.0,-15.0,12.0,0.0,8.0,273.24,24.24,1233.0,4.0,0
0.0,0.0,-9.0,13.0,0.0,2.0,225.71,38.94,2188.0,2.0,0
0.0,0.0,-8.0,15.0,0.0,10.0,348.95500000000004,18.81,659.0,2.0,0
0.0,0.0,-23.0,9.0,0.0,10.0,348.95500000000004,20.28,320.0,3.0,0
0.0,0.0,-30.0,13.0,0.0,1.0,348.95500000000004,38.94,944.0,1.0,0
0.0,0.0,-17.0,5.0,0.0,1.0,313.99,14.0,1139.0,3.0,0
0.0,0.0,-17.0,18.0,0.0,1.0,238.24,25.84,1304.0,4.0,1
0.0,0.0,-28.0,7.0,0.0,1.0,348.46,38.94,900.0,3.0,0
0.0,0.0,-16.0,7.0,0.0,1.0,264.53,38.94,303.0,1.0,0
0.0,0.0,-22.0,10.0,0.0,12.0,348.95500000000004,21.59,1616.0,3.0,0
0.0,0.0,-16.0,7.0,0.0,5.0,303.72,24.72,1788.0,7.0,0
0.0,0.0,-14.0,22.0,0.0,10.0,271.38,38.94,1156.0,2.0,0
0.0,0.0,-14.0,15.0,0.0,6.0,348.95500000000004,29.04,1353.0,7.0,0
0.0,0.0,-19.0,9.0,0.0,3.0,316.79,17.79,2304.0,3.0,1
0.0,0.0,-23.0,8.0,0.0,2.0,348.95500000000004,38.94,796.0,3.0,1
0.0,0.0,-20.0,10.0,0.0,4.0,272.36,32.56,2239.0,2.0,0
0.0,0.0,-11.0,18.0,0.0,2.0,242.66,19.66,494.0,1.0,0
0.0,0.0,-8.0,23.0,0.0,10.0,276.47,16.57,649.0,3.0,0
0.0,0.0,-26.0,9.0,0.0,10.0,348.95500000000004,24.95,1577.0,2.0,0
0.0,0.0,-10.0,22.0,0.0,10.0,348.95500000000004,38.94,292.0,1.0,1
0.0,0.0,-9.0,14.0,0.0,1.0,260.24,35.24,1226.0,4.0,0
0.0,0.0,-14.0,30.0,0.0,1.0,220.04,38.94,1128.0,1.0,0
0.0,0.0,-13.0,3.0,0.0,1.0,280.12,30.12,771.0,1.0,0
0.0,0.0,-15.0,11.0,0.0,10.0,348.95500000000004,19.44,644.0,1.0,0
0.0,0.0,-7.0,3.0,0.0,4.5,348.95500000000004,38.94,258.0,1.0,1
0.0,0.0,8.0,33.0,1.0,3.0,279.7,19.7,501.0,4.0,0
0.0,0.0,-4.0,19.0,0.0,2.0,348.95500000000004,18.95,885.0,4.0,0
0.0,0.0,-1.0,20.0,0.0,8.0,348.95500000000004,21.8,876.0,2.0,0
0.0,0.0,-6.0,7.0,0.0,6.0,348.95500000000004,30.98,807.0,1.0,0
0.0,0.0,2.0,28.0,1.0,4.0,275.19,30.5,396.0,3.0,0
0.0,0.0,-9.0,9.0,0.0,10.0,253.18,13.18,602.0,1.0,0
0.0,0.0,-15.0,7.0,0.0,3.0,213.77,23.87,1159.0,3.0,0
0.0,0.0,-6.0,15.0,0.0,1.0,225.6,38.94,2526.0,1.0,0
0.0,0.0,-9.0,13.0,0.0,2.0,315.18,35.38,3335.0,1.0,0
0.0,0.0,-12.0,16.0,0.0,1.0,263.47,38.94,1158.0,1.0,0
0.0,0.0,0.0,15.0,0.0,4.0,278.44,28.44,850.0,1.0,0
0.0,0.0,-20.0,3.0,0.0,5.0,348.95500000000004,25.32,355.0,1.0,0
0.0,0.0,-10.0,12.0,0.0,1.0,242.02,22.03,998.0,1.0,0
0.0,0.0,-29.0,6.0,0.0,10.0,216.64,17.64,330.0,1.0,0
0.0,0.0,4.0,21.0,1.0,3.0,348.95500000000004,32.75,273.0,1.0,1
0.0,0.0,-13.0,40.0,0.0,1.0,348.95500000000004,35.7,2226.0,8.0,0
0.0,0.0,-7.0,32.0,0.0,2.0,348.95500000000004,20.51,1447.0,5.0,0
0.0,0.0,-14.0,9.0,0.0,1.0,290.37,14.37,501.0,4.0,0
0.0,0.0,-19.0,16.0,0.0,8.0,187.2,38.94,699.5,1.75,0
0.0,0.0,162.0,187.0,1.0,1.0,348.95500000000004,38.94,442.0,6.0,0
0.0,0.0,-28.0,6.0,0.0,2.0,348.95500000000004,19.76,1686.0,1.0,0
0.0,0.0,24.0,55.0,1.0,10.0,348.95500000000004,38.94,2723.0,4.0,1
0.0,0.0,-13.0,10.0,0.0,10.0,348.95500000000004,15.64,438.0,1.0,0
0.0,0.0,-20.0,9.0,0.0,1.0,190.37,38.94,1893.0,1.0,0
0.0,0.0,-9.0,8.0,0.0,10.0,348.95500000000004,38.94,595.0,1.0,0
0.0,0.0,-11.0,17.0,0.0,8.0,348.95500000000004,38.94,643.0,1.0,0
0.0,0.0,-15.0,7.0,0.0,10.0,345.68,38.94,1893.0,1.0,0
0.0,0.0,-24.0,18.0,0.0,6.0,348.95500000000004,38.94,370.0,6.0,0
0.0,0.0,-3.0,16.0,0.0,1.0,237.17000000000002,17.17,2730.0,4.0,0
0.0,0.0,-16.0,6.0,0.0,2.0,256.5,26.5,568.0,1.0,0
0.0,0.0,-21.0,7.0,0.0,1.0,348.95500000000004,15.46,738.0,5.0,0
0.0,0.0,-19.0,10.0,0.0,1.0,306.79,26.8,482.0,1.0,0
0.0,0.0,-15.0,8.0,0.0,2.0,348.95500000000004,24.01,940.0,3.0,0
0.0,0.0,-20.0,11.0,0.0,1.0,324.96,24.97,753.0,2.0,0
0.0,0.0,-17.0,21.0,0.0,4.0,348.95500000000004,38.94,1276.0,1.0,0
0.0,0.0,-22.0,18.0,0.0,10.0,347.26,18.06,1114.0,4.0,0
0.0,0.0,-19.0,5.0,0.0,7.0,348.89,20.89,3469.0,5.0,0
0.0,0.0,-9.0,18.0,0.0,6.0,348.95500000000004,16.19,501.0,4.0,0
0.0,0.0,-13.0,4.0,0.0,1.0,261.62,38.94,1045.0,2.6666666666666665,1
0.0,0.0,-13.0,2.0,0.0,2.0,329.98,10.98,1914.0,5.0,0
0.0,0.0,-25.0,7.0,0.0,10.0,348.95500000000004,38.94,1000.0,1.0,0
0.0,0.0,-12.0,9.0,0.0,1.0,347.46,33.46,1070.0,2.0,0
0.0,0.0,0.0,14.0,0.0,5.0,198.9,38.9,451.0,3.0,0
0.0,0.0,-21.0,8.0,0.0,10.0,348.95500000000004,38.94,1443.0,6.0,0
0.0,0.0,-5.0,16.0,0.0,1.0,216.29,36.39,287.0,2.0,0
0.0,0.0,-2.0,12.0,0.0,2.0,254.22,14.23,1001.0,1.0,0
0.0,0.0,-26.0,7.0,0.0,1.0,348.95500000000004,38.94,1893.0,1.0,0
0.0,0.0,-31.0,14.0,0.0,6.0,214.08,21.08,2558.0,1.0,0
0.0,0.0,-5.0,22.0,0.0,6.0,348.95500000000004,38.94,742.0,4.0,0
0.0,0.0,-18.0,8.0,0.0,2.0,348.95500000000004,18.97,1165.0,1.0,0
0.0,0.0,-14.0,13.0,0.0,5.5,348.95500000000004,38.94,585.0,5.0,0
0.0,0.0,-6.0,16.0,0.0,3.0,263.13,13.14,1412.0,9.0,0
0.0,0.0,0.0,33.0,0.0,10.0,267.01,17.51,2604.0,2.0,0
0.0,0.0,-21.0,10.0,0.0,8.0,348.95500000000004,38.94,936.0,2.0,1
0.0,0.0,-21.0,11.0,0.0,8.0,348.95500000000004,35.92,1369.0,4.0,0
0.0,0.0,-18.0,24.0,0.0,1.0,275.16,38.94,1141.0,1.0,0
0.0,0.0,-18.0,5.0,0.0,4.0,348.95500000000004,38.94,603.0,1.0,1
0.0,0.0,-14.0,7.0,0.0,1.0,308.58,12.68,588.0,2.0,0
0.0,0.0,-19.0,8.0,0.0,10.0,292.28,22.38,1097.0,5.0,0
0.0,0.0,1.0,20.0,1.0,5.0,348.95500000000004,38.94,1075.0,1.0,0
0.0,0.0,-18.0,11.0,0.0,10.0,270.54,15.54,528.0,2.0,0
0.0,0.0,-26.0,14.0,0.0,5.0,343.74,38.94,269.0,1.0,0
0.0,0.0,2.0,37.0,1.0,2.0,205.61,25.71,229.0,2.0,1
0.0,0.0,-6.0,20.0,0.0,1.0,348.95500000000004,38.94,2116.0,1.0,0
0.0,0.0,-12.0,12.0,0.0,3.0,348.95500000000004,38.94,289.0,1.0,0
0.0,0.0,-4.0,17.0,0.0,1.0,291.37,22.37,2809.0,1.0,0
0.0,0.0,-6.0,7.0,0.0,4.0,250.57,38.94,311.0,1.0,0
0.0,0.0,-16.0,10.0,0.0,1.0,249.48,19.49,674.0,3.0,0
0.0,0.0,-21.0,7.0,0.0,5.0,245.35,16.35,582.0,1.0,0
0.0,0.0,-8.0,18.0,0.0,3.0,195.0,16.0,582.0,1.0,0
0.0,0.0,-9.0,18.0,0.0,1.0,213.55,33.65,902.0,3.0,0
0.0,0.0,-24.0,18.0,0.0,1.0,203.97,18.87,451.0,1.0,0
0.0,0.0,-5.0,3.0,0.0,1.0,348.95500000000004,27.36,676.0,1.0,0
0.0,0.0,2.0,31.0,1.0,1.0,225.71,38.94,2188.0,2.0,0
0.0,0.0,-16.0,32.0,0.0,4.0,348.95500000000004,17.0,871.0,4.0,1
0.0,0.0,-22.0,7.0,0.0,5.0,348.95500000000004,23.15,1509.0,1.0,0
0.0,0.0,-14.0,8.0,0.0,4.0,197.37,17.669999999999998,366.0,2.0,1
0.0,0.0,-22.0,6.0,0.0,1.0,310.2,38.94,266.0,3.0,0
0.0,0.0,-30.0,10.0,0.0,4.0,242.52,22.62,441.0,2.0,0
0.0,0.0,-15.0,10.0,0.0,4.0,340.04,25.13,513.0,1.0,0
0.0,0.0,-13.0,17.0,0.0,2.0,348.95500000000004,38.94,1135.0,5.0,0
0.0,0.0,-7.0,3.0,0.0,4.0,238.58,19.58,1058.0,3.0,0
0.0,0.0,1.0,15.0,1.0,1.5,318.92,38.94,87.0,3.0,0
0.0,0.0,-16.0,17.0,0.0,5.0,236.65,26.75,753.0,2.0,0
0.0,0.0,-21.0,12.0,0.0,10.0,348.95500000000004,38.94,1101.0,3.0,0
0.0,0.0,-7.0,20.0,0.0,8.0,265.5,15.5,694.0,1.0,0
0.0,0.0,-12.0,10.0,0.0,4.0,348.95500000000004,23.51,964.0,4.0,0
0.0,0.0,-19.0,3.0,0.0,2.0,241.57,31.67,1566.0,2.5,0
0.0,0.0,20.0,41.0,1.0,5.0,304.77,38.94,398.0,1.0,1
0.0,0.0,-18.0,3.0,0.0,1.0,318.44,38.94,674.0,1.0,0
0.0,0.0,-12.0,16.0,0.0,9.0,348.95500000000004,38.94,1211.0,5.0,0
0.0,0.0,-29.0,13.0,0.0,8.0,348.95500000000004,38.94,1946.0,4.0,0
0.0,0.0,-19.0,3.0,0.0,2.0,204.18,20.119999999999997,278.0,1.0,0
0.0,0.0,8.0,34.0,1.0,5.0,348.95500000000004,38.94,1186.0,2.0,1
0.0,0.0,-9.0,16.0,0.0,1.0,260.52,38.94,830.0,4.0,0
0.0,0.0,-6.0,18.0,0.0,10.0,348.95500000000004,12.99,1222.0,2.0,0
0.0,0.0,-2.0,31.0,0.0,5.0,253.4,38.94,559.0,1.0,0
0.0,0.0,-14.0,21.0,0.0,15.0,242.8,38.94,1167.0,1.0,0
0.0,0.0,-8.0,14.0,0.0,2.0,188.34,18.44,474.0,3.0,0
0.0,0.0,-9.0,10.0,0.0,6.0,215.06,35.08,1661.0,3.0,1
0.0,0.0,-7.0,5.0,0.0,4.0,348.95500000000004,16.9,336.0,1.0,0
0.0,0.0,-40.0,11.0,0.0,8.0,348.95500000000004,18.49,491.0,4.0,0
0.0,0.0,-21.0,11.0,0.0,10.0,232.71,38.94,348.0,2.0,0
0.0,0.0,-9.0,13.0,0.0,4.0,348.95500000000004,38.94,363.0,1.0,0
0.0,0.0,-8.0,8.0,0.0,10.0,348.95500000000004,14.45,679.0,3.0,0
0.0,0.0,7.0,19.0,1.0,1.0,348.95500000000004,24.92,233.0,3.0,1
0.0,0.0,-16.0,9.0,0.0,1.0,283.39,13.39,293.0,1.0,0
0.0,0.0,6.0,36.0,1.0,1.0,221.79,21.89,904.0,1.0,1
0.0,0.0,-11.0,4.0,0.0,3.0,264.24,38.94,903.0,6.0,1
0.0,0.0,-16.0,9.0,0.0,3.0,218.55,18.65,1100.0,6.0,0
0.0,0.0,-42.0,6.0,0.0,6.0,348.95500000000004,27.92,1736.0,1.0,0
0.0,0.0,-5.0,14.0,0.0,10.0,348.95500000000004,18.38,1087.0,7.0,0
0.0,0.0,-17.0,9.0,0.0,1.0,210.22,19.22,3784.0,7.0,0
0.0,0.0,-7.0,13.0,0.0,1.0,336.34,36.6,345.0,1.0,1
0.0,0.0,-15.0,12.0,0.0,6.0,307.68,38.94,500.0,1.0,0
0.0,0.0,-10.0,5.0,0.0,1.0,348.95500000000004,38.94,1091.0,2.5,0
0.0,0.0,-4.0,22.0,0.0,1.0,297.88,38.94,310.0,3.0,0
0.0,0.0,-10.0,17.0,0.0,1.0,217.64,18.64,330.0,1.0,0
0.0,0.0,-13.0,6.0,0.0,1.0,348.95500000000004,18.54,1549.0,2.0,0
0.0,0.0,2.0,19.0,1.0,4.0,206.49,27.49,2188.0,2.0,1
0.0,0.0,-8.0,6.0,0.0,10.0,348.95500000000004,25.24,179.0,1.0,0
0.0,0.0,8.0,40.0,1.0,8.0,201.45,38.94,449.0,1.0,1
0.0,0.0,-19.0,3.0,0.0,8.0,264.24,38.94,910.0,1.0,0
0.0,0.0,-12.0,6.0,0.0,10.0,236.48,21.48,616.0,1.0,0
0.0,0.0,8.0,25.0,1.0,1.0,245.84,38.94,816.0,4.0,0
0.0,0.0,-12.0,21.0,0.0,1.0,196.01,16.01,871.0,4.0,0
0.0,0.0,-17.0,19.0,0.0,4.5,348.95500000000004,32.25,3632.0,4.0,1
0.0,0.0,-15.0,10.0,0.0,1.0,190.45,13.45,1607.0,1.0,1
0.0,0.0,-3.0,10.0,0.0,1.0,232.9,33.0,1724.0,1.0,0
0.0,0.0,1.0,19.0,1.0,5.0,246.36,16.37,331.0,3.0,0
0.0,0.0,-12.0,22.0,0.0,2.0,348.95500000000004,32.13,867.0,3.0,1
0.0,0.0,-15.0,7.0,0.0,4.0,213.81,17.01,676.0,2.0,1
0.0,0.0,-7.0,15.0,0.0,4.0,334.49,19.49,1250.0,4.0,0
0.0,0.0,-16.0,3.0,0.0,2.0,201.53,12.53,521.0,1.0,0
0.0,0.0,-10.0,7.0,0.0,1.0,348.95500000000004,16.89,673.0,4.0,0
0.0,0.0,6.0,33.0,1.0,4.0,200.35,38.94,337.0,1.0,1
0.0,0.0,-11.0,18.0,0.0,3.0,348.95500000000004,38.94,2029.0,2.0,0
0.0,0.0,1.0,25.0,1.0,6.0,202.34,22.34,635.0,1.0,0
0.0,0.0,-17.0,6.0,0.0,6.0,237.63,15.64,125.0,1.0,0
0.0,0.0,-38.0,7.0,0.0,10.0,348.95500000000004,38.94,1347.0,5.0,0
0.0,0.0,-5.0,7.0,0.0,1.0,348.95500000000004,17.82,1839.0,1.0,0
0.0,0.0,-18.0,7.0,0.0,8.0,227.14,27.16,541.0,6.0,0
0.0,0.0,-23.0,2.0,0.0,4.0,348.95500000000004,18.99,111.0,1.0,0
0.0,0.0,-13.0,15.0,0.0,4.0,261.36,38.94,488.0,1.5,0
0.0,0.0,6.0,32.0,1.0,4.0,234.19,35.19,640.0,1.0,1
0.0,0.0,-15.0,16.0,0.0,5.0,195.12,38.94,1893.0,1.0,0
0.0,0.0,-3.0,6.0,0.0,1.0,307.12,17.13,1702.0,4.0,0
0.0,0.0,6.0,20.0,1.0,10.0,348.95500000000004,26.36,860.0,2.0,1
0.0,0.0,-1.0,16.0,0.0,6.0,258.03,38.94,898.0,6.0,0
0.0,0.0,3.0,10.0,1.0,3.0,348.95500000000004,20.94,268.0,5.0,0
0.0,0.0,-13.0,6.0,0.0,4.0,348.95500000000004,38.94,811.0,5.0,0
0.0,0.0,6.0,33.0,1.0,8.0,348.95500000000004,38.94,302.0,1.0,0
0.0,0.0,-25.0,7.0,0.0,6.0,348.95500000000004,19.15,765.0,3.0,0
0.0,0.0,-10.0,7.0,0.0,5.5,293.28999999999996,38.94,1022.3333333333334,1.0,0
0.0,0.0,-20.0,11.0,0.0,1.0,200.52,18.52,1256.0,1.0,0
0.0,0.0,-13.0,7.0,0.0,1.0,348.95500000000004,38.94,1851.0,8.0,0
0.0,0.0,-10.0,22.0,0.0,10.0,348.95500000000004,38.94,396.0,1.0,0
0.0,0.0,-13.0,8.0,0.0,10.0,321.82,26.82,408.0,2.0,1
0.0,0.0,-14.0,19.0,0.0,10.0,348.95500000000004,21.54,3866.0,2.0,0
0.0,0.0,-5.0,20.0,0.0,1.0,303.33,18.43,465.0,1.0,0
0.0,0.0,-11.0,11.0,0.0,8.0,232.27,19.37,548.0,3.0,0
0.0,0.0,-18.0,16.0,0.0,5.0,230.82,38.94,104.0,2.0,1
0.0,0.0,-10.0,15.0,0.0,1.0,348.95500000000004,36.33,174.0,2.0,0
0.0,0.0,-18.0,11.0,0.0,1.0,239.91,38.94,971.0,2.0,1
0.0,0.0,-20.0,12.0,0.0,6.0,327.17,28.17,1979.0,4.0,0
0.0,0.0,-12.0,11.0,0.0,1.0,348.95500000000004,17.12,1914.0,5.0,0
0.0,0.0,-2.0,5.0,0.0,4.0,343.74,17.58,1131.0,3.0,0
0.0,0.0,-22.0,14.0,0.0,1.0,246.04,17.04,784.0,2.0,0
0.0,0.0,-5.0,31.0,0.0,1.0,305.7,38.94,568.0,3.0,0
0.0,0.0,-4.0,24.0,0.0,2.0,264.91999999999996,18.3,1246.0,1.0,0
0.0,0.0,-19.0,6.0,0.0,3.0,209.16,19.26,333.0,4.0,0
0.0,0.0,-5.0,18.0,0.0,6.0,266.96,33.16,255.0,1.0,0
0.0,0.0,-4.0,17.0,0.0,1.0,311.6,32.6,948.0,4.0,0
0.0,0.0,-11.0,12.0,0.0,4.0,348.95500000000004,25.59,3464.0,4.0,0
0.0,0.0,-6.0,23.0,0.0,2.0,197.48,38.94,3314.0,2.0,0
0.0,0.0,-6.0,7.0,0.0,1.0,267.62,38.94,513.0,2.0,1
0.0,0.0,-10.0,19.0,0.0,8.0,348.95500000000004,38.94,427.0,1.0,0
0.0,0.0,-22.0,7.0,0.0,3.0,348.95500000000004,28.6,719.0,1.0,0
0.0,0.0,-21.0,13.0,0.0,8.0,348.95500000000004,22.03,387.0,3.0,0
0.0,0.0,-12.0,3.0,0.0,3.0,348.95500000000004,11.51,1331.0,2.0,0
0.0,0.0,-14.0,3.0,0.0,8.0,254.22,14.23,2099.0,1.0,0
0.0,0.0,-24.0,8.0,0.0,1.0,348.95500000000004,38.94,706.0,1.0,0
0.0,0.0,-10.0,10.0,0.0,5.0,291.83,32.84,345.0,4.0,0
0.0,0.0,-8.0,21.0,0.0,1.0,283.34,18.35,825.0,1.0,0
0.0,0.0,-3.0,15.0,0.0,3.0,271.61,22.61,579.0,1.0,0
0.0,0.0,-13.0,7.0,0.0,6.0,213.95,24.05,1023.0,6.0,0
0.0,0.0,-15.0,16.0,0.0,3.0,300.49,38.94,756.0,1.0,0
0.0,0.0,-29.0,6.0,0.0,1.0,278.09,19.09,805.0,1.0,0
0.0,0.0,-18.0,2.0,0.0,2.0,182.91,15.92,1456.0,1.0,0
0.0,0.0,-13.0,17.0,0.0,3.0,220.54,20.64,325.0,1.0,0
0.0,0.0,-12.0,18.0,0.0,8.0,348.95500000000004,38.94,2424.0,7.0,0
0.0,0.0,1.0,21.0,1.0,5.0,348.95500000000004,38.94,1105.0,1.0,0
0.0,0.0,-17.0,6.0,0.0,2.0,348.95500000000004,38.94,274.0,1.0,0
0.0,0.0,-12.0,4.0,0.0,5.0,348.95500000000004,10.96,1897.0,4.0,0
0.0,0.0,-14.0,8.0,0.0,10.0,348.95500000000004,38.94,1123.0,1.0,0
0.0,0.0,-21.0,13.0,0.0,10.0,297.62,17.72,1784.0,4.0,0
0.0,0.0,-16.0,10.0,0.0,10.0,348.95500000000004,38.94,1935.0,1.0,0
0.0,0.0,-20.0,6.0,0.0,10.0,275.56,15.57,602.0,1.0,0
0.0,0.0,-4.0,24.0,0.0,1.0,348.95500000000004,38.94,1935.0,1.0,0
0.0,0.0,-3.0,13.0,0.0,5.0,241.76,31.77,1157.0,1.0,0
0.0,0.0,-16.0,4.0,0.0,1.0,209.21,10.21,474.0,2.0,0
0.0,0.0,-3.0,18.0,0.0,8.0,348.95500000000004,38.94,612.0,4.0,0
0.0,0.0,-8.0,13.0,0.0,1.0,216.15,17.15,292.0,1.0,0
0.0,0.0,-14.0,10.0,0.0,6.0,348.95500000000004,24.24,2644.0,6.0,0
0.0,0.0,-17.0,2.0,0.0,2.0,207.1,27.3,176.0,1.0,0
0.0,0.0,-15.0,11.0,0.0,1.0,210.29,30.3,325.0,3.0,0
0.0,0.0,-36.0,10.0,0.0,3.0,222.89,38.94,828.0,4.0,0
0.0,0.0,-12.0,15.0,0.0,1.0,348.95500000000004,38.94,512.0,1.0,0
0.0,0.0,-1.0,29.0,0.0,1.0,271.31,38.94,1149.0,8.0,1
0.0,0.0,-14.0,12.0,0.0,10.0,348.95500000000004,38.94,634.0,2.0,0
0.0,0.0,-11.0,4.0,0.0,8.0,207.65,8.65,864.0,7.0,0
0.0,0.0,-28.0,15.0,0.0,8.0,348.95500000000004,38.59,1125.0,6.0,0
0.0,0.0,-24.0,6.0,0.0,8.0,348.95500000000004,18.0,1114.0,4.0,0
0.0,0.0,-36.0,7.0,0.0,8.0,304.22,38.94,1173.0,3.0,1
0.0,0.0,-13.0,2.0,0.0,5.0,348.95500000000004,11.46,753.0,2.0,0
0.0,0.0,1.0,32.0,1.0,4.0,260.42,38.94,2188.0,2.0,1
0.0,0.0,-16.0,10.0,0.0,1.0,261.27,38.94,237.5,2.0,0
0.0,0.0,3.0,26.0,1.0,8.0,225.56,16.56,696.0,3.0,1
0.0,0.0,-16.0,12.0,0.0,10.0,206.84,36.85,1350.0,1.0,0
0.0,0.0,-6.0,16.0,0.0,3.0,225.45,15.55,347.0,1.0,0
0.0,0.0,-20.0,9.0,0.0,3.0,287.0,38.94,1664.0,3.0,0
0.0,0.0,-15.0,17.0,0.0,2.0,185.94,15.94,631.0,2.0,0
0.0,0.0,-9.0,15.0,0.0,1.0,343.12,38.94,582.0,1.0,0
0.0,0.0,2.0,33.0,1.0,1.0,348.95500000000004,38.94,875.0,5.0,0
0.0,0.0,-15.0,10.0,0.0,2.0,196.01,16.02,998.0,3.0,0
0.0,0.0,-21.0,8.0,0.0,3.0,227.3,25.96,558.0,1.0,0
0.0,0.0,-21.0,5.0,0.0,4.0,348.95500000000004,38.94,402.0,1.0,0
0.0,0.0,-12.0,21.0,0.0,8.0,298.05,18.4,629.0,2.0,0
0.0,0.0,-11.0,3.0,0.0,4.0,270.93,20.94,1638.0,2.0,0
0.0,0.0,-10.0,19.0,0.0,3.0,252.84,33.06,278.0,1.0,1
0.0,0.0,-7.0,11.0,0.0,1.0,209.24,29.44,158.0,1.0,0
0.0,0.0,-10.0,17.0,0.0,8.0,348.95500000000004,22.05,666.0,2.0,0
0.0,0.0,-9.0,13.0,0.0,6.0,314.21,15.21,1479.0,3.0,0
0.0,0.0,-4.0,22.0,0.0,8.0,217.92,38.94,856.0,1.0,0
0.0,0.0,-13.0,14.0,0.0,6.0,348.95500000000004,17.41,2496.0,1.0,0
0.0,0.0,-14.0,7.0,0.0,1.0,219.72,61.72,364.0,1.0,0
0.0,0.0,-13.0,11.0,0.0,6.0,348.95500000000004,21.8,878.0,1.0,0
0.0,0.0,-3.0,11.0,0.0,1.0,348.95500000000004,24.19,1186.0,4.0,0
0.0,0.0,-7.0,13.0,0.0,1.0,348.95500000000004,38.94,606.0,2.0,0
0.0,0.0,-14.0,13.0,0.0,12.5,348.95500000000004,32.44,317.0,1.0,1
0.0,0.0,19.0,52.0,1.0,10.0,348.95500000000004,38.94,419.0,1.0,0
0.0,0.0,-13.0,16.0,0.0,8.0,348.95500000000004,22.76,3330.0,3.0,0
0.0,0.0,19.0,59.0,1.0,10.0,348.95500000000004,38.94,982.0,3.0,1
0.0,0.0,-15.0,10.0,0.0,10.0,348.95500000000004,38.94,484.0,4.0,0
0.0,0.0,-14.0,9.0,0.0,10.0,348.95500000000004,23.11,259.0,1.0,0
0.0,0.0,-21.0,7.0,0.0,2.0,216.62,38.94,710.0,1.0,0
0.0,0.0,-27.0,5.0,0.0,1.0,251.94,31.3,919.0,1.0,0
0.0,0.0,-10.0,5.0,0.0,4.0,244.15,14.16,934.0,1.0,0
0.0,0.0,-19.0,10.0,0.0,8.0,348.95500000000004,21.42,874.0,1.0,0
0.0,0.0,-16.0,12.0,0.0,1.0,328.91,19.01,496.0,2.0,0
0.0,0.0,-19.0,12.0,0.0,1.0,348.95500000000004,38.94,345.0,1.0,0
0.0,0.0,-18.0,11.0,0.0,4.0,348.95500000000004,19.44,595.0,1.0,0
0.0,0.0,-19.0,6.0,0.0,8.0,305.31,38.94,762.0,3.0,0
0.0,0.0,-14.0,12.0,0.0,2.0,244.48,16.48,1153.0,1.0,0
0.0,0.0,-11.0,4.0,0.0,5.0,236.65,8.85,529.0,1.0,0
0.0,0.0,-13.0,8.0,0.0,8.0,295.63,38.94,303.0,9.0,0
0.0,0.0,-9.0,13.0,0.0,5.0,271.94,38.94,553.0,1.0,0
0.0,0.0,-10.0,11.0,0.0,10.0,348.95500000000004,38.94,289.0,1.0,0
0.0,0.0,-2.0,25.0,0.0,3.0,217.78,38.94,621.0,1.0,0
0.0,0.0,-2.0,17.0,0.0,2.0,207.43,15.43,767.0,4.0,0
0.0,0.0,-10.0,4.0,0.0,1.0,348.95500000000004,38.94,935.0,1.0,0
0.0,0.0,-33.0,5.0,0.0,10.0,348.95500000000004,38.61,698.0,3.0,0
0.0,0.0,-3.0,12.0,0.0,10.0,348.95500000000004,25.81,1145.0,6.0,0
0.0,0.0,-28.0,10.0,0.0,2.0,306.03,28.03,619.0,1.0,0
0.0,0.0,-14.0,8.0,0.0,6.0,348.95500000000004,36.01,1250.0,4.0,0
0.0,0.0,9.0,39.0,1.0,2.0,237.08,38.08,1350.0,4.0,1
0.0,0.0,-21.0,14.0,0.0,10.0,348.95500000000004,38.94,1050.0,1.0,0
0.0,0.0,-13.0,7.0,0.0,1.0,304.64,35.64,569.0,1.0,0
0.0,0.0,-16.0,9.0,0.0,1.0,208.85,18.95,1818.0,2.0,0
0.0,0.0,-13.0,14.0,0.0,6.0,348.95500000000004,19.02,625.0,1.0,0
0.0,0.0,-6.0,2.0,0.0,2.0,318.3,19.3,648.0,1.0,0
0.0,0.0,-6.0,20.0,0.0,6.0,322.96,23.96,2043.0,5.0,0
0.0,0.0,-8.0,12.0,0.0,7.0,292.45,13.45,262.0,1.0,0
0.0,0.0,-20.0,11.0,0.0,3.0,192.3,38.94,1969.0,2.0,0
0.0,0.0,-10.0,18.0,0.0,4.0,330.46,30.46,696.0,4.0,0
0.0,0.0,-14.0,14.0,0.0,10.0,348.95500000000004,34.0,659.0,1.0,0
0.0,0.0,-14.0,5.0,0.0,10.0,348.95500000000004,38.94,617.6,2.0,0
0.0,0.0,-14.0,7.0,0.0,4.5,348.95500000000004,34.51,3611.0,4.0,0
0.0,0.0,-3.0,17.0,0.0,1.0,348.95500000000004,38.94,3758.0,1.0,0
0.0,0.0,-13.0,8.0,0.0,6.0,347.83,38.94,550.0,2.0,0
0.0,0.0,-10.0,16.0,0.0,1.0,231.94,38.94,332.6666666666667,1.0,1
0.0,0.0,-14.0,14.0,0.0,1.0,348.95500000000004,21.05,328.0,1.0,0
0.0,0.0,-16.0,19.0,0.0,6.0,348.95500000000004,38.94,348.0,2.0,0
0.0,0.0,-4.0,26.0,0.0,2.0,348.95500000000004,19.56,609.0,3.0,0
0.0,0.0,-14.0,17.0,0.0,2.0,199.44,38.94,1893.0,1.0,0
0.0,0.0,-6.0,6.0,0.0,8.0,335.19,38.94,468.0,1.5,1
0.0,0.0,-19.0,4.0,0.0,1.0,284.13,34.23,455.0,1.0,0
0.0,0.0,-4.0,17.0,0.0,3.0,204.78,20.78,728.0,7.0,0
0.0,0.0,-17.0,13.0,0.0,2.0,286.64,16.64,293.0,1.0,0
0.0,0.0,-27.0,9.0,0.0,10.0,307.22,38.94,528.0,1.0,0
0.0,0.0,-11.0,13.0,0.0,10.0,348.95500000000004,18.91,329.0,1.0,0
0.0,0.0,4.0,26.0,1.0,4.0,206.92,16.09,1116.0,1.0,0
0.0,0.0,-6.0,4.0,0.0,4.0,305.63,15.63,2021.0,4.0,0
0.0,0.0,-4.0,14.0,0.0,10.0,348.95500000000004,20.47,1457.0,5.0,1
0.0,0.0,-6.0,13.0,0.0,10.0,348.95500000000004,38.94,331.0,1.0,0
0.0,0.0,-8.0,4.0,0.0,1.0,348.95500000000004,14.82,466.0,1.0,0
0.0,0.0,-19.0,6.0,0.0,9.0,348.95500000000004,20.48,615.0,1.0,1
0.0,0.0,9.0,35.0,1.0,3.0,317.2,17.21,399.0,1.0,1
0.0,0.0,-14.0,6.0,0.0,10.0,247.23,17.24,934.0,1.0,1
0.0,0.0,-15.0,8.0,0.0,4.0,313.86,23.96,1061.0,2.0,0
0.0,0.0,-13.0,11.0,0.0,4.0,230.8,30.81,574.0,5.0,0
0.0,0.0,-19.0,11.0,0.0,8.0,231.66,35.86,698.5,1.0,0
0.0,0.0,-7.0,7.0,0.0,8.0,348.95500000000004,24.45,1135.0,5.0,0
0.0,0.0,-15.0,4.0,0.0,8.0,348.95500000000004,38.94,496.0,1.8,1
0.0,0.0,-23.0,11.0,0.0,1.0,230.0,0.0,523.0,3.0,0
0.0,0.0,-14.0,17.0,0.0,1.0,219.27,19.28,602.0,1.0,0
0.0,0.0,-7.0,17.0,0.0,3.0,231.27,26.27,162.0,5.0,0
0.0,0.0,-2.0,2.0,0.0,1.0,348.95500000000004,19.38,1532.0,3.0,0
0.0,0.0,-17.0,11.0,0.0,3.0,217.27,19.27,1067.0,4.0,0
0.0,0.0,-12.0,14.0,0.0,3.0,348.95500000000004,31.83,1604.0,1.0,0
0.0,0.0,-1.0,21.0,0.0,1.0,264.54,24.55,1001.0,1.0,0
0.0,0.0,-9.0,8.0,0.0,1.0,215.48,15.49,1250.0,4.0,0
0.0,0.0,-23.0,11.0,0.0,3.0,207.71,18.71,521.0,1.0,0
0.0,0.0,-8.0,3.0,0.0,2.0,234.11,15.11,1102.0,1.0,0
0.0,0.0,-21.0,4.0,0.0,2.0,324.64,32.24,450.0,1.5,0
0.0,0.0,-4.0,17.0,0.0,1.0,348.95500000000004,38.94,386.0,2.0,0
0.0,0.0,-18.0,11.0,0.0,5.0,348.95500000000004,38.94,1681.0,1.0,0
0.0,0.0,-7.0,20.0,0.0,6.0,348.95500000000004,38.94,334.0,1.0,0
0.0,0.0,-18.0,10.0,0.0,1.0,348.95500000000004,38.94,2659.0,3.0,0
0.0,0.0,-7.0,6.0,0.0,1.0,284.9,35.91,526.0,2.0,0
0.0,0.0,-16.0,10.0,0.0,1.0,265.38,15.48,2532.0,3.0,0
0.0,0.0,-9.0,24.0,0.0,4.0,348.95500000000004,19.23,629.0,1.0,1
0.0,0.0,-22.0,13.0,0.0,2.0,210.64,35.74,830.0,4.0,0
0.0,0.0,-10.0,12.0,0.0,10.0,213.7,17.2,1440.0,1.0,0
0.0,0.0,-9.0,12.0,0.0,10.0,348.95500000000004,38.94,502.0,3.0,0
0.0,0.0,-17.0,7.0,0.0,5.0,348.95500000000004,10.86,491.0,4.0,0
0.0,0.0,-15.0,13.0,0.0,1.0,306.86,27.06,691.0,6.0,0
0.0,0.0,-15.0,7.0,0.0,1.0,255.33,15.43,2789.0,1.0,1
0.0,0.0,23.0,55.0,1.0,1.0,225.97,35.14,1116.0,1.0,1
0.0,0.0,8.0,27.0,1.0,8.0,318.0,19.0,2667.0,5.0,0
0.0,0.0,-14.0,12.0,0.0,10.0,251.97,38.94,941.0,1.0,0
0.0,0.0,-10.0,3.0,0.0,10.0,348.95500000000004,38.94,1744.0,1.0,0
0.0,0.0,-7.0,11.0,0.0,1.0,247.15,22.0,687.0,1.0,0
0.0,0.0,-15.0,8.0,0.0,8.0,348.95500000000004,38.94,625.0,1.0,0
0.0,0.0,-13.0,8.0,0.0,8.0,217.94,18.94,784.0,1.0,0
0.0,0.0,-26.0,7.0,0.0,1.0,348.95500000000004,38.94,423.0,1.0,0
0.0,0.0,-21.0,7.0,0.0,10.0,216.06,19.26,676.0,1.0,0
0.0,0.0,-7.0,18.0,0.0,8.0,197.63,27.73,412.0,1.0,0
0.0,0.0,-7.0,11.0,0.0,10.0,206.87,26.88,2188.0,2.0,0
0.0,0.0,-1.0,22.0,0.0,1.0,348.95500000000004,38.94,764.0,1.0,1
0.0,0.0,-13.0,9.0,0.0,1.0,348.95500000000004,13.76,606.0,2.0,0
0.0,0.0,-21.0,8.0,0.0,4.0,348.95500000000004,25.37,3352.0,5.0,0
0.0,0.0,-15.0,15.0,0.0,1.0,348.95500000000004,38.94,1176.0,3.0,0
0.0,0.0,-11.0,6.0,0.0,10.0,348.95500000000004,38.94,771.0,1.0,0
0.0,0.0,-9.0,3.0,0.0,8.0,318.87,33.87,263.0,1.0,0
0.0,0.0,-11.0,11.0,0.0,1.0,194.39,30.64,370.0,1.0,1
0.0,0.0,-21.0,12.0,0.0,1.0,348.95500000000004,33.93,1044.0,1.0,0
0.0,0.0,-8.0,5.0,0.0,2.0,348.95500000000004,38.94,1946.0,4.0,0
0.0,0.0,1.0,20.0,1.0,1.0,291.58,31.68,2435.0,1.0,0
0.0,0.0,-14.0,11.0,0.0,1.0,203.67,29.869999999999997,210.5,1.0,0
0.0,0.0,-10.0,13.0,0.0,10.0,318.79,18.81,1720.0,3.0,0
0.0,0.0,-26.0,14.0,0.0,1.0,348.95500000000004,38.94,934.0,3.0,1
0.0,0.0,-10.0,10.0,0.0,1.0,186.82,16.82,514.0,2.0,0
0.0,0.0,-4.0,7.0,0.0,8.0,348.95500000000004,38.94,274.0,1.0,0
0.0,0.5,-36.0,5.0,0.0,4.0,434.095,56.099999999999994,1519.0,3.0,0
0.0,0.0,-20.0,7.0,0.0,10.0,318.61,18.62,1002.0,3.0,0
0.0,0.0,-13.0,7.0,0.0,9.0,348.95500000000004,24.68,956.0,3.0,0
0.0,0.0,-28.0,8.0,0.0,3.0,238.78,19.78,442.0,1.0,0
0.0,0.0,-14.0,4.0,0.0,10.0,348.95500000000004,38.94,92.0,2.0,0
0.0,0.0,-5.0,2.0,0.0,2.0,348.95500000000004,15.03,1459.0,9.0,0
0.0,0.0,-15.0,20.0,0.0,5.0,348.95500000000004,38.94,1087.0,7.0,0
0.0,0.0,-7.0,19.0,0.0,3.0,213.73,23.83,1522.0,1.0,0
0.0,0.0,4.0,24.0,1.0,1.0,233.66,38.94,470.5,1.5,0
0.0,0.0,-13.0,20.0,0.0,1.0,348.95500000000004,37.18,209.0,1.0,0
0.0,0.0,-6.0,2.0,0.0,5.0,268.59,38.94,585.0,1.0,0
0.0,0.0,-11.0,5.0,0.0,3.0,211.11,16.12,408.0,1.0,0
0.0,0.0,-27.0,9.0,0.0,10.0,234.67,38.94,226.0,5.0,0
0.0,0.0,-9.0,16.0,0.0,8.0,210.85,36.46,2563.5,5.0,1
0.0,0.0,7.0,22.0,1.0,1.0,312.92,33.22,233.0,8.0,1
0.0,0.0,8.0,39.0,1.0,6.0,220.75,38.94,396.0,5.0,0
0.0,0.0,81.0,105.0,1.0,2.0,190.48,23.49,1456.0,1.0,0
0.0,0.0,-16.0,16.0,0.0,8.0,348.95500000000004,38.94,1384.0,3.0,0
0.0,0.0,-15.0,6.0,0.0,3.0,228.5,18.6,1358.0,7.0,0
0.0,0.0,-11.0,10.0,0.0,5.0,275.56,16.56,437.0,8.0,0
0.0,0.0,-19.0,9.0,0.0,2.0,209.91,15.11,510.0,1.0,0
0.0,0.0,10.0,30.0,1.0,8.0,348.95500000000004,17.84,452.0,1.0,1
0.0,0.0,-2.0,27.0,0.0,10.0,348.95500000000004,38.94,549.0,1.0,1
0.0,0.0,-22.0,8.0,0.0,6.0,348.95500000000004,38.94,526.0,2.0,0
0.0,0.0,-21.0,5.0,0.0,7.0,348.95500000000004,38.94,567.5,1.25,1
0.0,0.0,-9.0,10.0,0.0,2.0,228.72,18.72,417.0,5.0,0
0.0,0.0,-20.0,8.0,0.0,9.0,267.02,19.02,877.0,3.0,0
0.0,0.0,15.0,85.0,1.0,1.0,308.61,38.94,1177.0,1.0,1
0.0,0.0,-7.0,9.0,0.0,1.0,279.27,38.94,722.0,1.0,0
0.0,0.0,-16.0,7.0,0.0,8.0,328.42,38.94,674.0,1.0,0
0.0,0.0,-17.0,4.0,0.0,10.0,348.95500000000004,33.68,1363.0,2.0,0
0.0,0.0,-13.0,8.0,0.0,5.0,348.95500000000004,38.94,809.5,3.0,1
0.0,0.0,-15.0,14.0,0.0,3.0,241.82,16.33,2298.0,4.0,0
0.0,0.0,-21.0,12.0,0.0,5.0,249.41,23.51,553.0,1.0,0
0.0,0.0,-16.0,12.0,0.0,5.0,348.95500000000004,20.72,329.0,1.0,1
0.0,0.0,-17.0,15.0,0.0,8.0,348.95500000000004,38.94,964.0,1.0,0
0.0,0.0,-3.0,18.0,0.0,4.0,239.84,38.94,487.0,2.0,0
0.0,0.0,-13.0,11.0,0.0,2.0,279.96,38.94,279.0,1.0,0
0.0,0.0,-17.0,4.0,0.0,4.0,288.53,17.53,435.0,1.0,1
0.0,0.0,-11.0,7.0,0.0,1.0,348.95500000000004,23.7,779.0,2.0,0
0.0,0.0,-11.0,31.0,0.0,1.0,283.61,38.94,1194.0,1.0,0
0.0,0.0,-1.0,27.0,0.0,4.0,207.56,38.94,701.0,1.0,0
0.0,0.0,-14.0,8.0,0.0,1.0,278.41,38.94,1443.0,2.0,0
0.0,0.0,-11.0,18.0,0.0,5.0,285.1,35.11,748.0,2.0,1
0.0,0.0,8.0,30.0,1.0,5.0,254.01,16.41,2741.0,5.0,1
0.0,0.0,-7.0,14.0,0.0,8.0,259.46,38.94,217.0,3.0,0
0.0,0.0,4.0,34.0,1.0,3.0,266.53,16.63,750.0,1.0,1
0.0,0.0,-50.0,6.0,0.0,6.0,348.95500000000004,38.94,1701.0,2.0,0
0.0,0.0,-12.0,10.0,0.0,8.0,218.84,34.84,342.5,2.0,1
0.0,0.0,-3.0,21.0,0.0,4.0,183.38,8.48,325.0,1.0,0
0.0,0.0,-21.0,7.0,0.0,1.5,238.15,28.35,505.0,4.5,1
0.0,0.0,-25.0,14.0,0.0,10.0,348.95500000000004,38.94,904.0,1.0,1
0.0,0.0,-12.0,25.0,0.0,4.0,238.95,19.95,236.0,1.0,0
0.0,0.0,-14.0,9.0,0.0,10.0,334.78,38.94,536.0,1.0,1
0.0,0.0,0.0,21.0,0.0,6.0,348.95500000000004,38.94,687.0,3.0,0
0.0,0.0,-22.0,9.0,0.0,6.0,348.95500000000004,38.94,245.0,2.0,0
0.0,0.0,-14.0,5.0,0.0,3.0,311.53,38.94,607.5,1.0,1
0.0,0.0,-11.0,14.0,0.0,1.0,270.98,31.18,191.0,1.0,0
0.0,0.0,-11.0,16.0,0.0,5.5,348.95500000000004,38.94,627.0,2.0,0
0.0,0.0,-14.0,2.0,0.0,1.0,219.58,23.78,390.0,7.0,0
0.0,0.0,-13.0,5.0,0.0,1.0,235.54,19.54,3006.0,2.0,0
0.0,0.0,-15.0,7.0,0.0,1.0,348.95500000000004,25.42,388.0,2.0,0
0.0,0.0,-18.0,7.0,0.0,8.0,348.95500000000004,18.2,3902.0,7.0,1
0.0,0.0,-12.0,15.0,0.0,7.0,348.95500000000004,38.94,2716.0,1.0,0
0.0,0.0,-24.0,5.0,0.0,4.0,227.05,27.049999999999997,1107.0,3.0,0
0.0,0.0,1.0,29.0,1.0,10.0,348.95500000000004,23.98,1887.0,2.0,0
0.0,0.0,-12.0,10.0,0.0,8.0,348.95500000000004,24.91,786.0,2.0,0
0.0,0.0,-7.0,26.0,0.0,4.0,275.29,26.29,214.0,1.0,0
0.0,0.0,-15.0,7.0,0.0,2.0,255.44,26.44,317.0,1.0,0
0.0,0.0,-14.0,3.0,0.0,1.0,254.82,25.02,410.0,1.0,0
0.0,0.0,-20.0,14.0,0.0,1.0,348.95500000000004,27.78,2881.0,1.0,0
0.0,0.0,-15.0,6.0,0.0,8.0,348.95500000000004,15.65,197.0,1.0,0
0.0,0.0,-34.0,6.0,0.0,5.0,307.14,12.24,737.0,1.0,0
0.0,0.0,-21.0,2.0,0.0,10.0,212.52,13.52,1057.0,1.0,0
0.0,0.0,-11.0,8.0,0.0,5.0,264.69,34.69,756.0,1.0,0
0.0,0.0,26.0,50.0,1.0,1.0,300.22,38.94,1202.0,1.0,1
0.0,0.0,-6.0,13.0,0.0,10.0,262.5,42.52,111.0,1.0,0
0.0,0.0,-13.0,16.0,0.0,10.0,348.95500000000004,19.99,329.0,1.0,1
0.0,0.0,-17.0,12.0,0.0,1.0,348.95500000000004,38.94,813.0,4.0,0
0.0,0.0,-4.0,23.0,0.0,1.0,348.95500000000004,26.16,1339.0,4.0,1
0.0,0.0,-6.0,3.0,0.0,1.0,348.95500000000004,13.75,1949.0,2.0,0
0.0,0.0,-9.0,13.0,0.0,2.0,262.07,22.17,3408.0,1.0,0
0.0,0.0,-20.0,14.0,0.0,1.0,348.95500000000004,29.41,805.0,2.0,0
0.0,0.0,-18.0,15.0,0.0,5.0,348.95500000000004,38.94,523.0,2.0,0
0.0,0.0,-34.0,12.0,0.0,8.0,348.95500000000004,22.37,600.0,3.0,0
0.0,0.0,-11.0,17.0,0.0,5.0,228.01,35.02,1157.0,1.0,1
0.0,0.0,6.0,26.0,1.0,3.0,315.84,16.84,277.0,1.0,1
0.0,0.0,-13.0,14.0,0.0,1.5,348.95500000000004,21.73,623.0,1.0,0
0.0,0.0,9.0,24.0,1.0,5.0,348.95500000000004,38.94,665.0,4.0,1
0.0,0.0,-15.0,14.0,0.0,1.0,253.33,26.43,929.0,1.0,0
0.0,0.0,-19.0,20.0,0.0,10.0,348.95500000000004,22.04,1204.0,1.0,1
0.0,0.0,-8.0,22.0,0.0,4.0,232.45,32.45,635.0,1.0,1
0.0,0.0,-12.0,5.0,0.0,10.0,348.95500000000004,38.94,944.0,3.0,0
0.0,0.0,-20.0,7.0,0.0,5.0,281.02,16.02,425.0,3.0,0
0.0,0.0,-19.0,13.0,0.0,1.0,348.95500000000004,38.94,634.0,2.0,0
0.0,0.0,-15.0,7.0,0.0,4.0,228.32,21.42,793.0,1.0,0
0.0,0.0,-11.0,11.0,0.0,1.0,348.95500000000004,23.91,983.0,2.0,0
0.0,0.0,-9.0,19.0,0.0,3.0,348.95500000000004,17.57,500.0,1.0,0
0.0,0.0,-11.0,12.0,0.0,10.0,348.95500000000004,21.22,2644.0,6.0,0
0.0,0.0,-12.0,15.0,0.0,8.0,348.95500000000004,38.94,2209.0,5.0,1
0.0,0.0,-14.0,10.0,0.0,8.0,311.79,38.94,1356.0,3.0,0
0.0,0.0,-13.0,9.0,0.0,1.0,348.95500000000004,38.94,634.0,5.0,0
0.0,0.0,-2.0,27.0,0.0,10.0,216.05,16.15,623.0,1.0,0
0.0,0.0,-20.0,6.0,0.0,8.0,348.95500000000004,22.07,452.0,1.0,0
0.0,0.0,-7.0,17.0,0.0,10.0,252.08,38.94,710.0,2.0,0
0.0,0.0,-2.0,14.0,0.0,1.0,348.95500000000004,38.94,660.0,6.0,0
0.0,0.0,-17.0,6.0,0.0,1.0,348.95500000000004,38.94,2116.0,1.0,0
0.0,0.0,-27.0,4.0,0.0,4.0,348.95500000000004,27.35,1235.0,1.0,0
0.0,0.0,-12.0,12.0,0.0,10.0,348.95500000000004,28.16,3515.0,5.0,0
0.0,0.0,-13.0,4.0,0.0,3.0,320.28,25.48,234.5,1.0,0
0.0,0.0,-13.0,15.0,0.0,1.0,348.95500000000004,38.94,452.0,1.0,0
0.0,0.0,-15.0,18.0,0.0,1.0,348.95500000000004,25.55,606.0,2.0,0
0.0,0.0,-7.0,11.0,0.0,10.0,297.72,27.92,235.0,1.0,0
0.0,0.0,-32.0,5.0,0.0,8.0,239.32,19.42,1128.0,2.0,0
0.0,0.0,-16.0,15.0,0.0,5.0,257.44,38.44,442.0,1.0,0
0.0,0.0,-10.0,7.0,0.0,1.0,274.76,19.86,289.0,1.0,0
0.0,0.0,-14.0,9.0,0.0,1.0,348.95500000000004,23.72,388.0,2.0,0
0.0,0.0,-3.0,8.0,0.0,10.0,259.63,19.73,914.0,2.0,0
0.0,0.0,-17.0,2.0,0.0,1.0,348.95500000000004,17.01,1323.0,3.0,0
0.0,0.0,-26.0,20.0,0.0,6.0,241.08,38.94,317.0,3.0,0
0.0,0.0,-13.0,22.0,0.0,10.0,348.95500000000004,38.94,3697.0,2.0,0
0.0,0.0,-8.0,11.0,0.0,5.0,283.54,34.32,919.5,1.0,0
0.0,0.0,-11.0,10.0,0.0,3.0,348.95500000000004,23.72,388.0,2.0,0
0.0,0.0,-27.0,13.0,0.0,5.0,348.95500000000004,22.72,1274.0,7.0,0
0.0,0.0,0.0,27.0,0.0,1.0,227.56,28.56,253.0,1.0,0
0.0,0.0,-10.0,7.0,0.0,1.0,348.95500000000004,28.36,860.0,2.0,0
0.0,0.0,-14.0,4.0,0.0,24.0,348.95500000000004,21.18,1892.0,4.0,0
0.0,0.0,-15.0,11.0,0.0,2.0,251.04,19.5,730.0,1.0,0
0.0,0.0,-24.0,6.0,0.0,10.0,348.95500000000004,38.94,1935.0,1.0,0
0.0,0.0,-19.0,5.0,0.0,2.0,205.07,16.07,232.0,1.0,0
0.0,0.0,-13.0,8.0,0.0,2.0,321.82,26.82,408.0,1.0,0
0.0,0.0,-9.0,12.0,0.0,10.0,348.95500000000004,18.71,293.0,1.0,0
0.0,0.0,-10.0,17.0,0.0,1.0,348.95500000000004,21.6,606.0,2.0,0
0.0,0.0,-1.0,20.0,0.0,8.0,348.95500000000004,18.53,679.0,2.0,0
0.0,0.0,-16.0,5.0,0.0,2.0,247.36,38.94,1893.0,1.0,0
0.0,0.0,-12.0,8.0,0.0,10.0,348.95500000000004,22.39,684.0,1.0,0
0.0,0.0,-27.0,16.0,0.0,3.0,348.95500000000004,38.94,228.0,2.0,0
0.0,0.0,-16.0,12.0,0.0,4.0,234.56,38.94,830.0,4.0,0
0.0,0.0,-7.0,12.0,0.0,2.0,196.01,16.01,871.0,4.0,0
0.0,0.0,-27.0,8.0,0.0,10.0,348.95500000000004,38.94,1784.0,6.0,0
0.0,0.0,-8.0,4.0,0.0,2.0,348.95500000000004,19.47,860.0,1.0,0
0.0,0.0,-12.0,14.0,0.0,8.0,222.71,23.71,183.0,1.0,1
0.0,0.0,-22.0,9.0,0.0,1.0,348.95500000000004,27.13,625.0,1.0,0
0.0,0.0,-15.0,3.0,0.0,3.0,208.64,8.65,1852.0,1.0,0
0.0,0.0,-12.0,13.0,0.0,5.0,272.64,38.94,1197.0,1.0,1
0.0,0.0,-20.0,6.0,0.0,3.5,233.97,38.94,646.0,1.0,0
0.0,0.0,-8.0,4.0,0.0,6.0,270.89,15.99,289.0,1.0,0
0.0,0.0,-15.0,7.0,0.0,1.0,348.95500000000004,20.5,388.0,2.0,0
0.0,0.0,-16.0,7.0,0.0,4.0,348.95500000000004,30.08,571.0,1.0,0
0.0,0.0,6.0,29.0,1.0,6.0,335.98,16.98,1914.0,5.0,1
0.0,0.0,-14.0,23.0,0.0,1.0,348.95500000000004,19.7,402.0,2.0,0
0.0,0.0,-16.0,9.0,0.0,3.0,348.95500000000004,18.0,886.0,4.0,0
0.0,0.0,-7.0,7.0,0.0,3.0,310.28,10.29,1222.0,2.0,0
0.0,0.0,10.0,39.0,1.0,1.0,226.85,38.94,88.0,4.0,1
0.0,0.0,-8.0,18.0,0.0,8.0,348.95500000000004,38.94,2217.0,2.0,0
0.0,0.0,-13.0,7.0,0.0,1.0,348.95500000000004,15.58,809.0,5.0,0
0.0,0.0,-33.0,6.0,0.0,4.0,297.32,13.32,1277.0,1.0,0
0.0,0.0,-16.0,8.0,0.0,1.0,348.95500000000004,26.92,383.0,1.0,0
0.0,0.0,-5.0,20.0,0.0,2.0,230.96,20.96,267.0,1.0,0
0.0,0.0,-13.0,11.0,0.0,8.0,348.95500000000004,25.93,1865.0,1.0,0
0.0,0.0,-15.0,9.0,0.0,6.0,300.77,38.94,348.0,2.0,1
0.0,0.0,1.0,6.0,1.0,6.0,348.95500000000004,38.94,1077.0,7.0,0
0.0,0.0,-13.0,3.0,0.0,1.0,189.97,10.07,62.0,1.0,0
0.0,0.0,-14.0,11.0,0.0,2.0,211.89,12.89,156.0,1.0,0
0.0,0.0,3.0,18.0,1.0,8.0,255.18,15.28,590.0,9.0,0
0.0,0.0,8.0,30.0,1.0,24.0,348.95500000000004,20.71,927.0,1.0,1
0.0,0.0,-13.0,19.0,0.0,10.0,239.8,23.83,283.0,3.0,0
0.0,0.0,-19.0,8.0,0.0,2.0,236.81,37.21,294.0,1.0,0
0.0,0.0,-10.0,1.0,0.0,5.0,348.95500000000004,20.62,599.0,4.0,0
0.0,0.0,-13.0,5.0,0.0,8.0,243.01,13.11,236.0,1.0,0
0.0,0.0,-3.0,34.0,0.0,4.0,206.03,26.54,1658.0,3.0,0
0.0,0.0,-8.0,7.0,0.0,8.0,348.95500000000004,22.26,156.0,1.0,0
0.0,0.0,-16.0,13.0,0.0,8.0,283.61,38.94,2789.0,1.0,0
0.0,0.0,-7.0,12.0,0.0,4.0,222.6,31.2,535.0,4.0,0
0.0,0.0,-9.0,20.0,0.0,8.0,348.95500000000004,38.94,708.0,1.5,0
0.0,0.0,-7.0,6.0,0.0,5.0,348.95500000000004,18.57,386.0,3.0,0
0.0,0.0,-21.0,10.0,0.0,4.0,348.95500000000004,38.94,894.0,1.0,0
0.0,0.0,-15.0,11.0,0.0,2.0,189.25,14.25,520.0,1.0,1
0.0,0.0,9.0,42.0,1.0,1.0,212.02,16.12,465.0,1.0,1
0.0,0.0,-23.0,8.0,0.0,8.0,313.1,37.1,263.0,1.0,1
0.0,0.0,-14.0,2.0,0.0,8.0,319.72,19.72,66.0,1.0,0
0.0,0.0,-21.0,6.0,0.0,8.0,348.95500000000004,38.94,1372.0,5.0,0
0.0,0.0,-15.0,10.0,0.0,5.0,290.4,38.94,660.0,1.0,0
0.0,0.0,-1.0,33.0,0.0,10.0,348.95500000000004,38.94,760.0,1.0,0
0.0,0.0,-4.0,1.0,0.0,6.0,296.77,26.87,209.0,1.0,0
0.0,0.0,-13.0,10.0,0.0,5.0,253.22,23.32,78.0,2.0,0
0.0,0.0,-13.0,11.0,0.0,3.0,348.95500000000004,32.07,1655.0,4.0,0
0.0,0.0,-18.0,13.0,0.0,6.0,348.95500000000004,38.94,1011.3333333333334,1.0,0
0.0,0.0,-9.0,7.0,0.0,3.0,262.24,13.24,2461.0,1.0,0
0.0,0.0,-39.0,9.0,0.0,4.0,348.95500000000004,25.75,2329.0,1.0,0
0.0,0.0,-14.0,13.0,0.0,15.0,216.39,36.4,579.5,2.5,0
0.0,0.0,-11.0,24.0,0.0,1.0,231.12,38.94,2188.0,2.0,0
0.0,0.0,-3.0,16.0,0.0,3.0,249.8,13.9,1892.0,4.0,0
0.0,0.0,-11.0,6.0,0.0,1.0,253.11,14.11,886.0,1.0,0
0.0,0.0,-11.0,14.0,0.0,1.0,341.02,16.02,2644.0,6.0,0
0.0,0.0,-9.0,15.0,0.0,4.0,217.29,38.94,340.0,2.0,0
0.0,0.0,-12.0,8.0,0.0,8.0,248.36,19.32,603.0,1.0,0
0.0,0.0,-14.0,6.0,0.0,1.0,254.44,38.94,3571.0,1.0,0
0.0,0.0,-17.0,14.0,0.0,1.0,302.79,22.8,606.0,2.0,0
0.0,0.0,10.0,39.0,1.0,10.0,348.95500000000004,38.94,725.0,1.0,1
0.0,0.0,-28.0,6.0,0.0,3.0,301.62,38.94,419.0,3.0,0
0.0,0.0,-5.0,8.0,0.0,5.0,269.73,38.53,459.0,1.0,0
0.0,0.0,-15.0,5.0,0.0,3.0,348.95500000000004,38.94,2836.0,2.0,0
0.0,0.0,-11.0,31.0,0.0,1.0,348.95500000000004,38.94,869.0,7.0,0
0.0,0.0,-18.0,8.0,0.0,10.0,311.71,16.81,385.0,1.0,0
0.0,0.0,-19.0,14.0,0.0,1.0,348.95500000000004,38.94,1481.0,1.0,0
0.0,0.0,-19.0,1.0,0.0,1.0,267.66,29.66,1530.0,1.0,0
0.0,0.0,-19.0,7.0,0.0,1.0,317.4,17.5,294.0,1.0,0
0.0,0.0,-13.0,11.0,0.0,4.0,318.98,28.98,1531.0,1.0,0
0.0,0.0,-14.0,8.0,0.0,2.5,348.95500000000004,17.37,219.0,4.0,0
0.0,0.0,-7.0,9.0,0.0,8.0,348.95500000000004,14.73,1138.0,1.0,0
0.0,0.0,6.0,26.0,1.0,6.0,348.95500000000004,38.94,3896.0,7.0,1
0.0,0.0,-7.0,20.0,0.0,5.0,257.56,38.94,1208.0,1.0,1
0.0,0.0,-13.0,6.0,0.0,2.0,285.96,23.96,1148.5,2.5,1
0.0,0.0,-8.0,16.0,0.0,3.0,227.24,27.44,189.0,1.0,0
0.0,0.0,-9.0,24.0,0.0,10.0,348.95500000000004,38.94,1176.0,3.0,0
0.0,0.0,-10.0,9.0,0.0,4.0,322.89,22.9,1892.0,4.0,0
0.0,0.0,-16.0,10.0,0.0,8.0,348.95500000000004,26.29,983.0,2.0,1
0.0,0.0,-6.0,27.0,0.0,8.0,348.95500000000004,38.94,1868.0,1.0,0
0.0,0.0,-9.0,6.0,0.0,2.0,270.94,20.94,848.0,6.0,0
0.0,0.0,-7.0,7.0,0.0,8.0,273.47,14.47,668.0,2.0,1
0.0,0.0,-26.0,4.0,0.0,15.0,327.29,38.94,858.5,4.0,1
0.0,0.0,-18.0,10.0,0.0,5.0,238.69,18.79,236.0,1.0,0
0.0,0.0,-15.0,8.0,0.0,2.0,213.83,13.84,1325.0,3.0,0
0.0,0.0,7.0,32.0,1.0,2.0,242.44,19.44,536.0,1.0,1
0.0,0.0,-2.0,26.0,0.0,1.0,214.14,16.14,582.0,1.0,0
0.0,0.0,-6.0,3.0,0.0,10.0,308.35,9.35,1608.0,3.0,0
0.0,0.0,-7.0,10.0,0.0,4.0,235.75,15.85,1448.0,1.0,0
0.0,0.0,-18.0,5.0,0.0,4.0,348.95500000000004,36.7,339.0,2.0,1
0.0,0.0,-13.0,12.0,0.0,1.0,348.95500000000004,38.94,189.5,6.0,0
0.0,0.0,-7.0,13.0,0.0,10.0,308.42,38.94,770.0,1.0,0
0.0,0.0,-20.0,21.0,0.0,10.0,336.71,36.72,399.0,1.0,0
0.0,0.0,-13.0,11.0,0.0,7.0,348.95500000000004,38.94,1176.0,4.0,0
0.0,0.0,-14.0,7.0,0.0,1.0,272.18,38.94,1106.0,1.0,0
0.0,0.0,-14.0,13.0,0.0,6.0,348.95500000000004,38.94,594.0,1.0,0
0.0,0.0,-26.0,11.0,0.0,1.0,348.95500000000004,38.94,904.0,1.0,0
0.0,0.0,-3.0,29.0,0.0,1.0,348.95500000000004,22.15,1138.0,2.0,0
0.0,0.0,-9.0,13.0,0.0,8.0,323.02,24.02,512.0,2.0,0
0.0,0.0,-6.0,21.0,0.0,1.0,243.45,19.45,582.0,1.0,1
0.0,0.0,-18.0,9.0,0.0,10.0,348.95500000000004,38.94,143.0,2.0,0
0.0,0.0,3.0,24.0,1.0,3.0,247.14,17.24,144.0,1.0,1
0.0,0.0,-15.0,12.0,0.0,1.0,204.75,17.75,591.0,3.0,0
0.0,0.0,-14.0,8.0,0.0,3.0,232.09,38.94,1430.0,8.0,0
0.0,0.0,-16.0,3.0,0.0,3.0,348.95500000000004,15.83,1545.0,3.0,0
0.0,0.0,-13.0,7.0,0.0,5.0,335.32,35.52,1454.0,3.0,0
0.0,0.0,0.0,5.0,0.0,1.0,348.95500000000004,21.26,1858.0,5.0,0
0.0,0.0,-10.0,26.0,0.0,10.0,225.85,25.85,473.0,1.0,0
0.0,0.0,-28.0,7.0,0.0,5.0,348.95500000000004,29.89,1748.0,4.0,0
0.0,0.0,-3.0,20.0,0.0,4.0,214.14,15.14,544.0,5.0,0
0.0,0.0,0.0,18.0,0.0,6.0,239.83,38.94,764.0,3.0,1
0.0,0.0,5.0,9.0,1.0,8.0,348.95500000000004,38.94,1343.0,10.0,1
0.0,0.0,-40.0,24.0,0.0,5.0,348.95500000000004,38.94,909.0,1.0,0
0.0,0.0,3.0,31.0,1.0,3.0,235.06,38.94,1188.0,1.0,1
0.0,0.0,-12.0,9.0,0.0,5.0,348.95500000000004,24.76,606.0,2.0,0
0.0,0.0,-16.0,5.0,0.0,5.0,249.61,19.71,878.0,1.0,0
0.0,0.0,-13.0,3.0,0.0,10.0,235.13,15.14,162.0,3.0,0
0.0,0.0,-3.0,18.0,0.0,2.0,221.16,38.94,1249.0,1.0,0
0.0,0.0,-14.0,12.0,0.0,1.0,230.74,17.74,855.0,2.0,0
0.0,0.0,-15.0,9.0,0.0,1.0,348.95500000000004,38.94,345.0,1.0,1
0.0,0.0,-16.0,28.0,0.0,10.0,348.95500000000004,38.94,548.0,1.0,0
0.0,0.0,-13.0,13.0,0.0,3.0,307.94,28.04,628.0,3.0,0
0.0,0.0,-17.0,13.0,0.0,1.0,348.95500000000004,38.94,2716.0,1.0,0
0.0,0.0,-23.0,13.0,0.0,5.0,253.79,18.89,225.0,1.0,0
0.0,0.0,-22.0,7.0,0.0,10.0,277.68,37.88,787.0,1.0,0
0.0,0.0,-26.0,13.0,0.0,10.0,348.95500000000004,38.94,259.0,1.0,0
0.0,0.0,-14.0,9.0,0.0,8.0,275.06,38.94,450.0,1.0,0
0.0,0.0,-10.0,18.0,0.0,1.0,348.95500000000004,38.94,1903.0,1.0,0
0.0,0.0,-19.0,1.0,0.0,10.0,348.95500000000004,37.89,1737.0,4.0,0
0.0,0.0,-16.0,9.0,0.0,2.0,273.93,35.03,620.0,1.0,0
0.0,0.0,-15.0,4.0,0.0,10.0,335.29,20.29,802.0,2.0,0
0.0,0.0,-25.0,9.0,0.0,1.0,205.0,26.0,1981.0,3.0,0
0.0,0.0,-32.0,9.0,0.0,5.0,348.95500000000004,38.94,634.0,5.0,0
0.0,0.0,-13.0,2.0,0.0,2.0,245.27,18.32,555.0,1.0,0
0.0,0.0,-14.0,13.0,0.0,1.0,339.45,38.94,674.0,1.0,0
0.0,0.0,-13.0,14.0,0.0,5.0,276.76,20.76,3127.0,3.0,0
0.0,0.0,-15.0,18.0,0.0,3.0,348.95500000000004,38.94,1021.0,2.0,1
0.0,0.0,-19.0,6.0,0.0,8.0,348.95500000000004,17.1,443.0,1.0,0
0.0,0.0,-21.0,12.0,0.0,8.0,213.6,38.94,514.0,2.0,0
0.0,0.0,-34.0,6.0,0.0,3.0,335.48,38.94,500.0,1.0,0
0.0,0.0,-14.0,9.0,0.0,10.0,348.95500000000004,19.61,1792.0,6.0,0
0.0,0.0,-35.0,12.0,0.0,10.0,348.95500000000004,38.94,399.0,1.0,1
0.0,0.0,-29.0,6.0,0.0,5.0,348.95500000000004,28.58,1736.0,1.0,0
0.0,0.0,-11.0,12.0,0.0,10.0,348.95500000000004,38.94,700.0,2.0,0
0.0,0.0,-4.0,28.0,0.0,4.0,348.95500000000004,27.19,788.0,4.0,0
0.0,0.0,0.0,21.0,0.0,5.0,317.32,27.32,1271.0,1.0,0
0.0,0.0,1.0,17.0,1.0,6.0,348.95500000000004,38.94,381.0,4.0,0
0.0,0.0,-23.0,3.0,0.0,8.0,348.95500000000004,12.78,1056.0,1.0,0
0.0,0.0,-21.0,10.0,0.0,4.0,247.68,19.68,451.0,7.0,0
0.0,0.0,-18.0,12.0,0.0,10.0,343.68,28.29,428.0,1.0,0
0.0,0.0,-21.0,7.0,0.0,1.0,217.58,27.58,422.0,1.0,1
0.0,0.0,-13.0,3.0,0.0,1.0,335.47,10.47,2644.0,6.0,0
0.0,0.0,-8.0,16.0,0.0,10.0,348.95500000000004,23.02,1447.0,5.0,1
0.0,0.0,-7.0,18.0,0.0,5.0,348.95500000000004,21.72,532.0,1.0,1
0.0,0.0,-24.0,11.0,0.0,2.0,245.49,38.94,554.0,2.5,1
0.0,0.0,-10.0,17.0,0.0,8.0,348.95500000000004,18.78,501.0,4.0,0
0.0,0.0,-6.0,18.0,0.0,10.0,348.95500000000004,16.93,1796.0,2.0,0
0.0,0.0,-17.0,4.0,0.0,2.0,211.49,12.49,330.0,1.0,0
0.0,0.0,-16.0,14.0,0.0,1.0,348.95500000000004,38.94,466.0,3.0,0
0.0,0.0,-10.0,19.0,0.0,1.0,236.21,38.94,856.0,6.0,0
0.0,0.0,-42.0,20.0,0.0,2.0,348.95500000000004,38.94,500.0,1.0,1
0.0,0.0,-7.0,6.0,0.0,10.0,348.95500000000004,38.94,451.0,3.0,0
0.0,0.0,-12.0,13.0,0.0,1.0,348.95500000000004,23.45,557.0,4.0,0
0.0,0.0,-12.0,9.0,0.0,1.0,284.63,15.63,638.0,4.0,0
0.0,0.0,-10.0,12.0,0.0,6.0,230.37,32.38,462.5,1.0,0
0.0,0.0,-26.0,4.0,0.0,8.0,348.95500000000004,20.69,361.0,2.0,0
0.0,0.0,-18.0,14.0,0.0,10.0,348.95500000000004,38.94,872.0,1.0,0
0.0,0.0,-6.0,20.0,0.0,10.0,276.14,38.14,1892.0,7.0,0
0.0,0.0,-7.0,13.0,0.0,1.0,344.26,38.94,1231.0,6.0,0
0.0,0.0,-12.0,19.0,0.0,1.0,348.95500000000004,38.94,1136.0,4.0,0
0.0,0.0,-22.0,11.0,0.0,3.0,236.07,38.94,789.0,2.0,1
0.0,0.0,-14.0,6.0,0.0,5.0,348.95500000000004,34.48,985.0,1.0,1
0.0,0.0,-6.0,8.0,0.0,1.0,348.95500000000004,38.94,1910.0,4.0,0
0.0,0.0,-14.0,4.0,0.0,2.0,348.95500000000004,15.09,539.0,2.0,0
0.0,0.0,-24.0,14.0,0.0,10.0,348.95500000000004,22.18,625.0,1.0,0
0.0,0.0,-27.0,24.0,0.0,1.0,213.94,18.94,225.0,2.0,0
0.0,0.0,-21.0,12.0,0.0,10.0,348.95500000000004,38.94,1345.0,6.0,0
0.0,0.0,-16.0,10.0,0.0,1.0,348.95500000000004,38.94,2188.0,2.0,0
0.0,0.0,-17.0,10.0,0.0,2.0,348.95500000000004,38.94,631.5,5.0,1
0.0,0.0,-1.0,26.0,0.0,1.0,348.95500000000004,21.59,532.0,6.0,0
0.0,0.0,-10.0,25.0,0.0,10.0,344.03,38.94,347.0,2.0,0
0.0,0.0,-36.0,12.0,0.0,4.0,272.99,38.94,579.0,1.0,0
0.0,0.0,-15.0,8.0,0.0,2.0,195.92,16.02,1177.0,5.0,0
0.0,0.0,-21.0,9.0,0.0,2.0,348.95500000000004,38.94,698.0,3.0,0
0.0,0.0,-8.0,7.0,0.0,10.0,348.95500000000004,29.51,217.0,3.0,0
0.0,0.0,-15.0,7.0,0.0,9.0,348.95500000000004,38.94,1949.0,4.0,0
0.0,0.0,-19.0,15.0,0.0,7.0,237.91,38.31,602.0,1.0,0
0.0,0.0,-20.0,10.0,0.0,10.0,697.9100000000001,77.88,396.0,1.0,0
0.0,0.0,-19.0,14.0,0.0,6.0,332.46,38.94,1105.0,1.0,1
0.0,0.0,-17.0,6.0,0.0,10.0,243.78,23.759999999999998,198.5,2.0,1
0.0,0.0,-45.0,12.0,0.0,1.0,215.14,16.14,892.0,1.0,0
0.0,0.0,-14.0,3.0,0.0,1.0,188.94,9.45,1657.0,3.0,0
0.0,0.0,-16.0,7.0,0.0,1.0,180.77,16.78,198.0,1.0,0
0.0,0.0,-22.0,16.0,0.0,4.0,292.2,38.94,209.0,1.0,0
0.0,0.0,-21.0,6.0,0.0,8.0,348.95500000000004,35.92,779.0,2.0,0
0.0,0.0,-11.0,6.0,0.0,6.0,348.95500000000004,38.94,286.0,1.0,0
0.0,0.0,-15.0,5.0,0.0,3.0,307.89,38.09,534.5,1.0,0
0.0,0.0,-14.0,8.0,0.0,5.0,286.17,26.17,1153.0,1.0,0
0.0,0.0,-10.0,7.0,0.0,6.0,343.65,38.94,674.0,1.0,0
0.0,0.0,-7.0,4.0,0.0,8.0,259.1,10.1,578.0,3.0,0
0.0,0.0,-12.0,9.0,0.0,1.0,225.21,38.94,2057.0,2.0,0
0.0,0.0,-18.0,10.0,0.0,10.0,348.95500000000004,38.94,91.0,1.0,0
0.0,0.0,-15.0,18.0,0.0,1.0,215.14,16.14,580.0,1.0,0
0.0,0.0,-19.0,7.0,0.0,8.0,348.95500000000004,25.35,672.0,3.0,0
0.0,0.0,-16.0,5.0,0.0,2.0,348.95500000000004,18.27,946.0,1.0,0
0.0,0.0,-48.0,11.0,0.0,10.0,348.95500000000004,38.94,1547.0,2.0,0
0.0,0.0,-13.0,8.0,0.0,10.0,348.95500000000004,16.53,1307.0,6.0,0
0.0,0.0,-17.0,12.0,0.0,8.0,348.95500000000004,23.6,909.0,1.0,0
0.0,0.0,-5.0,12.0,0.0,10.0,348.95500000000004,38.94,1089.0,7.0,0
0.0,0.0,-5.0,19.0,0.0,10.0,348.95500000000004,38.94,948.75,1.75,1
0.0,0.0,-14.0,18.0,0.0,1.0,348.95500000000004,21.92,676.0,3.0,0
0.0,0.0,-17.0,13.0,0.0,3.0,348.95500000000004,38.94,874.0,1.0,0
0.0,0.0,-15.0,7.0,0.0,10.0,348.95500000000004,37.809999999999995,967.0,1.0,0
0.0,0.0,-7.0,28.0,0.0,4.0,236.0,21.0,708.0,2.0,0
0.0,0.0,-23.0,12.0,0.0,1.0,348.95500000000004,16.61,2807.0,1.0,0
0.0,0.0,-3.0,24.0,0.0,6.0,209.81,21.81,508.0,3.0,0
0.0,0.0,-13.0,1.0,0.0,4.0,229.13,12.14,1196.0,3.0,0
0.0,0.0,-14.0,16.0,0.0,1.0,348.95500000000004,19.62,1336.0,2.0,0
0.0,0.0,-9.0,21.0,0.0,4.0,217.55,38.94,974.0,3.0,0
0.0,0.0,-15.0,10.0,0.0,2.0,313.28,33.48,274.0,1.0,1
0.0,0.0,-4.0,31.0,0.0,3.0,232.17,32.27,859.0,2.0,1
0.0,0.0,-24.0,9.0,0.0,4.0,291.52,38.94,556.5,1.0,0
0.0,0.0,-9.0,6.0,0.0,8.0,233.63,8.83,566.0,2.0,0
0.0,0.0,-1.0,12.0,0.0,1.0,310.81,10.91,952.0,1.0,0
0.0,0.0,63.0,124.0,1.0,1.0,348.95500000000004,38.94,924.0,5.0,1
0.0,0.0,-9.0,18.0,0.0,2.0,247.05,17.05,558.0,1.0,0
0.0,0.0,-13.0,8.0,0.0,4.0,329.26,38.94,1893.0,1.0,0
0.0,0.0,-18.0,12.0,0.0,3.0,276.18,36.18,521.0,5.0,0
0.0,0.0,-16.0,5.0,0.0,3.0,293.86,8.86,476.0,2.0,1
0.0,0.0,-23.0,6.0,0.0,1.0,348.95500000000004,38.94,3188.0,6.0,0
0.0,0.0,-13.0,17.0,0.0,1.0,281.0,21.01,1487.0,1.0,0
0.0,0.0,-13.0,10.0,0.0,8.0,297.62,17.72,584.0,2.0,0
0.0,0.0,-15.0,3.0,0.0,1.0,348.95500000000004,38.94,523.0,3.0,0
0.0,0.0,-18.0,12.0,0.0,10.0,239.68,38.94,819.0,3.0,0
0.0,0.0,3.0,19.0,1.0,8.0,308.96,38.94,270.0,5.0,0
0.0,0.0,-11.0,9.0,0.0,10.0,348.95500000000004,38.94,2419.0,1.0,0
0.0,0.0,-15.0,9.0,0.0,1.0,221.60999999999999,38.94,576.0,2.0,0
0.0,0.0,-15.0,10.0,0.0,1.0,280.32,38.94,179.0,1.0,0
0.0,0.0,-6.0,16.0,0.0,10.0,217.78,38.94,621.0,1.0,1
0.0,0.0,-16.0,19.0,0.0,5.0,348.95500000000004,24.03,944.0,2.0,0
0.0,0.0,-19.0,17.0,0.0,7.0,348.95500000000004,38.94,1698.0,2.0,0
0.0,0.0,-36.0,6.0,0.0,8.0,264.59,19.59,528.0,2.0,0
0.0,0.0,-14.0,13.0,0.0,1.0,227.47,27.48,303.0,3.0,0
0.0,0.0,-14.0,6.0,0.0,4.0,348.95500000000004,20.75,2030.0,2.0,0
0.0,0.0,-13.0,9.0,0.0,4.0,239.94,29.95,516.0,1.0,0
0.0,0.0,0.0,21.0,0.0,1.0,347.56,38.94,756.0,1.0,0
0.0,0.0,-4.0,5.0,0.0,1.0,348.95500000000004,38.94,3913.0,2.0,0
0.0,0.0,-19.0,8.0,0.0,8.0,348.95500000000004,38.44,1451.0,2.0,0
0.0,0.0,9.0,32.0,1.0,1.0,226.91,32.01,313.0,1.0,1
0.0,0.0,-14.0,2.0,0.0,2.0,254.01,14.02,514.0,2.0,0
0.0,0.0,-6.0,2.0,0.0,1.0,340.46,20.01,196.0,1.0,0
0.0,0.0,-10.0,12.0,0.0,4.0,228.62,18.72,236.0,1.0,1
0.0,0.0,-27.0,5.0,0.0,6.0,348.95500000000004,38.94,385.6666666666667,1.6666666666666667,1
0.0,0.0,-9.0,12.0,0.0,1.0,259.06,38.94,450.0,1.0,1
0.0,0.0,-9.0,11.0,0.0,5.0,348.95500000000004,38.94,1935.0,1.0,0
0.0,0.0,-21.0,13.0,0.0,10.0,348.95500000000004,38.94,1247.0,7.0,0
0.0,0.0,4.0,16.0,1.0,2.0,229.74,9.74,617.0,2.0,1
0.0,0.0,-19.0,7.0,0.0,4.0,344.97,14.97,2644.0,6.0,0
0.0,0.0,-15.0,14.0,0.0,1.0,348.95500000000004,38.94,648.0,1.0,0
0.0,0.0,5.0,29.0,1.0,8.0,219.18,19.28,580.0,2.0,1
0.0,0.0,-30.0,7.0,0.0,1.0,232.95,17.95,1269.0,6.0,0
0.0,0.0,-20.0,23.0,0.0,4.0,229.28,38.94,179.0,1.0,0
0.0,0.0,-14.0,11.0,0.0,10.0,348.95500000000004,38.94,468.0,3.0,1
0.0,0.0,-15.0,5.0,0.0,10.0,348.95500000000004,16.43,582.0,5.0,1
0.0,0.0,-11.0,3.0,0.0,1.0,233.92,9.92,279.0,1.0,0
0.0,0.0,-19.0,9.0,0.0,8.0,348.95500000000004,38.94,1352.0,1.0,0
0.0,0.0,-11.0,17.0,0.0,10.0,348.95500000000004,20.34,438.0,1.0,0
0.0,0.0,-14.0,6.0,0.0,10.0,348.95500000000004,38.94,1247.0,7.0,0
0.0,0.0,-33.0,12.0,0.0,8.0,255.0,27.0,731.0,5.0,0
0.0,0.0,-20.0,7.0,0.0,4.0,295.72,26.72,802.0,2.0,0
0.0,0.0,-20.0,5.0,0.0,3.0,348.95500000000004,27.18,1139.0,1.0,0
0.0,0.0,-22.0,14.0,0.0,5.0,348.95500000000004,37.27,982.0,3.0,0
0.0,0.0,-15.0,11.0,0.0,1.0,348.95500000000004,36.7,182.0,1.0,0
0.0,0.0,-23.0,2.0,0.0,10.0,325.7,38.94,764.6666666666666,6.666666666666667,1
0.0,0.0,-14.0,10.0,0.0,10.0,348.95500000000004,38.94,1259.0,1.0,1
0.0,0.0,-8.0,3.0,0.0,10.0,283.33,13.34,819.0,4.0,0
0.0,0.0,-23.0,7.0,0.0,3.0,238.69,18.79,236.0,1.0,0
0.0,0.0,-18.0,3.0,0.0,1.0,257.94,37.3,919.0,1.0,0
0.0,0.0,-6.0,18.0,0.0,5.0,226.13,16.23,870.0,4.0,0
0.0,0.0,-20.0,11.0,0.0,8.0,270.19,35.19,729.0,2.0,0
0.0,0.0,-26.0,3.0,0.0,10.0,348.95500000000004,38.94,866.0,1.0,0
0.0,0.0,-16.0,9.0,0.0,8.0,348.95500000000004,38.94,1273.0,3.0,0
0.0,0.0,-9.0,4.0,0.0,8.0,229.24,38.94,290.0,2.0,0
0.0,0.0,-13.0,1.0,0.0,5.0,348.95500000000004,23.7,2620.0,3.0,0
0.0,0.0,-14.0,11.0,0.0,4.0,220.27,20.37,1235.0,2.0,0
0.0,0.0,-9.0,8.0,0.0,8.0,348.95500000000004,18.71,651.0,3.0,0
0.0,0.0,31.0,57.0,1.0,5.0,278.16,18.26,649.0,3.0,1
0.0,0.0,-21.0,6.0,0.0,4.0,326.94,26.94,1714.0,1.0,0
0.0,0.0,-11.0,21.0,0.0,1.0,202.06,34.06,655.0,1.0,0
0.0,0.0,-17.0,6.0,0.0,10.0,348.95500000000004,20.54,1165.0,1.0,0
0.0,0.0,-13.0,10.0,0.0,1.0,195.0,17.01,916.0,2.0,0
0.0,0.0,-6.0,14.0,0.0,10.0,348.95500000000004,38.94,1397.0,6.0,0
0.0,0.0,-15.0,9.0,0.0,3.0,300.08,30.08,858.0,1.0,0
0.0,0.0,-9.0,16.0,0.0,10.0,348.95500000000004,14.41,994.0,1.0,0
0.0,0.0,-15.0,8.0,0.0,6.0,348.95500000000004,38.94,389.6666666666667,1.0,1
0.0,0.0,-13.0,21.0,0.0,9.0,348.95500000000004,38.94,504.0,6.0,0
0.0,0.0,-16.0,17.0,0.0,5.0,251.26,38.94,2188.0,2.0,0
0.0,0.0,-3.0,1.0,0.0,6.0,348.95500000000004,16.17,1290.0,3.0,0
0.0,0.0,-6.0,4.0,0.0,7.0,253.23,23.43,1943.0,2.0,1
0.0,0.0,-20.0,9.0,0.0,1.0,348.95500000000004,38.94,687.0,3.0,0
0.0,0.0,-8.0,19.0,0.0,1.0,348.95500000000004,25.8,830.0,2.0,0
0.0,0.0,15.0,33.0,1.0,5.0,348.95500000000004,23.07,2644.0,6.0,0
0.0,0.0,-7.0,14.0,0.0,4.5,348.95500000000004,30.58,265.0,1.0,0
0.0,0.0,-14.0,1.0,0.0,1.0,348.95500000000004,17.65,679.0,5.0,1
0.0,0.0,-15.0,8.0,0.0,1.0,348.95500000000004,28.81,671.0,1.0,0
0.0,0.0,-9.0,6.0,0.0,1.0,348.95500000000004,15.96,423.0,3.0,0
0.0,0.0,-25.0,12.0,0.0,3.0,348.95500000000004,38.94,2104.0,1.0,0
0.0,0.0,-14.0,12.0,0.0,5.5,257.44,38.44,656.0,1.0,0
0.0,0.0,-4.0,11.0,0.0,3.0,238.09,18.09,2745.0,3.0,0
0.0,0.0,-17.0,9.0,0.0,1.0,251.24,31.25,443.5,3.0,0
0.0,0.0,-9.0,9.0,0.0,10.0,348.95500000000004,38.94,1345.0,6.0,1
0.0,0.0,-10.0,14.0,0.0,3.0,202.5,38.94,341.0,2.0,0
0.0,0.0,-20.0,6.0,0.0,1.0,302.8,38.94,512.0,2.0,0
0.0,0.0,-18.0,13.0,0.0,2.0,194.12,38.94,1893.0,1.0,0
0.0,0.0,-13.0,7.0,0.0,5.0,348.95500000000004,18.5,217.0,3.0,0
0.0,0.0,-15.0,8.0,0.0,1.0,296.93,38.94,246.0,5.0,0
0.0,0.0,-21.0,4.0,0.0,6.0,339.03,20.03,1120.0,7.0,0
0.0,0.0,-16.0,7.0,0.0,2.0,213.74,13.84,616.0,1.0,1
0.0,0.0,-10.0,22.0,0.0,1.0,348.95500000000004,38.94,888.0,3.0,0
0.0,0.0,-7.0,22.0,0.0,2.0,225.71,38.94,2188.0,2.0,0
0.0,0.0,-6.0,17.0,0.0,1.0,348.95500000000004,38.94,610.0,3.0,0
0.0,0.0,-15.0,6.0,0.0,4.0,234.31,38.94,461.0,1.0,0
0.0,0.0,-10.0,8.0,0.0,3.0,275.91,16.91,304.0,1.0,0
0.0,0.0,-16.0,8.0,0.0,9.0,348.95500000000004,38.94,341.0,3.0,0
0.0,0.0,-8.0,14.0,0.0,1.0,275.48,38.94,958.25,2.5,0
0.0,0.0,-3.0,7.0,0.0,8.0,249.4,19.41,674.0,3.0,1
0.0,0.0,0.0,10.0,0.0,1.0,236.7,16.06,919.0,1.0,0
0.0,0.0,0.0,29.0,0.0,1.0,348.95500000000004,38.94,402.0,2.0,0
0.0,0.0,-20.0,10.0,0.0,4.0,228.12,28.13,1247.0,2.0,0
0.0,0.0,-4.0,17.0,0.0,10.0,348.95500000000004,38.94,316.0,1.0,0
0.0,0.0,-13.0,7.0,0.0,5.0,331.15,36.15,425.0,1.0,0
0.0,0.0,-13.0,5.0,0.0,4.0,337.54,18.54,753.0,2.0,0
0.0,0.0,-14.0,9.0,0.0,1.0,334.95,27.65,594.0,3.0,0
0.0,0.0,-10.0,14.0,0.0,2.0,348.95500000000004,38.94,713.0,1.0,0
0.0,0.0,-8.0,11.0,0.0,2.0,348.95500000000004,35.489999999999995,289.0,1.0,1
0.0,0.0,-14.0,1.0,0.0,6.0,235.57,35.57,259.0,2.0,0
0.0,0.0,-15.0,5.0,0.0,4.0,304.5,15.5,460.0,1.0,0
0.0,0.0,-12.0,3.0,0.0,8.0,211.91,12.02,279.0,1.0,0
0.0,0.0,-18.0,12.0,0.0,7.0,348.95500000000004,38.94,1773.0,1.0,0
0.0,0.0,-19.0,6.0,0.0,8.0,238.48,13.48,646.0,1.0,1
0.0,0.0,-11.0,17.0,0.0,1.0,253.12,38.94,903.0,5.0,0
0.0,0.0,-10.0,13.0,0.0,1.0,348.95500000000004,38.94,1159.0,4.0,0
0.0,0.0,-8.0,10.0,0.0,8.0,348.95500000000004,38.94,1125.0,3.0,0
0.0,0.0,-15.0,10.0,0.0,8.0,234.39,19.39,463.0,2.0,0
0.0,0.0,-28.0,13.0,0.0,1.0,260.99,21.0,1111.0,1.0,0
0.0,0.0,-16.0,6.0,0.0,5.0,251.1,31.3,606.0,2.0,1
0.0,0.0,-15.0,15.0,0.0,7.0,274.47,35.47,419.0,4.0,0
0.0,0.0,-16.0,18.0,0.0,1.0,348.95500000000004,38.94,1288.0,1.0,1
0.0,0.0,-9.0,24.0,0.0,8.0,348.95500000000004,38.94,427.0,1.0,0
0.0,0.0,-16.0,11.0,0.0,8.0,348.95500000000004,34.26,3011.0,1.0,0
0.0,0.0,-13.0,8.0,0.0,1.0,348.95500000000004,38.94,1935.0,1.0,0
0.0,0.0,0.0,5.0,0.0,6.0,323.55,26.549999999999997,3530.0,4.0,0
0.0,0.0,24.0,52.0,1.0,1.0,261.01,31.02,934.0,1.0,1
0.0,0.0,-21.0,9.0,0.0,10.0,348.95500000000004,38.94,3188.0,6.0,0
0.0,0.0,-7.0,13.0,0.0,7.0,215.14,15.15,448.0,2.0,1
0.0,0.0,-11.0,14.0,0.0,8.0,282.52,38.94,606.0,2.0,0
0.0,0.0,-13.0,9.0,0.0,1.0,218.22,34.79,531.5,1.5,0
0.0,0.0,-24.0,6.0,0.0,1.0,313.53,14.53,626.0,3.0,0
0.0,0.0,-6.0,16.0,0.0,6.0,348.95500000000004,14.62,315.0,1.0,0
0.0,0.0,-14.0,7.0,0.0,4.0,275.0,38.94,1203.0,2.0,0
0.0,0.0,-14.0,4.0,0.0,7.0,348.95500000000004,9.7,501.0,4.0,0
0.0,0.0,-23.0,7.0,0.0,10.0,348.95500000000004,28.97,2256.0,5.0,0
0.0,0.0,-24.0,4.0,0.0,1.0,283.62,15.63,2025.0,2.0,0
0.0,0.0,-1.0,14.0,0.0,2.0,340.96,32.46,1681.0,1.0,0
0.0,0.0,-11.0,10.0,0.0,12.0,263.24,31.11,206.0,1.5,0
0.0,0.0,-4.0,17.0,0.0,1.0,348.95500000000004,38.94,143.0,3.0,0
0.0,0.0,-16.0,14.0,0.0,1.0,309.73,38.94,1149.0,8.0,0
0.0,0.0,-12.0,18.0,0.0,1.0,348.95500000000004,20.19,875.0,1.0,0
0.0,0.0,-12.0,9.0,0.0,10.0,260.91,31.11,277.5,1.0,0
0.0,0.0,-15.0,9.0,0.0,8.0,241.15,38.94,242.0,5.0,0
0.0,0.0,-20.0,8.0,0.0,10.0,271.54,16.54,528.0,2.0,0
0.0,0.0,-22.0,16.0,0.0,5.0,348.95500000000004,38.94,1352.0,1.0,1
0.0,0.0,-12.0,23.0,0.0,2.0,348.95500000000004,38.94,372.0,1.0,0
0.0,0.0,-12.0,17.0,0.0,3.0,222.68,18.68,236.0,1.0,0
0.0,0.0,-10.0,3.0,0.0,8.0,348.95500000000004,15.46,944.0,2.0,0
0.0,0.0,-2.0,15.0,0.0,3.0,225.88,26.08,259.0,1.0,1
0.0,0.0,-7.0,15.0,0.0,1.0,335.31,38.94,383.0,2.0,0
0.0,0.0,2.0,37.0,1.0,1.0,221.8,38.94,831.0,7.0,0
0.0,0.0,-15.0,10.0,0.0,4.0,318.87,17.87,1000.0,2.0,0
0.0,0.0,-19.0,13.0,0.0,2.0,211.24,38.94,498.0,1.0,0
0.0,0.0,-12.0,8.0,0.0,1.0,348.95500000000004,38.94,264.0,1.0,1
0.0,0.0,-14.0,15.0,0.0,1.0,348.95500000000004,38.94,444.0,1.0,0
0.0,0.0,-9.0,11.0,0.0,10.0,348.95500000000004,38.94,1736.0,4.0,0
0.0,0.0,-22.0,16.0,0.0,8.0,223.88,23.98,325.0,1.0,0
0.0,0.0,-31.0,14.0,0.0,1.0,348.95500000000004,38.94,745.0,3.0,0
0.0,0.0,-14.0,11.0,0.0,6.0,348.95500000000004,38.94,991.0,8.0,0
0.0,0.0,-11.0,19.0,0.0,1.0,205.07,16.07,232.0,1.0,0
0.0,0.0,-20.0,18.0,0.0,8.0,348.95500000000004,18.21,874.0,1.0,0
0.0,0.0,-24.0,11.0,0.0,1.0,230.03,14.53,715.0,1.0,0
0.0,0.0,-19.0,7.0,0.0,1.0,348.95500000000004,20.24,977.0,1.0,0
0.0,0.0,-8.0,2.0,0.0,10.0,348.95500000000004,11.81,606.0,2.0,0
0.0,0.0,-9.0,13.0,0.0,1.0,273.88,38.94,674.0,3.0,0
0.0,0.0,-10.0,7.0,0.0,5.0,348.95500000000004,38.94,399.0,1.0,0
0.0,0.0,-16.0,34.0,0.0,10.0,348.95500000000004,25.7,198.0,2.0,0
0.0,0.0,-10.0,10.0,0.0,10.0,316.35,38.94,366.0,2.0,0
0.0,0.0,-10.0,10.0,0.0,3.0,186.72,16.82,297.0,1.0,0
0.0,0.0,-10.0,7.0,0.0,8.0,348.95500000000004,28.689999999999998,233.5,1.0,0
0.0,0.0,-13.0,14.0,0.0,9.0,262.51,38.94,1149.0,8.0,0
0.0,0.0,-10.0,15.0,0.0,10.0,242.1,13.1,266.0,2.0,1
0.0,0.0,-26.0,3.0,0.0,1.0,348.95500000000004,22.39,494.0,1.0,0
0.0,0.0,-13.0,9.0,0.0,10.0,198.48,18.51,680.0,1.0,0
0.0,0.0,-8.0,8.0,0.0,8.0,348.95500000000004,38.94,808.5,1.0,1
0.0,0.0,-2.0,19.0,0.0,1.0,258.02,38.94,618.0,2.0,0
0.0,0.0,-22.0,7.0,0.0,4.0,302.53,38.94,503.0,1.0,0
0.0,0.0,-6.0,16.0,0.0,1.0,298.77,33.87,519.0,4.0,0
0.0,0.0,-21.0,6.0,0.0,8.0,253.68,25.68,451.0,7.0,1
0.0,0.0,1.0,17.0,1.0,3.0,348.95500000000004,20.96,1267.0,1.0,0
0.0,0.0,-24.0,10.0,0.0,4.0,224.94,25.94,330.0,1.0,0
0.0,0.0,-30.0,25.0,0.0,1.0,348.95500000000004,38.94,542.0,2.0,1
0.0,0.0,-12.0,18.0,0.0,10.0,348.95500000000004,23.82,1273.0,1.0,0
0.0,0.0,-22.0,8.0,0.0,10.0,348.95500000000004,22.73,387.0,3.0,0
0.0,0.0,-14.0,5.0,0.0,5.0,348.95500000000004,38.94,87.0,3.0,0
0.0,0.0,-44.0,6.0,0.0,1.0,348.95500000000004,38.94,868.0,1.0,0
0.0,0.0,-14.0,4.0,0.0,4.0,332.3,32.4,1942.0,1.0,0
0.0,0.0,-13.0,9.0,0.0,4.0,284.63,15.63,638.0,4.0,0
0.0,0.0,-25.0,13.0,0.0,1.0,348.95500000000004,38.94,1105.0,1.0,0
0.0,0.0,-7.0,8.0,0.0,8.0,237.51,10.34,485.0,1.0,0
0.0,0.0,-5.0,21.0,0.0,6.0,348.95500000000004,27.36,2282.0,4.0,0
0.0,0.0,4.0,26.0,1.0,2.5,237.84,38.94,1033.5,1.0,0
0.0,0.0,4.0,25.0,1.0,1.0,348.95500000000004,26.9,287.0,3.0,0
0.0,0.0,-27.0,24.0,0.0,1.0,231.29,38.04,139.0,1.0,0
0.0,0.0,-11.0,17.0,0.0,2.0,348.95500000000004,21.3,468.0,1.0,0
0.0,0.0,-16.0,10.0,0.0,5.0,274.89,28.27,1246.0,1.0,0
0.0,0.0,-11.0,7.0,0.0,8.0,348.95500000000004,18.0,743.0,3.0,1
0.0,0.0,-13.0,10.0,0.0,6.0,248.96,22.08,1085.0,1.0,0
0.0,0.0,-18.0,9.0,0.0,1.0,348.95500000000004,38.94,992.0,1.0,0
0.0,0.0,-15.0,11.0,0.0,10.0,348.95500000000004,38.94,1514.0,4.0,0
0.0,0.0,1.0,11.0,1.0,5.0,348.95500000000004,38.94,963.0,2.0,1
0.0,0.0,-9.0,9.0,0.0,8.0,279.3,38.94,178.0,1.0,0
0.0,0.0,21.0,47.0,1.0,2.0,348.95500000000004,14.0,696.0,2.0,1
0.0,0.0,-9.0,14.0,0.0,4.0,198.51,18.51,474.0,4.0,1
0.0,0.0,-7.0,9.0,0.0,1.0,214.2,14.3,1903.0,1.0,0
0.0,0.0,-9.0,21.0,0.0,1.0,348.95500000000004,38.94,2503.0,6.0,0
0.0,0.0,-17.0,6.0,0.0,1.0,311.42,21.52,2378.0,1.0,0
0.0,0.0,-14.0,14.0,0.0,10.0,348.95500000000004,38.94,569.0,2.0,0
0.0,0.0,-14.0,10.0,0.0,8.0,348.95500000000004,16.25,534.0,1.0,0
0.0,0.0,-13.0,7.0,0.0,8.0,348.95500000000004,38.94,495.0,1.0,1
0.0,0.0,-14.0,10.0,0.0,8.0,348.95500000000004,16.2,506.0,2.0,0
0.0,0.0,-13.0,5.0,0.0,10.0,348.95500000000004,38.94,586.0,1.0,0
0.0,0.0,6.0,35.0,1.0,2.0,259.15,38.94,447.0,5.0,0
0.0,0.0,-15.0,2.0,0.0,4.0,226.7,10.73,283.0,3.0,0
0.0,0.0,-11.0,10.0,0.0,3.0,348.95500000000004,38.94,246.0,1.0,1
0.0,0.0,-1.0,22.0,0.0,1.0,229.9,38.94,642.0,1.0,1
0.0,0.0,-7.0,26.0,0.0,6.0,324.59,38.94,958.5,5.5,1
0.0,0.0,-7.0,20.0,0.0,1.0,348.95500000000004,38.94,359.0,1.0,0
0.0,0.0,-6.0,23.0,0.0,1.0,348.95500000000004,26.97,625.0,1.0,0
0.0,0.0,-11.0,1.0,0.0,1.0,188.94,9.45,1665.0,3.0,0
0.0,0.0,-14.0,13.0,0.0,12.0,348.95500000000004,38.94,182.0,4.0,0
0.0,0.0,-18.0,8.0,0.0,4.0,348.95500000000004,38.94,1101.0,1.0,0
0.0,0.0,-4.0,14.0,0.0,4.0,236.34,18.44,1505.0,1.0,0
0.0,0.0,-2.0,17.0,0.0,10.0,348.95500000000004,38.94,690.0,1.0,0
0.0,0.0,-15.0,12.0,0.0,10.0,348.95500000000004,38.94,96.0,1.0,0
0.0,0.0,-9.0,9.0,0.0,8.0,348.95500000000004,16.91,717.0,2.0,0
0.0,0.0,-50.0,5.0,0.0,8.0,278.28,38.28,367.0,2.0,0
0.0,0.0,-14.0,15.0,0.0,2.0,218.62,38.94,708.0,6.0,0
0.0,0.0,-9.0,3.0,0.0,3.0,267.17,14.67,1642.0,1.0,0
0.0,0.0,-14.0,5.0,0.0,1.0,234.46,14.56,236.0,1.0,0
0.0,0.0,-14.0,13.0,0.0,8.0,348.95500000000004,38.94,3632.0,4.0,0
0.0,0.0,-8.0,14.0,0.0,3.0,315.75,15.85,241.0,1.0,1
0.0,0.0,-15.0,17.0,0.0,10.0,348.95500000000004,38.94,1188.0,1.0,1
0.0,0.0,-12.0,19.0,0.0,8.0,230.15,16.25,582.0,1.0,0
0.0,0.0,-28.0,3.0,0.0,9.0,348.95500000000004,26.99,2984.0,3.0,0
0.0,0.0,27.0,56.0,1.0,2.0,348.95500000000004,17.8,657.0,1.0,1
0.0,0.0,0.0,20.0,0.0,9.0,348.95500000000004,20.17,2922.0,8.0,0
0.0,0.0,-1.0,31.0,0.0,10.0,216.14,17.15,3734.0,5.0,0
0.0,0.0,-12.0,10.0,0.0,1.0,348.95500000000004,29.25,534.0,4.0,0
0.0,0.0,-14.0,9.0,0.0,8.0,315.06,38.94,1893.0,1.0,0
0.0,0.0,-9.0,16.0,0.0,1.0,312.49,38.94,771.0,1.0,0
0.0,0.0,-14.0,12.0,0.0,2.0,348.95500000000004,17.09,501.0,4.0,0
0.0,0.0,-7.0,17.0,0.0,10.0,348.95500000000004,18.14,850.0,1.0,0
0.0,0.0,-16.0,7.0,0.0,8.0,230.54,34.64,941.0,1.0,0
0.0,0.0,-12.0,10.0,0.0,6.0,232.5,38.94,903.0,4.0,0
0.0,0.0,-13.0,7.0,0.0,10.0,348.95500000000004,38.94,606.0,2.0,0
0.0,0.0,-5.0,7.0,0.0,3.0,223.27,13.37,1358.0,7.0,0
0.0,0.0,-10.0,26.0,0.0,3.5,348.95500000000004,38.94,513.0,5.0,0
0.0,0.0,-21.0,6.0,0.0,4.0,346.38,16.48,1223.0,1.0,0
0.0,0.0,-7.0,19.0,0.0,5.0,259.56,19.56,992.0,1.0,0
0.0,0.0,-17.0,10.0,0.0,1.0,257.68,27.69,1001.0,1.0,0
0.0,0.0,-14.0,13.0,0.0,3.0,335.89,15.99,572.0,2.0,0
0.0,0.0,-19.0,5.0,0.0,3.0,348.95500000000004,28.22,528.0,2.0,0
0.0,0.0,-7.0,4.0,0.0,5.0,246.81,36.82,516.0,1.0,0
0.0,0.0,-21.0,5.0,0.0,10.0,348.95500000000004,20.5,624.0,2.0,0
0.0,0.0,-5.0,26.0,0.0,1.0,231.37,18.37,855.0,2.0,0
0.0,0.0,-11.0,7.0,0.0,4.0,237.99,38.94,228.0,1.0,1
0.0,0.0,-8.0,15.0,0.0,7.0,348.95500000000004,25.1,655.0,4.0,0
0.0,0.0,-24.0,18.0,0.0,6.0,348.95500000000004,31.98,625.0,1.0,1
0.0,0.0,-17.0,13.0,0.0,8.0,348.95500000000004,38.94,430.0,1.0,0
0.0,0.0,-21.0,6.0,0.0,5.0,255.42,15.43,222.0,3.0,0
0.0,0.0,-18.0,12.0,0.0,1.0,348.95500000000004,38.94,579.0,1.0,0
0.0,0.0,-17.0,4.0,0.0,3.0,259.33,38.94,535.0,4.0,0
0.0,0.0,-15.0,13.0,0.0,1.0,348.95500000000004,38.94,2644.0,6.0,0
0.0,0.0,5.0,18.0,1.0,9.0,239.5,38.94,252.0,1.0,1
0.0,0.0,8.0,29.0,1.0,4.0,227.94,27.95,1157.0,1.0,0
0.0,0.0,-9.0,3.0,0.0,4.0,348.95500000000004,38.94,348.0,1.0,1
0.0,0.0,-14.0,23.0,0.0,4.0,299.78,38.94,2188.0,2.0,0
0.0,0.0,-16.0,16.0,0.0,1.0,323.17,23.18,1139.0,3.0,0
0.0,0.0,21.0,47.0,1.0,10.0,348.95500000000004,38.94,1445.0,1.0,1
0.0,0.0,-22.0,4.0,0.0,8.0,348.95500000000004,38.94,925.0,5.0,0
0.0,0.0,-21.0,11.0,0.0,1.0,285.12,38.94,1162.0,5.0,0
0.0,0.0,-10.0,23.0,0.0,10.0,306.98,28.21,1051.0,1.0,0
0.0,0.0,-9.0,14.0,0.0,1.0,251.07,18.07,84.0,1.0,0
0.0,0.0,-2.0,18.0,0.0,8.0,348.95500000000004,13.4,1914.0,5.0,0
0.0,0.0,-12.0,6.0,0.0,2.0,270.84,20.94,155.0,1.0,1
0.0,0.0,-17.0,2.0,0.0,3.0,243.66,31.68,1698.0,2.0,0
0.0,0.0,-4.0,27.0,0.0,8.0,215.14,16.14,156.0,1.0,0
0.0,0.0,-14.0,52.0,0.0,1.0,254.58,24.6,1296.0,1.0,0
0.0,0.0,-5.0,18.0,0.0,1.0,348.95500000000004,38.94,660.0,1.0,1
0.0,0.0,-19.0,3.0,0.0,3.0,260.77,38.94,1656.0,5.0,0
0.0,0.0,-16.0,11.0,0.0,10.0,348.95500000000004,25.66,1410.0,2.0,0
0.0,0.0,4.0,36.0,1.0,5.0,272.76,38.94,1119.0,4.0,0
0.0,0.0,-10.0,13.0,0.0,1.0,208.91,38.94,830.0,4.0,1
0.0,0.0,-18.0,9.0,0.0,1.0,239.38,18.68,344.0,3.0,0
0.0,0.0,-17.0,5.0,0.0,10.0,348.95500000000004,27.85,3632.0,4.0,0
0.0,0.0,-13.0,7.0,0.0,6.0,348.95500000000004,22.09,706.0,1.0,0
0.0,0.0,-22.0,8.0,0.0,8.0,348.95500000000004,38.94,325.0,1.0,0
0.0,0.0,-10.0,19.0,0.0,10.0,348.95500000000004,38.94,1058.0,1.0,0
0.0,0.0,0.0,21.0,0.0,2.0,285.7,31.16,1160.0,1.0,0
0.0,0.0,-17.0,7.0,0.0,10.0,297.95,38.94,579.6666666666666,2.3333333333333335,1
0.0,0.0,-33.0,12.0,0.0,7.0,348.95500000000004,38.94,568.0,1.0,0
0.0,0.0,-8.0,12.0,0.0,4.0,309.51,14.51,501.0,4.0,0
0.0,0.0,-23.0,6.0,0.0,1.0,227.38,27.48,852.0,1.0,0
0.0,0.0,-5.0,11.0,0.0,3.0,311.92,19.92,1113.0,3.0,0
0.0,0.0,-11.0,22.0,0.0,2.0,348.95500000000004,38.94,1067.0,3.0,0
0.0,0.0,-2.0,27.0,0.0,4.0,185.85,15.95,538.0,1.0,0
0.0,0.0,1.0,30.0,1.0,6.0,348.95500000000004,38.94,1325.0,1.0,0
0.0,0.0,-11.0,6.0,0.0,1.0,299.96,20.06,624.0,2.0,0
0.0,0.0,-8.0,17.0,0.0,1.0,348.95500000000004,38.94,293.0,2.0,0
0.0,0.0,-20.0,4.0,0.0,5.0,316.17,16.27,842.0,2.0,0
0.0,0.0,-11.0,25.0,0.0,2.3333333333333335,348.95500000000004,38.94,1158.0,1.5,1
0.0,0.0,-2.0,26.0,0.0,7.0,348.95500000000004,38.94,1211.0,5.0,0
0.0,0.0,-28.0,6.0,0.0,1.0,252.38,31.74,919.0,1.0,0
0.0,0.0,-41.0,23.0,0.0,1.0,348.95500000000004,38.94,955.0,1.0,0
0.0,0.0,-20.0,19.0,0.0,4.0,348.95500000000004,29.3,625.0,1.0,0
0.0,0.0,-16.0,7.0,0.0,1.0,323.68,38.94,526.0,2.0,0
0.0,0.0,-9.0,3.0,0.0,10.0,348.95500000000004,38.94,470.0,1.0,0
0.0,0.0,-21.0,4.0,0.0,5.0,253.88,24.19,713.0,2.0,0
0.0,0.0,-14.0,12.0,0.0,2.0,273.93,19.03,335.0,3.0,0
0.0,0.0,-10.0,21.0,0.0,1.0,348.95500000000004,38.94,1159.0,4.0,0
0.0,0.0,-5.0,23.0,0.0,10.0,348.95500000000004,38.94,1194.0,1.0,0
0.0,0.0,-10.0,18.0,0.0,5.0,348.95500000000004,38.94,2245.0,1.0,1
0.0,0.0,-8.0,25.0,0.0,3.0,259.27,38.94,1192.0,1.0,0
0.0,0.0,-13.0,6.0,0.0,5.0,340.67,38.94,549.0,2.0,0
0.0,0.0,-23.0,22.0,0.0,1.0,259.39,38.94,387.0,2.0,0
0.0,0.0,54.0,75.0,1.0,1.0,236.97,17.97,838.0,2.0,0
0.0,0.0,-23.0,5.0,0.0,8.0,308.3,28.4,606.0,2.0,0
0.0,0.0,-19.0,5.0,0.0,5.0,348.95500000000004,27.76,1272.0,4.0,1
0.0,0.0,-5.0,13.0,0.0,1.0,348.95500000000004,11.52,606.0,2.0,0
0.0,0.0,-12.0,7.0,0.0,1.0,277.97,38.94,771.0,1.0,0
0.0,0.0,-14.0,10.0,0.0,8.0,348.95500000000004,23.57,371.0,2.0,0
0.0,0.0,-9.0,22.0,0.0,6.0,326.71,26.81,2795.0,5.0,0
0.0,0.0,-32.0,3.0,0.0,10.0,348.95500000000004,23.47,1841.0,1.0,0
0.0,0.0,-11.0,15.0,0.0,6.0,212.15,16.25,623.0,1.0,0
0.0,0.0,-11.0,19.0,0.0,7.0,348.95500000000004,16.82,1034.0,1.0,0
0.0,0.0,-19.0,14.0,0.0,1.0,348.95500000000004,38.94,627.0,1.0,0
0.0,0.0,-3.0,14.0,0.0,10.0,348.95500000000004,15.94,1087.0,7.0,0
0.0,0.0,-5.0,8.0,0.0,8.0,348.95500000000004,14.41,629.0,2.0,0
0.0,0.0,-27.0,17.0,0.0,4.0,348.95500000000004,38.94,876.0,2.0,0
0.0,0.0,-8.0,27.0,0.0,3.0,348.95500000000004,38.94,569.0,2.0,0
0.0,0.0,-2.0,23.0,0.0,1.0,325.38,38.94,2081.0,1.0,1
0.0,0.0,-14.0,3.0,0.0,4.0,221.07,31.17,1023.0,7.0,0
0.0,0.0,13.0,40.0,1.0,1.0,287.54,38.94,114.0,2.0,0
0.0,0.0,-1.0,5.0,0.0,1.0,348.95500000000004,30.09,3913.0,2.0,0
0.0,0.0,-11.0,23.0,0.0,10.0,200.91,38.94,574.0,4.0,0
0.0,0.0,-11.0,4.0,0.0,10.0,348.95500000000004,9.7,946.0,1.0,0
0.0,0.0,-14.0,9.0,0.0,8.0,336.38,38.94,870.0,1.0,0
0.0,0.0,-19.0,21.0,0.0,1.0,292.88,38.94,459.0,1.0,0
0.0,0.0,-22.0,13.0,0.0,1.0,257.34,17.44,3125.0,3.0,0
0.0,0.0,25.0,49.0,1.0,4.0,215.05,15.15,200.0,2.0,1
0.0,0.0,-8.0,15.0,0.0,1.0,330.8,38.94,157.0,3.0,0
0.0,0.0,-31.0,11.0,0.0,8.0,234.89,38.94,542.0,1.0,0
0.0,0.0,-20.0,7.0,0.0,3.0,230.15,16.25,582.0,1.0,0
0.0,0.0,0.0,10.0,0.0,10.0,314.21,15.21,2667.0,5.0,0
0.0,0.0,-4.0,15.0,0.0,1.0,348.95500000000004,26.89,1012.0,2.5,1
0.0,0.0,-34.0,5.0,0.0,10.0,325.89,15.9,2582.0,3.0,0
0.0,0.0,-16.0,13.0,0.0,5.0,238.69,18.79,236.0,1.0,1
0.0,0.0,-20.0,2.0,0.0,10.0,320.91,27.91,1600.5,1.0,0
0.0,0.0,-24.0,4.0,0.0,6.0,287.96,37.96,1151.0,1.0,1
0.0,0.0,-6.0,8.0,0.0,6.0,348.95500000000004,38.94,55.0,1.0,1
0.0,0.0,-6.0,24.0,0.0,8.0,348.95500000000004,38.94,1176.0,3.0,1
0.0,0.0,-8.0,16.0,0.0,5.0,348.95500000000004,18.13,492.0,1.0,0
0.0,0.0,-11.0,14.0,0.0,1.0,299.92,20.92,137.0,1.0,0
0.0,0.0,-11.0,7.0,0.0,1.0,195.36,15.46,289.0,1.0,0
0.0,0.0,-7.0,9.0,0.0,1.0,348.95500000000004,22.37,1459.0,9.0,0
0.0,0.0,-19.0,21.0,0.0,5.0,348.95500000000004,38.94,640.0,1.0,0
0.0,0.0,-1.0,33.0,0.0,3.0,207.31,26.3,2442.0,4.0,0
0.0,0.0,-6.0,16.0,0.0,3.0,216.31,17.64,42.0,4.0,0
0.0,0.0,-7.0,12.0,0.0,4.0,348.95500000000004,18.13,492.0,1.0,0
0.0,0.0,-20.0,16.0,0.0,1.0,252.69,38.94,646.0,1.0,0
0.0,0.0,-17.0,4.0,0.0,1.0,283.56,38.94,366.0,2.0,0
0.0,0.0,-17.0,7.0,0.0,5.0,348.95500000000004,21.45,1784.0,6.0,0
0.0,0.0,-3.0,8.0,0.0,6.0,279.65,9.65,547.0,1.0,0
0.0,0.0,-32.0,21.0,0.0,2.0,348.95500000000004,19.82,544.0,1.0,0
0.0,0.0,-15.0,13.0,0.0,10.0,348.95500000000004,36.03,389.0,8.0,0
0.0,0.0,-7.0,10.0,0.0,3.0,239.5,38.94,252.0,1.0,0
0.0,0.0,-5.0,7.0,0.0,1.0,348.95500000000004,16.94,280.0,1.0,0
0.0,0.0,-10.0,16.0,0.0,1.0,272.27,38.94,1119.0,4.0,0
0.0,0.0,-9.0,14.0,0.0,1.0,226.14,26.24,305.0,2.0,0
0.0,0.0,4.0,6.0,1.0,3.0,348.95500000000004,23.08,1339.0,4.0,0
0.0,0.0,-12.0,10.0,0.0,1.0,266.49,17.5,192.0,1.0,1
0.0,0.0,-13.0,10.0,0.0,4.0,348.95500000000004,38.94,860.0,2.0,0
0.0,0.0,-135.0,20.0,0.0,6.0,272.01,19.02,192.0,1.0,0
0.0,0.0,-21.0,17.0,0.0,6.0,348.95500000000004,38.94,2523.0,1.0,0
0.0,0.0,-10.0,1.0,0.0,1.0,348.95500000000004,23.66,1099.0,5.0,0
0.0,0.0,-21.0,3.0,0.0,3.0,348.95500000000004,38.94,428.0,1.0,0
0.0,0.0,-11.0,10.0,0.0,5.0,293.46,13.46,820.0,1.0,0
0.0,0.0,-25.0,9.0,0.0,4.0,293.66,38.94,341.0,2.0,0
0.0,0.0,-8.0,5.0,0.0,10.0,348.95500000000004,27.07,2213.0,4.0,0
0.0,0.0,21.0,47.0,1.0,1.0,243.67,38.94,2188.0,2.0,0
0.0,0.0,-21.0,8.0,0.0,8.0,227.27,22.27,162.0,4.0,0
0.0,0.0,-21.0,14.0,0.0,10.0,348.95500000000004,37.0,700.0,2.0,0
0.0,0.0,-17.0,17.0,0.0,1.0,334.74,34.84,1682.0,1.0,0
0.0,0.0,-12.0,21.0,0.0,1.0,261.07,38.94,301.0,3.0,0
0.0,0.0,-10.0,10.0,0.0,8.0,248.28,23.28,619.0,1.0,0
0.0,0.0,-14.0,21.0,0.0,1.0,192.3,38.94,495.0,2.0,0
0.0,0.0,-13.0,2.0,0.0,3.0,348.95500000000004,38.94,1404.0,4.0,0
0.0,0.0,-19.0,7.0,0.0,3.0,194.5,15.01,1600.0,3.0,0
0.0,0.0,-17.0,15.0,0.0,1.0,249.29,16.39,503.0,1.0,0
0.0,0.0,-1.0,14.0,0.0,10.0,348.95500000000004,38.94,1297.0,8.0,0
0.0,0.0,6.0,28.0,1.0,3.0,227.1,17.1,3760.0,1.0,1
0.0,0.0,-9.0,13.0,0.0,3.0,268.62,19.62,700.0,4.0,0
0.0,0.0,-6.0,8.0,0.0,1.0,341.95,38.94,674.0,1.0,0
0.0,0.0,7.0,37.0,1.0,1.0,215.14,16.14,253.0,1.0,1
0.0,0.0,6.0,41.0,1.0,10.0,288.76,19.76,439.0,1.0,0
0.0,0.0,3.0,33.0,1.0,3.0,280.91,21.31,709.0,1.0,1
0.0,0.0,8.0,27.0,1.0,1.0,209.41,19.41,3270.0,4.0,1
0.0,0.0,-17.0,17.0,0.0,10.0,226.58,33.59,1156.0,2.0,0
0.0,0.0,-6.0,21.0,0.0,8.0,348.95500000000004,38.94,282.0,2.0,0
0.0,0.0,-6.0,7.0,0.0,1.0,348.95500000000004,26.52,571.0,1.0,0
0.0,0.0,-16.0,7.0,0.0,3.0,238.69,18.79,236.0,1.0,0
0.0,0.0,-20.0,8.0,0.0,1.0,186.85,16.95,504.0,6.0,0
0.0,0.0,-11.0,12.0,0.0,9.0,348.95500000000004,38.94,1005.0,1.0,0
0.0,0.0,-31.0,4.0,0.0,3.0,298.38,19.38,645.0,1.0,0
0.0,0.0,-7.0,11.0,0.0,5.0,336.08,37.08,1686.0,3.0,0
0.0,0.0,-16.0,15.0,0.0,8.0,260.23,38.24,528.0,2.0,0
0.0,0.5,9.0,43.0,0.5,6.0,496.29999999999995,77.88,344.0,3.0,1
0.0,0.0,-25.0,8.0,0.0,1.0,217.32,19.32,434.0,1.0,0
0.0,0.0,-14.0,16.0,0.0,10.0,348.95500000000004,14.52,611.0,4.0,0
0.0,0.0,-13.0,3.0,0.0,10.0,348.95500000000004,35.5,2164.0,1.0,0
0.0,0.0,-20.0,26.0,0.0,10.0,233.1,38.94,1214.0,3.0,0
0.0,0.0,-14.0,15.0,0.0,8.0,226.24,26.24,162.0,5.0,0
0.0,0.0,-18.0,8.0,0.0,1.0,249.67,14.67,608.0,1.0,0
0.0,0.0,12.0,36.0,1.0,12.0,348.95500000000004,36.36,265.0,1.0,1
0.0,0.0,-1.0,25.0,0.0,3.0,236.29,17.29,322.0,5.0,0
0.0,0.0,-20.0,6.0,0.0,8.0,214.27,16.27,333.0,1.0,0
0.0,0.0,-41.0,6.0,0.0,10.0,348.95500000000004,36.96,753.0,2.0,0
0.0,0.0,-16.0,7.0,0.0,8.0,348.95500000000004,13.51,630.0,2.0,0
0.0,0.0,-33.0,7.0,0.0,8.0,348.95500000000004,19.99,1108.0,2.0,0
0.0,0.0,-10.0,11.0,0.0,6.0,348.95500000000004,38.94,1007.0,5.0,0
0.0,0.0,-20.0,14.0,0.0,6.0,280.27,31.27,214.0,1.0,0
0.0,0.0,-12.0,14.0,0.0,1.0,313.53,14.53,626.0,3.0,0
0.0,0.0,-16.0,11.0,0.0,10.0,348.95500000000004,38.94,2174.0,5.0,0
0.0,0.0,-9.0,9.0,0.0,1.0,348.95500000000004,23.52,1426.0,1.0,1
0.0,0.0,-12.0,12.0,0.0,6.0,300.49,38.94,756.0,1.0,0
0.0,0.0,-22.0,14.0,0.0,3.0,337.18,38.94,276.0,1.0,0
0.0,0.0,-7.0,5.0,0.0,1.0,254.45,19.45,1733.0,1.0,0
0.0,0.0,-16.0,22.0,0.0,10.0,348.95500000000004,38.94,755.4285714285714,1.0,1
0.0,0.0,-14.0,20.0,0.0,1.0,206.99,16.09,232.0,1.0,0
0.0,0.0,-9.0,15.0,0.0,1.0,348.95500000000004,37.48,732.0,5.0,1
0.0,0.0,-19.0,9.0,0.0,1.0,348.95500000000004,38.94,598.0,5.0,0
0.0,0.0,-8.0,12.0,0.0,3.0,348.95500000000004,13.440000000000001,341.0,2.0,1
0.0,0.0,8.0,30.0,1.0,4.0,315.76,35.76,820.0,1.0,1
0.0,0.0,-6.0,23.0,0.0,5.0,295.11,38.94,419.0,3.0,0
0.0,0.0,-7.0,2.0,0.0,1.0,348.95500000000004,27.78,289.0,1.0,0
0.0,0.0,-1.0,37.0,0.0,1.0,323.54,38.94,1276.0,1.0,1
0.0,0.0,-20.0,6.0,0.0,10.0,348.95500000000004,35.5,876.0,2.0,0
0.0,0.0,-9.0,6.0,0.0,1.0,265.36,35.37,124.0,1.0,0
0.0,0.0,-8.0,17.0,0.0,5.0,196.81,18.82,916.0,2.0,0
0.0,0.0,-15.0,7.0,0.0,5.0,246.04,27.04,972.0,1.0,0
0.0,0.0,-12.0,3.0,0.0,9.0,348.95500000000004,22.03,504.0,6.0,0
0.0,0.0,-15.0,8.0,0.0,10.0,338.17,38.94,762.0,3.0,0
0.0,0.0,-15.0,8.0,0.0,3.0,348.95500000000004,36.31,293.0,1.0,0
0.0,0.0,0.0,20.0,0.0,1.0,348.95500000000004,38.94,466.0,5.0,0
0.0,0.0,13.0,48.0,1.0,10.0,348.95500000000004,37.04,249.0,3.0,1
0.0,0.0,-12.0,9.0,0.0,10.0,348.95500000000004,21.64,798.0,3.0,0
0.0,0.0,-4.0,7.0,0.0,4.0,348.95500000000004,18.89,860.0,1.0,0
0.0,0.0,-6.0,21.0,0.0,10.0,348.95500000000004,16.2,875.0,1.0,0
0.0,0.0,-14.0,12.0,0.0,6.0,348.95500000000004,38.94,2029.0,1.0,0
0.0,0.0,-13.0,4.0,0.0,5.0,348.95500000000004,38.94,618.0,2.0,0
0.0,0.0,-19.0,2.0,0.0,1.0,348.95500000000004,18.13,1310.0,2.0,0
0.0,0.0,-17.0,8.0,0.0,8.0,281.5,16.6,232.0,1.0,0
0.0,0.0,-9.0,10.0,0.0,6.0,348.95500000000004,38.94,225.0,1.0,0
0.0,0.0,-3.0,15.0,0.0,5.0,251.1,14.1,528.0,2.0,0
0.0,0.0,-21.0,18.0,0.0,1.0,348.95500000000004,38.94,899.0,2.0,0
0.0,0.0,13.0,36.0,1.0,10.0,199.13,20.13,1918.0,3.0,1
0.0,0.0,-17.0,3.0,0.0,2.0,348.95500000000004,29.31,3006.0,2.0,0
0.0,0.0,-12.0,13.0,0.0,1.0,260.46,16.46,204.0,1.0,0
0.0,0.0,-21.0,3.0,0.0,5.0,274.45,34.56,752.0,1.0,1
0.0,0.0,-6.0,7.0,0.0,10.0,283.33,13.34,735.0,2.0,0
0.0,0.0,-29.0,19.0,0.0,8.0,340.02,38.94,610.0,2.0,0
0.0,0.0,-12.0,5.0,0.0,10.0,348.95500000000004,37.51,923.0,3.0,0
0.0,0.0,-22.0,14.0,0.0,10.0,348.95500000000004,38.94,521.0,1.0,1
0.0,0.0,-8.0,14.0,0.0,1.0,348.95500000000004,32.75,1620.0,2.0,0
0.0,0.0,-9.0,16.0,0.0,6.0,348.95500000000004,33.83,1447.0,5.0,0
0.0,0.0,-10.0,14.0,0.0,8.0,348.95500000000004,38.94,3632.0,4.0,0
0.0,0.0,-10.0,13.0,0.0,1.0,348.95500000000004,38.94,561.0,1.0,1
0.0,0.0,-13.0,7.0,0.0,4.0,234.46,14.56,1001.0,1.0,0
0.0,0.0,-12.0,12.0,0.0,1.0,348.95500000000004,16.54,1209.0,1.0,0
0.0,0.0,-2.0,19.0,0.0,1.0,286.09,16.64,1377.0,1.0,0
0.0,0.0,-6.0,22.0,0.0,4.0,233.88,38.94,1177.0,1.0,1
0.0,0.0,-11.0,32.0,0.0,3.0,262.1,38.94,3314.0,2.0,0
0.0,0.0,0.0,28.0,0.0,1.0,305.33,25.34,606.0,2.0,0
0.0,0.0,-14.0,10.0,0.0,1.0,326.92,17.92,473.0,1.0,0
0.0,0.0,-15.0,10.0,0.0,12.0,348.95500000000004,16.82,702.0,3.0,0
0.0,0.0,-18.0,23.0,0.0,2.0,267.56,19.31,858.0,1.0,0
0.0,0.0,-17.0,4.0,0.0,3.0,348.95500000000004,16.83,660.0,7.0,0
0.0,0.0,-2.0,19.0,0.0,1.0,267.8,38.94,698.0,3.0,1
0.0,0.0,-5.0,4.0,0.0,10.0,295.98,38.94,421.0,1.0,0
0.0,0.0,-18.0,11.0,0.0,7.0,348.95500000000004,20.02,625.0,1.0,0
0.0,0.0,11.0,30.0,1.0,3.0,348.95500000000004,18.6,818.0,3.0,1
0.0,0.0,-6.0,17.0,0.0,8.0,321.58,22.58,2667.0,5.0,0
0.0,0.0,-13.0,17.0,0.0,5.0,255.24,35.34,1671.0,1.0,0
0.0,0.0,-15.0,12.0,0.0,15.0,348.95500000000004,35.65,3632.0,4.0,0
0.0,0.0,-20.0,16.0,0.0,8.0,306.35,26.45,584.0,2.0,0
0.0,0.0,-31.0,6.0,0.0,10.0,302.9,23.91,326.0,1.0,0
0.0,0.0,-12.0,9.0,0.0,10.0,348.95500000000004,38.94,1973.0,6.0,0
0.0,0.0,-28.0,6.0,0.0,10.0,348.95500000000004,35.96,94.0,1.0,0
0.0,0.0,-14.0,9.0,0.0,4.0,305.31,38.94,762.0,3.0,0
0.0,0.0,0.0,10.0,0.0,1.0,348.95500000000004,38.94,606.0,2.0,0
0.0,0.0,-19.0,17.0,0.0,4.0,348.95500000000004,28.85,657.0,1.0,0
0.0,0.0,-8.0,6.0,0.0,1.0,221.84,21.86,732.0,2.5,0
0.0,0.0,-14.0,19.0,0.0,10.0,319.53,38.94,338.0,1.0,0
0.0,0.0,-10.0,18.0,0.0,1.0,196.03,15.02,2442.0,4.0,0
0.0,0.0,-19.0,10.0,0.0,1.0,348.95500000000004,38.94,598.0,3.0,0
0.0,0.0,-13.0,8.0,0.0,6.0,348.95500000000004,21.04,2444.0,5.0,0
0.0,0.0,-15.0,12.0,0.0,1.0,182.32,32.32,903.0,6.0,0
0.0,0.0,-18.0,5.0,0.0,10.0,348.95500000000004,34.23,891.5,2.0,1
0.0,0.0,-25.0,21.0,0.0,4.0,216.18,16.28,548.0,3.0,1
0.0,0.0,-15.0,9.0,0.0,4.0,216.2,38.94,257.0,3.0,0
0.0,0.0,-21.0,5.0,0.0,3.0,348.95500000000004,17.84,493.5,1.5,0
0.0,0.0,-24.0,9.0,0.0,3.0,348.95500000000004,38.94,111.0,1.0,0
0.0,0.0,-18.0,15.0,0.0,10.0,348.95500000000004,38.94,380.0,3.0,0
0.0,0.0,-11.0,8.0,0.0,10.0,348.95500000000004,38.94,3172.0,1.0,0
0.0,0.0,-2.0,18.0,0.0,2.0,222.21,38.94,2526.0,1.0,1
0.0,0.0,-22.0,6.0,0.0,2.0,348.95500000000004,38.94,1745.0,2.0,0
0.0,0.0,-22.0,8.0,0.0,10.0,333.51,38.94,266.0,3.0,0
0.0,0.0,-5.0,7.0,0.0,3.0,204.53,8.63,542.0,1.0,0
0.0,0.0,-12.0,15.0,0.0,5.0,228.24,38.94,849.0,2.0,0
0.0,0.0,-3.0,23.0,0.0,7.0,348.95500000000004,29.39,1459.0,9.0,0
0.0,0.0,-20.0,5.0,0.0,1.0,348.95500000000004,16.61,3902.0,7.0,0
0.0,0.0,-15.0,7.0,0.0,10.0,256.33,16.43,640.0,1.0,0
0.0,0.0,-10.0,7.0,0.0,8.0,249.68,38.94,403.0,1.0,0
0.0,0.0,-17.0,6.0,0.0,10.0,348.95500000000004,19.05,361.0,1.0,0
0.0,0.0,-7.0,13.0,0.0,7.0,318.44,38.94,674.0,1.0,0
0.0,0.0,-10.0,18.0,0.0,1.0,265.88,38.94,419.0,3.0,0
0.0,0.0,-7.0,16.0,0.0,1.0,278.11,38.94,87.0,3.0,0
0.0,0.0,-11.0,15.0,0.0,1.0,202.5,36.48,1527.0,1.0,0
0.0,0.0,-10.0,7.0,0.0,1.0,245.87,38.94,370.0,4.0,0
0.0,0.0,-3.0,14.0,0.0,4.0,348.95500000000004,38.94,676.0,2.0,0
0.0,0.0,-8.0,15.0,0.0,8.0,278.66,23.66,982.0,1.0,0
0.0,0.0,-18.0,9.0,0.0,5.0,223.0,18.0,867.0,2.0,0
0.0,0.0,-15.0,7.0,0.0,4.0,235.69,38.94,959.0,4.0,0
0.0,0.0,13.0,41.0,1.0,5.0,227.76,38.94,226.0,5.0,1
0.0,0.0,12.0,38.0,1.0,8.0,305.68,15.78,528.0,2.0,1
0.0,0.0,-8.0,3.0,0.0,1.0,340.07,10.07,2644.0,6.0,0
0.0,0.0,-14.0,2.0,0.0,2.0,201.53,12.53,521.0,1.0,0
0.0,0.0,-11.0,22.0,0.0,4.0,215.41,38.94,1190.0,1.0,0
0.0,0.0,-9.0,34.0,0.0,10.0,348.95500000000004,38.94,696.0,1.0,1
0.0,0.0,-29.0,13.0,0.0,4.0,198.57,38.67,325.0,1.0,0
0.0,0.0,-14.0,3.0,0.0,3.0,328.08,9.1,2304.0,4.0,0
0.0,0.0,-22.0,20.0,0.0,6.0,348.95500000000004,38.94,998.0,3.0,1
0.0,0.0,-14.0,9.0,0.0,1.0,348.95500000000004,15.47,625.0,1.0,0
0.0,0.0,-44.0,11.0,0.0,2.0,241.45,16.45,547.0,1.0,1
0.0,0.0,-25.0,4.0,0.0,10.0,348.92,38.94,894.5,1.5,0
0.0,0.0,-13.0,14.0,0.0,4.0,209.98,16.98,822.0,1.0,0
0.0,0.0,-12.0,34.0,0.0,1.0,221.05,38.94,1350.0,1.0,0
0.0,0.0,-9.0,19.0,0.0,1.0,348.95500000000004,16.19,501.0,4.0,0
0.0,0.0,6.0,21.0,1.0,3.0,348.95500000000004,38.94,1404.0,4.0,1
0.0,0.0,-10.0,6.0,0.0,1.0,303.27,14.27,1892.0,4.0,0
0.0,0.0,-21.0,7.0,0.0,1.0,265.53,38.94,257.0,1.0,0
0.0,0.0,-14.0,17.0,0.0,1.0,348.95500000000004,38.94,1857.0,3.0,0
0.0,0.0,-9.0,18.0,0.0,1.0,288.99,23.99,270.0,5.0,1
0.0,0.0,-7.0,6.0,0.0,8.0,319.99,26.09,1886.5,2.5,1
0.0,0.0,24.0,49.0,1.0,5.0,269.29,19.39,1570.0,1.0,1
0.0,0.0,-10.0,8.0,0.0,10.0,348.95500000000004,38.94,614.3333333333334,1.6666666666666667,0
0.0,0.0,-9.0,6.0,0.0,10.0,348.95500000000004,10.05,599.0,2.0,0
0.0,0.0,-5.0,19.0,0.0,10.0,213.73,19.24,224.0,2.0,0
0.0,0.0,-13.0,12.0,0.0,1.0,292.72,22.73,606.0,2.0,0
0.0,0.0,-7.0,3.0,0.0,2.0,235.92,15.28,919.0,1.0,0
0.0,0.0,-16.0,9.0,0.0,1.0,247.85,18.85,236.0,1.0,0
0.0,0.0,-23.0,21.0,0.0,1.0,348.95500000000004,15.53,625.0,1.0,0
0.0,0.0,14.0,29.0,1.0,1.0,348.95500000000004,38.94,747.0,4.0,0
0.0,0.0,-15.0,7.0,0.0,8.0,298.28,38.94,350.5,2.5,1
0.0,0.0,-27.0,10.0,0.0,10.0,310.33,38.94,756.0,1.0,0
0.0,0.0,-12.0,27.0,0.0,3.0,214.05,35.05,323.0,1.0,0
0.0,0.0,-5.0,16.0,0.0,8.0,348.95500000000004,18.21,2933.0,5.0,1
0.0,0.0,0.0,21.0,0.0,1.0,320.58,21.58,2043.0,5.0,0
0.0,0.0,-8.0,24.0,0.0,3.0,181.96,36.16,202.0,5.0,1
0.0,0.0,-18.0,8.0,0.0,6.0,348.95500000000004,38.94,1294.0,5.0,0
0.0,0.0,-13.0,13.0,0.0,10.0,241.36,38.94,246.0,3.0,1
0.0,0.0,-19.0,6.0,0.0,2.0,300.32,38.94,551.5,1.0,0
0.0,0.0,-7.0,15.0,0.0,1.0,285.63,38.94,493.0,1.0,1
0.0,0.0,-11.0,6.0,0.0,10.0,348.95500000000004,19.68,924.0,2.0,0
0.0,0.0,-13.0,8.0,0.0,1.0,348.95500000000004,38.94,793.5,1.0,0
0.0,0.0,-23.0,13.0,0.0,1.0,348.95500000000004,34.349999999999994,154.0,1.0,0
0.0,0.0,-9.0,30.0,0.0,1.0,348.95500000000004,38.94,333.0,3.0,1
0.0,0.0,43.0,70.0,1.0,1.0,348.95500000000004,21.48,326.0,1.0,1
0.0,0.0,-13.0,2.0,0.0,1.0,300.12,10.22,528.0,2.0,0
0.0,0.0,-19.0,20.0,0.0,10.0,348.95500000000004,27.83,1056.0,1.0,0
0.0,0.0,-27.0,12.0,0.0,3.0,216.64,17.64,330.0,1.0,0
0.0,0.0,-27.0,8.0,0.0,1.0,348.95500000000004,38.94,332.5,1.0,1
0.0,0.0,-27.0,21.0,0.0,10.0,348.95500000000004,38.94,1222.0,1.0,0
0.0,0.0,-23.0,6.0,0.0,1.0,348.95500000000004,16.83,210.0,1.0,0
0.0,0.0,-25.0,10.0,0.0,1.0,348.95500000000004,38.94,857.0,1.0,0
0.0,0.0,-18.0,17.0,0.0,10.0,238.43,34.43,208.5,3.0,1
0.0,0.0,-7.0,13.0,0.0,1.0,220.58999999999997,38.94,303.0,1.0,0
0.0,0.0,-21.0,5.0,0.0,10.0,348.95500000000004,38.94,221.0,1.0,0
0.0,0.0,-23.0,5.0,0.0,1.0,208.54,9.14,155.0,1.0,0
0.0,0.0,-24.0,7.0,0.0,10.0,348.95500000000004,38.94,338.0,1.0,0
0.0,0.0,-8.0,12.0,0.0,10.0,348.95500000000004,36.24,1105.0,1.0,0
0.0,0.0,-25.0,6.0,0.0,10.0,348.95500000000004,38.94,143.0,2.0,0
0.0,0.0,-23.0,24.0,0.0,6.0,233.93,38.94,866.0,5.0,0
0.0,0.0,-9.0,24.0,0.0,5.0,348.95500000000004,38.94,1128.0,1.0,0
0.0,0.0,-10.0,8.0,0.0,1.0,348.95500000000004,37.54,1176.0,3.0,0
0.0,0.0,-10.0,4.0,0.0,4.0,348.95500000000004,11.86,371.0,2.0,0
0.0,0.0,-16.0,6.0,0.0,3.0,348.95500000000004,38.94,756.0,1.0,0
0.0,0.0,-5.0,16.0,0.0,10.0,242.32,16.33,591.0,1.0,0
0.0,0.0,-10.0,26.0,0.0,1.0,348.95500000000004,36.07,2644.0,6.0,0
0.0,0.0,-15.0,1.0,0.0,8.0,348.95500000000004,11.54,1625.0,4.0,0
0.0,0.0,-18.0,7.0,0.0,4.0,219.03,10.03,705.0,1.0,0
0.0,0.0,-12.0,4.0,0.0,10.0,348.95500000000004,12.39,595.0,3.0,0
0.0,0.0,-7.0,13.0,0.0,10.0,348.95500000000004,25.68,948.0,2.0,0
0.0,0.0,-13.0,5.0,0.0,8.0,234.47,35.47,408.0,1.0,0
0.0,0.0,-8.0,7.0,0.0,10.0,250.87,9.88,492.0,1.0,0
0.0,0.0,-26.0,13.0,0.0,10.0,348.95500000000004,21.7,746.0,1.0,0
0.0,0.0,-26.0,4.0,0.0,10.0,348.95500000000004,16.21,781.0,5.0,0
0.0,0.0,-69.0,15.0,0.0,10.0,239.6,38.94,411.0,1.0,0
0.0,0.0,-30.0,4.0,0.0,2.0,348.95500000000004,38.94,1893.0,1.0,0
0.0,0.0,-15.0,9.0,0.0,3.0,208.08,15.08,2558.0,1.0,0
0.0,0.0,-13.0,15.0,0.0,5.0,264.54,24.55,985.0,1.0,0
0.0,0.0,-7.0,10.0,0.0,1.0,348.95500000000004,25.11,317.0,1.0,0
0.0,0.0,-24.0,7.0,0.0,10.0,348.95500000000004,38.94,266.0,3.0,1
0.0,0.0,3.0,24.0,1.0,12.0,207.08,17.09,103.0,1.0,0
0.0,0.0,-18.0,13.0,0.0,2.0,348.95500000000004,22.74,796.0,1.0,0
0.0,0.0,-12.0,3.0,0.0,3.0,239.09,9.19,1132.0,8.0,0
0.0,0.0,-18.0,8.0,0.0,3.0,190.48,23.49,1456.0,1.0,0
0.0,0.0,-12.0,12.0,0.0,8.0,195.43,13.61,897.0,1.0,0
0.0,0.0,-13.0,13.0,0.0,8.0,314.21,15.21,1000.0,2.0,0
0.0,0.0,-28.0,6.0,0.0,1.0,260.99,32.99,768.0,4.0,0
0.0,0.0,-27.0,11.0,0.0,2.0,348.95500000000004,38.94,807.0,2.0,0
0.0,0.0,-36.0,6.0,0.0,1.0,340.03,20.04,1781.0,3.0,0
0.0,0.0,-12.0,9.0,0.0,3.0,348.95500000000004,23.1,340.0,3.0,0
0.0,0.0,-11.0,9.0,0.0,1.0,244.15,14.16,934.0,1.0,0
0.0,0.0,-19.0,14.0,0.0,7.0,348.95500000000004,38.94,796.0,3.0,0
0.0,0.0,-18.0,8.0,0.0,8.0,348.95500000000004,16.2,501.0,4.0,0
0.0,0.0,-16.0,17.0,0.0,2.0,348.95500000000004,34.38,1969.0,1.0,0
0.0,0.0,-11.0,5.0,0.0,1.0,214.3,38.94,223.0,1.0,0
0.0,0.0,-20.0,5.0,0.0,5.0,274.56,19.66,1302.0,4.0,0
0.0,0.0,-15.0,13.0,0.0,4.0,348.95500000000004,36.41,2136.0,1.0,0
0.0,0.0,-15.0,16.0,0.0,1.0,200.61,38.94,1493.0,6.0,0
0.0,0.0,-15.0,7.0,0.0,10.0,348.95500000000004,38.94,566.0,1.0,0
0.0,0.0,-8.0,29.0,0.0,5.0,288.82,38.94,1128.0,1.0,0
0.0,0.0,-18.0,8.0,0.0,8.0,348.95500000000004,38.94,3611.0,4.0,0
0.0,0.0,-17.0,3.0,0.0,8.0,329.76,14.86,605.0,2.0,0
0.0,0.0,-12.0,4.0,0.0,5.0,223.36,13.37,708.0,2.0,0
0.0,0.0,-14.0,14.0,0.0,5.0,348.95500000000004,38.94,1157.0,1.0,1
0.0,0.0,-14.0,5.0,0.0,5.0,254.77,34.129999999999995,919.0,1.0,0
0.0,0.0,-14.0,10.0,0.0,1.0,310.35,30.36,615.0,2.0,0
0.0,0.0,-10.0,13.0,0.0,6.0,348.95500000000004,38.94,267.5,3.5,0
0.0,0.0,-14.0,14.0,0.0,5.0,348.95500000000004,37.48,982.0,3.0,0
0.0,0.0,-19.0,6.0,0.0,10.0,348.95500000000004,38.94,3632.0,4.0,0
0.0,0.0,-10.0,17.0,0.0,1.0,256.35,26.45,233.0,2.0,0
0.0,0.0,-13.0,14.0,0.0,1.0,348.95500000000004,20.69,542.0,2.0,0
0.0,0.0,-14.0,9.0,0.0,10.0,348.95500000000004,19.52,2203.0,1.0,0
0.0,0.0,-17.0,6.0,0.0,10.0,289.45,21.07,2235.0,3.0,0
0.0,0.0,-14.0,8.0,0.0,10.0,235.78,35.89,1001.5,3.5,0
0.0,0.0,7.0,44.0,1.0,1.0,348.95500000000004,38.94,1447.0,5.0,1
0.0,0.0,-23.0,11.0,0.0,1.0,216.64,17.64,330.0,1.0,0
0.0,0.0,-21.0,8.0,0.0,8.0,226.12,16.22,231.0,1.0,0
0.0,0.0,1.0,8.0,1.0,2.0,348.95500000000004,9.77,2304.0,4.0,0
0.0,0.0,-4.0,18.0,0.0,1.0,348.95500000000004,38.94,603.0,1.0,1
0.0,0.0,-20.0,11.0,0.0,4.0,348.95500000000004,38.94,1030.0,4.0,0
0.0,0.0,-5.0,18.0,0.0,1.0,225.96,38.94,485.0,5.0,1
0.0,0.0,-26.0,19.0,0.0,8.0,348.95500000000004,19.95,541.0,1.0,0
0.0,0.0,-14.0,9.0,0.0,1.0,249.2,19.41,577.0,1.0,0
0.0,0.0,-13.0,12.0,0.0,6.0,226.95,38.94,492.0,2.0,0
0.0,0.0,-22.0,7.0,0.0,10.0,268.31,18.32,570.0,2.0,0
0.0,0.0,-8.0,6.0,0.0,6.0,241.74,21.94,250.0,1.0,0
0.0,0.0,-9.0,15.0,0.0,5.0,348.95500000000004,38.94,1733.0,1.0,0
0.0,0.0,-13.0,3.0,0.0,8.0,348.95500000000004,12.99,175.0,1.0,0
0.0,0.0,-4.0,15.0,0.0,1.0,292.11,13.34,1051.0,1.0,0
0.0,0.0,-5.0,9.0,0.0,3.0,250.79,20.8,804.0,2.0,0
0.0,0.0,-12.0,7.0,0.0,10.0,348.95500000000004,38.94,925.0,5.0,1
0.0,0.0,-8.0,12.0,0.0,5.5,348.95500000000004,38.94,755.0,9.0,0
0.0,0.0,-17.0,10.0,0.0,5.0,266.89,20.27,1246.0,1.0,0
0.0,0.0,-24.0,13.0,0.0,10.0,348.95500000000004,29.34,660.0,2.0,0
0.0,0.0,-9.0,12.0,0.0,1.0,212.32,32.52,245.0,1.0,0
0.0,0.0,9.0,34.0,1.0,10.0,348.95500000000004,38.94,250.0,1.0,0
0.0,0.0,-25.0,15.0,0.0,1.0,230.96,17.97,271.0,2.0,0
0.0,0.0,-15.0,11.0,0.0,2.0,348.95500000000004,38.94,1515.0,1.0,0
0.0,0.0,-12.0,20.0,0.0,5.0,348.95500000000004,17.48,492.0,1.0,0
0.0,0.0,-10.0,9.0,0.0,10.0,348.95500000000004,38.94,1378.0,1.0,0
0.0,0.0,-8.0,19.0,0.0,3.0,225.16,38.94,2455.0,2.0,1
0.0,0.0,-10.0,11.0,0.0,4.0,243.35,15.35,1402.0,3.0,0
0.0,0.0,-15.0,11.0,0.0,4.0,321.29,21.29,3464.0,4.0,0
0.0,0.0,-14.0,18.0,0.0,6.0,348.95500000000004,25.52,694.0,1.0,0
0.0,0.0,-7.0,14.0,0.0,8.0,348.95500000000004,18.5,1616.0,3.0,0
0.0,0.0,-3.0,18.0,0.0,1.0,348.95500000000004,20.76,427.0,1.0,0
0.0,0.0,-21.0,7.0,0.0,1.0,199.93,38.94,708.0,6.0,0
0.0,0.0,-19.0,5.0,0.0,5.0,249.55,14.55,729.0,2.0,0
0.0,0.0,-5.0,13.0,0.0,1.0,348.95500000000004,38.94,1246.0,1.0,1
0.0,0.0,-7.0,18.0,0.0,4.0,206.76,17.76,693.0,1.0,0
0.0,0.0,-14.0,8.0,0.0,1.0,288.31,35.46,676.0,2.0,0
0.0,0.0,-24.0,3.0,0.0,8.0,316.4,16.41,1139.0,3.0,0
0.0,0.0,-19.0,27.0,0.0,1.0,259.56,38.94,330.0,1.0,0
0.0,0.0,10.0,28.0,1.0,8.0,246.26,16.36,1128.0,2.0,1
0.0,0.0,-12.0,8.0,0.0,5.0,245.76,13.96,327.0,1.0,0
0.0,0.0,0.0,26.0,0.0,3.0,253.74,38.94,1290.0,1.0,0
0.0,0.0,-7.0,13.0,0.0,10.0,348.95500000000004,26.47,980.0,7.0,0
0.0,0.0,-6.0,5.0,0.0,5.0,248.57,29.57,445.0,3.0,0
0.0,0.0,-24.0,13.0,0.0,8.0,286.84,14.92,946.0,1.0,0
0.0,0.0,-33.0,7.0,0.0,8.0,348.95500000000004,20.43,625.0,1.0,0
0.0,0.0,-15.0,15.0,0.0,1.0,246.84,38.94,279.0,1.0,0
0.0,0.0,-26.0,7.0,0.0,6.0,230.65,38.94,336.0,2.0,0
0.0,0.0,-12.0,8.0,0.0,4.0,186.82,16.82,514.0,2.0,0
0.0,0.0,-1.0,15.0,0.0,4.0,348.95500000000004,18.14,452.0,1.0,0
0.0,0.0,-15.0,8.0,0.0,5.0,257.18,24.43,1799.0,3.0,0
0.0,0.0,-7.0,14.0,0.0,1.0,348.95500000000004,24.45,261.0,1.0,0
0.0,0.0,-21.0,15.0,0.0,5.0,226.57,16.57,217.0,1.0,0
0.0,0.0,-36.0,10.0,0.0,4.0,307.18,38.94,1013.0,5.0,0
0.0,0.0,13.0,33.0,1.0,1.0,283.02,38.94,260.0,1.0,0
0.0,0.0,-18.0,12.0,0.0,4.0,284.73,34.83,207.0,2.0,0
0.0,0.0,1.0,27.0,1.0,1.0,262.69,38.94,1161.0,10.0,0
0.0,0.0,14.0,44.0,1.0,4.0,217.92,38.94,828.0,4.0,1
0.0,0.0,-6.0,29.0,0.0,2.0,229.34,38.94,985.0,1.0,1
0.0,0.0,-14.0,15.0,0.0,10.0,348.95500000000004,38.94,407.0,1.0,0
0.0,0.0,-14.0,10.0,0.0,1.0,187.6,17.63,3217.0,2.0,0
0.0,0.0,-21.0,5.0,0.0,10.0,348.95500000000004,17.02,1056.0,1.0,0
0.0,0.0,-14.0,11.0,0.0,1.0,348.95500000000004,38.94,1247.0,7.0,0
0.0,0.0,-7.0,21.0,0.0,1.0,241.37,22.37,249.0,3.0,0
0.0,0.0,-14.0,11.0,0.0,5.0,274.69,20.69,2358.0,6.0,0
0.0,0.0,-7.0,20.0,0.0,7.0,212.02,16.12,465.0,1.0,0
0.0,0.0,-21.0,6.0,0.0,10.0,219.08,19.28,486.0,2.0,0
0.0,0.0,-20.0,9.0,0.0,10.0,348.95500000000004,19.75,1499.0,1.0,0
0.0,0.0,-7.0,15.0,0.0,1.0,235.05,38.94,2718.0,1.0,0
0.0,0.0,-10.0,22.0,0.0,8.0,348.95500000000004,29.05,694.0,1.0,0
0.0,0.0,-17.0,10.0,0.0,1.0,275.56,16.56,1020.0,4.0,0
0.0,0.0,-11.0,15.0,0.0,10.0,348.95500000000004,18.85,875.0,1.0,0
0.0,0.0,-15.0,10.0,0.0,4.0,348.95500000000004,20.36,629.0,2.0,0
0.0,0.0,-15.0,7.0,0.0,8.0,285.3,25.5,189.0,1.0,0
0.0,0.0,-11.0,5.0,0.0,3.0,230.54,10.55,736.0,2.0,0
0.0,0.0,10.0,44.0,1.0,10.0,348.95500000000004,25.62,771.0,1.0,1
0.0,0.0,-19.0,7.0,0.0,8.0,348.95500000000004,15.47,625.0,1.0,0
0.0,0.0,-8.0,6.0,0.0,1.0,348.95500000000004,38.94,1404.0,4.0,0
0.0,0.0,-16.0,5.0,0.0,10.0,348.95500000000004,38.94,1310.0,3.0,0
0.0,0.0,-28.0,12.0,0.0,10.0,348.95500000000004,38.94,695.0,6.0,0
0.0,0.0,-20.0,14.0,0.0,6.0,342.84,38.94,2064.0,4.0,0
0.0,0.0,-8.0,10.0,0.0,1.0,348.95500000000004,37.54,1176.0,3.0,0
0.0,0.0,-46.0,9.0,0.0,10.0,348.95500000000004,24.55,394.0,3.0,0
0.0,0.0,-15.0,21.0,0.0,1.0,348.95500000000004,29.3,625.0,1.0,0
0.0,0.0,-11.0,8.0,0.0,1.0,284.89,38.94,444.0,1.0,0
0.0,0.0,-11.0,14.0,0.0,3.0,234.73,18.79,1885.0,1.0,0
0.0,0.0,-19.0,1.0,0.0,3.0,348.95500000000004,29.599999999999998,866.3333333333334,1.0,0
0.0,0.0,-3.0,15.0,0.0,3.0,235.23,38.94,1975.0,1.0,0
0.0,0.0,-7.0,5.0,0.0,6.0,348.95500000000004,13.36,224.0,3.0,0
0.0,0.0,-9.0,12.0,0.0,1.0,333.37,38.94,640.0,2.0,0
0.0,0.0,-11.0,9.0,0.0,10.0,321.58,21.59,753.0,2.0,0
0.0,0.0,-27.0,13.0,0.0,2.0,317.0,20.009999999999998,920.0,1.0,1
0.0,0.0,-16.0,7.0,0.0,3.0,292.37,22.38,474.0,1.0,0
0.0,0.0,2.0,21.0,1.0,1.0,280.12,30.12,756.0,1.0,1
0.0,0.0,-21.0,6.0,0.0,2.0,348.95500000000004,17.96,3533.0,4.0,0
0.0,0.0,-11.0,8.0,0.0,10.0,299.76,38.94,870.0,1.0,0
0.0,0.0,-15.0,17.0,0.0,1.0,231.12,38.94,2188.0,2.0,0
0.0,0.0,-26.0,17.0,0.0,5.0,348.95500000000004,38.94,278.0,1.0,1
0.0,0.0,-9.0,14.0,0.0,10.0,235.22,28.22,575.0,2.0,0
0.0,0.0,-13.0,12.0,0.0,5.0,341.02,16.02,2644.0,6.0,0
0.0,0.0,7.0,36.0,1.0,1.0,348.95500000000004,24.17,2181.0,1.0,0
0.0,0.0,-11.0,13.0,0.0,4.0,348.95500000000004,27.76,1105.0,1.0,1
0.0,0.0,-13.0,10.0,0.0,1.0,238.63,19.63,1532.0,3.0,0
0.0,0.0,-15.0,18.0,0.0,8.0,250.28,38.94,867.0,2.0,0
0.0,0.0,-19.0,7.0,0.0,1.0,240.65,38.94,1482.0,2.0,1
0.0,0.0,-11.0,17.0,0.0,1.0,268.9,19.0,236.0,1.0,0
0.0,0.0,-14.0,6.0,0.0,10.0,341.68,13.69,558.0,2.0,0
0.0,0.0,12.0,43.0,1.0,1.0,348.95500000000004,38.94,606.0,2.0,1
0.0,0.0,-11.0,16.0,0.0,10.0,332.48,22.49,2582.0,3.0,1
0.0,0.0,-12.0,5.0,0.0,4.0,212.1,13.1,2066.0,1.0,0
0.0,0.0,-23.0,5.0,0.0,5.0,314.41,27.51,1064.0,3.0,0
0.0,0.0,-37.0,9.0,0.0,1.0,252.99,34.99,763.0,2.0,0
0.0,0.0,-15.0,17.0,0.0,1.0,348.95500000000004,29.07,847.0,3.0,0
0.0,0.0,-36.0,23.0,0.0,1.0,221.13,38.94,1350.0,1.0,0
0.0,0.0,-38.0,9.0,0.0,10.0,290.95,38.94,402.0,2.0,0
0.0,0.0,-14.0,11.0,0.0,2.0,348.95500000000004,38.94,644.9090909090909,2.0,0
0.0,0.0,-12.0,11.0,0.0,8.0,229.65,20.65,971.0,1.0,0
0.0,0.0,-25.0,35.0,0.0,10.0,219.35,38.94,621.0,1.0,1
0.0,0.0,-11.0,6.0,0.0,10.0,348.95500000000004,14.68,1030.0,1.0,0
0.0,0.0,-13.0,5.0,0.0,10.0,348.95500000000004,11.9,764.0,2.0,1
0.0,0.0,-18.0,7.0,0.0,3.0,193.96,24.06,1254.0,2.0,0
0.0,0.0,-12.0,3.0,0.0,10.0,348.95500000000004,17.55,382.0,2.0,0
0.0,0.0,-13.0,11.0,0.0,10.0,338.84,38.94,155.0,2.0,0
0.0,0.0,-7.0,7.0,0.0,6.0,348.95500000000004,10.03,501.0,4.0,0
0.0,0.0,-11.0,15.0,0.0,1.0,270.16,38.94,1893.0,1.0,0
0.0,0.0,-12.0,9.0,0.0,4.0,187.59,38.94,241.0,1.0,0
0.0,0.5,-15.0,9.0,0.0,1.0,318.48,48.78,245.0,1.0,1
0.0,0.0,-15.0,10.0,0.0,3.0,318.97,19.97,1479.0,3.0,0
0.0,0.0,-13.0,8.0,0.0,1.0,230.49,24.59,2257.0,1.0,1
0.0,0.0,-7.0,4.0,0.0,8.0,286.79,26.8,582.0,1.0,0
0.0,0.0,-23.0,4.0,0.0,4.0,234.57,8.92,617.0,2.0,0
0.0,0.0,27.0,54.0,1.0,2.0,189.37,38.94,1893.0,1.0,1
0.0,0.0,6.0,37.0,1.0,10.0,264.76,38.94,530.0,1.0,1
0.0,0.0,-4.0,19.0,0.0,5.0,348.95500000000004,38.94,724.0,1.0,0
0.0,0.0,-11.0,7.0,0.0,10.0,211.89,12.89,640.0,1.0,0
0.0,0.0,5.0,35.0,1.0,8.0,348.95500000000004,33.34,1125.0,3.0,1
0.0,0.0,29.0,57.0,1.0,5.0,216.05,16.15,465.0,1.0,1
0.0,0.0,-10.0,8.0,0.0,5.0,224.02,14.02,267.0,1.0,0
0.0,0.0,-10.0,17.0,0.0,4.0,348.95500000000004,27.49,445.0,2.0,0
0.0,0.0,-10.0,12.0,0.0,1.0,348.95500000000004,18.95,660.0,2.0,0
0.0,0.0,-21.0,10.0,0.0,1.0,249.62,29.62,2083.0,5.0,0
0.0,0.0,-7.0,30.0,0.0,10.0,348.95500000000004,38.94,2653.0,1.0,0
0.0,0.0,-22.0,11.0,0.0,8.0,348.95500000000004,38.94,1136.0,4.0,0
0.0,0.0,-30.0,6.0,0.0,7.0,303.86,38.94,601.0,3.0,0
0.0,0.0,-16.0,16.0,0.0,5.0,266.16,38.94,673.0,1.0,1
0.0,0.0,-14.0,10.0,0.0,1.0,305.08,14.61,1086.0,2.0,0
0.0,0.0,-13.0,17.0,0.0,3.0,220.88,21.88,514.0,2.0,0
0.0,0.0,-18.0,3.0,0.0,4.0,217.09,38.94,183.16666666666666,1.0,1
0.0,0.0,0.0,22.0,0.0,1.0,248.84,38.94,375.0,2.0,0
0.0,0.0,-23.0,7.0,0.0,6.0,348.95500000000004,38.94,521.0,1.0,0
0.0,0.0,-22.0,13.0,0.0,5.0,348.95500000000004,20.74,3839.0,4.0,0
0.0,0.0,-29.0,9.0,0.0,4.0,309.99,38.94,396.0,1.0,1
0.0,0.0,-17.0,21.0,0.0,5.0,279.57,38.94,883.0,1.0,0
0.0,0.0,-16.0,17.0,0.0,1.0,319.33,20.33,625.0,1.0,0
0.0,0.0,-10.0,11.0,0.0,1.0,196.99,17.99,1954.0,3.0,0
0.0,0.0,-21.0,4.0,0.0,10.0,348.95500000000004,31.46,260.0,8.0,0
0.0,0.0,-13.0,8.0,0.0,1.0,348.95500000000004,38.94,2424.0,4.0,0
0.0,0.0,-20.0,8.0,0.0,9.0,348.95500000000004,38.94,2105.0,1.0,0
0.0,0.0,-4.0,12.0,0.0,4.0,348.95500000000004,38.94,344.0,2.0,0
0.0,0.0,-16.0,19.0,0.0,5.0,306.35,31.45,890.0,1.0,0
0.0,0.0,-10.0,24.0,0.0,1.0,348.95500000000004,29.56,1792.0,2.0,0
0.0,0.0,-12.0,8.0,0.0,2.0,346.81,38.94,439.0,1.0,0
0.0,0.0,-19.0,11.0,0.0,10.0,348.95500000000004,38.94,1290.0,1.0,0
0.0,0.0,-21.0,14.0,0.0,1.0,289.68,38.94,3666.0,2.0,0
0.0,0.0,-11.0,5.0,0.0,5.0,275.67,10.67,1484.0,4.0,0
0.0,0.0,-7.0,6.0,0.0,6.0,348.95500000000004,11.44,268.0,3.0,0
0.0,0.0,-12.0,8.0,0.0,6.0,202.05,16.06,558.0,1.0,0
0.0,0.0,-7.0,15.0,0.0,2.0,697.9100000000001,32.6,972.0,1.0,0
0.0,0.0,-3.0,20.0,0.0,1.0,222.16,32.16,1430.0,8.0,0
0.0,0.0,-16.0,18.0,0.0,7.0,253.87,38.94,162.0,5.0,0
0.0,0.0,-20.0,11.0,0.0,4.0,348.95500000000004,38.94,1069.0,3.0,0
0.0,0.0,-10.0,5.0,0.0,4.0,252.36,38.94,296.5,1.5,0
0.0,0.0,-6.0,27.0,0.0,2.0,285.54,35.55,393.0,1.0,1
0.0,0.0,-14.0,11.0,0.0,5.5,225.21,16.21,335.0,5.0,0
0.0,0.0,-16.0,9.0,0.0,3.0,348.95500000000004,20.69,625.0,1.0,0
0.0,0.0,-2.0,13.0,0.0,1.0,237.8,38.94,397.0,1.5,0
0.0,0.0,-10.0,16.0,0.0,3.0,320.69,20.79,550.0,2.0,0
0.0,0.0,-10.0,3.0,0.0,1.0,309.84,9.84,610.0,2.0,0
0.0,0.0,-13.0,5.0,0.0,1.0,189.97,10.07,883.0,5.0,0
0.0,0.0,-17.0,1.0,0.0,3.0,348.95500000000004,14.35,1496.0,3.0,0
0.0,0.0,-14.0,10.0,0.0,3.0,217.06,17.16,906.0,2.0,0
0.0,0.0,-15.0,20.0,0.0,6.0,348.95500000000004,31.75,869.0,7.0,0
0.0,0.0,-6.0,19.0,0.0,8.0,348.95500000000004,38.94,1259.0,1.0,0
0.0,0.0,-9.0,23.0,0.0,1.0,348.95500000000004,27.47,788.0,5.0,0
0.0,0.0,-20.0,10.0,0.0,10.0,348.95500000000004,38.94,1186.0,4.0,0
0.0,0.0,-9.0,20.0,0.0,6.0,348.95500000000004,38.94,1250.0,4.0,0
0.0,0.0,-22.0,11.0,0.0,4.0,318.3,29.3,527.0,1.0,0
0.0,0.0,-12.0,4.0,0.0,1.0,348.95500000000004,18.23,553.0,2.0,0
0.0,0.0,-2.0,19.0,0.0,10.0,348.95500000000004,29.24,1789.0,3.0,0
0.0,0.0,-16.0,8.0,0.0,1.0,213.02,28.02,606.0,2.0,0
0.0,0.0,-13.0,7.0,0.0,1.0,279.25,19.26,606.0,2.0,0
0.0,0.0,-4.0,25.0,0.0,1.0,238.69,18.79,236.0,1.0,0
0.0,0.0,-19.0,9.0,0.0,10.0,348.95500000000004,38.94,922.0,1.0,0
0.0,0.0,-9.0,9.0,0.0,1.0,348.95500000000004,37.46,1176.0,3.0,0
0.0,0.0,-5.0,6.0,0.0,10.0,348.95500000000004,38.94,812.0,1.0,0
0.0,0.0,-4.0,9.0,0.0,1.0,348.95500000000004,26.21,641.0,4.0,0
0.0,0.0,-17.0,4.0,0.0,10.0,348.95500000000004,26.22,519.5,4.0,0
0.0,0.0,-17.0,7.0,0.0,1.0,348.95500000000004,24.34,1463.0,3.0,0
0.0,0.0,18.0,38.0,1.0,2.0,266.25,38.94,1005.0,1.0,1
0.0,0.0,8.0,49.0,1.0,1.0,287.64,38.94,507.0,1.0,0
0.0,0.0,-2.0,17.0,0.0,5.0,224.5,34.6,941.0,1.0,0
0.0,0.0,-23.0,11.0,0.0,1.0,348.95500000000004,38.94,3954.0,2.0,0
0.0,0.0,-1.0,26.0,0.0,2.0,271.08,31.09,1001.0,1.0,0
0.0,0.0,-14.0,4.0,0.0,1.0,250.48,10.49,1199.0,3.0,0
0.0,0.0,-9.0,14.0,0.0,8.0,316.92,38.94,2235.0,1.0,0
0.0,0.0,-7.0,21.0,0.0,1.0,317.8,18.8,217.0,3.0,0
0.0,0.0,2.0,32.0,1.0,3.0,348.95500000000004,17.68,473.0,1.0,1
0.0,0.0,-25.0,5.0,0.0,1.0,254.66,36.68,189.0,1.0,1
0.0,0.0,-18.0,17.0,0.0,5.0,348.95500000000004,38.94,452.0,1.0,0
0.0,0.0,-21.0,22.0,0.0,1.0,348.95500000000004,38.94,1751.0,2.0,0
0.0,0.0,-15.0,7.0,0.0,10.0,348.95500000000004,38.94,208.25,1.25,0
0.0,0.0,13.0,37.0,1.0,8.0,348.95500000000004,38.94,1404.0,4.0,1
0.0,0.0,-10.0,7.0,0.0,1.0,288.06,29.96,407.0,1.0,0
0.0,0.0,12.0,39.0,1.0,5.0,348.95500000000004,38.94,361.0,1.0,1
0.0,0.0,-23.0,32.0,0.0,8.0,348.95500000000004,35.18,259.0,1.0,0
0.0,0.0,-16.0,5.0,0.0,10.0,348.95500000000004,38.94,447.0,1.0,0
0.0,0.0,-17.0,20.0,0.0,1.0,348.95500000000004,38.94,1128.0,1.0,0
0.0,0.0,-10.0,22.0,0.0,7.0,206.53,26.54,528.0,1.0,0
0.0,0.0,-14.0,10.0,0.0,1.0,289.32,38.94,2979.0,1.0,0
0.0,0.0,-15.0,12.0,0.0,10.0,341.33,38.94,573.0,3.0,0
0.0,0.0,-13.0,23.0,0.0,4.0,207.73,38.73,241.0,6.0,0
0.0,0.0,-16.0,32.0,0.0,3.0,348.95500000000004,38.94,1009.0,4.0,0
0.0,0.0,-16.0,9.0,0.0,1.0,295.0,17.15,1419.0,2.0,0
0.0,0.0,-17.0,21.0,0.0,1.0,315.92,38.94,154.0,1.0,0
0.0,0.0,-15.0,10.0,0.0,4.0,228.58,15.58,855.0,2.0,0
0.0,0.0,-35.0,9.0,0.0,8.0,348.95500000000004,38.94,844.5,1.0,0
0.0,0.0,-14.0,10.0,0.0,4.0,187.34,17.44,919.0,5.0,0
0.0,0.0,15.0,38.0,1.0,4.0,272.5,38.94,631.0,1.0,1
0.0,0.0,-12.0,3.0,0.0,8.0,237.07,17.17,233.0,1.0,0
0.0,0.0,-12.0,16.0,0.0,7.0,348.95500000000004,31.8,1222.0,1.0,0
0.0,0.0,-14.0,4.0,0.0,2.0,239.96,10.96,439.0,1.0,0
0.0,0.0,3.0,20.0,1.0,1.0,348.95500000000004,22.63,180.0,5.0,1
0.0,0.0,-8.0,4.0,0.0,4.0,333.54,38.94,482.0,2.0,1
0.0,0.0,-41.0,6.0,0.0,8.0,301.34,38.94,339.0,5.0,0
0.0,0.0,-15.0,10.0,0.0,4.0,234.56,14.56,1327.0,1.0,0
0.0,0.0,-28.0,17.0,0.0,8.0,267.66,27.76,407.0,1.0,0
0.0,0.0,-23.0,15.0,0.0,5.0,348.95500000000004,35.63,525.0,3.0,0
0.0,0.0,-18.0,9.0,0.0,5.0,279.92,38.94,419.0,3.0,0
0.0,0.0,-19.0,14.0,0.0,3.0,209.0,0.0,236.0,1.0,0
0.0,0.0,-20.0,9.0,0.0,1.0,189.42,20.42,941.0,1.0,0
0.0,0.0,-7.0,5.0,0.0,6.0,348.95500000000004,18.76,1882.0,4.0,0
0.0,0.0,-18.0,10.0,0.0,1.0,231.27,26.27,162.0,5.0,0
0.0,0.0,-9.0,13.0,0.0,2.0,226.9,13.0,582.0,1.0,0
0.0,0.0,-21.0,10.0,0.0,1.0,348.95500000000004,31.1,1990.0,2.0,0
0.0,0.0,-6.0,8.0,0.0,4.0,245.22,35.23,516.0,1.0,0
0.0,0.0,-9.0,17.0,0.0,2.0,220.88,21.88,514.0,2.0,0
0.0,0.0,-5.0,37.0,0.0,8.0,348.95500000000004,36.7,779.0,2.0,1
0.0,0.0,-16.0,13.0,0.0,1.0,348.95500000000004,38.94,408.0,3.0,0
0.0,0.0,-12.0,23.0,0.0,1.0,265.8,20.0,255.0,1.0,0
0.0,0.0,-27.0,27.0,0.0,10.0,348.95500000000004,38.94,478.5,1.0,0
