cancellation,no_delivery,delivery_delay,delivery_time,late_delivery_flag,avg_installments,total_payment,freight_value,product_description_length,product_photos_qty,is_dissatisfied
0.0,0.0,-17.5,6.5,0.0,2.0,354.37,36.480000000000004,631.5,1.0,0
0.0,0.0,-19.0,17.5,0.0,1.0,123.25,41.8,1022.0,1.0,0
0.0,0.0,-12.5,5.5,0.0,1.0,252.4,52.8,459.5,1.5,0
0.0,0.0,-10.0,13.0,0.0,1.5,214.9,32.0,593.0,6.5,0
0.0,0.0,-16.0,12.5,0.0,8.0,236.3,52.87,2267.5,3.0,0
0.0,0.0,-6.0,9.0,0.0,5.25,495.33,49.01,2055.0,3.5,0
0.0,0.0,-15.5,5.0,0.0,5.5,423.365,53.449999999999996,2254.5,4.0,0
0.0,0.0,-14.0,3.0,0.0,2.0,245.37,19.03,693.0,3.5,0
0.0,0.0,-20.5,9.5,0.0,3.0,356.39,74.97999999999999,2659.0,1.0,0
0.0,0.0,-11.5,12.5,0.0,2.0,315.12,25.22,603.0,1.0,0
0.0,0.0,-9.0,7.5,0.0,8.5,259.89,51.010000000000005,337.33333333333337,1.3333333333333335,0
0.0,0.0,-22.5,5.0,0.0,2.0,75.31,34.05,499.0,1.5,0
0.0,0.0,-12.0,3.0,0.0,1.0,165.34,23.34,360.5,5.0,0
0.0,0.0,-21.5,15.0,0.0,2.0,242.5,73.09,385.75,1.25,0
0.0,0.0,-26.0,8.5,0.0,6.5,463.03999999999996,35.04,1476.0,1.0,0
0.0,0.0,-5.5,21.5,0.5,1.0,264.04,64.44,928.0,1.0,0
0.0,0.0,-10.5,16.5,0.0,7.0,199.03,61.03,678.5,1.75,0
0.0,0.0,-11.0,16.0,0.0,3.0,101.43,36.44,613.5,1.0,0
0.0,0.0,-11.0,20.5,0.0,1.0,347.55,69.55000000000001,986.5,3.5,0
0.0,0.0,-12.5,5.0,0.0,2.0,194.57,21.68,477.5,1.0,0
0.0,0.0,-17.5,19.0,0.0,4.5,96.63,32.650000000000006,317.0,1.0,0
0.0,0.0,-16.0,6.666666666666667,0.0,1.0,583.085,69.86,461.0,1.3333333333333333,0
0.0,0.0,-5.5,9.5,0.0,1.0,68.86,22.880000000000003,197.0,1.0,0
0.0,0.0,-13.0,17.666666666666668,0.0,1.0,290.96,45.96,321.6666666666667,1.0,0
0.0,0.0,-13.0,2.0,0.0,1.0,71.88,31.48,247.0,1.0,0
0.0,0.0,-5.5,6.5,0.0,2.0,73.04,16.05,745.5,2.0,0
0.0,0.0,-8.5,13.5,0.0,1.0,495.96,77.88,1595.0,3.5,0
0.0,0.0,-7.5,13.5,0.0,1.5,93.0,42.3,443.0,1.0,0
0.0,0.0,-31.5,8.0,0.0,10.0,697.9100000000001,77.88,886.5,2.0,0
0.0,0.0,-16.0,9.5,0.0,4.5,447.285,62.269999999999996,671.0,1.0,0
0.0,0.0,-8.5,10.5,0.0,1.0,645.53,38.53,742.0,1.0,0
0.0,0.0,-18.5,13.0,0.0,1.0,120.84,34.95,140.0,1.0,0
0.0,0.0,-7.0,3.5,0.0,1.5,72.65,17.68,467.0,1.0,0
0.0,0.0,-13.5,19.0,0.0,1.0,99.44999999999999,50.47,397.0,2.0,0
0.0,0.0,-6.5,15.0,0.5,1.0,238.55,46.56,948.5,2.0,0
0.0,0.0,-8.666666666666666,7.666666666666667,0.0,1.6666666666666667,153.45999999999998,31.57,395.0,2.3333333333333335,0
0.3333333333333333,0.3333333333333333,-13.0,9.0,0.0,5.333333333333333,690.52,62.92,340.0,2.0,0
0.0,0.0,-14.5,20.5,0.0,5.0,387.39,41.91,730.0,1.0,0
0.0,0.0,-14.5,8.5,0.0,10.0,384.16999999999996,35.269999999999996,1697.0,1.5,0
0.0,0.0,-10.5,11.5,0.0,1.0,178.95,34.05,523.5,3.0,0
0.0,0.0,-16.5,7.0,0.0,4.0,255.79000000000002,36.89,274.0,3.0,0
0.0,0.0,-6.5,20.5,0.5,2.0,425.605,38.4,687.0,3.0,0
0.0,0.0,-15.5,11.0,0.0,3.0,199.76,38.870000000000005,377.0,1.5,0
0.0,0.0,-13.0,9.5,0.0,1.0,127.59,38.64,208.0,1.5,0
0.0,0.0,-8.0,4.0,0.0,1.0,148.32,28.32,190.0,1.0,0
0.0,0.0,-10.0,3.0,0.0,1.0,339.46,23.46,162.0,1.0,0
0.0,0.0,-12.0,1.5,0.0,3.0,115.49,45.629999999999995,654.5,2.0,0
0.0,0.0,-8.0,4.0,0.0,1.0,61.54,18.54,158.0,1.0,1
0.0,0.0,-11.0,9.5,0.0,2.0,210.78,30.78,269.0,1.0,0
0.0,0.0,-13.5,25.0,0.5,4.0,131.94,31.97,723.0,1.5,1
0.0,0.0,-4.0,5.5,0.0,5.75,394.83500000000004,51.83,619.0,1.5,0
0.0,0.0,1.5,16.5,0.5,8.5,239.16,29.159999999999997,179.5,4.0,0
0.0,0.0,-16.5,11.0,0.0,2.5,231.49,31.089999999999996,1622.0,1.0,0
0.0,0.0,-13.5,14.5,0.0,3.0,87.5,43.61,454.0,1.0,0
0.0,0.0,-7.0,21.5,0.0,9.0,602.1750000000001,51.83,741.0,2.0,0
0.0,0.0,-23.0,9.0,0.0,1.0,514.49,46.79,218.25,1.0,1
0.0,0.0,-9.5,12.5,0.0,6.5,442.19,57.290000000000006,603.0,1.0,0
0.0,0.0,-14.5,10.0,0.0,5.5,188.51999999999998,23.619999999999997,510.5,2.0,0
0.0,0.0,-6.5,4.5,0.0,1.0,103.13,15.129999999999999,845.0,3.5,0
0.0,0.0,-16.0,10.0,0.0,1.0,255.55,80.55,564.0,1.0,0
0.0,0.0,-7.0,6.0,0.0,1.0,68.81,17.31,590.5,2.0,0
0.0,0.0,-10.5,8.0,0.0,8.0,669.5350000000001,59.39,1060.5,2.0,0
0.0,0.0,-26.666666666666668,17.333333333333332,0.0,1.0,288.8,67.0,212.33333333333334,1.0,0
0.0,0.0,-24.5,7.0,0.0,2.5,130.64,30.66,670.5,1.5,0
0.0,0.0,-17.0,5.5,0.0,6.0,410.75500000000005,25.259999999999998,414.0,2.0,0
0.0,0.0,-15.5,13.0,0.0,1.0,581.0150000000001,69.6,1159.0,1.0,0
0.0,0.0,-22.5,7.5,0.0,1.0,188.79,35.89,3604.0,1.0,0
0.0,0.0,-26.5,13.5,0.0,6.0,126.02000000000001,30.22,531.0,4.0,0
0.0,0.0,-11.666666666666666,13.0,0.0,1.0,167.32999999999998,39.43,222.66666666666666,1.0,0
0.0,0.0,-23.5,7.0,0.0,3.0,71.57,28.67,425.0,3.0,0
0.0,0.0,-4.0,13.5,0.0,3.0,198.49,28.64,280.5,2.0,0
0.0,0.0,6.666666666666667,32.333333333333336,0.6666666666666666,1.3333333333333333,251.54,61.14,187.5,1.0,0
0.0,0.0,-18.5,11.0,0.0,10.0,481.40500000000003,33.120000000000005,1888.0,3.0,0
0.0,0.0,-16.5,14.5,0.0,2.5,202.81,37.14,739.0,4.0,1
0.0,0.0,-27.0,4.0,0.0,4.666666666666667,218.63,47.83,729.3333333333334,3.6666666666666665,0
0.0,0.0,-11.5,4.5,0.0,2.0,99.41,18.61,903.0,3.5,0
0.0,0.0,-24.0,10.0,0.0,5.5,530.77,57.56,926.5,2.0,0
0.0,0.0,-10.0,8.5,0.0,1.0,484.32,77.88,364.0,1.0,0
0.0,0.0,-24.0,6.5,0.0,1.0,192.7,35.7,606.0,2.0,0
0.0,0.0,-2.5,9.0,0.0,5.0,384.44,65.58,643.5,2.5,0
0.0,0.25,-29.0,9.0,0.0,5.25,320.26,101.38,786.75,1.0,0
0.0,0.0,-1.5,9.5,0.0,1.5,113.95,25.060000000000002,407.5,2.5,0
0.0,0.0,-15.5,6.5,0.0,5.0,177.82999999999998,39.43,689.0,1.0,0
0.0,0.0,-27.5,9.5,0.0,8.0,510.21500000000003,33.4,1383.5,2.0,0
0.0,0.0,-4.5,17.5,0.5,3.0,123.47,30.32,555.5,2.5,1
0.0,0.0,-27.5,6.0,0.0,10.0,342.77,59.94,495.66666666666663,1.1666666666666665,0
0.0,0.0,-9.5,3.0,0.0,1.0,118.25999999999999,16.560000000000002,828.5,1.5,0
0.0,0.0,-21.0,12.333333333333334,0.0,2.3333333333333335,405.03,57.03,1885.0,1.0,0
0.0,0.0,-12.5,13.5,0.0,3.5,259.81,35.53,397.5,1.5,0
0.0,0.0,-10.25,26.5,0.0,2.0,1050.385,151.82,703.0,1.5,0
0.0,0.0,-8.0,12.666666666666666,0.0,1.0,571.6800000000001,80.64,680.0,1.6666666666666667,1
0.0,0.0,-24.0,10.5,0.0,1.0,244.23,44.43,758.0,1.5,0
0.0,0.0,-9.333333333333334,6.333333333333333,0.0,1.0,332.95,31.25,386.3333333333333,1.6666666666666667,0
0.0,0.0,-18.0,12.5,0.0,8.0,162.28,32.3,492.0,2.0,0
0.0,0.0,-14.0,7.5,0.0,1.5,317.83,50.53,894.5,1.0,0
0.0,0.0,-15.5,13.0,0.0,5.5,175.41000000000003,33.19,394.0,1.5,0
0.0,0.0,-11.0,20.0,0.0,10.0,430.79,70.4,638.5,1.0,0
0.0,0.0,43.0,73.0,1.0,7.5,222.56,55.16,429.5,2.0,0
0.0,0.0,-11.0,13.5,0.0,1.0,443.63500000000005,48.03,1627.75,8.0,0
0.0,0.0,-13.5,6.0,0.0,2.0,460.93500000000006,51.019999999999996,921.5,5.0,0
0.0,0.0,-13.0,15.0,0.0,1.0,225.24,61.019999999999996,565.0,1.0,0
0.0,0.0,-8.5,20.0,0.0,1.0,312.49,37.07,422.0,1.0,0
0.0,0.0,-9.5,19.0,0.0,15.0,601.3050000000001,57.29,984.5,1.0,0
0.0,0.0,-17.0,6.0,0.0,3.0,176.56,58.56,551.0,1.5,0
0.0,0.0,-19.0,5.5,0.0,1.0,193.82999999999998,23.85,309.5,6.0,0
0.0,0.0,-11.0,10.0,0.0,4.0,474.18500000000006,63.28,494.3333333333333,1.8333333333333333,1
0.0,0.0,-14.0,10.0,0.0,7.333333333333333,518.02,71.12,1456.6666666666667,4.0,0
0.0,0.0,-11.5,19.0,0.0,4.5,211.2,52.800000000000004,855.5,1.75,0
0.0,0.0,-7.0,22.0,0.0,7.75,697.9100000000001,77.88,1694.5,1.5,1
0.0,0.0,-1.5,21.0,0.5,1.5,372.37500000000006,53.459999999999994,474.5,1.0,0
0.0,0.0,-15.333333333333334,15.666666666666666,0.0,1.5,355.32,45.44,435.0,2.0,0
0.0,0.0,-11.5,14.5,0.0,1.0,214.94,38.65,1905.0,3.5,0
0.0,0.0,-4.5,8.5,0.0,1.0,157.53,18.63,1296.0,4.5,0
0.0,0.0,-17.5,7.0,0.0,5.5,128.22,26.32,679.5,3.5,0
0.0,0.0,-27.0,13.0,0.0,1.0,190.96,51.26,511.3333333333333,1.3333333333333333,0
0.0,0.0,-18.5,19.0,0.0,3.0,612.885,31.159999999999997,204.5,1.0,0
0.0,0.0,-9.0,12.5,0.0,3.5,230.84,50.86,1241.0,1.0,0
0.0,0.0,-12.5,5.5,0.0,2.5,285.33000000000004,28.740000000000002,1050.5,1.0,0
0.0,0.0,-8.0,9.0,0.0,2.0,227.10999999999999,38.97,794.0,1.0,0
0.0,0.0,-14.0,5.333333333333333,0.0,1.0,114.49,31.810000000000002,568.6666666666666,1.6666666666666667,0
0.0,0.0,-11.0,7.0,0.0,5.5,210.8,30.9,913.5,2.5,0
0.0,0.0,-7.5,12.0,0.0,2.0,168.99,24.009999999999998,402.5,1.0,0
0.0,0.0,-0.5,22.5,0.5,6.0,309.24,56.34,941.5,3.5,1
0.0,0.0,-11.0,18.5,0.0,5.5,284.6,36.55,765.5,1.5,0
0.0,0.0,-11.5,8.5,0.0,1.0,144.60000000000002,25.799999999999997,824.5,2.5,0
0.0,0.0,-7.5,4.5,0.0,2.0,425.44,52.69,936.0,2.5,0
0.0,0.0,-14.0,7.0,0.0,1.0,256.1,48.51,538.0,1.5,0
0.0,0.0,-10.5,13.0,0.0,2.5,174.48,30.5,295.0,3.0,0
0.0,0.0,-16.0,9.5,0.0,6.5,345.52,55.269999999999996,879.5,3.5,0
0.0,0.0,-14.0,7.5,0.0,3.0,306.53999999999996,34.64,1165.5,3.0,0
0.0,0.0,-16.0,14.0,0.0,1.0,80.2,30.2,931.0,1.0,0
0.0,0.0,-9.333333333333334,13.333333333333334,0.0,2.0,253.98,36.08,194.66666666666666,1.6666666666666667,0
0.0,0.0,-12.25,16.5,0.0,3.0,860.3500000000001,101.03999999999999,889.0,1.5,0
0.0,0.0,-16.0,10.0,0.0,1.0,154.34,44.47,1164.0,1.5,0
0.0,0.0,-12.5,14.5,0.0,10.0,273.0,33.2,361.0,1.0,0
0.0,0.0,-18.0,8.0,0.0,4.5,118.15,31.35,476.5,4.5,0
0.0,0.0,-20.5,7.5,0.0,7.5,555.825,76.81,421.0,2.5,0
0.0,0.0,-13.5,14.0,0.0,4.0,230.75,35.86,453.5,1.0,0
0.0,0.0,-16.0,5.0,0.0,4.5,195.09,35.2,365.0,2.5,0
0.0,0.0,-16.5,15.0,0.0,1.0,174.3,30.5,928.0,1.0,0
0.0,0.0,-9.0,4.0,0.0,1.0,268.77,39.269999999999996,662.5,6.5,0
0.0,0.0,-8.0,21.0,0.0,1.0,253.23000000000002,60.12,478.0,3.25,0
0.0,0.0,-11.0,5.5,0.0,4.5,132.24,17.44,440.0,2.5,0
0.0,0.0,-2.5,43.0,0.5,1.0,504.95000000000005,77.88,1287.5,1.0,1
0.0,0.0,-24.0,13.0,0.0,5.0,204.9,42.0,1143.5,1.0,0
0.0,0.0,-8.0,15.0,0.0,2.0,168.06,25.259999999999998,278.0,1.0,0
0.0,0.0,-10.0,11.0,0.0,5.0,388.45500000000004,62.64,778.0,3.0,0
0.0,0.0,-10.0,13.5,0.0,3.0,495.53,59.08,1217.0,5.0,0
0.0,0.0,-9.0,13.5,0.0,2.0,344.09,64.09,400.5,1.5,0
0.0,0.0,-12.0,8.0,0.0,2.0,206.63,56.44,504.5,1.5,0
0.0,0.0,-16.0,6.0,0.0,9.0,314.12,38.769999999999996,384.0,3.5,0
0.0,0.0,-8.25,11.75,0.0,1.0,237.3,49.32,625.0,1.5,0
0.0,0.0,-16.0,8.0,0.0,2.5,447.62500000000006,58.67999999999999,697.0,3.5,0
0.0,0.0,8.5,36.5,1.0,2.0,199.42000000000002,40.52,986.0,1.0,1
0.0,0.0,-13.5,19.5,0.0,4.5,422.225,36.64,1073.0,2.5,0
0.0,0.0,-2.0,18.0,0.0,1.0,130.12,72.92,872.0,2.0,1
0.0,0.0,-17.0,10.0,0.0,1.0,292.76,53.04,593.5,1.0,0
0.0,0.0,-11.0,7.0,0.0,1.0,312.43,24.43,445.5,1.0,0
0.0,0.0,-42.0,16.5,0.0,7.5,361.64,101.47999999999999,686.0,2.5,0
0.0,0.0,-16.5,4.0,0.0,1.0,386.40999999999997,48.879999999999995,883.0,2.5,0
0.0,0.0,-6.0,12.5,0.0,1.5,210.22,40.239999999999995,1113.5,1.0,0
0.0,0.0,-4.5,5.5,0.0,3.5,86.99,16.990000000000002,542.5,2.5,0
0.0,0.0,-15.666666666666666,10.666666666666666,0.0,15.0,1026.495,46.489999999999995,1941.6666666666667,5.333333333333333,0
0.0,0.0,-13.0,22.0,0.0,1.5,204.54000000000002,45.65,2763.5,2.5,0
0.0,0.0,-6.0,20.666666666666668,0.0,3.0,312.15,51.15,418.3333333333333,1.0,0
0.0,0.0,-12.0,8.0,0.0,2.0,151.27,38.589999999999996,394.5,1.5,0
0.0,0.0,-16.5,5.0,0.0,1.0,92.73,28.759999999999998,418.5,2.0,0
0.0,0.0,-11.0,9.0,0.0,1.5,95.61,22.61,645.5,1.0,1
0.0,0.0,0.0,22.5,0.5,2.0,119.88,31.89,824.5,1.0,0
0.0,0.0,-8.5,15.0,0.0,5.5,668.125,77.88,1031.0,1.5,0
0.0,0.0,-13.0,11.5,0.0,3.0,151.41,25.42,250.0,1.0,0
0.0,0.0,-10.0,9.0,0.0,5.5,195.16,21.27,589.0,1.0,0
0.0,0.0,-23.5,6.5,0.0,4.0,91.4,37.02,758.5,1.0,0
0.0,0.0,-23.0,12.0,0.0,7.0,342.1,54.04,213.5,3.25,0
0.0,0.0,-21.0,17.5,0.0,1.0,334.74,77.88,340.0,2.0,0
0.0,0.0,-18.0,14.0,0.0,1.0,477.68,57.69,162.0,5.0,0
0.0,0.0,-12.0,13.0,0.0,1.0,175.28,35.48,543.0,2.0,0
0.0,0.0,-30.5,11.5,0.0,8.0,371.85,40.06,328.0,2.0,0
0.0,0.0,-9.0,12.5,0.5,2.5,253.07999999999998,46.08,490.75,1.0,0
0.0,0.0,-7.0,10.0,0.0,1.5,64.46000000000001,22.66,1333.0,1.5,0
0.0,0.0,2.0,30.0,0.5,3.0,253.72000000000003,34.41,606.0,1.0,1
0.0,0.0,7.5,26.5,0.5,5.0,135.07,23.77,221.0,1.0,0
0.0,0.0,-6.5,5.0,0.0,1.0,129.24,29.64,295.0,1.0,0
0.0,0.0,-26.0,9.0,0.0,3.0,323.96,34.11,443.0,1.5,0
0.0,0.0,-14.0,6.0,0.0,1.5,449.0,57.739999999999995,1007.0,2.0,0
0.0,0.0,-9.0,19.0,0.5,1.0,109.93,36.230000000000004,295.5,3.0,0
0.0,0.0,-15.5,7.0,0.0,2.0,88.42,29.21,525.5,3.0,0
0.0,0.0,-20.0,15.5,0.0,8.0,504.7950000000001,57.92,839.0,1.0,0
0.0,0.0,-18.5,4.5,0.0,3.0,251.5,67.7,2502.5,1.0,0
0.0,0.0,-6.5,5.0,0.0,1.0,173.09,18.61,399.0,2.5,0
0.0,0.0,-19.666666666666668,6.0,0.0,1.0,127.28,42.3,597.0,3.0,0
0.0,0.0,-21.0,14.0,0.0,2.5,87.38,32.58,342.0,3.5,0
0.0,0.0,-10.5,16.0,0.0,3.5,118.1,43.3,388.5,3.0,0
0.0,0.0,-15.0,9.5,0.0,7.0,235.3,47.67,680.0,2.25,0
0.0,0.0,-11.5,2.5,0.0,1.0,259.32,19.43,400.0,1.5,0
0.0,0.0,-8.666666666666666,19.0,0.0,6.0,424.03,58.13,1791.6666666666667,2.6666666666666665,0
0.0,0.0,-13.333333333333334,9.666666666666666,0.0,10.0,743.55,56.550000000000004,473.3333333333333,2.0,0
0.0,0.0,-18.5,7.0,0.0,3.5,146.26999999999998,29.369999999999997,418.5,1.0,0
0.0,0.0,-5.5,13.5,0.0,12.5,392.28,32.28,1813.0,1.0,0
0.0,0.0,-10.0,23.0,0.0,7.5,166.39,36.59,653.0,1.5,0
0.0,0.0,-9.5,8.5,0.0,4.5,253.08,55.68,2126.0,1.0,0
0.0,0.0,-11.5,14.0,0.0,4.0,395.95500000000004,36.839999999999996,801.5,2.5,0
0.0,0.0,-9.0,22.5,0.0,1.0,557.695,77.88,911.0,1.0,0
0.0,0.0,-7.0,10.0,0.0,2.0,156.85,21.0,1367.5,1.5,0
0.0,0.0,-14.5,22.0,0.0,1.0,602.965,57.03,514.0,1.0,1
0.0,0.0,-9.5,7.5,0.0,4.0,210.62,21.63,591.0,2.0,0
0.0,0.0,-21.0,17.5,0.0,3.0,322.49,52.69,1161.5,4.0,0
0.0,0.0,-14.5,11.0,0.0,1.0,149.72,72.92,218.0,1.0,0
0.0,0.0,-15.0,10.75,0.0,5.0,857.95,139.45999999999998,684.75,3.75,0
0.0,0.0,-23.5,11.333333333333334,0.0,1.0,110.72,52.32000000000001,1565.5,1.1666666666666667,0
0.0,0.0,-6.5,9.5,0.0,2.0,227.03,37.230000000000004,876.0,2.0,0
0.0,0.0,-12.0,10.0,0.0,1.0,141.70999999999998,17.71,681.0,5.5,0
0.0,0.0,-15.0,15.5,0.0,5.5,697.9100000000001,77.88,317.0,1.0,0
0.0,0.0,-9.5,12.0,0.0,1.0,135.17000000000002,30.27,492.5,3.5,0
0.0,0.0,-22.0,11.5,0.0,2.0,119.87,52.89,399.5,1.5,0
0.0,0.0,-18.5,4.0,0.0,1.0,229.5,41.72,2402.0,1.0,0
0.0,0.0,-6.5,10.0,0.0,1.0,245.29000000000002,25.490000000000002,825.5,5.0,0
0.0,0.0,-14.333333333333334,14.0,0.0,8.666666666666666,609.12,92.32,431.0,4.666666666666667,0
0.0,0.0,-15.666666666666666,9.666666666666666,0.0,5.0,504.26,94.67,567.6666666666666,1.6666666666666667,0
0.0,0.0,-14.5,13.5,0.0,1.5,148.31,49.97,901.0,3.0,0
0.0,0.0,-33.0,11.0,0.0,4.5,100.46000000000001,35.56,751.5,5.5,1
0.0,0.0,-11.5,11.0,0.0,1.0,196.5,57.22,659.0,2.0,0
0.0,0.0,-4.5,15.5,0.5,4.0,197.16000000000003,22.759999999999998,477.5,1.0,0
0.0,0.0,-17.5,11.5,0.0,3.5,254.38,53.04,703.5,1.5,0
0.0,0.0,-10.0,14.0,0.0,5.5,290.37,51.709999999999994,1058.0,1.0,0
0.0,0.0,-11.5,8.0,0.0,3.0,258.67,28.87,695.0,2.0,0
0.0,0.0,26.0,45.666666666666664,1.0,2.6666666666666665,106.19999999999999,45.3,1385.6666666666667,1.6666666666666667,1
0.0,0.0,-16.5,5.0,0.0,2.0,439.44,55.89,917.25,1.0,1
0.0,0.0,-11.0,13.0,0.0,3.5,245.14999999999998,42.25,326.0,1.0,0
0.0,0.0,-14.0,12.0,0.0,1.0,509.57500000000005,55.21000000000001,524.5,2.5,0
0.0,0.0,-12.0,3.0,0.0,1.0,556.58,57.17999999999999,826.0,1.8333333333333333,0
0.0,0.0,-8.0,4.0,0.0,5.5,470.9,21.91,601.5,3.0,0
0.0,0.0,-1.5,29.0,0.5,6.0,439.53999999999996,41.74,894.5,1.5,0
0.0,0.0,-10.5,17.0,0.0,1.5,463.72,43.92,250.5,1.0,0
0.0,0.0,-3.5,16.0,0.0,1.0,82.0,34.2,316.0,4.0,0
0.0,0.0,-11.5,21.5,0.0,7.5,234.99,61.01,563.75,6.0,0
0.0,0.0,-8.333333333333334,14.666666666666666,0.0,1.0,506.24,76.74,536.6666666666666,1.0,0
0.0,0.0,-12.0,4.5,0.0,3.0,177.75,18.85,695.5,3.0,0
0.0,0.0,-24.0,15.0,0.0,8.333333333333334,263.85,47.88,452.6666666666667,3.0,0
0.0,0.0,-10.0,9.0,0.0,1.0,231.88,46.18,984.0,1.5,0
0.0,0.0,-10.5,6.0,0.0,3.0,68.11,25.619999999999997,281.0,3.0,0
0.0,0.0,-12.5,17.5,0.0,10.0,436.88,45.879999999999995,333.0,1.5,0
0.0,0.0,-15.0,6.0,0.0,1.0,477.95500000000004,77.88,1827.0,1.0,1
0.0,0.0,-17.0,16.5,0.0,5.0,314.39,55.49,446.5,4.5,0
0.0,0.0,-5.5,19.5,0.5,2.0,239.62,45.62,1409.5,2.0,0
0.0,0.0,-20.0,10.0,0.0,1.0,95.1,30.2,300.5,1.0,0
0.0,0.0,-12.0,18.0,0.0,1.0,362.84000000000003,77.88,209.0,1.0,0
0.0,0.0,-9.5,11.5,0.0,13.5,439.25500000000005,27.05,445.5,1.5,0
0.0,0.0,-16.0,13.5,0.0,3.0,148.36,43.46,554.0,2.5,0
0.0,0.0,-16.5,13.0,0.0,8.0,243.54,33.739999999999995,1045.0,5.5,0
0.0,0.0,-2.5,12.0,0.0,2.0,131.42,17.44,999.0,2.0,0
0.0,0.0,-13.0,21.0,0.0,7.0,176.13,48.129999999999995,233.5,4.0,0
0.0,0.0,-24.5,10.5,0.0,1.5,337.59000000000003,42.79,235.0,1.0,0
0.0,0.0,-10.0,5.5,0.0,10.0,425.24,30.439999999999998,271.0,1.0,0
0.0,0.0,-12.0,5.5,0.0,1.0,153.7,25.71,617.5,1.5,0
0.0,0.0,-6.5,8.0,0.0,10.0,772.58,76.88,844.5,3.5,0
0.0,0.0,-11.5,4.0,0.0,2.0,192.14,17.34,784.5,1.5,1
0.0,0.0,-18.5,11.5,0.0,2.0,220.32999999999998,52.53,575.0,1.0,0
0.0,0.0,-12.0,14.0,0.0,1.5,163.85,32.95,456.5,3.0,0
0.0,0.0,-7.0,17.5,0.0,1.0,228.97,39.980000000000004,448.0,4.0,0
0.0,0.0,-21.5,12.5,0.0,1.0,380.44,32.94,1369.5,1.0,0
0.0,0.0,-14.5,7.0,0.0,7.0,244.02,46.02,404.0,5.0,0
0.0,0.0,-8.0,6.0,0.0,1.0,456.24,39.24,373.6666666666667,1.3333333333333333,0
0.0,0.0,-13.0,8.5,0.0,1.0,697.9100000000001,77.88,921.5,4.5,0
0.0,0.0,-11.333333333333334,5.0,0.0,1.0,227.51000000000002,23.54,519.6666666666666,2.3333333333333335,0
0.0,0.0,-14.5,13.5,0.0,4.5,127.38,41.58,617.0,2.0,0
0.0,0.0,-14.333333333333334,10.0,0.0,1.0,214.9,45.2,2523.0,1.0,0
0.0,0.0,-28.5,7.0,0.0,1.0,164.69,47.88999999999999,636.0,1.25,0
0.0,0.0,-12.5,8.0,0.0,3.0,253.92,42.14,1434.0,4.5,0
0.0,0.0,-18.5,6.5,0.0,5.0,324.1,40.3,2119.5,1.5,0
0.0,0.0,-14.5,10.75,0.0,1.0,330.06,61.81,503.75,2.25,0
0.0,0.0,-19.5,4.5,0.0,1.0,111.54,21.65,1233.0,1.5,0
0.0,0.0,-14.5,3.5,0.0,1.5,186.3,26.5,422.0,1.5,0
0.0,0.0,-8.0,8.5,0.0,1.0,158.07,18.09,692.5,4.5,0
0.0,0.0,-17.333333333333332,10.333333333333334,0.0,1.3333333333333333,168.85,37.15,527.0,3.0,0
0.0,0.0,-9.0,8.5,0.0,1.0,162.85,29.35,648.5,1.5,0
0.0,0.0,-13.5,15.0,0.0,9.5,273.68,44.68,472.5,1.0,0
0.0,0.0,-22.5,8.5,0.0,1.0,263.64,38.64,2515.5,2.5,0
0.0,0.0,-17.0,10.5,0.0,1.0,110.93,32.74,1245.5,1.0,1
0.0,0.0,-22.0,9.0,0.0,10.0,277.25,42.55,898.0,2.5,0
0.0,0.0,-18.5,6.0,0.0,2.0,262.56,42.66,478.0,1.5,0
0.0,0.0,-16.0,5.5,0.0,1.0,100.78,45.980000000000004,521.0,4.0,0
0.0,0.0,-11.0,17.5,0.0,10.0,349.3,59.12,2413.5,1.5,0
0.0,0.0,-20.0,10.0,0.0,1.0,177.81,34.41,800.5,1.5,0
0.0,0.0,-15.5,13.5,0.0,3.5,397.17500000000007,46.41,594.5,1.0,0
0.0,0.0,-2.0,26.0,0.0,1.0,1005.1700000000001,147.14,3053.0,6.0,0
0.0,0.0,0.5,24.5,0.5,4.0,138.26,32.26,564.5,1.0,0
0.0,0.0,-19.0,9.0,0.0,2.0,263.28,41.290000000000006,355.5,1.5,0
0.0,0.0,-17.0,5.0,0.0,4.5,200.07999999999998,36.08,593.5,5.0,0
0.0,0.0,-32.0,5.0,0.0,3.0,95.14,38.16,399.5,3.5,0
0.0,0.0,-19.0,8.0,0.0,5.0,122.12,30.12,267.5,1.5,0
0.0,0.0,-11.0,11.5,0.0,1.0,225.68,40.790000000000006,361.25,1.5,0
0.0,0.0,-17.5,15.0,0.0,9.0,473.235,77.88,697.0,3.5,0
0.0,0.0,-33.0,6.666666666666667,0.0,1.0,699.83,61.45,911.3333333333334,1.3333333333333333,0
0.0,0.0,-15.0,15.5,0.0,6.5,142.04,30.34,440.5,1.5,0
0.0,0.0,-7.5,6.5,0.0,1.0,518.49,58.64,786.0,4.0,0
0.0,0.0,-15.0,12.5,0.0,6.0,264.95000000000005,58.69,937.5,7.0,0
0.0,0.0,-8.5,17.0,0.0,3.0,400.51,60.71,922.5,4.5,0
0.0,0.0,0.5,7.0,0.5,1.0,252.76,44.519999999999996,1355.5,2.0,0
0.0,0.0,-13.5,10.5,0.0,8.0,252.68,42.25,400.0,2.0,0
0.0,0.0,-13.5,10.5,0.0,9.0,250.57,50.67,450.0,3.5,0
0.0,0.0,-10.5,13.5,0.0,2.0,192.11,32.21,1043.5,1.0,0
0.0,0.0,-13.5,9.0,0.0,3.0,228.56,51.59,452.5,3.0,0
0.0,0.0,-22.5,5.0,0.0,1.0,119.08,27.09,625.0,2.5,0
0.0,0.0,6.5,30.0,0.5,2.0,213.36,33.46,1516.5,1.0,1
0.0,0.0,-7.5,13.0,0.0,6.0,196.48000000000002,77.88,1635.5,1.5,0
0.0,0.0,-6.0,6.5,0.0,2.5,66.01,17.12,323.5,3.0,0
0.0,0.0,-12.714285714285714,13.0,0.0,1.0,959.01,149.8,480.2142857142857,4.571428571428571,0
0.0,0.0,-7.666666666666667,8.333333333333334,0.0,1.0,115.01,44.32,153.5,1.0,0
0.0,0.0,-19.0,5.5,0.0,2.0,209.6,34.61,1640.0,1.5,0
0.0,0.0,-17.0,11.0,0.0,7.0,147.01,26.21,581.0,1.0,1
0.0,0.0,-16.0,15.0,0.0,5.5,310.84000000000003,50.95,595.5,4.5,0
0.0,0.0,-13.5,2.5,0.0,8.0,393.61,20.81,2390.0,1.0,0
0.0,0.0,-9.5,9.0,0.5,1.0,88.8,21.299999999999997,306.0,1.5,0
0.0,0.0,-16.0,18.0,0.0,1.0,377.76,62.06,837.0,2.5,0
0.0,0.0,-17.0,6.5,0.0,7.5,344.31,27.32,839.5,2.5,0
0.0,0.0,-10.0,3.5,0.0,1.0,85.71,19.51,503.5,1.0,0
0.0,0.0,-10.0,10.0,0.0,1.0,195.63,23.83,1203.5,1.5,0
0.0,0.0,-11.333333333333334,7.666666666666667,0.0,1.0,202.56,33.66,1130.0,1.6666666666666667,0
0.0,0.0,-14.5,12.0,0.0,5.0,231.40999999999997,59.81,540.25,3.75,0
0.0,0.0,-11.5,3.5,0.0,1.0,424.32,26.32,1993.5,3.5,0
0.0,0.0,-16.5,7.5,0.0,3.0,540.72,39.72,289.0,1.0,0
0.0,0.0,-25.0,8.5,0.0,1.0,338.86,56.56999999999999,499.1666666666667,2.5,0
0.0,0.0,-13.0,1.0,0.0,5.0,336.21000000000004,24.41,356.5,2.25,0
0.0,0.0,-16.5,5.5,0.0,2.0,199.38,46.33,1045.0,1.0,0
0.0,0.0,-10.5,25.5,0.0,1.0,96.25999999999999,36.46,845.0,2.0,0
0.0,0.0,-25.0,18.0,0.0,1.0,233.70000000000002,50.0,392.6666666666667,2.3333333333333335,0
0.0,0.0,-7.5,19.5,0.0,1.0,107.98,62.0,589.5,1.0,0
0.0,0.0,-6.0,14.0,0.0,1.0,254.35,33.55,1023.0,2.5,0
0.0,0.0,-18.0,7.0,0.0,4.0,479.56,29.66,1030.5,2.0,0
0.0,0.0,-12.0,12.0,0.0,3.5,255.47,55.72,835.5,4.0,0
0.0,0.0,-18.5,5.0,0.0,1.0,101.72,21.92,1659.0,1.0,0
0.0,0.0,-15.666666666666666,13.0,0.0,1.0,1046.8650000000002,112.47999999999999,122.25,1.0,0
0.0,0.0,-12.0,14.5,0.0,5.0,166.01999999999998,37.120000000000005,332.0,1.5,0
0.0,0.0,-14.666666666666666,8.333333333333334,0.0,3.0,401.31,42.31,620.0,1.0,0
0.0,0.0,-10.5,7.5,0.0,2.0,139.51999999999998,30.619999999999997,629.0,1.5,0
0.0,0.0,-18.0,14.5,0.0,1.5,190.75,29.85,652.5,1.5,0
0.0,0.0,-15.0,6.0,0.0,1.0,226.67000000000002,31.869999999999997,1045.0,5.5,0
0.0,0.0,-11.0,7.0,0.0,1.0,108.03,22.03,425.5,2.0,0
0.0,0.0,-24.5,8.0,0.0,4.0,264.63,36.66,2045.5,1.5,0
0.0,0.0,-8.5,13.5,0.0,6.0,133.01,23.21,800.5,1.5,0
0.0,0.0,-28.5,12.0,0.0,1.0,697.9100000000001,77.88,1031.0,6.0,1
0.0,0.0,-32.5,6.0,0.0,6.5,441.92500000000007,48.01,822.5,4.0,0
0.0,0.0,-10.0,14.666666666666666,0.0,4.666666666666667,195.60000000000002,45.8,856.6666666666666,3.0,0
0.0,0.0,-23.0,6.0,0.0,1.0,326.24,31.439999999999998,1889.5,1.5,0
0.0,0.0,-3.5,24.5,0.5,5.5,230.9,37.099999999999994,1413.0,1.0,1
0.0,0.0,-16.5,31.5,0.0,2.0,287.21,58.31,263.0,2.0,1
0.0,0.0,-17.0,13.666666666666666,0.0,7.0,265.05,15.1,545.0,2.6666666666666665,0
0.0,0.0,0.0,28.5,0.5,2.0,168.06,25.259999999999998,278.0,1.0,1
0.0,0.0,-10.0,15.0,0.0,5.5,220.09,55.05,612.5,1.0,0
0.0,0.0,-4.5,8.5,0.5,1.0,338.76,21.59,747.0,3.0,0
0.0,0.0,-18.5,7.5,0.0,2.0,296.11,31.21,470.5,1.0,0
0.0,0.0,-11.5,9.0,0.0,1.0,114.8,25.95,1050.0,2.5,0
0.0,0.0,-11.5,11.0,0.0,3.0,226.47,33.58,911.5,2.5,0
0.0,0.0,-7.0,10.5,0.0,1.5,182.83,17.94,702.5,4.0,0
0.0,0.0,-11.0,9.5,0.0,2.5,398.67999999999995,72.56,343.5,1.5,0
0.0,0.0,-13.0,19.333333333333332,0.0,1.0,323.78,60.08,226.0,1.0,0
0.0,0.0,-22.0,10.0,0.0,1.0,329.83,56.15,658.5,1.0,0
0.0,0.0,-4.5,3.0,0.0,7.0,262.66,37.71,334.0,1.0,0
0.0,0.0,-15.0,12.5,0.0,9.0,414.40999999999997,35.510000000000005,251.0,1.0,0
0.0,0.0,-15.5,11.0,0.0,1.0,557.45,52.64,1052.0,1.0,0
0.0,0.0,-10.0,11.0,0.0,5.0,171.43,54.14,225.0,1.5,0
0.0,0.0,-14.0,16.0,0.0,3.0,434.27,65.64,487.0,1.75,0
0.0,0.0,-8.5,6.0,0.0,2.0,302.94,43.14,905.0,2.0,0
0.0,0.0,-20.5,13.0,0.0,1.0,63.72,21.92,1084.0,2.0,1
0.0,0.0,-14.5,9.0,0.0,9.0,605.385,56.37,717.0,2.0,0
0.0,0.0,-17.5,10.0,0.0,6.5,381.33500000000004,51.42,755.0,3.0,0
0.0,0.0,-12.0,12.5,0.0,6.0,123.99000000000001,31.99,229.0,2.5,0
0.0,0.0,-8.5,13.0,0.0,1.5,209.18,35.71,229.5,1.5,0
0.0,0.0,-10.0,4.5,0.0,1.0,147.19,30.19,3893.0,8.0,0
0.0,0.0,-16.5,7.0,0.0,1.0,150.76,35.96,977.0,3.5,0
0.0,0.0,-16.666666666666668,6.0,0.0,1.0,175.54000000000002,35.55,494.3333333333333,1.0,0
0.0,0.0,-10.5,3.5,0.0,3.0,102.92000000000002,22.95,451.0,1.5,0
0.0,0.0,-14.5,12.0,0.0,6.5,192.04000000000002,36.04,1001.5,2.0,0
0.0,0.0,-13.0,14.5,0.0,8.5,340.22999999999996,64.16,1128.8333333333335,2.166666666666667,0
0.0,0.0,-11.0,4.0,0.0,2.0,107.2,21.31,776.0,2.5,0
0.0,0.0,-5.5,13.5,0.0,1.0,207.07999999999998,53.38,468.5,2.0,0
0.0,0.0,3.0,31.0,0.5,1.0,697.9100000000001,77.88,3557.0,2.0,0
0.0,0.0,-32.5,7.5,0.0,1.0,193.04,33.06,279.0,1.0,0
0.0,0.0,-15.5,8.0,0.0,2.5,697.9100000000001,77.88,2348.0,2.0,0
0.0,0.0,-18.5,17.0,0.0,1.0,435.48,95.88,232.0,2.0,0
0.0,0.0,-17.333333333333332,11.0,0.0,1.0,243.89,50.39,236.33333333333334,1.3333333333333333,0
0.0,0.0,-14.0,12.5,0.0,4.0,215.31,54.22,413.0,5.0,0
0.0,0.0,-15.0,9.0,0.0,1.0,331.38,51.05,1011.5,1.0,0
0.0,0.0,-23.0,2.0,0.0,4.333333333333333,162.95,36.949999999999996,209.33333333333334,2.6666666666666665,0
0.0,0.0,-7.0,11.5,0.0,1.0,55.7,23.7,1222.0,1.0,0
0.0,0.0,-21.5,7.0,0.0,1.0,93.84,29.04,277.0,3.0,0
0.0,0.0,-26.0,8.5,0.0,4.5,418.63,34.730000000000004,625.0,2.0,0
0.0,0.0,-8.5,13.5,0.0,1.0,553.8,39.8,1888.5,2.5,0
0.0,0.0,-11.0,8.0,0.0,1.0,166.01,26.11,725.0,3.5,0
0.0,0.0,-13.5,3.5,0.0,4.5,219.82,46.72,693.0,2.5,0
0.0,0.0,-10.0,10.5,0.0,3.0,213.07,26.19,782.0,4.0,0
0.0,0.0,-9.5,17.0,0.0,8.0,384.12,60.83,299.25,1.5,0
0.0,0.0,-14.5,3.5,0.0,1.0,253.75,24.21,2186.5,1.5,1
0.0,0.0,-31.0,10.0,0.0,6.0,149.74,50.95,866.25,1.0,0
0.0,0.0,0.0,24.5,0.5,5.0,175.27,60.67,461.0,3.0,0
0.0,0.0,-11.666666666666666,9.0,0.0,8.0,294.13,53.43000000000001,385.0,1.0,0
0.0,0.0,-15.0,10.5,0.0,4.5,697.9100000000001,35.540000000000006,621.5,2.5,0
0.0,0.0,-7.0,17.0,0.0,1.0,349.49,31.72,1742.5,1.5,0
0.0,0.0,-6.5,23.0,0.5,1.0,223.81,56.599999999999994,229.0,1.0,0
0.0,0.0,-8.5,11.5,0.0,9.0,564.7550000000001,34.5,1129.5,2.5,0
0.0,0.0,-8.0,21.0,0.0,1.0,697.0250000000001,61.43,2125.5,4.0,0
0.0,0.0,-6.5,6.0,0.0,1.0,355.19,20.29,1050.0,3.0,0
0.0,0.0,-13.0,4.0,0.0,1.0,119.25,38.55,150.0,2.0,0
0.0,0.0,-14.0,8.0,0.0,7.5,344.93,41.46,103.5,1.5,0
0.0,0.0,-10.333333333333334,13.666666666666666,0.0,1.0,273.83000000000004,47.21,348.6666666666667,2.0,0
0.0,0.0,-20.0,11.0,0.0,2.5,454.72,77.88,906.0,3.0,0
0.0,0.0,-4.0,9.0,0.0,1.0,142.64999999999998,33.66,1591.5,3.0,0
0.0,0.0,-12.0,7.0,0.0,4.0,475.345,36.629999999999995,1255.5,1.5,0
0.0,0.0,-30.25,13.25,0.0,1.0,131.8,64.2,123.25,1.0,0
0.0,0.0,-14.0,4.0,0.0,1.0,123.64999999999999,25.55,854.0,2.75,0
0.0,0.0,-22.0,9.0,0.0,4.0,504.76,63.48,919.0,1.0,0
0.0,0.0,-20.0,9.333333333333334,0.0,1.0,189.76,47.16,647.0,1.0,0
0.0,0.0,0.5,22.5,0.5,1.0,210.76,30.78,492.0,3.0,0
0.0,0.0,-15.0,20.6,0.0,1.0,210.55,80.55,953.0,3.0,0
0.0,0.0,-1.0,9.5,0.5,1.0,291.46000000000004,36.27,1246.0,1.5,0
0.0,0.0,-11.666666666666666,9.333333333333334,0.0,1.0,480.52,51.68,369.3333333333333,1.6666666666666667,0
0.0,0.0,-10.0,9.0,0.0,3.0,222.34,46.4,1187.0,4.0,0
0.0,0.0,-14.0,7.0,0.0,9.5,537.485,41.42,2754.75,1.5,0
0.0,0.0,-18.5,20.0,0.0,2.5,413.12,77.88,2237.0,1.5,0
0.0,0.0,-6.0,14.0,0.0,6.0,302.94,58.3,556.6666666666667,1.1666666666666665,1
0.0,0.0,-15.5,7.5,0.0,1.0,86.35,33.55,420.5,1.0,0
0.0,0.0,-10.0,3.0,0.0,5.0,777.42,80.14,509.75,2.0,0
0.0,0.0,-15.5,18.5,0.0,1.0,334.74,76.9,576.0,1.0,0
0.0,0.0,-5.5,6.0,0.0,1.5,319.82,21.92,497.5,1.5,0
0.0,0.0,-13.0,16.0,0.0,1.0,182.8,37.900000000000006,801.0,2.5,0
0.0,0.0,-14.5,6.5,0.0,6.0,196.57999999999998,26.78,521.0,2.0,0
0.0,0.0,-9.0,13.5,0.0,1.5,99.13,29.33,416.5,4.0,0
0.0,0.0,-12.5,13.5,0.0,2.0,125.53,39.64,319.0,2.0,0
0.0,0.0,-5.5,10.5,0.0,3.0,479.83500000000004,36.739999999999995,884.0,1.0,0
0.0,0.0,-7.5,23.5,0.0,7.0,171.2,55.5,898.5,1.5,1
0.0,0.0,-15.5,7.0,0.0,6.0,437.66999999999996,44.78,724.5,1.0,0
0.0,0.0,-12.5,11.5,0.0,5.5,386.19500000000005,33.2,613.5,3.0,0
0.0,0.0,1.5,32.5,0.5,6.5,311.86,55.26,1862.5,3.5,1
0.0,0.0,-10.0,3.0,0.0,4.5,116.11,17.12,365.0,4.0,0
0.0,0.0,-20.5,9.5,0.0,5.5,348.6,48.8,1486.5,1.5,0
0.0,0.0,-28.0,20.0,0.0,4.0,605.0150000000001,75.1,279.5,1.0,1
0.0,0.0,-9.0,17.0,0.0,8.0,256.4,51.9,560.5,1.5,0
0.0,0.0,-12.0,11.0,0.0,4.0,154.59,29.19,301.0,1.5,0
0.0,0.0,-28.5,11.5,0.0,2.0,225.12,31.12,571.0,5.0,0
0.0,0.0,-15.0,15.5,0.0,1.0,345.09,70.65,679.75,1.0,0
0.0,0.0,-16.0,3.5,0.0,6.5,150.31,20.509999999999998,288.0,1.0,0
0.0,0.0,-11.5,12.5,0.0,1.0,67.0,30.2,287.0,1.0,0
0.0,0.0,-22.0,19.0,0.0,4.0,244.52,64.82,203.0,1.0,0
0.0,0.0,-17.5,10.0,0.0,3.0,455.4,77.88,279.0,2.0,0
0.0,0.0,37.0,58.0,1.0,6.5,133.84,30.240000000000002,750.0,1.5,1
0.0,0.0,-8.0,13.5,0.0,1.0,374.15,34.26,437.0,2.5,0
0.0,0.0,-17.5,6.5,0.0,6.5,281.5,32.53,495.5,3.5,0
0.0,0.0,-13.333333333333334,6.333333333333333,0.0,5.333333333333333,746.5900000000001,58.56,1172.3333333333333,3.6666666666666665,0
0.0,0.0,-2.5,12.0,0.0,1.0,136.89,21.9,382.0,1.5,0
0.0,0.0,-9.0,11.0,0.0,1.0,267.96000000000004,28.060000000000002,266.0,1.0,0
0.0,0.0,-14.5,7.0,0.0,2.0,487.88,46.53,1214.0,1.0,0
0.0,0.0,-10.5,6.0,0.0,1.5,146.0,27.7,572.0,1.0,0
0.0,0.0,-11.5,1.5,0.0,8.0,222.91,18.009999999999998,757.5,2.0,0
0.0,0.0,-5.0,20.5,0.0,1.0,364.63,50.63,1646.0,2.5,0
0.0,0.0,-12.0,15.5,0.0,2.0,233.53,28.729999999999997,246.5,1.0,0
0.0,0.0,-10.0,8.0,0.0,1.0,103.5,23.7,668.0,1.0,0
0.0,0.0,-14.5,17.0,0.0,1.0,205.11,30.72,477.5,1.0,0
0.0,0.0,-1.5,10.0,0.5,4.5,110.28,16.3,768.0,1.0,1
0.0,0.0,-6.666666666666667,20.0,0.0,7.666666666666667,495.65999999999997,95.8,1300.3333333333333,2.3333333333333335,0
0.0,0.0,-16.5,11.5,0.0,1.0,157.93,42.14,469.0,1.0,0
0.0,0.0,-13.0,10.5,0.0,1.0,78.50999999999999,34.71,814.0,4.0,0
0.0,0.0,-1.0,25.5,0.5,1.0,105.25,35.25,576.5,1.5,0
0.0,0.0,-4.5,18.5,0.0,7.0,421.41,35.71,788.0,3.5,0
0.0,0.0,-10.5,1.5,0.0,1.5,517.0,18.02,587.0,1.0,0
0.0,0.0,-15.666666666666666,12.333333333333334,0.0,1.0,187.61,48.82,270.3333333333333,1.0,0
0.0,0.0,-9.6,9.6,0.0,1.0,412.96000000000004,52.870000000000005,903.2,2.0,0
0.0,0.0,-9.0,15.5,0.0,6.5,331.94000000000005,34.1,299.0,1.0,0
0.0,0.0,-15.0,2.0,0.0,10.0,262.96000000000004,70.53999999999999,213.5,2.5,0
0.0,0.0,-7.5,14.5,0.0,1.0,289.84000000000003,33.989999999999995,753.5,1.0,0
0.0,0.0,-18.0,5.0,0.0,9.0,396.02000000000004,41.05,700.5,1.5,0
0.0,0.0,3.0,35.5,1.0,2.0,121.06,46.08,533.5,1.5,1
0.0,0.0,-21.5,6.0,0.0,2.5,148.51,32.61,711.0,1.0,0
0.0,0.0,-17.5,13.0,0.0,6.0,437.70500000000004,35.82,1114.0,2.0,0
0.0,0.0,-9.5,12.5,0.0,1.5,126.72,32.73,446.5,2.0,0
0.0,0.0,-14.5,9.0,0.0,2.5,130.14,33.26,407.0,1.5,0
0.0,0.0,-31.0,2.5,0.0,1.5,115.76,15.96,586.0,1.0,0
0.0,0.0,-11.5,10.0,0.0,4.5,103.11,31.21,2416.0,3.0,0
0.0,0.0,-14.5,9.5,0.0,6.0,150.61,26.13,711.0,1.5,0
0.0,0.0,-13.0,12.0,0.0,5.5,228.59,36.69,555.0,3.0,0
0.0,0.0,-12.0,13.5,0.0,4.0,399.53,30.63,497.5,1.0,0
0.0,0.0,-9.0,21.0,0.0,1.0,160.44,29.54,493.5,2.0,0
0.0,0.0,-7.5,9.5,0.0,4.0,429.29999999999995,49.32,607.5,1.0,0
0.0,0.0,-25.5,5.5,0.0,1.0,110.44,30.46,220.0,1.0,0
0.0,0.0,-18.0,9.0,0.0,2.0,56.46,25.22,363.0,2.0,0
0.0,0.0,-17.5,18.5,0.0,3.5,320.4,77.39,698.5,2.0,0
0.0,0.0,-14.5,9.0,0.0,2.0,150.95,38.06,760.0,3.5,0
0.0,0.0,-22.5,12.0,0.0,2.5,217.39,40.39,1214.0,3.0,0
0.0,0.0,-34.5,10.0,0.0,4.0,258.95,29.15,468.0,2.0,0
0.0,0.0,-23.5,8.5,0.0,2.5,232.76,41.370000000000005,1064.0,1.0,0
0.0,0.0,8.0,33.333333333333336,0.6666666666666666,1.0,459.08,78.12,433.0,1.0,1
0.0,0.0,-14.5,5.0,0.0,2.0,105.14000000000001,18.66,666.5,5.0,0
0.0,0.0,-14.5,6.5,0.0,9.5,285.23,50.75,1130.75,1.75,1
0.0,0.0,-6.5,17.0,0.0,1.0,171.14,21.240000000000002,673.0,3.0,0
0.0,0.0,-8.5,4.5,0.0,1.0,143.42,15.42,35.0,1.0,0
0.0,0.0,-10.0,7.0,0.0,1.25,483.33,60.980000000000004,869.0,2.0,0
0.0,0.0,-23.0,18.0,0.0,4.5,357.78000000000003,47.58,673.5,1.0,0
0.0,0.0,-14.5,13.0,0.0,4.5,299.53,26.83,420.5,1.0,0
0.0,0.0,39.0,51.0,1.0,1.0,113.56,15.56,145.5,6.5,1
0.0,0.0,-37.333333333333336,10.666666666666666,0.0,1.0,846.01,164.26999999999998,696.3333333333334,2.6666666666666665,0
0.0,0.0,-11.0,21.0,0.0,6.75,205.07,33.17,644.0,1.5,0
0.0,0.0,-12.5,1.5,0.0,10.0,558.605,29.25,677.0,5.0,0
0.0,0.0,-16.0,10.0,0.0,9.0,190.01999999999998,62.42,505.0,2.5,0
0.0,0.0,-13.0,8.0,0.0,1.0,142.49,54.69,520.0,1.0,0
0.0,0.0,-20.0,6.0,0.0,2.5,364.63,39.629999999999995,3584.0,1.0,0
0.0,0.0,-18.0,13.0,0.0,1.0,111.28999999999999,26.4,273.5,1.5,0
0.0,0.0,-10.0,2.5,0.0,1.0,314.01,24.21,269.0,1.0,0
0.0,0.0,-33.0,12.0,0.0,1.5,203.32999999999998,44.53,256.0,1.0,0
0.0,0.0,-15.0,7.5,0.0,8.0,272.64,26.88,835.0,4.0,0
0.0,0.0,-8.5,15.5,0.0,2.25,163.29,35.400000000000006,448.0,1.5,0
0.0,0.0,-17.5,21.0,0.0,8.5,247.93,58.129999999999995,354.5,4.0,0
0.0,0.0,-21.0,13.0,0.0,1.0,405.52,43.52,758.0,1.0,0
0.0,0.0,-20.5,12.5,0.0,4.0,446.16,77.88,791.0,6.0,0
0.0,0.0,-22.5,8.0,0.0,2.5,189.36,38.379999999999995,990.5,1.0,0
0.0,0.0,4.333333333333333,34.666666666666664,0.3333333333333333,4.0,657.04,80.19999999999999,427.0,1.0,1
0.0,0.0,-8.5,8.0,0.0,1.0,202.74,18.939999999999998,1125.5,1.5,0
0.0,0.0,-13.0,11.5,0.0,2.0,380.70500000000004,50.79,1041.0,2.0,0
0.0,0.0,-10.0,24.0,0.0,9.5,289.92,52.120000000000005,297.0,2.0,0
0.0,0.0,-16.0,3.5,0.0,5.0,531.7550000000001,37.17,974.0,1.0,0
0.0,0.0,-11.333333333333334,11.666666666666666,0.0,1.0,131.31,48.43,997.6666666666666,4.666666666666667,0
0.0,0.3333333333333333,-3.0,5.5,0.0,1.3333333333333333,218.75,75.55,419.3333333333333,1.3333333333333333,0
0.0,0.0,-5.0,15.0,0.0,4.0,174.92,30.71,523.5,1.5,0
0.0,0.0,-13.333333333333334,11.666666666666666,0.0,1.0,385.27,66.53999999999999,693.8333333333334,1.6666666666666667,0
0.0,0.0,-9.666666666666666,4.0,0.0,4.0,147.17,30.27,151.66666666666666,1.0,0
0.0,0.0,-8.0,6.5,0.0,1.0,161.48000000000002,51.629999999999995,122.125,1.0,0
0.0,0.0,-8.0,8.0,0.0,1.0,196.92000000000002,29.020000000000003,516.5,4.0,0
0.0,0.0,-12.5,6.0,0.0,1.5,276.48,23.78,321.0,4.0,0
0.0,0.0,-2.0,18.5,0.5,7.0,330.27,36.57,2184.0,3.0,0
0.0,0.0,-13.5,14.5,0.0,1.0,635.4,35.6,416.5,1.5,0
0.0,0.0,-6.0,5.5,0.0,1.5,65.77000000000001,15.79,517.0,3.0,0
0.0,0.0,-10.0,22.0,0.0,1.5,379.28,71.28,1731.0,2.0,0
0.0,0.0,-3.5,16.0,0.5,1.0,579.475,53.370000000000005,816.0,1.0,1
0.0,0.0,-8.5,7.5,0.0,6.5,197.63,30.229999999999997,353.0,1.5,0
0.0,0.0,-22.5,11.0,0.0,1.0,646.7,77.1,284.5,1.0,0
0.0,0.0,-11.5,6.5,0.0,6.0,213.74,25.84,1845.0,7.5,0
0.0,0.0,-6.5,6.0,0.0,5.0,200.06,20.08,922.0,3.0,0
0.0,0.0,-12.5,15.5,0.0,7.5,350.2,73.11,562.3333333333333,1.0,0
0.0,0.0,-10.5,10.0,0.0,1.0,461.68500000000006,51.769999999999996,397.0,1.5,0
0.3333333333333333,0.3333333333333333,-4.5,17.0,0.0,4.666666666666667,190.35000000000002,45.629999999999995,546.6666666666666,2.3333333333333335,1
0.0,0.0,-15.0,12.666666666666666,0.0,1.0,791.31,101.60999999999999,1355.6666666666667,7.0,0
0.0,0.0,-31.0,8.0,0.0,8.0,279.79,36.0,561.75,1.0,0
0.0,0.0,-14.0,12.5,0.0,4.5,384.86,37.86,435.0,2.5,0
0.0,0.0,-15.0,7.5,0.0,2.5,88.18,30.2,818.0,5.5,0
0.0,0.0,-33.5,7.5,0.0,1.0,130.1,32.1,2132.0,2.0,0
0.0,0.0,-8.5,13.5,0.5,1.0,670.0350000000001,56.849999999999994,1421.5,4.0,0
0.0,0.0,1.0,19.5,0.5,1.0,204.54000000000002,30.869999999999997,890.0,1.0,0
0.0,0.0,-13.5,12.5,0.0,1.0,180.78,33.28,897.0,2.5,0
0.0,0.0,-9.5,16.5,0.0,1.5,276.55,62.37,1155.5,3.5,0
0.0,0.0,-12.5,10.5,0.0,5.5,255.11,30.22,408.0,2.0,0
0.0,0.0,-11.333333333333334,16.666666666666668,0.0,3.0,293.3,53.42,2374.3333333333335,6.0,0
0.0,0.0,-15.5,22.5,0.0,10.0,382.51,71.59,259.0,1.0,0
0.0,0.0,-7.333333333333333,11.666666666666666,0.0,1.0,137.16,32.27,651.6666666666666,2.0,0
0.0,0.0,-12.0,10.0,0.0,14.0,481.25,53.45,571.5,1.5,0
0.0,0.0,-15.5,6.0,0.0,1.0,107.19,32.13,1050.0,2.0,1
0.0,0.0,-20.75,10.75,0.0,1.0,1335.805,155.76,1572.5,1.25,1
0.0,0.0,-21.0,10.5,0.0,8.5,249.89999999999998,45.91,750.5,3.75,0
0.0,0.0,-15.5,5.5,0.0,1.0,295.38,47.730000000000004,1056.0,2.0,0
0.0,0.0,-24.5,7.0,0.0,1.5,192.74,34.94,949.0,3.5,0
0.0,0.0,-16.0,13.0,0.0,5.0,293.7,34.7,233.5,3.0,1
0.0,0.0,-15.5,12.0,0.0,1.0,562.8199999999999,77.88,997.0,1.0,0
0.0,0.0,-18.5,6.5,0.0,4.5,403.99,44.05,1204.0,4.5,0
0.0,0.0,-14.0,9.0,0.0,6.5,303.12,46.12,498.75,3.75,1
0.0,0.0,-11.5,3.0,0.0,1.0,193.76,15.76,671.0,5.0,0
0.0,0.0,-14.0,14.0,0.0,4.5,221.98,39.58,588.5,3.0,0
0.0,0.0,-16.0,5.0,0.0,1.0,115.94,31.96,111.0,1.0,0
0.0,0.0,-11.0,8.5,0.0,3.25,261.25,48.379999999999995,239.5,1.0,0
0.0,0.0,-13.5,3.5,0.0,5.0,697.9100000000001,69.38,1190.0,3.75,1
0.0,0.0,-10.0,3.5,0.0,2.0,164.9,21.0,292.5,2.5,0
0.0,0.0,-17.5,13.5,0.0,1.0,557.695,77.88,1404.0,4.5,0
0.0,0.0,-9.0,22.5,0.5,2.5,125.66,34.86,956.0,2.5,0
0.0,0.0,-8.0,21.5,0.5,6.0,452.68500000000006,57.769999999999996,1221.5,8.0,1
0.0,0.0,-9.0,19.0,0.0,3.0,147.97000000000003,55.67,564.5,1.5,1
0.0,0.0,-4.333333333333333,2.0,0.0,5.0,295.57,31.939999999999998,1238.6666666666667,1.3333333333333333,0
0.0,0.0,-9.0,23.0,0.0,4.5,95.18,30.2,815.0,4.0,0
0.0,0.0,-8.5,14.0,0.0,1.0,160.19,28.29,1169.0,3.0,0
0.0,0.0,-17.5,4.0,0.0,1.0,133.31,39.61,245.0,1.0,0
0.0,0.0,-8.5,6.5,0.0,6.5,330.55,50.75,485.0,5.0,0
0.0,0.0,-14.5,14.5,0.0,1.0,211.24,32.45,278.0,1.0,0
0.0,0.0,-13.0,4.0,0.0,1.0,89.54,15.56,542.0,1.5,0
0.0,0.0,-6.5,15.5,0.0,1.0,542.955,49.9,424.0,1.0,0
0.0,0.0,-12.0,8.5,0.0,1.0,404.14,55.16,962.5,1.5,0
0.0,0.0,-1.5,3.5,0.0,1.0,118.0,18.2,781.0,4.0,0
0.0,0.0,-17.5,8.5,0.0,2.5,347.38,32.58,1744.5,1.5,0
0.0,0.0,-28.666666666666668,11.333333333333334,0.0,1.0,507.68999999999994,57.989999999999995,578.6666666666666,1.0,0
0.0,0.0,-7.0,6.5,0.0,1.0,89.99,20.0,657.5,1.5,0
0.0,0.0,-17.166666666666668,14.0,0.16666666666666666,9.0,715.44,222.98,882.6666666666666,1.6666666666666667,0
0.0,0.0,-15.0,6.0,0.0,6.0,482.71500000000003,52.8,189.0,1.0,0
0.0,0.0,-14.5,7.0,0.0,1.0,230.73000000000002,54.94,680.0,3.5,0
0.0,0.0,-19.0,10.0,0.0,7.5,193.66,67.68,1100.5,1.0,0
0.0,0.0,-19.0,13.5,0.0,1.5,228.35,33.36,455.5,1.0,0
0.0,0.0,-20.333333333333332,11.0,0.0,10.0,901.69,56.660000000000004,589.3333333333334,1.0,1
0.0,0.0,-7.0,22.333333333333332,0.0,1.0,323.34000000000003,53.64,188.0,1.0,0
0.0,0.0,-3.5,17.5,0.0,3.5,136.64,33.74,353.5,2.0,0
0.0,0.0,-17.0,12.5,0.0,6.0,353.1,93.32,431.0,3.5,0
0.0,0.0,-11.5,6.5,0.0,9.0,647.0699999999999,77.88,674.0,1.0,0
0.0,0.0,-3.5,13.0,0.0,6.5,170.87,29.38,535.5,1.5,0
0.0,0.0,-23.5,7.0,0.0,2.0,310.05,55.2,692.5,3.0,0
0.0,0.0,-16.5,7.5,0.0,6.5,144.44,41.66,828.0,1.0,0
0.0,0.0,-13.0,14.0,0.0,2.0,102.63,24.740000000000002,587.5,2.5,0
0.0,0.0,-18.5,18.0,0.0,7.0,655.235,77.88,1406.0,1.0,0
0.0,0.0,-17.0,11.5,0.0,2.0,275.52,51.629999999999995,1407.0,1.5,0
0.0,0.0,-10.666666666666666,26.333333333333332,0.0,1.0,140.75,35.55,114.33333333333333,1.0,0
0.0,0.0,-7.0,13.5,0.0,7.0,204.17000000000002,48.47,480.5,1.5,0
0.0,0.0,-19.5,19.0,0.5,1.0,108.48,38.58,355.5,4.0,0
0.0,0.0,-13.5,5.5,0.0,8.0,191.9,22.1,190.0,1.0,1
0.0,0.0,-15.5,10.5,0.0,1.0,181.76,41.96,1197.0,1.0,0
0.0,0.0,-18.0,6.5,0.0,6.0,147.7,42.7,829.0,1.0,0
0.0,0.0,-31.0,11.0,0.0,1.0,164.87,30.869999999999997,540.0,1.0,0
0.0,0.0,-9.0,6.5,0.0,3.0,149.18,19.28,568.5,2.0,0
0.0,0.0,-8.5,8.5,0.0,1.0,835.06,97.7,487.5,1.0,0
0.0,0.0,-18.0,2.5,0.0,4.0,333.15000000000003,23.35,425.0,2.5,0
0.0,0.0,-9.0,5.0,0.0,1.0,85.53999999999999,18.54,1139.0,3.0,0
0.0,0.0,12.0,35.5,0.5,6.0,383.615,55.73,298.5,1.0,0
0.0,0.0,-4.0,9.0,0.0,4.0,97.98,18.18,668.0,1.0,0
0.0,0.0,-10.333333333333334,11.666666666666666,0.0,4.0,273.88,44.88,196.33333333333334,3.0,0
0.0,0.0,-11.666666666666666,4.333333333333333,0.0,2.3333333333333335,126.27,29.79,574.6666666666666,3.0,0
0.0,0.0,-14.2,4.8,0.0,1.0,745.41,88.45,1166.5,2.6,0
0.0,0.0,-13.0,15.333333333333334,0.0,1.0,423.8,78.58,623.0,3.0,0
0.0,0.0,-23.0,11.5,0.0,1.875,1265.715,95.7,358.0833333333333,1.0,0
0.0,0.0,-23.0,7.0,0.0,4.0,120.21000000000001,45.3,1598.6666666666667,1.0,0
0.0,0.0,-6.0,3.0,0.0,1.0,81.68,14.78,457.5,3.0,0
0.0,0.0,-13.5,4.0,0.0,5.5,125.64,15.66,533.5,2.0,0
0.0,0.0,-10.5,11.5,0.0,1.0,56.0,30.2,348.0,1.0,0
0.0,0.0,-12.0,5.5,0.0,5.5,125.54,19.24,1511.5,3.0,0
0.0,0.0,-13.0,12.0,0.0,1.0,198.81,44.41,565.25,1.0,0
0.0,0.0,-7.0,10.5,0.0,2.5,317.12,48.32,382.5,1.0,0
0.0,0.0,-15.0,16.0,0.0,1.0,89.63,33.58,274.5,2.5,0
0.0,0.0,-16.0,8.5,0.0,1.0,108.38,36.58,858.0,1.0,0
0.0,0.0,-12.5,5.0,0.0,8.0,501.03000000000003,23.04,763.5,1.5,0
0.0,0.0,-5.5,13.0,0.5,9.0,506.23,58.33,545.0,1.0,0
0.0,0.0,-11.0,2.0,0.0,5.0,153.17000000000002,23.66,573.0,2.25,1
0.0,0.0,-19.5,9.0,0.0,3.0,403.74,71.34,544.5,1.0,0
0.0,0.0,-6.5,11.5,0.5,3.0,183.56,24.66,550.5,1.5,0
0.0,0.0,-16.5,15.0,0.0,1.0,303.16999999999996,64.84,1325.0,1.0,0
0.0,0.0,0.3333333333333333,33.666666666666664,0.6666666666666666,4.0,228.70999999999998,48.72,395.6666666666667,2.6666666666666665,0
0.0,0.0,-14.0,9.0,0.0,3.5,82.19,28.2,668.5,2.5,0
0.0,0.0,-8.0,20.0,0.5,4.5,224.68,56.94,779.0,2.5,1
0.0,0.0,-10.0,13.5,0.0,1.0,527.9200000000001,123.96000000000001,2455.0,1.0,1
0.0,0.0,-15.5,15.5,0.0,5.5,180.06,34.370000000000005,311.0,2.5,0
0.0,0.0,-11.5,8.5,0.0,1.0,223.10000000000002,25.240000000000002,1521.0,3.0,0
0.0,0.0,-21.0,9.5,0.0,8.0,697.9100000000001,52.98,606.0,2.0,0
0.0,0.0,-17.2,11.0,0.0,1.0,1166.64,126.84,1492.8,1.0,0
0.0,0.0,-16.5,9.5,0.0,3.0,208.92000000000002,37.6,1001.5,2.5,0
0.0,0.0,-13.0,15.0,0.0,2.5,220.59,54.89,577.25,1.0,1
0.0,0.0,-15.5,8.5,0.0,1.0,189.07999999999998,33.09,682.5,3.0,0
0.0,0.0,-6.5,23.5,0.0,5.0,328.4,48.15,1493.5,1.5,0
0.0,0.0,-9.0,9.0,0.0,1.0,117.14,21.240000000000002,438.5,1.5,0
0.0,0.0,-12.5,12.5,0.0,4.0,223.25,36.05,985.0,1.0,0
0.0,0.0,-25.0,9.5,0.0,7.0,436.19500000000005,48.19,286.0,1.0,0
0.0,0.0,-19.0,13.5,0.0,1.0,124.78,31.28,734.0,2.5,0
0.0,0.0,-14.0,13.333333333333334,0.0,4.0,291.64,51.94,292.6666666666667,1.0,0
0.0,0.0,-7.5,3.5,0.0,1.0,58.39,16.67,279.5,1.5,0
0.0,0.0,12.0,41.5,1.0,1.0,363.26,55.08,899.5,1.5,0
0.0,0.0,-26.0,10.5,0.0,4.5,99.56,33.58,571.0,3.0,0
0.0,0.0,-30.0,14.666666666666666,0.0,5.666666666666667,178.82999999999998,47.33,490.3333333333333,1.0,0
0.0,0.0,-2.5,19.0,0.0,5.5,121.55000000000001,18.060000000000002,578.5,1.0,0
0.0,0.0,-14.0,6.5,0.0,1.25,355.31,62.209999999999994,1239.0,1.5,0
0.0,0.0,-7.0,18.5,0.0,3.0,697.9100000000001,66.72999999999999,2881.0,1.0,0
0.0,0.0,-6.0,14.0,0.3333333333333333,6.666666666666667,550.7750000000001,50.91,448.0,5.666666666666667,0
0.0,0.0,-5.0,19.5,0.5,6.0,245.69,33.75,612.5,1.5,0
0.0,0.0,-4.0,2.0,0.0,1.0,212.63,26.84,1097.5,2.5,0
0.0,0.0,-9.222222222222221,13.666666666666666,0.1111111111111111,7.111111111111111,1157.435,171.82,498.72222222222223,1.6111111111111112,1
0.0,0.0,-13.0,14.0,0.0,1.0,96.43,36.46,677.5,3.5,0
0.0,0.0,-21.333333333333332,8.666666666666666,0.0,6.666666666666667,209.79000000000002,49.0,1410.0,2.0,0
0.0,0.0,-10.5,20.5,0.0,1.0,353.36,67.76,278.0,1.0,0
0.0,0.0,-12.5,17.5,0.0,1.0,291.67,54.589999999999996,1162.5,2.0,0
0.0,0.0,-15.0,12.5,0.0,1.0,154.09,45.19,350.5,2.5,0
0.0,0.0,-15.0,6.333333333333333,0.0,7.0,638.335,50.730000000000004,456.0,2.3333333333333335,0
0.0,0.0,-19.0,10.0,0.0,1.0,697.9100000000001,77.88,1398.0,1.0,0
0.0,0.0,-1.0,6.0,0.5,1.0,254.26999999999998,18.67,178.0,1.0,0
0.0,0.0,-13.5,7.0,0.0,9.5,230.21,26.310000000000002,366.5,1.0,0
0.0,0.0,-27.0,8.0,0.0,1.0,204.82,50.870000000000005,3174.0,5.0,0
0.0,0.0,-14.5,10.5,0.0,2.5,146.3,32.32,381.0,1.0,0
0.0,0.0,-13.5,9.5,0.0,9.0,186.39,23.14,232.5,4.0,0
0.0,0.0,3.0,27.5,0.5,4.5,414.94,35.29,574.5,2.5,1
0.0,0.0,-5.0,2.0,0.0,3.0,390.92999999999995,21.939999999999998,1128.5,2.5,0
0.0,0.0,-9.0,11.5,0.0,1.5,122.51,33.61,645.5,1.0,0
0.0,0.0,-15.5,7.0,0.0,2.5,162.76,35.61,541.0,1.5,0
0.0,0.0,-18.0,4.0,0.0,3.5,176.21,26.41,362.0,1.0,1
0.0,0.0,-18.0,9.0,0.0,3.0,179.98,30.88,193.0,1.5,0
0.0,0.0,-16.0,6.5,0.0,7.0,244.77999999999997,38.78,753.0,5.0,0
0.0,0.0,-18.5,5.5,0.0,4.5,391.46500000000003,34.41,1470.5,2.5,0
0.0,0.0,0.0,20.5,0.5,1.0,107.28,23.7,702.5,1.0,1
0.0,0.0,-23.0,9.0,0.0,1.0,514.1650000000001,53.98,289.0,1.0,0
0.0,0.0,-15.0,13.0,0.0,8.0,366.99,67.28999999999999,177.0,2.0,0
0.0,0.0,-12.5,14.5,0.0,3.0,406.15,35.28,1514.5,2.5,1
0.0,0.0,-8.0,7.0,0.0,1.0,276.57,21.32,1038.0,4.0,0
0.0,0.0,-6.5,13.0,0.0,4.5,160.57999999999998,44.879999999999995,1736.0,1.5,0
0.0,0.0,-1.0,25.0,0.0,1.5,289.11,33.31,344.0,1.5,0
0.0,0.0,-19.5,7.0,0.0,1.0,124.3,53.1,192.0,1.0,1
0.0,0.0,-16.5,17.5,0.0,1.0,365.55,69.4,231.5,2.0,0
0.0,0.0,-5.5,5.0,0.0,1.0,55.08,15.700000000000001,294.0,3.0,0
0.0,0.0,-13.0,8.0,0.0,4.0,168.44,64.44,953.0,3.0,0
0.0,0.0,-5.5,18.0,0.0,3.5,178.01,32.21,326.0,2.0,0
0.0,0.0,-8.0,4.5,0.0,2.0,131.12,31.12,892.0,1.0,1
0.0,0.0,-26.5,4.0,0.0,4.5,254.23000000000002,54.33,243.33333333333331,3.0,0
0.0,0.0,-4.0,2.0,0.0,7.5,153.12,21.22,604.5,2.5,0
0.0,0.0,-13.5,13.5,0.0,1.0,60.82,24.64,430.0,1.0,0
0.0,0.0,-5.0,10.0,0.0,1.0,292.73,21.73,523.0,3.0,0
0.0,0.0,-14.5,8.5,0.0,5.5,564.0450000000001,40.230000000000004,740.5,3.0,0
0.0,0.0,-6.0,31.0,0.5,2.0,145.35,51.37,711.5,4.0,0
0.0,0.0,-5.0,12.5,0.5,1.75,477.40500000000003,53.82,386.5,2.0,0
0.0,0.0,-12.0,13.0,0.0,1.0,73.18,28.2,510.0,2.0,0
0.3333333333333333,0.3333333333333333,-9.5,6.0,0.0,1.0,382.45000000000005,43.02,736.0,1.6666666666666667,0
0.0,0.0,-14.0,11.0,0.0,5.0,354.20000000000005,57.42,312.25,1.25,1
0.0,0.0,-13.0,11.0,0.0,1.0,127.88,35.08,733.0,1.5,0
0.0,0.0,-22.5,5.0,0.0,5.5,133.35000000000002,40.35,599.25,2.25,0
0.0,0.0,-11.0,9.333333333333334,0.0,1.1666666666666667,108.25,35.55,245.66666666666666,1.0,0
0.0,0.0,-6.0,8.5,0.0,5.0,314.6,16.6,606.0,2.0,1
0.0,0.0,-20.5,6.5,0.0,1.0,261.14,51.14,60.0,1.0,0
0.0,0.0,-13.0,8.0,0.0,3.0,243.37,33.480000000000004,580.0,1.0,0
0.0,0.0,-11.5,9.5,0.0,4.5,212.66,36.82,205.0,1.5,0
0.0,0.0,6.0,28.0,0.5,5.0,107.75999999999999,23.759999999999998,814.0,2.0,1
0.0,0.0,-0.5,34.0,0.5,7.5,163.07999999999998,52.65,285.5,1.0,1
0.0,0.0,-20.0,6.0,0.0,2.0,169.06,25.259999999999998,928.0,1.0,0
0.0,0.0,-7.0,8.0,0.0,1.0,49.68,15.88,482.0,3.5,0
0.0,0.0,-11.5,4.0,0.0,2.5,118.48,16.5,882.5,1.0,0
0.0,0.0,-11.0,5.5,0.0,1.0,642.8050000000001,25.99,2691.5,4.0,0
0.0,0.0,-6.5,26.5,0.0,6.5,211.63,65.59,1046.0,1.5,0
0.0,0.0,-71.0,14.0,0.0,8.0,346.87,55.05,716.5,3.0,0
0.0,0.0,-14.5,5.0,0.0,1.0,235.68,43.27,947.1666666666666,1.0,0
0.0,0.0,-19.0,2.0,0.0,8.0,463.115,77.88,469.0,1.5,1
0.0,0.0,-12.0,11.5,0.0,2.0,102.16,47.910000000000004,360.0,1.0,0
0.0,0.0,-17.5,9.0,0.0,5.0,145.31,51.31,458.5,1.0,0
0.0,0.0,-14.0,4.0,0.0,3.0,160.04,23.79,248.5,1.5,0
0.0,0.0,-11.5,2.5,0.0,4.0,209.86999999999998,20.97,451.5,2.0,0
0.0,0.0,-5.666666666666667,27.666666666666668,0.3333333333333333,2.3333333333333335,704.3299999999999,93.03,1885.0,1.0,0
0.0,0.0,-2.5,10.0,0.0,10.0,697.9100000000001,59.019999999999996,1188.5,3.0,0
0.0,0.0,-26.5,4.5,0.0,1.0,502.125,21.27,229.0,2.5,0
0.0,0.0,-27.5,11.0,0.0,10.0,1395.8200000000002,155.76,626.25,1.0,1
0.0,0.0,-10.0,11.5,0.5,10.0,516.565,31.86,719.0,2.0,1
0.0,0.0,-17.5,5.5,0.0,2.0,334.34,31.44,254.0,1.5,1
0.0,0.0,11.0,43.0,1.0,1.0,311.78,52.08,189.33333333333334,1.0,1
0.0,0.0,-11.0,7.0,0.0,1.0,129.73000000000002,37.74,361.5,1.0,0
0.0,0.0,-13.0,11.0,0.0,1.5,697.9100000000001,77.88,610.0,1.0,0
0.0,0.0,-7.0,21.5,0.0,3.5,608.88,56.15,436.0,1.5,1
0.0,0.0,-7.0,18.5,0.5,6.0,152.32999999999998,30.35,747.5,2.0,0
0.0,0.0,-12.0,3.0,0.0,2.0,593.695,63.879999999999995,1152.0,1.0,0
0.0,0.0,-19.0,8.0,0.0,1.0,260.05,80.55,264.0,1.0,0
0.0,0.0,-10.0,7.0,0.0,4.5,196.77,16.88,243.5,5.0,0
0.0,0.0,-9.5,5.5,0.0,2.0,125.0,30.2,602.0,4.5,0
0.0,0.0,-15.5,7.0,0.0,5.5,260.38,30.58,1549.5,2.0,0
0.0,0.0,-3.5,20.0,0.5,1.0,105.99,45.29,109.0,1.0,1
0.0,0.0,-22.0,6.5,0.0,4.5,296.53,64.63,333.5,1.5,0
0.0,0.0,-3.0,17.0,0.5,5.5,697.9100000000001,77.59,1907.5,4.0,0
0.0,0.0,-13.5,3.0,0.0,1.0,645.98,77.88,480.3333333333333,2.6666666666666665,0
0.0,0.0,-27.0,11.0,0.0,5.0,172.23,42.53,344.5,3.5,0
0.0,0.0,-15.0,11.0,0.0,1.0,655.705,58.86,703.0,1.0,0
0.0,0.0,-12.0,13.5,0.0,2.0,200.43,38.73,197.0,1.0,0
0.0,0.0,-14.0,6.5,0.0,2.0,91.72,21.92,374.5,5.0,0
0.0,0.0,-12.0,2.5,0.0,2.5,170.89999999999998,21.61,2541.5,3.0,0
0.0,0.0,-2.5,13.0,0.0,1.0,140.39,22.759999999999998,672.5,1.5,0
0.0,0.0,-22.5,8.5,0.0,6.5,271.11,31.25,606.0,1.0,0
0.0,0.0,-15.0,4.5,0.0,2.5,372.28000000000003,57.48,2340.5,1.0,0
0.0,0.0,-7.0,12.0,0.0,1.0,146.68,26.88,340.0,2.0,0
0.0,0.0,-10.142857142857142,11.714285714285714,0.14285714285714285,1.0,944.975,122.72,924.9285714285714,1.7857142857142858,0
0.0,0.0,-10.0,4.5,0.0,1.0,148.85,24.049999999999997,862.0,1.5,0
0.0,0.0,-5.5,10.0,0.5,2.5,299.47,22.48,773.5,2.5,0
0.0,0.0,-19.5,7.0,0.0,5.5,318.69,29.79,624.0,2.0,0
0.0,0.0,-14.0,8.5,0.0,4.0,100.69999999999999,24.9,766.5,1.0,0
0.0,0.0,-2.0,12.0,0.0,1.0,140.93,36.93,467.5,3.5,0
0.0,0.0,-14.5,11.5,0.0,1.0,370.32,41.42,978.0,5.0,0
0.0,0.0,-12.5,3.5,0.0,1.0,697.9100000000001,23.58,850.0,1.0,0
0.0,0.0,-12.0,14.5,0.0,3.5,419.47,32.660000000000004,819.0,1.5,0
0.0,0.0,-17.0,14.0,0.0,7.0,166.29000000000002,48.57,638.0,3.0,0
0.0,0.0,-3.3333333333333335,13.0,0.0,3.0,244.35,64.52,586.0,1.0,0
0.0,0.0,-12.0,9.0,0.0,5.25,417.92500000000007,30.450000000000003,1175.0,2.0,0
0.0,0.0,-6.5,10.0,0.0,1.5,303.2,53.21000000000001,1843.0,3.0,0
0.0,0.0,-27.0,12.5,0.0,4.5,208.02,53.53,1260.5,1.5,0
0.0,0.0,-1.5,8.0,0.5,1.0,236.7,16.06,918.5,1.0,0
0.0,0.0,-12.666666666666666,7.333333333333333,0.0,2.0,581.68,48.879999999999995,732.0,1.0,0
0.0,0.0,-21.5,15.0,0.0,3.0,317.71000000000004,62.71,703.5,1.0,0
0.0,0.0,-4.0,23.5,0.5,1.0,220.28,61.379999999999995,747.0,3.0,0
0.0,0.0,-14.5,12.5,0.0,4.0,225.51,48.510000000000005,1700.0,1.0,0
0.0,0.0,-8.0,11.0,0.0,4.5,118.57,37.98,463.5,2.0,0
0.0,0.0,-11.5,4.0,0.0,1.0,73.06,26.46,453.5,3.0,1
0.0,0.0,-15.0,18.5,0.0,2.0,497.84000000000003,57.05,337.5,1.5,0
0.0,0.0,-6.0,15.0,0.0,1.0,177.74,26.84,304.0,2.0,0
0.0,0.0,-15.0,15.0,0.0,6.5,341.38,118.64,227.0,1.0,0
0.0,0.0,-19.0,8.0,0.0,2.0,299.44000000000005,54.86,1190.5,3.0,0
0.0,0.0,-4.0,9.5,0.0,1.0,42.47,15.17,394.5,1.0,0
0.0,0.0,-13.0,10.0,0.0,1.0,142.6,58.39,429.5,1.5,0
0.0,0.0,-11.0,10.5,0.0,4.0,187.4,50.099999999999994,223.5,1.5,0
0.0,0.0,-9.5,5.0,0.0,2.0,203.70999999999998,26.060000000000002,695.0,1.0,0
0.0,0.0,-15.5,7.5,0.0,1.0,293.36,53.76,340.0,2.0,0
0.0,0.0,-15.0,11.0,0.0,3.6666666666666665,554.09,92.16999999999999,512.0,2.0,0
0.0,0.0,-22.5,11.5,0.0,17.0,693.24,83.44,603.5,1.5,0
0.0,0.0,-15.5,4.0,0.0,1.0,115.7,19.21,851.5,1.5,0
0.0,0.0,-24.333333333333332,17.666666666666668,0.0,1.0,783.075,73.25999999999999,203.44444444444446,1.0,0
0.0,0.0,-19.0,8.5,0.0,3.0,87.8,35.55,1034.0,1.0,0
0.0,0.0,-19.5,9.0,0.0,1.0,70.18,30.2,575.0,1.0,0
0.0,0.0,-7.0,4.5,0.0,1.0,40.56,15.56,351.0,1.0,1
0.0,0.0,-18.5,6.0,0.0,10.0,529.56,55.3,695.5,1.0,1
0.0,0.0,-7.0,5.0,0.0,7.5,697.9100000000001,29.36,518.5,3.5,0
0.0,0.0,-32.0,7.0,0.0,2.0,563.115,63.2,1474.75,2.5,0
0.0,0.0,-23.0,6.5,0.0,8.0,555.0350000000001,47.959999999999994,269.5,1.0,0
0.0,0.0,-10.0,11.5,0.0,1.0,565.88,59.36,764.0,1.5,0
0.0,0.0,-12.0,17.666666666666668,0.0,6.666666666666667,208.45,83.94999999999999,63.333333333333336,1.0,0
0.0,0.0,-11.0,7.5,0.0,5.0,353.42,47.519999999999996,1129.0,1.0,0
0.0,0.0,-4.5,16.0,0.0,1.0,59.4,28.2,595.0,1.0,0
0.0,0.0,-11.5,8.0,0.0,1.0,222.04,32.15,1591.5,1.5,0
0.0,0.0,-10.0,15.666666666666666,0.3333333333333333,2.0,152.69,57.89,742.6666666666666,1.6666666666666667,0
0.0,0.0,-6.0,25.5,0.5,1.0,216.04000000000002,41.25,477.5,1.0,0
0.0,0.0,-15.0,4.5,0.0,1.0,85.07,17.52,374.5,1.5,0
0.0,0.0,-13.5,6.5,0.0,1.0,193.27,44.37,544.0,3.0,0
0.0,0.0,-9.5,8.5,0.0,1.0,80.47,20.57,536.5,1.0,0
0.0,0.0,-12.0,6.0,0.0,2.5,502.74,53.04,490.0,3.0,1
0.0,0.0,-11.0,12.0,0.0,5.0,382.59000000000003,46.589999999999996,640.0,1.0,0
0.0,0.0,-15.0,7.0,0.0,1.0,140.35999999999999,46.379999999999995,352.0,2.0,0
0.3333333333333333,0.3333333333333333,-3.5,9.0,0.0,2.3333333333333335,486.6,70.68,974.6666666666666,1.888888888888889,0
0.0,0.0,-4.0,17.0,0.0,2.0,291.54,53.739999999999995,348.0,2.0,0
0.0,0.0,-3.0,4.5,0.0,2.5,289.11,50.11999999999999,530.0,1.0,0
0.0,0.0,-23.0,10.5,0.0,7.0,801.1000000000001,114.47,630.5,1.5,0
0.0,0.0,-34.0,8.0,0.0,1.0,187.76999999999998,29.87,717.5,2.5,0
0.0,0.0,-22.333333333333332,10.0,0.0,1.0,178.65,57.760000000000005,281.6666666666667,1.3333333333333333,0
0.0,0.0,-14.5,5.0,0.0,5.5,190.24,30.35,931.0,3.5,0
0.0,0.0,-4.5,16.0,0.0,5.0,110.88,32.879999999999995,607.5,3.0,0
0.0,0.0,-11.5,18.0,0.0,2.0,417.02,37.22,1885.0,1.0,0
0.0,0.0,-7.0,3.0,0.0,1.5,249.5,23.91,707.0,1.0,0
0.0,0.0,-15.2,5.8,0.0,4.4,490.41,85.84,555.2,1.0,0
0.0,0.0,-9.0,13.0,0.0,2.0,546.365,56.45,801.0,5.5,0
0.0,0.0,-17.5,9.0,0.0,3.5,82.0,32.3,556.5,1.5,0
0.0,0.0,-13.5,7.0,0.0,5.5,135.78,26.88,340.0,2.0,0
0.0,0.0,-15.0,9.5,0.0,1.5,528.29,53.42,481.5,2.0,0
0.0,0.0,-10.0,17.0,0.0,6.5,218.0,33.010000000000005,521.5,2.0,0
0.0,0.0,-16.0,6.0,0.0,3.5,168.94,54.97,549.0,3.0,0
0.0,0.0,-11.5,13.5,0.0,7.0,491.63,42.73,302.5,2.0,0
0.0,0.0,-8.5,19.5,0.0,1.5,103.69,33.9,698.5,5.5,0
0.0,0.0,-21.0,8.5,0.0,2.5,141.64000000000001,28.84,888.0,1.5,0
0.0,0.0,-6.5,3.0,0.0,4.0,91.35,14.969999999999999,1141.5,1.0,0
0.0,0.0,-12.333333333333334,19.0,0.0,1.0,310.01,41.91,270.6666666666667,1.0,0
0.0,0.3333333333333333,-18.0,10.0,0.0,5.666666666666667,234.76,66.06,829.6666666666666,1.3333333333333333,0
0.0,0.0,-10.0,12.0,0.0,1.0,137.94,28.310000000000002,288.0,1.0,0
0.0,0.0,-2.0,19.0,0.5,2.5,133.31,28.41,1098.0,3.0,0
0.0,0.0,-16.0,12.5,0.0,1.0,537.955,77.88,894.0,1.0,0
0.0,0.0,-17.5,9.0,0.0,2.0,163.49,25.490000000000002,150.5,2.0,0
0.0,0.0,-36.75,11.0,0.0,9.0,1181.8000000000002,73.85,520.0,2.25,0
0.0,0.0,-11.0,19.0,0.0,2.0,352.75,30.75,1277.5,1.0,0
0.0,0.0,-10.0,10.0,0.0,1.0,40.47,19.68,571.5,1.5,0
0.0,0.0,-17.5,6.5,0.0,5.5,276.23,30.229999999999997,604.5,3.5,0
0.0,0.0,-9.0,21.5,0.0,1.0,481.78,83.98,1446.0,2.0,0
0.0,0.0,-15.0,10.0,0.0,2.75,173.79999999999998,37.92,658.0,2.0,0
0.0,0.0,-12.5,14.5,0.0,6.0,204.46,37.66,715.5,2.5,0
0.0,0.0,-22.0,8.0,0.0,2.5,270.17,40.67,272.0,1.0,1
0.0,0.0,-7.0,12.5,0.0,6.25,289.94,23.939999999999998,1721.5,2.5,0
0.0,0.0,13.5,44.0,1.0,1.0,64.84,26.94,172.0,1.0,1
0.0,0.0,-13.5,9.5,0.0,2.0,448.38,48.480000000000004,347.5,1.5,0
0.0,0.0,-30.0,13.0,0.0,8.0,391.16999999999996,70.94999999999999,769.5,2.0,0
0.0,0.0,-17.75,8.0,0.0,2.25,569.49,63.79,2275.75,1.0,0
0.0,0.0,-14.5,14.5,0.0,1.0,68.63,31.729999999999997,946.5,4.0,0
0.0,0.0,-17.5,20.0,0.0,1.0,98.47999999999999,33.58,599.0,1.0,0
0.0,0.0,-9.0,26.0,0.0,10.0,675.33,40.83,636.0,1.0,0
0.0,0.0,-17.0,9.5,0.0,3.5,697.9100000000001,43.29,431.5,1.0,0
0.0,0.0,-13.5,5.0,0.0,2.0,151.92,36.12,943.25,2.5,0
0.0,0.0,-10.5,6.5,0.0,3.0,148.06,28.26,799.0,1.0,0
0.0,0.0,-1.75,16.5,0.25,1.0,474.29,49.89,501.5,1.75,1
0.0,0.0,-18.5,16.5,0.0,1.0,132.02,40.22,479.0,4.5,0
0.0,0.0,-10.333333333333334,5.333333333333333,0.0,8.666666666666666,556.1700000000001,46.29,1038.6666666666667,1.3333333333333333,0
0.0,0.0,-7.0,13.0,0.0,5.0,672.46,43.46,1089.6666666666667,1.0,0
0.0,0.0,-23.5,20.0,0.0,8.0,391.23,77.88,481.0,1.5,0
0.0,0.0,-17.5,7.5,0.0,6.5,381.33,39.43,1528.0,3.0,0
0.0,0.0,-18.0,12.4,0.0,4.4,1250.23,156.57,744.8,3.8,0
0.0,0.0,-23.0,9.5,0.0,10.5,580.405,60.489999999999995,1015.5,5.5,0
0.0,0.0,-21.5,11.5,0.0,1.0,229.83,45.03,354.0,3.0,0
0.0,0.0,-11.5,12.5,0.0,4.0,212.13,27.14,873.5,2.0,0
0.0,0.0,-15.5,17.5,0.0,7.0,244.41,34.519999999999996,545.0,1.5,0
0.0,0.0,-11.5,10.0,0.0,1.0,425.54,54.37,343.5,2.0,0
0.0,0.0,-7.5,8.5,0.0,4.0,542.9350000000001,62.92999999999999,1419.5,1.0,0
0.0,0.0,-11.0,8.0,0.0,2.5,206.48,50.79,1317.0,2.0,0
0.0,0.0,-17.0,16.5,0.0,10.0,553.0350000000001,54.03,705.0,1.5,0
0.0,0.0,3.0,26.0,0.5,1.0,237.94,38.54,503.0,1.5,1
0.0,0.0,-19.0,7.5,0.0,1.0,270.57,74.25999999999999,533.5,1.5,0
0.0,0.0,-13.0,13.0,0.0,6.0,404.27,42.269999999999996,583.0,1.5,0
0.0,0.0,-10.0,14.5,0.0,1.5,256.04,36.04,224.0,2.0,0
0.0,0.0,-11.0,8.0,0.0,2.0,285.37,35.57,718.0,1.0,0
0.0,0.0,-15.5,5.5,0.0,6.5,377.78,37.98,190.0,1.0,0
0.0,0.0,-28.0,13.0,0.0,1.0,295.02,55.32000000000001,353.0,2.0,0
0.0,0.0,-10.5,4.0,0.0,5.5,242.70000000000002,24.810000000000002,546.5,4.5,0
0.0,0.0,-5.5,4.5,0.0,2.0,104.54,16.14,1572.5,1.5,0
0.0,0.0,-17.0,7.0,0.0,2.0,300.46999999999997,53.47,231.75,2.75,0
0.0,0.0,-16.5,2.0,0.0,2.0,290.53999999999996,21.46,768.0,3.0,0
0.0,0.0,-4.0,24.5,0.5,1.0,144.6,33.86,442.5,2.0,1
0.0,0.0,-7.5,1.5,0.0,1.0,158.13,47.54,600.875,2.5,0
0.0,0.0,-20.0,25.0,0.0,6.0,232.23,52.44,903.5,1.0,1
0.0,0.0,-11.0,21.0,0.0,7.0,218.98000000000002,80.53999999999999,878.6666666666666,6.0,0
0.0,0.0,-11.0,10.0,0.0,2.5,402.74,43.84,231.0,2.0,0
0.0,0.0,-7.0,18.0,0.5,6.5,188.3,45.41,682.5,3.5,1
0.0,0.0,-8.0,16.0,0.5,2.0,385.70500000000004,50.79,560.0,1.0,0
0.0,0.0,-11.0,3.5,0.0,1.0,278.38,48.79,252.75,1.75,0
0.0,0.0,-10.0,7.5,0.0,3.5,408.96000000000004,26.97,1795.5,3.0,0
0.0,0.0,-10.5,9.0,0.0,1.0,68.77000000000001,22.88,357.5,1.5,0
0.0,0.0,-11.5,8.0,0.0,9.0,697.9100000000001,72.53,574.0,1.0,0
0.0,0.0,-8.0,9.333333333333334,0.3333333333333333,7.666666666666667,448.5,38.870000000000005,461.6666666666667,3.0,0
0.0,0.0,-9.0,4.0,0.0,5.0,210.95999999999998,18.97,270.0,1.5,0
0.0,0.0,-23.666666666666668,6.333333333333333,0.0,11.333333333333334,437.21999999999997,55.72,198.0,1.0,0
0.0,0.0,-3.0,21.5,0.5,1.0,132.85,29.86,863.0,2.0,0
0.0,0.0,-6.5,30.5,0.5,1.0,184.74,77.88,233.0,3.0,1
0.0,0.0,-13.0,6.5,0.0,7.0,318.13,23.43,540.5,3.0,0
0.0,0.0,-3.0,6.5,0.0,1.0,189.61,31.71,611.0,1.0,0
0.0,0.0,-2.5,25.0,0.5,4.5,524.8199999999999,77.88,591.5,2.0,0
0.0,0.0,-14.5,9.0,0.0,8.5,180.31,35.51,516.0,3.0,0
0.0,0.0,6.5,15.5,0.5,2.0,234.54,36.54,843.0,3.0,1
0.0,0.0,-20.5,4.5,0.0,9.0,340.68,36.69,600.0,1.0,0
0.0,0.0,-18.0,12.5,0.0,4.5,442.235,77.88,2048.5,3.25,0
0.0,0.0,-3.5,1.5,0.0,1.5,139.88,16.29,488.0,1.0,0
0.0,0.0,-12.0,4.5,0.0,1.0,80.2,27.5,430.5,1.0,0
0.0,0.0,-19.5,16.0,0.0,1.0,499.35,59.55,373.5,1.0,0
0.0,0.0,-1.0,8.5,0.5,1.0,44.93,22.169999999999998,392.5,1.0,1
0.0,0.0,-24.5,6.5,0.0,1.0,92.33000000000001,36.53,982.0,2.0,0
0.0,0.0,-10.5,10.0,0.0,1.5,99.34,34.54,875.5,2.0,0
0.0,0.0,-9.0,6.0,0.0,1.0,137.75,45.95,291.6666666666667,1.0,0
0.0,0.3333333333333333,-15.0,7.0,0.0,4.5,315.24,60.239999999999995,1328.0,1.0,1
0.0,0.0,-15.0,11.666666666666666,0.0,4.666666666666667,273.98,88.2,639.0,1.6666666666666667,0
0.0,0.0,-4.5,16.5,0.5,3.0,66.46,36.46,861.5,1.0,0
0.0,0.0,-14.4,9.2,0.0,5.0,788.465,135.36,904.4,1.6,0
0.0,0.0,-13.5,3.5,0.0,1.0,251.94,31.3,918.5,1.0,0
0.0,0.0,-9.5,19.0,0.0,1.0,270.52,23.62,543.0,1.0,0
0.0,0.0,-27.0,7.5,0.0,1.0,195.22,43.22,440.5,5.0,0
0.0,0.0,-18.5,19.0,0.0,1.0,144.69,30.3,2965.0,1.0,0
0.0,0.0,-11.5,11.0,0.0,2.0,196.36,32.56,225.0,1.0,0
0.0,0.0,-13.5,3.0,0.0,1.0,136.36,19.38,442.5,1.0,0
0.0,0.0,-8.5,13.0,0.0,1.0,224.57999999999998,77.88,551.6666666666666,1.0,0
0.0,0.0,-11.5,8.5,0.0,1.0,233.34,33.34,1113.0,2.0,0
0.0,0.0,-12.5,12.5,0.0,5.5,380.76,71.0,698.0,3.0,0
0.0,0.0,-10.0,3.5,0.0,4.5,222.86,23.26,269.0,1.5,0
0.0,0.0,-10.0,3.5,0.0,1.5,136.37,19.57,223.0,4.0,0
0.0,0.0,-15.0,7.5,0.0,1.0,154.7,29.7,391.0,1.5,0
0.0,0.0,-16.5,10.5,0.0,3.25,234.07000000000002,35.08,355.5,1.0,0
0.0,0.0,-14.0,6.0,0.0,1.0,120.32,22.33,1498.5,1.0,0
0.0,0.0,-29.5,13.5,0.0,3.0,99.30000000000001,54.04,845.0,2.0,0
0.0,0.0,-15.5,8.5,0.0,4.5,227.26999999999998,50.03,825.0,2.0,0
0.0,0.0,-20.5,12.5,0.0,4.5,106.03,38.03,388.5,3.0,0
0.0,0.0,-9.0,13.5,0.0,1.0,216.82999999999998,31.509999999999998,726.5,1.0,0
0.0,0.0,-14.666666666666666,18.333333333333332,0.0,1.0,252.84,42.839999999999996,722.6666666666666,5.666666666666667,0
0.0,0.0,-20.5,13.0,0.0,3.5,419.17,33.7,760.0,1.0,0
0.0,0.0,-15.5,17.0,0.0,1.0,101.69,30.700000000000003,800.0,3.5,0
0.0,0.0,-8.333333333333334,23.0,0.0,2.0,167.34,47.37,405.0,2.0,0
0.0,0.0,-15.5,14.5,0.0,5.5,122.57,36.59,658.0,3.0,0
0.0,0.0,-6.0,9.5,0.0,1.0,131.08,16.59,535.0,4.0,0
0.0,0.0,-0.5,24.0,0.0,1.0,371.78,30.88,566.5,2.0,0
0.0,0.0,-16.0,5.5,0.0,5.5,291.32,31.32,3767.0,1.0,0
0.0,0.0,-8.5,6.5,0.0,1.0,182.32,27.42,1473.0,2.0,0
0.0,0.0,-13.5,5.5,0.0,1.0,181.5,23.51,265.0,2.75,0
0.0,0.0,-10.0,13.0,0.0,3.0,206.13,65.37,395.0,3.0,0
0.0,0.0,-28.0,7.0,0.0,4.5,173.39999999999998,69.14,211.5,2.0,0
0.0,0.0,-14.5,4.0,0.0,1.5,181.84,22.95,389.0,5.25,1
0.0,0.0,0.0,21.0,0.5,8.5,313.71,39.21,233.0,2.0,0
0.0,0.0,-14.5,11.5,0.0,1.5,132.12,34.12,2135.0,2.0,0
0.0,0.0,-9.5,15.5,0.0,5.5,239.5,60.80000000000001,188.75,1.25,1
0.0,0.0,-9.0,17.0,0.0,2.5,213.15,33.26,294.0,1.0,0
0.0,0.0,-4.0,16.0,0.5,10.0,697.9100000000001,65.00999999999999,1277.5,1.0,0
0.0,0.0,-9.0,25.0,0.5,4.5,128.46,30.46,312.0,4.0,0
0.0,0.0,-15.0,6.5,0.0,6.0,246.57,31.32,844.5,4.0,0
0.0,0.0,-16.0,9.0,0.0,8.0,237.86,39.86,594.0,1.0,0
0.0,0.0,-2.5,23.5,0.5,1.0,697.9100000000001,77.88,445.0,1.0,1
0.0,0.0,-27.5,5.0,0.0,1.0,130.46,30.96,815.0,1.0,0
0.0,0.0,-11.0,7.0,0.0,6.0,212.93,33.230000000000004,307.6666666666667,1.0,0
0.0,0.0,-15.5,4.0,0.0,1.5,147.48,27.78,254.0,1.0,0
0.0,0.0,-29.0,8.0,0.0,1.0,928.02,155.76,270.5,1.3333333333333335,0
0.0,0.0,-19.5,9.5,0.0,4.0,451.34,53.34,965.0,3.0,0
0.0,0.0,-23.0,11.5,0.0,2.5,507.94,42.14,437.5,2.0,0
0.0,0.0,-18.0,7.5,0.0,5.5,428.68500000000006,39.18,944.5,2.0,0
0.0,0.0,-20.0,9.0,0.0,3.0,278.93,64.41,1053.5,2.5,0
0.0,0.0,-2.6666666666666665,18.0,0.0,1.0,650.79,97.53,537.1666666666666,1.6666666666666667,1
0.0,0.0,-15.5,4.5,0.0,1.0,307.8,28.0,476.0,2.0,0
0.0,0.0,-6.333333333333333,20.0,0.3333333333333333,2.3333333333333335,273.7,53.61,474.6666666666667,2.0,0
0.0,0.0,-5.5,16.5,0.5,1.0,185.87,52.370000000000005,539.5,2.5,0
0.0,0.0,-13.0,4.0,0.0,5.0,252.01000000000002,24.009999999999998,435.0,2.0,0
0.0,0.0,-2.5,13.0,0.0,3.0,358.98,59.379999999999995,333.0,3.5,0
0.0,0.0,-13.0,12.666666666666666,0.0,6.0,418.21000000000004,49.41,330.0,1.3333333333333333,0
0.0,0.0,-23.0,10.5,0.0,1.0,93.35,36.46,2059.0,3.0,0
0.0,0.0,-10.0,7.0,0.0,2.0,217.22,40.22,130.33333333333334,2.0,0
0.0,0.0,-12.0,3.0,0.0,1.0,185.0,33.0,388.5,2.0,0
0.0,0.0,-5.0,5.5,0.0,2.0,72.96,16.07,507.0,3.5,0
0.0,0.0,-12.5,9.0,0.0,1.0,420.5,42.13,348.6666666666667,4.166666666666666,1
0.0,0.0,-8.5,3.5,0.0,3.0,199.39999999999998,17.42,531.5,1.0,0
0.0,0.0,-12.5,21.5,0.0,1.0,500.06,76.25999999999999,698.0,1.0,0
0.0,0.0,-14.666666666666666,8.0,0.0,6.0,515.4150000000001,60.16,1513.3333333333333,1.0,0
0.0,0.0,-5.5,17.5,0.5,5.5,296.84000000000003,52.84,439.0,1.5,1
0.0,0.0,-41.5,13.0,0.0,8.0,231.19,37.46,489.0,1.0,1
0.0,0.0,-26.25,15.0,0.0,10.0,966.33,55.41,1058.25,1.5,0
0.0,0.0,-18.0,8.0,0.0,5.5,135.7,57.22,227.5,1.5,0
0.0,0.0,-17.0,16.5,0.0,5.25,153.76,33.78,492.0,2.0,1
0.0,0.0,-19.5,10.0,0.0,1.25,366.0,69.19999999999999,847.5,1.0,0
0.0,0.0,-10.333333333333334,12.0,0.0,10.0,706.44,83.84,1050.6666666666667,1.0,0
0.0,0.0,-4.0,19.0,0.0,1.0,316.37,62.14,1054.5,3.0,0
0.0,0.0,-1.0,20.5,0.5,3.0,256.98,33.08,859.0,1.0,1
0.0,0.0,-17.0,8.0,0.0,4.5,319.18,49.44,1333.0,1.5,0
0.0,0.0,-12.0,7.5,0.0,1.0,254.84,22.84,1515.0,1.0,0
0.0,0.0,-4.5,11.5,0.0,1.0,128.32,18.52,796.0,2.0,1
0.0,0.0,-9.0,13.5,0.0,2.0,275.81,36.91,1299.5,1.5,0
0.0,0.0,-2.5,23.5,0.5,2.0,321.79,77.88,483.0,1.5,0
0.0,0.0,-27.5,6.5,0.0,8.0,349.69,49.99,503.0,1.5,0
0.0,0.0,-12.5,5.5,0.0,1.0,194.99,32.76,653.5,1.5,1
0.0,0.0,-12.0,13.5,0.0,5.0,697.9100000000001,77.88,322.0,1.5,0
0.0,0.0,-22.0,10.0,0.0,3.5,233.63,54.980000000000004,723.0,1.5,0
0.0,0.0,-11.5,10.0,0.0,3.0,269.88,31.080000000000002,606.0,2.0,0
0.0,0.0,-7.5,7.5,0.0,1.0,215.03,17.03,3530.0,4.0,0
0.0,0.0,-18.0,6.5,0.0,1.0,537.9250000000001,57.21,1290.0,3.5,0
0.0,0.0,-12.0,8.0,0.0,1.0,80.56,25.58,755.5,4.0,0
0.0,0.0,-13.5,30.5,0.5,5.5,496.87,77.88,503.0,1.0,0
0.0,0.0,-16.0,3.5,0.0,1.0,84.42,21.92,775.5,2.0,0
0.0,0.0,-11.333333333333334,20.0,0.0,2.0,248.57,37.87,285.3333333333333,1.0,0
0.0,0.0,-27.5,12.5,0.0,2.5,416.45500000000004,38.75,495.5,1.5,0
0.0,0.0,-14.5,15.5,0.0,2.5,244.21999999999997,51.42,553.5,4.5,0
0.0,0.0,-1.0,16.5,0.0,3.5,91.35,26.95,421.5,2.5,0
0.0,0.0,-12.5,12.0,0.0,1.0,148.41,30.41,214.0,2.5,0
0.0,0.0,-12.5,13.0,0.0,2.0,201.22,41.42,1753.5,2.5,0
0.0,0.0,-2.8,22.8,0.2,3.8,1044.9050000000002,119.38,1652.6,2.2,0
0.0,0.0,-3.3333333333333335,27.666666666666668,0.6666666666666666,1.0,306.67,47.739999999999995,536.6666666666666,1.0,1
0.0,0.0,-22.0,7.5,0.0,7.5,322.01,23.11,496.0,4.0,0
0.0,0.0,-14.333333333333334,9.666666666666666,0.0,8.0,444.2,56.41,246.66666666666666,1.0,0
0.0,0.0,-17.0,1.5,0.0,1.0,49.36,15.56,592.0,1.0,0
0.0,0.0,-20.0,11.666666666666666,0.0,2.0,288.58,50.98,571.0,1.0,0
0.0,0.0,-20.0,6.0,0.0,1.0,301.56,65.96,214.5,1.0,0
0.0,0.0,-21.0,5.5,0.0,2.0,430.13,35.23,325.0,1.0,0
0.0,0.0,-16.0,15.5,0.0,1.0,151.94,32.239999999999995,334.5,1.0,0
0.0,0.0,-11.666666666666666,8.333333333333334,0.0,1.0,185.82999999999998,42.14,647.3333333333334,2.0,0
0.0,0.0,-11.5,14.0,0.0,2.0,243.85999999999999,39.17,946.5,1.5,0
0.0,0.0,-6.666666666666667,11.333333333333334,0.0,1.0,423.91,43.91,677.3333333333334,1.0,1
0.0,0.0,-12.5,5.0,0.0,4.5,267.65999999999997,29.770000000000003,2930.25,1.25,0
0.0,0.0,-10.0,2.0,0.0,7.5,229.07999999999998,29.28,839.5,1.5,0
0.0,0.0,-11.0,12.0,0.0,8.0,167.17000000000002,34.78,846.0,2.0,0
0.0,0.0,-14.0,8.5,0.0,1.5,237.71,27.72,711.0,4.5,0
0.0,0.0,-7.0,10.0,0.0,1.0,176.16,26.16,903.0,6.0,0
0.0,0.0,-10.0,12.5,0.5,1.5,402.76,54.39,405.5,1.5,0
0.0,0.0,2.0,26.0,0.5,7.0,360.19,37.39,461.5,1.5,1
0.0,0.0,-20.5,21.0,0.0,3.5,154.12,98.2,335.0,1.0,0
0.0,0.0,-22.0,7.0,0.0,1.0,168.95,50.050000000000004,631.0,2.5,0
0.0,0.0,-19.5,8.0,0.0,9.0,207.61,33.72,1829.5,3.0,0
0.0,0.0,-16.0,12.5,0.0,1.5,250.07999999999998,74.77,1770.5,2.0,0
0.0,0.0,-12.333333333333334,10.333333333333334,0.0,1.0,692.51,53.510000000000005,180.33333333333334,4.333333333333333,1
0.0,0.0,-14.5,7.5,0.0,1.0,213.01,33.21,327.5,1.0,1
0.0,0.0,-17.5,16.0,0.0,1.5,212.65,56.61,1117.0,1.5,0
0.0,0.0,-7.0,5.5,0.0,7.5,282.3,51.87,977.0,2.5,0
0.0,0.0,-21.0,10.5,0.0,9.0,303.76,39.76,989.5,1.5,0
0.0,0.0,-12.0,10.5,0.0,4.5,138.49,30.509999999999998,695.5,3.5,0
0.0,0.0,-11.0,13.333333333333334,0.0,4.333333333333333,383.99,71.29,732.1666666666666,2.3333333333333335,0
0.0,0.0,-28.0,9.666666666666666,0.0,6.0,516.43,65.03999999999999,271.3333333333333,1.0,0
0.0,0.0,-13.0,20.0,0.0,1.0,386.70000000000005,60.0,644.0,1.0,0
0.0,0.0,-6.5,9.5,0.0,7.0,392.05500000000006,42.28,922.5,2.5,0
0.0,0.0,-10.333333333333334,17.0,0.3333333333333333,6.0,347.53,71.32,394.8888888888889,1.4444444444444444,1
0.0,0.0,-23.333333333333332,11.666666666666666,0.0,1.0,56.86,26.160000000000004,1585.0,1.0,0
0.0,0.0,-13.0,10.5,0.0,1.0,370.56,46.56,3006.0,2.0,0
0.0,0.0,-20.5,12.0,0.0,2.0,375.9,67.9,651.0,1.0,0
0.0,0.0,-5.5,17.0,0.0,1.0,95.08,42.28,399.0,1.0,0
0.0,0.0,-17.0,5.0,0.0,4.0,325.05,35.16,783.0,1.0,0
0.0,0.0,-7.0,15.0,0.0,1.0,164.10000000000002,45.3,264.0,1.0,0
0.0,0.0,-12.5,13.0,0.0,2.0,395.55,30.65,815.0,1.0,0
0.0,0.0,-17.0,8.0,0.0,1.0,432.40500000000003,57.489999999999995,464.5,2.5,0
0.0,0.0,-15.0,9.0,0.0,7.333333333333333,301.09000000000003,69.17999999999999,936.0,3.6666666666666665,0
0.0,0.0,-6.5,6.0,0.0,1.0,185.66,15.88,655.0,1.0,0
0.0,0.0,-5.0,17.0,0.0,1.0,353.79999999999995,50.75,1121.5,5.0,0
0.0,0.0,-18.666666666666668,9.0,0.0,1.0,304.6,43.62,1431.6666666666667,1.0,0
0.0,0.0,-14.5,4.0,0.0,3.5,397.18500000000006,33.23,689.5,1.5,0
0.0,0.0,-11.5,8.5,0.0,1.0,458.43500000000006,32.28,427.5,1.5,0
0.0,0.0,-11.4,3.0,0.0,1.0,408.92,39.42,887.4,3.0,0
0.0,0.0,-13.5,6.5,0.0,1.0,353.78,47.82,571.0,1.0,0
0.0,0.0,-12.5,5.5,0.0,4.0,229.97000000000003,39.28,1572.5,2.25,0
0.0,0.0,-12.5,7.0,0.0,5.5,204.36,24.47,1077.0,2.0,0
0.0,0.0,-15.0,4.0,0.0,1.5,197.20999999999998,23.310000000000002,370.5,1.0,0
0.0,0.0,-5.5,5.0,0.0,3.5,126.1,16.31,574.0,1.0,0
0.0,0.0,-17.333333333333332,10.166666666666666,0.0,7.833333333333333,826.3199999999999,217.83999999999997,811.0,3.1666666666666665,0
0.0,0.0,-14.5,23.5,0.0,2.0,100.56,36.67,398.0,2.5,0
0.0,0.0,-8.666666666666666,11.666666666666666,0.0,5.0,384.06,51.58,590.3333333333334,1.0,0
0.0,0.0,-11.0,3.0,0.0,1.0,445.79999999999995,40.83,657.0,1.0,0
0.0,0.0,-19.0,10.0,0.0,5.0,150.42,29.919999999999998,766.0,1.5,0
0.0,0.0,-14.666666666666666,10.0,0.0,1.0,140.48000000000002,31.48,464.6666666666667,1.6666666666666667,0
0.0,0.0,-14.0,5.5,0.0,1.0,61.730000000000004,29.35,490.0,2.0,0
0.0,0.0,-11.333333333333334,15.333333333333334,0.0,7.333333333333333,841.98,93.75999999999999,363.0,1.0,0
0.0,0.0,-9.5,15.5,0.5,6.0,167.68,51.78,526.25,3.0,0
0.0,0.0,-6.333333333333333,9.0,0.0,2.0,295.12,85.66,816.1666666666666,1.0,0
0.0,0.0,-14.0,13.5,0.0,1.0,277.82,122.16,396.5,1.5,0
0.0,0.0,-14.0,3.7142857142857144,0.0,2.857142857142857,758.83,94.63,384.5,1.4285714285714286,0
0.0,0.0,-15.0,11.0,0.0,7.5,160.20999999999998,30.41,541.0,1.0,0
0.0,0.0,-30.666666666666668,9.666666666666666,0.0,1.0,554.24,114.34,437.0,2.6666666666666665,0
0.0,0.0,-0.5,26.0,0.0,6.0,141.24,31.35,294.0,1.5,1
0.0,0.0,-14.0,20.666666666666668,0.0,10.0,762.0150000000001,82.19,939.3333333333334,1.6666666666666667,0
0.0,0.0,-46.5,12.0,0.0,8.0,555.605,36.0,470.25,1.5,0
0.0,0.0,-21.5,24.0,0.0,1.0,418.94,77.88,1274.5,1.0,1
0.0,0.0,-2.5,20.0,0.5,1.0,200.07,29.33,426.0,2.5,0
0.0,0.0,-19.0,13.0,0.0,7.0,377.56,113.13999999999999,399.25,3.0,0
0.0,0.0,-8.0,18.5,0.0,1.0,193.19,31.64,212.5,1.0,0
0.0,0.0,-17.5,5.5,0.0,2.5,160.06,27.470000000000002,691.0,1.0,0
0.0,0.0,3.0,26.5,0.5,1.0,254.51999999999998,44.540000000000006,1199.5,2.0,1
0.0,0.0,-16.5,5.5,0.0,3.5,206.01999999999998,32.22,904.0,4.0,0
0.0,0.0,-22.5,11.0,0.0,6.0,159.49,38.59,2038.0,1.0,0
0.0,0.0,-5.666666666666667,14.0,0.0,6.0,608.02,91.66,580.3333333333334,1.0,0
0.0,0.0,-8.5,12.5,0.0,2.0,108.26,25.28,533.5,1.5,0
0.0,0.0,-5.0,12.5,0.0,2.0,145.46,22.48,1078.0,3.5,0
0.0,0.0,-12.5,3.5,0.0,1.0,198.78,16.8,966.5,1.0,0
0.0,0.0,-19.333333333333332,16.0,0.0,1.0,128.61,44.31,787.6666666666666,2.0,0
0.0,0.0,-11.5,5.0,0.0,3.5,409.33000000000004,30.43,333.0,2.5,0
0.0,0.0,-17.5,12.5,0.0,5.0,547.77,48.04,213.5,1.0,1
0.0,0.0,-21.666666666666668,14.333333333333334,0.0,1.3333333333333333,281.18,84.39,888.3333333333334,2.0,0
0.0,0.0,-15.0,11.0,0.0,8.5,222.83999999999997,53.089999999999996,875.0,3.0,1
0.0,0.0,-26.6,7.4,0.0,5.0,296.6,96.6,190.0,1.0,1
0.0,0.0,-15.0,7.0,0.0,7.0,152.38,27.479999999999997,1347.0,2.0,0
0.0,0.0,-13.666666666666666,9.666666666666666,0.0,7.333333333333333,331.11,44.22,312.3333333333333,1.0,0
0.0,0.0,-12.333333333333334,10.0,0.0,1.0,740.6200000000001,86.6,848.3333333333334,4.0,0
0.0,0.0,-15.5,12.0,0.0,6.0,453.32500000000005,35.96,743.0,1.5,1
0.0,0.0,-13.333333333333334,4.666666666666667,0.0,1.0,636.53,46.83,1324.0,1.0,0
0.0,0.0,-19.0,15.0,0.0,4.5,336.33000000000004,33.33,2894.0,1.0,0
0.0,0.0,-14.0,19.0,0.0,1.0,86.18,30.2,818.0,6.0,0
0.0,0.0,8.5,24.5,0.5,1.5,131.56,28.759999999999998,200.5,1.5,1
0.0,0.0,-15.5,16.5,0.0,1.5,222.64999999999998,68.65,334.5,1.5,0
0.0,0.0,-4.5,19.0,0.0,2.0,89.75999999999999,36.46,349.0,2.5,0
0.0,0.0,-21.5,16.0,0.0,4.5,106.24,51.26,575.0,1.0,0
0.0,0.0,-18.666666666666668,5.333333333333333,0.0,4.666666666666667,148.5,47.4,127.5,1.6666666666666667,0
0.0,0.0,-24.0,11.0,0.0,4.5,250.28,41.290000000000006,392.5,1.0,0
0.0,0.0,-12.5,8.0,0.0,1.0,227.36,48.56,579.5,2.5,0
0.0,0.0,-8.0,7.5,0.0,4.5,467.58,77.88,858.5,3.5,0
0.0,0.0,3.0,29.5,1.0,1.0,697.9100000000001,42.16,817.0,1.0,0
0.0,0.0,-15.5,6.5,0.0,4.0,366.15,50.36,1801.0,1.0,1
0.0,0.0,-15.5,11.0,0.0,1.5,114.9,31.35,468.0,1.0,0
0.0,0.0,-10.0,12.5,0.0,1.0,134.66,28.67,719.5,1.5,0
0.0,0.0,-7.0,5.5,0.0,1.25,85.07,17.17,243.0,1.0,0
0.0,0.0,-8.0,9.0,0.0,7.75,399.93,55.269999999999996,290.5,1.0,0
0.0,0.0,-26.0,18.0,0.0,7.0,162.73,74.61,541.5,2.0,0
0.0,0.0,-3.0,3.0,0.0,2.0,256.2,16.2,498.0,3.0,0
0.0,0.0,-9.0,15.5,0.0,1.0,81.56,31.58,777.0,6.0,0
0.0,0.0,-15.5,9.5,0.0,2.5,120.14,35.239999999999995,874.5,1.5,0
0.0,0.0,-17.333333333333332,6.0,0.0,1.0,548.12,78.72,145.0,1.0,0
0.0,0.0,-14.0,9.5,0.0,1.0,81.34,24.54,685.5,3.5,0
0.0,0.0,-9.0,2.0,0.0,3.0,82.45,15.56,616.0,1.5,0
0.0,0.0,-3.5,12.5,0.0,1.0,260.61,34.629999999999995,523.5,2.5,0
0.0,0.0,-9.0,12.5,0.0,3.0,161.72,41.74,845.0,1.0,0
0.0,0.0,-13.0,6.0,0.0,4.0,231.14,27.34,591.5,3.0,0
0.0,0.0,-15.5,3.5,0.0,2.5,307.75,48.199999999999996,1521.6666666666665,1.0,1
0.0,0.0,-5.5,22.0,0.0,1.0,300.47,35.53,2060.0,4.0,1
0.0,0.0,1.5,32.0,0.5,3.0,220.07999999999998,41.29,278.0,1.0,1
0.0,0.0,0.0,25.0,0.5,6.0,1022.4399999999999,84.64,585.0,2.0,0
0.0,0.0,-19.0,11.5,0.0,1.0,134.47,24.57,446.5,1.0,0
0.0,0.0,-15.0,11.5,0.0,1.0,109.23,30.339999999999996,279.5,1.0,0
0.0,0.0,-21.5,7.5,0.0,2.0,190.68,30.880000000000003,687.5,1.5,0
0.0,0.3333333333333333,-4.0,20.5,0.3333333333333333,7.0,349.11,64.32000000000001,521.6666666666666,1.6666666666666667,1
0.0,0.0,-17.0,4.0,0.0,5.5,324.72,50.86,314.0,2.0,0
0.0,0.0,-6.0,19.0,0.0,2.5,258.4,43.5,745.0,5.5,0
0.0,0.0,0.5,29.0,0.5,5.0,292.37,60.51,1046.5,3.5,0
0.0,0.0,7.0,33.5,0.5,1.0,203.87,49.07,763.5,2.0,0
0.0,0.0,-8.0,5.0,0.0,2.0,149.32,49.32,461.5,2.0,0
0.0,0.0,-7.0,12.0,0.0,2.0,130.57999999999998,24.58,558.5,1.0,0
0.0,0.0,-11.0,12.0,0.0,1.0,303.93,55.54,1294.5,1.5,0
0.0,0.0,-26.5,13.0,0.0,1.5,161.7,0.0,348.0,2.0,0
0.0,0.0,-23.0,6.0,0.0,7.0,142.04,22.06,1340.0,6.0,0
0.0,0.0,-14.0,5.0,0.0,1.0,156.26,27.29,547.3333333333334,1.3333333333333333,0
0.0,0.0,-12.0,8.0,0.0,1.0,160.04,75.4,627.0,1.777777777777778,0
0.0,0.0,-11.0,15.0,0.0,2.0,236.49,46.61,1371.6666666666667,4.666666666666667,0
0.0,0.0,-11.0,16.0,0.0,3.0,685.5,136.72,294.6666666666667,1.0,0
0.0,0.0,-22.0,5.333333333333333,0.0,1.0,370.61,78.91,1355.5,1.0,0
0.0,0.0,-16.0,8.0,0.0,10.0,346.6,41.7,758.5,2.5,0
0.0,0.0,-16.0,11.0,0.0,5.5,190.57,35.67,475.5,1.0,0
0.0,0.0,-6.5,5.5,0.0,1.0,139.07,21.07,441.0,1.0,0
0.0,0.0,-15.0,13.0,0.0,1.0,324.8,48.8,609.5,1.5,0
0.0,0.0,-11.5,5.5,0.0,1.0,175.81,25.91,1454.5,4.0,0
0.0,0.0,-10.75,13.5,0.0,9.0,1233.4850000000001,147.44,458.25,2.75,0
0.0,0.0,-21.5,7.0,0.0,1.0,77.97,38.03,833.5,2.5,0
0.0,0.0,4.0,25.5,0.5,4.0,155.69,50.89,329.5,1.5,0
0.0,0.0,-14.0,19.0,0.0,8.0,497.105,57.099999999999994,320.6666666666667,1.0,0
0.0,0.0,-18.5,11.0,0.0,8.0,309.84000000000003,62.39,585.6666666666666,2.666666666666667,0
0.0,0.0,-8.5,3.5,0.0,2.0,67.76,14.78,637.0,3.0,0
0.0,0.0,-5.5,18.0,0.0,1.5,251.49,24.59,932.0,1.0,0
0.0,0.0,-14.0,11.0,0.0,1.5,150.92,31.12,133.0,1.0,0
0.0,0.0,-10.5,3.5,0.0,1.5,102.16999999999999,16.18,851.5,2.0,0
0.0,0.0,-6.0,17.5,0.0,10.0,586.37,44.370000000000005,435.0,1.0,0
0.0,0.0,-7.5,14.5,0.0,5.0,238.04,48.57,1083.5,1.5,0
0.0,0.0,-21.5,9.0,0.0,2.0,201.63,57.17,616.5,3.0,0
0.0,0.0,-10.5,7.5,0.0,1.0,81.25999999999999,34.36,792.0,1.5,0
0.0,0.0,-8.0,11.5,0.0,1.0,317.29999999999995,33.3,195.0,1.0,0
0.0,0.0,-19.5,7.5,0.0,1.0,347.78000000000003,76.86,726.5,1.0,0
0.0,0.0,-8.5,20.5,0.0,4.0,204.92,46.03,720.0,3.5,0
0.0,0.0,-18.0,13.5,0.0,4.5,134.7,30.74,176.5,1.5,1
0.0,0.0,-7.5,10.0,0.0,1.0,348.03,60.23,606.5,3.5,1
0.0,0.0,-15.5,8.5,0.0,5.25,447.28,77.88,1567.25,1.75,0
0.0,0.0,-21.0,6.0,0.0,1.0,1046.8650000000002,116.82,94.0,1.0,0
0.0,0.0,-28.5,12.5,0.0,2.5,304.82,62.349999999999994,1892.5,5.5,0
0.0,0.0,-12.0,13.0,0.0,1.0,80.4,30.2,1070.5,1.0,0
0.0,0.0,-4.5,7.5,0.0,4.5,225.54999999999998,57.39,270.0,3.5,0
0.0,0.0,-6.5,20.5,0.0,1.0,194.54,34.65,1533.0,1.0,0
0.0,0.0,-13.5,8.5,0.0,5.5,431.68500000000006,51.769999999999996,590.5,4.0,0
0.0,0.0,-11.0,2.0,0.0,1.5,54.150000000000006,24.36,652.5,2.5,0
0.0,0.0,-12.5,8.5,0.0,1.0,193.65,43.95,572.0,2.5,0
0.0,0.0,-11.0,3.5,0.0,5.0,247.27999999999997,22.28,1325.5,1.5,0
0.0,0.0,-12.5,21.5,0.0,7.5,154.77,55.43000000000001,398.0,1.0,0
0.0,0.0,-11.333333333333334,17.0,0.0,2.0,249.88,49.08,790.0,1.0,0
0.0,0.0,-9.0,3.0,0.0,1.0,104.95,14.969999999999999,1754.0,1.0,0
0.0,0.0,-13.0,11.5,0.0,9.0,387.59000000000003,37.69,451.5,1.0,0
0.0,0.0,-15.333333333333334,8.333333333333334,0.0,2.0,87.6,38.8,797.3333333333334,2.0,0
0.0,0.0,10.0,30.0,1.0,1.0,141.26,32.36,803.0,1.0,1
0.0,0.0,5.0,29.0,0.5,6.0,496.76,31.96,531.5,1.5,0
0.0,0.0,0.0,10.5,0.5,1.0,109.24,17.44,772.0,1.0,0
0.0,0.0,-5.5,17.0,0.0,6.5,527.485,76.0,551.0,1.0,0
0.0,0.0,-13.5,6.5,0.0,5.5,249.48999999999998,20.79,749.0,1.0,0
0.0,0.0,-11.5,7.5,0.0,1.0,52.129999999999995,15.74,1341.0,1.0,0
0.0,0.0,-12.333333333333334,14.0,0.0,2.0,371.28,46.58,1136.3333333333333,1.0,0
0.0,0.0,-13.5,6.5,0.0,4.5,248.66000000000003,27.759999999999998,671.5,3.0,0
0.0,0.0,-12.0,2.5,0.0,1.0,74.75,14.78,680.0,2.0,0
0.0,0.0,-15.333333333333334,14.666666666666666,0.0,1.0,422.37,93.39,401.6666666666667,2.6666666666666665,0
0.0,0.0,-13.5,11.5,0.0,8.5,308.49,43.94,183.5,3.0,0
0.0,0.0,-15.5,7.5,0.0,2.5,269.12,20.23,769.0,1.0,0
0.0,0.0,-11.0,14.0,0.0,3.0,629.46,36.46,2070.5,1.0,0
0.0,0.0,-7.0,4.5,0.0,2.0,185.26,15.96,930.5,3.0,0
0.0,0.0,-10.5,13.0,0.0,1.0,176.45,55.26,283.0,1.0,0
0.0,0.0,-27.0,6.5,0.0,1.0,215.77,30.91,1292.5,2.5,0
0.0,0.0,-11.333333333333334,8.666666666666666,0.0,5.0,1046.8650000000002,69.7,454.6666666666667,1.0,0
0.0,0.0,-8.5,15.0,0.0,1.0,163.32,30.53,809.0,1.0,0
0.0,0.0,-20.0,11.5,0.0,5.0,288.92,60.96,533.5,2.0,0
0.0,0.0,-8.5,3.5,0.0,1.0,457.54999999999995,32.650000000000006,963.0,3.0,0
0.0,0.0,-8.5,7.5,0.0,1.0,660.44,77.88,570.25,1.5,0
0.0,0.0,-14.5,10.5,0.0,2.0,196.35000000000002,25.450000000000003,477.5,1.0,0
0.0,0.0,-28.0,11.0,0.0,8.0,617.1,70.36,659.6666666666666,1.6666666666666667,0
0.0,0.0,-15.5,12.5,0.0,5.5,236.72000000000003,85.78,98.0,1.0,0
0.0,0.0,-13.0,7.5,0.0,1.0,109.0,22.1,1750.0,1.0,0
0.0,0.0,-9.5,10.0,0.0,1.0,446.28,28.28,345.5,1.0,0
0.0,0.0,-8.5,11.5,0.0,1.0,79.09,28.2,939.0,1.5,0
0.0,0.0,-16.0,11.0,0.0,3.5,122.21000000000001,37.31,572.5,2.5,0
0.0,0.0,-19.5,9.0,0.0,1.0,290.43,42.53,360.75,3.0,0
0.0,0.0,-22.0,9.0,0.0,4.0,226.05,51.17,562.0,3.5,0
0.0,0.0,-10.5,10.0,0.0,1.0,238.79000000000002,31.29,458.5,1.0,0
0.0,0.0,-4.5,14.5,0.0,5.5,255.11,32.11,1054.0,2.5,0
0.0,0.0,6.5,27.5,1.0,3.0,383.36,43.36,514.0,2.0,1
0.0,0.0,-15.5,13.5,0.0,4.0,209.75,34.85,1959.0,1.0,0
0.0,0.0,-4.5,24.5,0.5,2.5,147.8,38.91,594.5,1.5,1
0.0,0.0,-11.5,5.0,0.0,8.5,386.59000000000003,18.689999999999998,2669.5,4.5,0
0.0,0.0,-12.0,11.5,0.0,1.0,181.54000000000002,50.85,879.5,1.0,0
0.0,0.0,-10.5,5.5,0.0,5.0,636.225,76.31,266.0,3.0,0
0.0,0.0,-20.5,7.5,0.0,1.0,202.1,42.099999999999994,446.0,5.0,0
0.0,0.0,-15.0,5.0,0.0,1.0,81.9,21.92,1037.0,5.0,0
0.0,0.0,-18.5,10.0,0.0,7.5,653.965,60.31999999999999,612.0,1.0,0
0.0,0.0,-16.0,12.5,0.0,5.0,531.315,71.5,473.5,2.416666666666667,0
0.0,0.0,-13.5,8.0,0.0,12.5,365.77,28.77,150.0,1.0,0
0.0,0.0,-14.5,9.0,0.0,3.0,157.39999999999998,34.8,131.5,1.5,0
0.0,0.0,-6.5,23.0,0.0,1.5,180.37,59.91,852.0,1.5,0
0.0,0.0,-14.5,11.0,0.0,1.0,188.94,58.96,937.0,1.0,1
0.0,0.0,-27.666666666666668,11.333333333333334,0.0,1.0,46.86,26.160000000000004,981.0,1.0,0
0.0,0.0,-13.5,5.5,0.0,1.0,103.38,25.38,2170.0,1.0,0
0.0,0.0,-7.0,10.666666666666666,0.0,1.0,180.75,69.17999999999999,264.0,1.0,0
0.0,0.0,-21.0,9.0,0.0,2.0,344.6,65.0,405.0,2.0,0
0.0,0.0,-11.5,8.5,0.0,2.5,95.56,20.57,426.5,2.5,0
0.0,0.0,-12.5,11.0,0.0,3.5,439.31,75.00999999999999,355.5,4.0,0
0.0,0.0,-16.5,9.0,0.0,2.5,413.97,72.47999999999999,2040.5,1.5,1
0.0,0.0,4.5,26.0,0.5,1.0,254.82,54.269999999999996,311.5,1.0,1
0.0,0.0,-11.0,9.0,0.0,6.0,203.76999999999998,25.92,747.5,1.0,0
0.0,0.0,-9.5,5.5,0.0,7.0,306.69,36.99,188.0,1.0,0
0.0,0.0,-8.75,7.0,0.0,2.0,219.02,43.12,349.75,2.75,0
0.0,0.0,0.5,22.5,0.5,10.0,534.11,36.11,236.0,1.0,1
0.0,0.0,-15.0,7.5,0.0,1.0,697.9100000000001,58.7,653.0,2.0,0
0.0,0.0,-14.0,18.5,0.0,1.0,108.78,31.89,864.0,3.0,1
0.0,0.0,-21.0,12.0,0.0,2.5,697.9100000000001,77.88,2074.0,1.0,0
0.0,0.0,-11.0,2.5,0.0,1.5,207.99,28.02,951.25,2.0,0
0.0,0.0,-9.5,15.25,0.0,6.25,779.1800000000001,122.2,429.125,2.25,0
0.0,0.0,-14.5,7.5,0.0,1.0,153.37,28.48,707.5,1.0,0
0.0,0.0,-14.0,5.5,0.0,5.5,431.75500000000005,61.94,1991.0,2.0,0
0.0,0.0,10.0,34.0,0.5,7.0,322.58000000000004,49.78,715.5,1.0,1
0.0,0.0,-12.0,10.0,0.0,5.0,659.89,94.49,729.0,2.6666666666666665,0
0.0,0.0,-23.5,9.5,0.0,5.0,125.13000000000001,38.5,870.0,3.5,0
0.0,0.0,-15.0,13.0,0.0,8.0,201.07999999999998,31.189999999999998,558.0,2.5,0
0.0,0.0,-15.5,17.5,0.0,2.0,266.88,56.67999999999999,555.5,4.0,0
0.0,0.0,-10.5,6.5,0.0,1.0,131.29,26.39,1164.0,3.0,0
0.0,0.0,-5.5,9.0,0.0,2.5,93.55,15.56,1084.5,3.5,0
0.0,0.0,-16.0,11.0,0.0,6.0,541.2,77.8,453.0,1.5,0
0.0,0.0,-2.5,2.0,0.0,1.0,145.72,29.92,457.5,2.5,0
0.0,0.0,-33.5,14.5,0.0,4.0,100.2,44.3,661.5,3.0,0
0.0,0.0,-9.5,3.3333333333333335,0.0,4.0,494.51,106.05,813.5,1.6666666666666667,0
0.0,0.0,-11.5,21.0,0.0,1.0,236.9,46.989999999999995,797.5,3.5,0
0.0,0.0,-14.5,10.0,0.0,4.0,122.2,30.299999999999997,1219.5,1.0,0
0.0,0.0,-22.0,6.0,0.0,1.0,104.0,44.0,237.0,1.0,0
0.0,0.0,-11.666666666666666,26.0,0.0,3.3333333333333335,265.84000000000003,85.28,406.6666666666667,2.1666666666666665,1
0.0,0.0,-11.666666666666666,6.333333333333333,0.0,7.666666666666667,265.13,71.64,596.8888888888888,2.111111111111111,0
0.0,0.0,-17.0,17.0,0.0,7.0,312.68,55.39,1453.0,1.5,0
0.0,0.0,-21.0,11.5,0.0,1.0,354.18000000000006,51.980000000000004,231.0,1.0,0
0.0,0.0,-7.5,11.0,0.0,1.0,77.2,29.400000000000002,1134.5,1.0,0
0.0,0.0,-16.0,13.0,0.0,4.0,161.2,32.5,1293.0,2.0,0
0.0,0.0,-0.6666666666666666,36.333333333333336,0.6666666666666666,4.666666666666667,216.39999999999998,78.43,547.3333333333334,1.6666666666666667,1
0.0,0.0,-11.5,5.5,0.0,3.8333333333333335,415.58500000000004,50.67,850.5,2.5,0
0.0,0.0,-11.5,16.5,0.0,2.5,138.8,31.9,428.0,1.5,0
0.0,0.0,-3.0,13.0,0.0,1.0,344.13,45.230000000000004,247.5,1.0,0
0.0,0.0,-17.0,8.5,0.0,3.0,210.29000000000002,34.400000000000006,2254.0,3.5,0
0.0,0.0,-16.5,21.0,0.0,3.0,284.8,45.900000000000006,1229.0,4.5,0
0.0,0.0,-14.333333333333334,18.666666666666668,0.0,1.3333333333333333,297.96000000000004,65.16,380.0,2.0,0
0.0,0.0,-24.0,5.5,0.0,2.5,99.58,27.89,222.0,3.0,0
0.0,0.0,-10.0,8.5,0.0,3.0,558.3399999999999,23.44,851.5,2.5,0
0.0,0.0,-10.5,10.5,0.0,1.0,373.6,45.8,245.0,2.0,1
0.0,0.0,-16.0,11.5,0.0,3.0,405.36,65.75999999999999,1589.5,2.0,0
0.0,0.0,-19.0,6.5,0.0,1.0,149.26,29.46,891.0,1.0,0
0.0,0.0,-1.6666666666666667,30.666666666666668,0.6666666666666666,3.0,742.0100000000001,51.04,1200.0,2.3333333333333335,0
0.0,0.0,-19.5,6.0,0.0,1.0,93.55,23.75,1143.5,1.0,0
0.0,0.0,-25.0,6.0,0.0,1.0,131.18,40.28,836.0,2.0,0
0.0,0.0,-13.5,5.0,0.0,3.5,170.51,27.05,371.5,2.5,0
0.0,0.0,-15.666666666666666,1.0,0.0,2.0,159.57,30.58,805.0,1.6666666666666667,0
0.0,0.0,-15.0,6.0,0.0,1.0,320.03999999999996,64.42,331.5,1.0,0
0.0,0.0,-11.0,4.5,0.0,2.5,363.69000000000005,18.689999999999998,1082.5,2.5,0
0.0,0.0,-10.5,11.5,0.0,4.5,463.65500000000003,65.64,325.0,3.0,0
0.0,0.0,-12.5,18.0,0.0,1.0,251.10000000000002,41.3,991.0,1.0,1
0.0,0.0,-12.0,7.0,0.0,4.0,245.10999999999999,26.310000000000002,260.0,1.5,0
0.0,0.0,-10.0,11.0,0.0,2.0,309.1,24.1,951.5,2.5,0
0.0,0.0,-10.0,8.666666666666666,0.0,1.0,539.335,78.55,718.6666666666666,2.3333333333333335,0
0.0,0.0,-8.0,17.5,0.0,1.5,217.41,39.02,2768.0,3.0,0
0.0,0.0,-12.0,8.333333333333334,0.0,1.0,148.75,59.25,123.8888888888889,1.0,1
0.0,0.0,-18.0,8.5,0.0,3.5,242.41000000000003,55.339999999999996,476.5,3.5,1
0.0,0.0,-15.0,11.333333333333334,0.0,6.0,352.09,51.349999999999994,335.3333333333333,1.6666666666666667,0
0.0,0.0,-17.0,4.5,0.0,3.0,213.34,43.64,312.5,5.0,0
0.0,0.0,-16.0,7.0,0.0,6.333333333333333,251.85,47.88,519.6666666666666,2.3333333333333335,0
0.0,0.0,-15.333333333333334,8.666666666666666,0.0,6.0,431.13500000000005,69.14,626.6666666666666,1.6666666666666667,0
0.0,0.0,-17.5,12.5,0.0,1.5,313.12,63.42,1242.5,1.0,0
0.0,0.0,-19.0,5.0,0.0,6.5,148.01,33.21,515.0,1.0,0
0.0,0.0,-15.5,9.0,0.0,1.0,188.11,57.23,1182.5,1.5,0
0.0,0.0,-6.5,7.0,0.0,1.0,63.629999999999995,16.83,478.5,1.5,0
0.0,0.0,0.0,22.5,0.5,1.0,222.26999999999998,30.470000000000002,894.5,3.5,0
0.0,0.0,-20.0,6.5,0.0,5.0,109.0,35.2,704.0,1.0,0
0.0,0.0,-17.0,6.5,0.0,2.0,109.4,25.42,421.0,1.0,0
0.0,0.0,-7.0,17.5,0.0,6.0,132.07999999999998,33.78,585.0,1.5,0
0.0,0.0,-16.5,15.5,0.0,4.0,247.76999999999998,40.879999999999995,1180.5,5.5,0
0.0,0.0,-14.0,5.75,0.0,6.25,354.22999999999996,73.03,1189.75,2.5,0
0.0,0.0,-11.0,7.0,0.0,5.5,493.67500000000007,49.94,693.5,1.0,0
0.0,0.0,-5.666666666666667,20.0,0.0,4.333333333333333,154.83,47.86,547.3333333333334,1.3333333333333333,0
0.0,0.0,-7.5,16.5,0.0,4.0,697.9100000000001,41.89,1171.0,2.0,0
0.0,0.0,-14.5,11.5,0.0,3.5,132.87,39.07,447.0,2.5,0
0.0,0.0,-13.5,4.0,0.0,3.0,177.61,25.06,485.5,3.0,0
0.0,0.0,-10.5,11.0,0.0,1.5,67.8,22.810000000000002,590.5,1.5,0
0.0,0.0,-18.5,5.5,0.0,1.0,256.13,16.13,2299.0,1.0,0
0.0,0.0,-10.0,7.5,0.0,3.0,266.90999999999997,56.879999999999995,942.5,1.0,0
0.0,0.0,-15.0,9.0,0.0,2.5,83.18,30.2,658.0,5.0,0
0.0,0.0,-15.0,7.0,0.0,1.0,267.38,27.38,379.0,1.0,0
0.0,0.0,-25.0,11.0,0.0,1.0,165.11,56.14,533.5,1.5,1
0.0,0.0,-45.0,14.5,0.0,10.0,556.1750000000001,47.510000000000005,596.5,1.5,0
0.0,0.0,-13.5,10.0,0.0,3.5,467.0,77.88,183.75,4.0,0
0.0,0.0,-13.333333333333334,2.6666666666666665,0.0,3.0,260.73,26.729999999999997,1621.6666666666667,2.6666666666666665,0
0.0,0.0,-13.5,10.0,0.0,1.0,256.87,61.97,542.0,1.0,1
0.0,0.0,-18.0,3.0,0.0,1.0,476.18,63.39,328.0,1.5,0
0.0,0.0,-8.5,8.0,0.0,2.5,338.59000000000003,28.7,599.5,3.0,0
0.0,0.0,-10.5,11.5,0.0,3.0,68.6,30.2,354.0,1.0,1
0.0,0.0,-21.0,7.0,0.0,3.0,452.24,32.44,231.0,1.0,0
0.0,0.0,-7.5,3.0,0.0,2.5,105.09,24.189999999999998,384.5,3.0,0
0.0,0.0,-19.0,7.5,0.0,3.5,444.07,64.11,779.0,1.0,0
0.0,0.0,-15.0,8.0,0.0,4.5,367.59000000000003,39.59,483.0,4.0,0
0.0,0.0,-21.0,6.0,0.0,5.0,390.97,31.17,233.5,1.0,0
0.0,0.0,0.5,5.5,0.5,7.0,363.74,18.74,362.0,1.0,0
0.0,0.0,-16.5,19.5,0.0,4.5,136.57,32.85,741.0,2.0,0
0.0,0.0,-1.0,35.0,0.5,1.0,150.06,40.26,672.0,4.5,1
0.0,0.0,5.0,26.5,1.0,1.0,273.67,34.68,1005.0,1.0,1
0.0,0.0,-1.0,13.5,0.0,1.0,697.9100000000001,77.88,725.0,2.5,0
0.0,0.0,-19.0,9.0,0.0,1.0,121.41999999999999,38.44,533.5,1.5,0
0.0,0.0,-10.0,8.0,0.5,1.5,85.8,17.31,3095.0,1.0,0
0.0,0.0,-11.0,15.5,0.0,1.0,226.88,30.88,1332.0,1.0,0
0.0,0.0,-16.5,7.0,0.0,2.0,317.04,42.06,763.0,1.0,0
0.0,0.0,-8.0,3.5,0.0,1.0,42.47,15.17,408.0,1.0,0
0.0,0.0,-10.0,12.5,0.0,2.0,277.81,32.91,2152.5,2.0,0
0.0,0.0,-9.0,7.5,0.0,3.0,231.01999999999998,22.22,236.0,1.0,0
0.0,0.0,-21.5,10.0,0.0,6.0,290.01,34.12,932.5,2.0,0
0.0,0.0,-5.5,18.0,0.0,10.0,431.12,56.81999999999999,188.0,1.0,0
0.0,0.0,-13.666666666666666,7.333333333333333,0.0,1.0,197.93,38.83,365.0,1.0,0
0.0,0.0,-7.0,9.0,0.0,4.0,349.41999999999996,31.62,1710.0,1.0,0
0.0,0.0,-9.0,4.5,0.0,1.0,82.82,17.44,1331.5,2.5,0
0.0,0.0,-14.0,10.5,0.0,4.5,342.32,53.42,1466.0,2.0,0
0.0,0.0,-7.5,20.0,0.0,1.0,120.19999999999999,45.3,1039.0,1.5,0
0.0,0.0,-15.0,9.0,0.0,9.5,303.0,53.1,226.5,1.5,0
0.0,0.0,-7.5,2.5,0.0,3.5,150.75,30.86,200.5,1.0,0
0.0,0.0,-9.0,7.5,0.0,6.5,143.36,27.46,764.0,1.0,0
0.0,0.0,-10.0,11.0,0.0,3.0,223.99,34.19,258.0,2.0,0
0.0,0.0,-22.0,8.5,0.0,4.0,133.2,43.3,648.0,1.5,0
0.0,0.0,-18.0,5.0,0.0,3.0,72.74000000000001,29.04,546.5,2.0,0
0.0,0.0,-13.5,23.0,0.0,1.0,198.43,43.47,214.5,1.5,0
0.0,0.0,-7.0,25.5,0.0,3.0,317.28,133.4,1100.0,2.0,0
0.0,0.0,0.0,19.5,0.5,1.5,189.73,30.03,494.0,3.5,1
0.0,0.0,1.5,21.0,0.5,1.0,376.41999999999996,57.959999999999994,836.5,1.0,0
0.0,0.0,-6.0,12.5,0.0,2.5,248.91,27.11,358.5,1.0,0
0.0,0.0,-14.0,10.0,0.0,1.0,113.45,37.55,273.5,1.0,0
0.0,0.0,-18.5,8.0,0.0,5.0,193.88,36.980000000000004,569.5,1.0,0
0.0,0.0,-35.0,15.0,0.0,1.0,654.385,77.88,234.0,2.0,0
0.0,0.0,-3.5,14.5,0.5,1.0,382.02000000000004,36.12,1461.0,4.5,0
0.0,0.0,-9.0,14.0,0.0,2.0,374.8,35.900000000000006,509.5,2.0,0
0.0,0.0,10.666666666666666,36.0,0.6666666666666666,5.666666666666667,185.19,45.3,175.0,2.0,0
0.0,0.0,-8.0,24.0,0.0,2.0,133.31,35.31,344.5,2.0,0
0.0,0.0,-20.5,11.5,0.0,4.0,166.34,31.450000000000003,494.0,1.5,0
0.0,0.0,-14.666666666666666,10.333333333333334,0.0,1.0,211.82,54.32,957.3333333333334,2.6666666666666665,0
0.0,0.0,-10.5,4.5,0.0,1.0,141.45999999999998,17.97,887.0,1.0,0
0.0,0.0,7.5,29.0,0.5,6.5,404.64500000000004,51.629999999999995,453.0,1.0,1
0.0,0.0,-20.0,4.0,0.0,1.0,85.0,16.11,156.0,1.0,0
0.0,0.0,-9.5,6.5,0.0,6.0,689.075,29.78,576.0,1.0,1
0.0,0.0,-14.0,14.0,0.0,1.0,90.19,30.2,359.5,3.5,0
0.0,0.0,-7.0,13.5,0.5,2.0,129.14999999999998,16.35,1709.5,1.0,1
0.0,0.0,11.0,29.666666666666668,1.0,1.0,339.63,53.75,410.3333333333333,1.0,1
0.0,0.0,-6.0,2.0,0.0,1.0,129.56,29.56,936.0,1.0,0
0.0,0.0,-4.666666666666667,34.666666666666664,0.6666666666666666,4.333333333333333,209.47,59.5,316.6666666666667,2.3333333333333335,0
0.0,0.0,1.0,10.5,0.5,1.0,69.94,15.55,369.0,3.5,1
0.0,0.0,-14.5,12.0,0.0,1.0,281.48,33.68,464.5,1.0,0
0.0,0.0,-11.5,8.0,0.0,4.0,86.63,24.54,190.0,1.0,0
0.0,0.0,0.5,24.0,0.5,7.0,195.73000000000002,46.45,664.5,2.0,0
0.0,0.0,-15.0,15.0,0.0,8.0,321.52,72.52000000000001,576.0,1.0,0
0.0,0.0,-17.333333333333332,16.333333333333332,0.0,1.0,944.19,83.92,289.0,1.0,0
0.0,0.0,-21.0,9.0,0.0,2.0,62.629999999999995,32.849999999999994,410.0,2.0,0
0.0,0.0,-12.5,8.0,0.0,5.5,219.26999999999998,26.28,966.0,2.5,0
0.0,0.0,-15.5,10.5,0.0,3.0,365.12,40.019999999999996,209.5,1.0,0
0.0,0.0,-13.5,10.5,0.0,1.5,373.67,23.67,731.5,1.0,0
0.0,0.0,-22.0,7.0,0.0,4.0,206.42000000000002,54.709999999999994,506.0,2.5,0
0.0,0.0,-24.5,4.5,0.0,3.5,113.78999999999999,30.79,211.0,4.5,0
0.0,0.0,-23.5,8.5,0.0,1.0,183.0,33.0,483.0,2.0,0
0.0,0.0,-13.333333333333334,9.333333333333334,0.0,1.0,171.04,52.15,1351.6666666666667,1.0,0
0.0,0.0,-8.0,23.5,0.5,1.0,496.55,45.83,839.5,4.0,0
0.0,0.0,-24.0,4.0,0.0,7.0,338.12,42.34,473.8333333333333,1.6666666666666667,1
0.0,0.0,-14.5,9.0,0.0,4.5,389.225,34.36,649.0,1.0,0
0.0,0.0,-9.0,5.5,0.0,1.0,227.44,37.54,722.5,1.0,0
0.0,0.0,8.5,31.5,0.5,1.0,126.4,51.7,611.0,1.0,1
0.0,0.0,-1.0,10.0,0.0,3.5,267.68,22.88,2094.0,1.5,0
0.0,0.3333333333333333,-7.5,5.5,0.0,1.0,486.23,76.83,631.6666666666666,2.0,1
0.0,0.0,1.0,21.5,0.5,3.5,196.12,22.13,583.5,1.5,0
0.0,0.0,-10.5,12.0,0.0,2.0,83.44,36.46,662.0,1.0,0
0.0,0.0,-18.0,7.5,0.0,4.0,104.27,31.27,932.5,1.0,0
0.0,0.0,-21.0,3.0,0.0,3.0,227.24,27.44,188.5,1.0,0
0.0,0.0,-10.5,9.0,0.0,7.5,288.62,52.309999999999995,1020.0,4.0,1
0.0,0.0,-8.0,7.5,0.0,4.0,329.39,23.61,560.0,2.0,0
0.0,0.0,-0.5,31.5,0.5,4.5,147.36,38.37,694.5,4.5,1
0.0,0.0,-29.5,10.0,0.0,7.5,212.25,42.77,437.5,4.0,0
0.0,0.0,-14.5,5.5,0.0,3.5,183.26,55.46,693.0,1.0,0
0.0,0.0,-8.5,5.0,0.0,1.0,166.32,32.8,582.0,1.0,0
0.0,0.0,-9.0,4.0,0.0,1.0,697.9100000000001,37.37,554.0,3.5,0
0.0,0.0,-8.5,14.5,0.0,1.0,70.93,26.95,635.5,1.5,0
0.0,0.0,-11.0,4.5,0.0,1.0,488.0450000000001,51.03,382.0,1.0,0
0.0,0.0,-32.0,7.5,0.0,7.5,395.29,57.42999999999999,652.0,3.5,0
0.0,0.0,-7.0,6.0,0.0,1.0,170.36,30.56,399.0,1.0,0
0.0,0.0,-19.0,7.0,0.0,1.0,298.03999999999996,29.5,278.0,1.0,0
0.0,0.0,-18.0,7.0,0.0,9.0,388.0,30.0,2162.0,1.0,0
0.0,0.0,-14.5,9.5,0.0,3.0,273.25,53.55,570.0,2.5,0
0.0,0.0,-14.666666666666666,10.666666666666666,0.0,3.0,537.44,57.44,1396.3333333333333,5.333333333333333,0
0.0,0.0,-4.333333333333333,7.0,0.0,1.0,98.66,38.9,524.0,1.111111111111111,1
0.0,0.0,-31.5,5.0,0.0,6.5,773.1500000000001,76.36,815.5,1.0,0
0.0,0.0,-17.0,6.0,0.0,1.0,278.06,30.07,846.5,2.0,0
0.0,0.0,25.0,51.5,1.0,8.0,265.9,36.1,2536.0,2.0,0
0.0,0.0,-15.0,13.0,0.0,6.0,228.3,40.5,418.0,3.5,0
0.0,0.0,-13.5,7.5,0.0,1.0,87.72,18.740000000000002,2126.0,3.0,0
0.0,0.0,-13.5,8.5,0.0,1.0,218.82,30.84,1240.0,2.0,0
0.0,0.0,-14.0,10.0,0.0,1.0,143.34,32.46,764.0,2.5,0
0.0,0.0,-15.5,19.5,0.0,11.5,367.78999999999996,77.88,1086.0,1.0,0
0.0,0.0,-28.5,7.5,0.0,2.5,134.16,22.270000000000003,610.0,2.0,0
0.0,0.0,-13.5,8.0,0.0,1.5,254.88,33.08,572.0,2.0,0
0.0,0.0,-9.5,7.5,0.0,2.0,283.56,77.88,343.5,2.0,1
0.0,0.0,-9.0,9.0,0.0,1.5,68.81,31.02,102.5,1.5,0
0.0,0.0,-15.0,7.5,0.0,2.5,252.44,32.55,664.5,3.5,0
0.0,0.0,-24.0,14.5,0.0,2.0,697.9100000000001,77.52,2385.0,1.0,0
0.0,0.0,-27.5,11.5,0.0,1.0,73.48,34.88,1940.75,1.0,0
0.0,0.0,-7.0,14.5,0.5,3.0,295.03000000000003,37.39,393.0,3.0,0
0.0,0.0,-8.0,12.0,0.0,10.0,625.635,54.599999999999994,517.3333333333334,1.6666666666666667,0
0.0,0.0,-16.0,6.5,0.0,1.0,273.15999999999997,34.17,620.5,3.0,0
0.0,0.0,-30.5,14.0,0.0,1.0,67.44,36.46,3153.0,1.0,0
0.0,0.0,-14.0,9.666666666666666,0.0,1.0,212.48,69.16,1224.3333333333333,1.6666666666666667,0
0.0,0.0,-12.5,5.5,0.0,2.5,177.64,23.759999999999998,1044.0,1.0,0
0.0,0.0,-11.0,9.5,0.0,1.0,227.22,54.17,1103.5,3.0,0
0.0,0.0,-14.5,8.0,0.0,1.5,166.32999999999998,31.34,328.0,2.0,0
0.0,0.0,-14.5,4.0,0.0,1.0,155.78,36.18,388.66666666666663,1.0,0
0.0,0.0,6.5,28.0,1.0,1.5,221.72,69.14,474.5,1.0,1
0.0,0.0,-12.5,2.5,0.0,1.0,79.45,15.56,606.0,1.5,0
0.0,0.0,-31.0,6.5,0.0,1.0,151.0,33.2,412.0,1.0,0
0.0,0.0,-9.5,12.5,0.0,2.0,127.34,36.54,500.5,1.5,0
0.0,0.0,-15.5,13.5,0.0,4.0,360.21000000000004,41.31,787.0,2.0,0
0.0,0.0,-22.0,4.0,0.0,1.0,85.09,35.29,267.0,3.0,0
0.0,0.0,-40.5,16.5,0.0,1.0,431.97,59.76,1638.0,2.5,0
0.0,0.0,-14.0,18.5,0.0,1.0,235.16,70.27000000000001,846.0,3.0,0
0.0,0.0,-9.666666666666666,22.0,0.0,1.0,171.38,46.480000000000004,681.6666666666666,1.3333333333333333,0
0.0,0.0,-18.5,12.0,0.0,5.5,174.43,30.759999999999998,583.5,1.5,0
0.0,0.0,-4.0,20.5,0.5,6.0,129.02,32.22,1410.5,2.5,0
0.0,0.0,-6.5,10.5,0.0,1.0,246.21,51.39,1173.0,2.5,0
0.0,0.0,-12.0,5.5,0.0,2.5,269.76,37.69,1675.0,1.0,0
0.0,0.0,-15.5,9.5,0.0,10.0,390.02000000000004,31.02,588.0,1.5,0
0.0,0.0,-19.0,16.0,0.0,3.0,153.19,71.36,614.0,3.5,0
0.0,0.0,-10.0,15.0,0.0,1.0,697.9100000000001,34.599999999999994,337.0,1.0,0
0.0,0.0,-10.333333333333334,15.333333333333334,0.0,1.0,259.37,70.25,73.33333333333333,1.0,0
0.0,0.0,-31.5,7.5,0.0,1.0,173.51999999999998,44.62,637.0,5.0,0
0.0,0.0,-16.5,14.0,0.0,8.5,446.46000000000004,66.66,428.5,2.0,0
0.0,0.0,-7.0,29.0,0.0,15.0,697.9100000000001,45.98,404.5,1.5,0
0.0,0.0,-20.0,12.0,0.0,2.0,399.88500000000005,61.87,636.0,1.0,0
0.0,0.0,-9.5,18.0,0.0,9.0,245.36,35.46,1100.5,4.0,0
0.0,0.0,-22.0,8.5,0.0,2.5,239.75,63.16,461.5,5.0,0
0.0,0.0,-14.0,12.0,0.0,10.0,1046.8650000000002,116.82,274.0,1.0,0
0.0,0.0,-13.5,19.0,0.0,6.0,244.29,57.4,787.0,3.5,0
0.0,0.0,-21.666666666666668,11.333333333333334,0.0,1.0,663.61,116.82,302.1111111111111,1.0,1
0.0,0.0,-15.666666666666666,15.333333333333334,0.0,7.0,678.78,116.82,972.6666666666666,1.3333333333333333,0
0.0,0.0,-16.0,5.0,0.0,3.0,116.47,54.769999999999996,186.66666666666666,1.3333333333333333,0
0.0,0.0,-11.0,14.0,0.0,2.0,118.86,31.97,1053.5,3.5,0
0.0,0.0,-20.5,13.5,0.0,1.0,78.84,29.04,350.5,4.0,0
0.0,0.0,-7.0,18.5,0.0,1.5,314.87,44.98,621.5,1.0,0
0.0,0.0,-19.0,17.0,0.0,2.0,157.18,29.88,821.0,1.5,0
0.0,0.0,-12.5,12.0,0.0,1.0,494.605,31.55,711.0,1.0,0
0.0,0.0,6.5,28.0,1.0,1.0,500.15,35.24,226.5,1.0,0
0.0,0.0,-11.5,15.0,0.0,5.5,250.46,46.72,364.5,1.5,0
0.0,0.0,-13.5,9.5,0.0,3.0,180.03,35.14,509.5,2.0,0
0.0,0.0,-29.5,9.0,0.0,8.0,523.12,55.69,613.5,3.0,0
0.0,0.0,-12.0,9.5,0.0,1.0,329.94,25.46,2048.5,2.0,0
0.0,0.0,-15.5,13.5,0.0,3.5,697.9100000000001,56.18,710.0,1.0,0
0.0,0.0,-7.666666666666667,6.0,0.0,2.0,69.38,30.41,844.6666666666666,1.3333333333333333,0
0.0,0.0,-5.5,17.0,0.0,1.0,135.35,21.549999999999997,389.5,1.5,0
0.0,0.0,-13.0,18.0,0.0,2.0,91.06,51.26,182.5,1.0,0
0.0,0.0,-13.0,10.0,0.0,1.5,112.18,42.38,357.0,5.0,0
0.0,0.0,-11.0,2.0,0.0,1.0,82.74000000000001,17.840000000000003,186.0,1.0,0
0.0,0.0,-17.0,15.0,0.0,6.5,198.95,68.02,465.5,3.5,0
0.0,0.0,-15.0,12.5,0.0,3.0,211.48,53.480000000000004,920.0,2.0,0
0.0,0.0,-14.0,10.0,0.0,5.5,533.12,117.92,210.75,1.5,0
0.0,0.0,-11.5,5.5,0.0,1.0,104.63999999999999,19.84,471.0,2.5,0
0.0,0.0,-10.0,13.0,0.0,4.0,118.61000000000001,25.11,1306.0,1.0,0
0.0,0.0,-10.5,18.5,0.0,1.0,1026.25,136.0,893.0,3.5,0
0.0,0.0,-12.0,12.333333333333334,0.0,1.0,295.3,47.09,803.0,2.6666666666666665,0
0.0,0.0,-21.0,16.5,0.0,1.0,269.87,54.97,1505.0,4.0,0
0.0,0.0,-11.0,13.333333333333334,0.3333333333333333,1.6666666666666667,713.9050000000001,78.99,941.0,1.8888888888888886,0
0.0,0.0,-15.5,13.5,0.0,1.0,110.12,44.32,264.0,1.0,0
0.0,0.0,-7.5,12.0,0.0,4.5,382.0,77.88,634.0,2.0,1
0.0,0.0,-10.0,10.0,0.0,2.5,444.59000000000003,54.59,1035.75,3.0,0
0.0,0.0,-13.333333333333334,11.0,0.0,1.0,401.12,94.41,770.0,3.6666666666666665,0
0.0,0.0,-12.5,12.5,0.0,1.0,632.815,77.88,2148.5,4.0,0
0.0,0.0,-4.0,6.0,0.0,1.0,259.35,23.45,435.0,1.0,1
0.0,0.0,-15.0,7.5,0.0,3.5,167.29,31.490000000000002,403.0,1.0,0
0.0,0.0,-13.0,3.5,0.0,4.0,154.66,18.68,686.5,1.5,0
0.0,0.0,-14.5,8.0,0.0,1.0,631.825,77.88,535.5,1.5,1
0.0,0.0,-15.0,7.0,0.0,2.0,329.32,29.419999999999998,436.5,3.5,0
0.0,0.0,-10.5,11.0,0.0,2.0,217.37,30.810000000000002,564.0,3.0,0
0.0,0.0,-37.5,11.5,0.0,1.0,182.35000000000002,49.55,1845.0,5.0,0
0.0,0.0,-6.333333333333333,19.0,0.0,1.0,206.5,46.519999999999996,275.3333333333333,1.6666666666666667,0
0.0,0.0,-12.5,4.5,0.0,1.0,467.83500000000004,32.73,1527.3333333333335,1.0,0
0.0,0.0,12.5,35.0,0.5,3.0,104.2,30.2,244.0,1.0,1
0.0,0.0,-9.0,17.0,0.0,1.0,173.59,38.69,647.5,4.5,0
0.0,0.0,-21.333333333333332,8.0,0.0,1.0,507.27,87.77,194.66666666666666,1.0,0
0.0,0.0,-19.0,12.0,0.0,5.5,460.06500000000005,55.05,488.5,2.0,0
0.0,0.0,-10.0,5.5,0.0,3.0,160.21,20.32,382.0,1.0,0
0.0,0.0,-19.0,9.0,0.0,1.0,332.5,53.7,243.5,3.5,0
0.0,0.0,-12.0,13.0,0.0,3.75,522.475,82.58,1124.125,2.0,0
0.0,0.0,-8.5,12.5,0.0,1.0,118.09,28.2,607.5,2.0,0
0.0,0.0,-17.0,10.5,0.0,2.0,128.25,28.27,394.0,7.0,0
0.0,0.0,-6.333333333333333,25.333333333333332,0.3333333333333333,10.0,470.7,92.44,1128.6666666666667,4.666666666666667,1
0.0,0.0,-4.5,4.5,0.0,1.0,77.0,15.1,1648.5,1.5,0
0.0,0.0,-13.333333333333334,6.666666666666667,0.0,2.3333333333333335,403.84999999999997,68.05,1007.3333333333334,3.6666666666666665,0
0.0,0.0,-8.0,8.0,0.0,5.5,280.71,43.71,1524.0,1.0,1
0.0,0.0,-15.0,4.0,0.0,1.0,266.12,36.42,622.75,1.0,0
0.0,0.11764705882352941,-9.333333333333334,3.3333333333333335,0.0,1.3529411764705883,927.63,189.57999999999998,422.1764705882353,2.176470588235294,0
0.0,0.0,-14.5,26.0,0.0,1.0,446.49,74.57,1126.5,1.0,0
0.0,0.0,-13.0,12.5,0.0,1.0,102.26,30.46,389.0,3.0,0
0.0,0.0,-16.666666666666668,9.0,0.0,4.666666666666667,290.73,49.93,509.3333333333333,4.666666666666667,0
0.0,0.0,-15.5,7.5,0.0,5.0,240.78,38.980000000000004,309.25,1.0,0
0.0,0.0,-16.5,14.0,0.0,7.0,261.72,27.82,373.0,3.5,0
0.0,0.0,-10.5,8.5,0.0,7.0,523.445,64.72999999999999,794.5,3.5,0
0.0,0.0,-9.0,19.5,0.0,4.5,425.46000000000004,57.56,275.25,1.0,1
0.0,0.0,-16.5,4.0,0.0,3.0,102.38,27.58,701.0,1.5,0
0.0,0.0,-20.0,8.5,0.0,4.5,254.61,71.72999999999999,241.0,3.5,0
0.0,0.0,-15.5,4.0,0.0,1.0,197.31,32.92,908.0,2.5,0
0.0,0.0,-14.0,6.5,0.0,1.0,127.66,27.86,928.0,1.0,0
0.0,0.0,-12.5,2.0,0.0,1.5,63.94,15.29,522.0,3.5,0
0.0,0.0,-9.0,20.0,0.0,4.0,611.54,33.54,1892.0,4.0,0
0.0,0.0,-1.0,19.5,0.5,4.5,133.34,35.34,366.0,2.0,0
0.0,0.0,-11.0,4.5,0.0,1.0,255.97,19.48,2160.5,3.5,0
0.0,0.0,-20.0,11.5,0.0,2.0,519.94,58.05,1181.5,1.0,0
0.0,0.0,-13.0,2.0,0.0,1.0,300.34,24.34,263.0,1.0,0
0.0,0.0,-15.0,7.5,0.0,5.5,142.46,28.48,533.5,2.0,0
0.0,0.0,-10.5,15.0,0.0,1.5,96.00999999999999,30.21,444.0,3.0,0
0.0,0.0,-12.5,15.0,0.0,6.0,262.72,42.83,664.0,3.5,0
0.0,0.0,-22.0,7.0,0.0,3.0,311.27,33.47,441.5,2.0,0
0.0,0.0,-13.333333333333334,6.0,0.0,2.6666666666666665,371.48,50.730000000000004,289.6666666666667,1.3333333333333333,0
0.0,0.0,-12.0,10.5,0.0,1.5,58.44,31.15,336.0,2.5,0
0.0,0.0,-2.0,16.5,0.0,5.0,146.68,26.88,341.0,2.0,0
0.0,0.0,-14.5,14.0,0.0,10.0,266.92,63.8,473.5,1.5,0
0.0,0.0,-16.0,11.0,0.0,4.0,296.4,58.55,511.8333333333333,1.1666666666666665,1
0.0,0.0,-20.333333333333332,5.333333333333333,0.0,3.3333333333333335,405.02,55.120000000000005,767.6666666666666,1.0,0
0.0,0.0,-10.0,7.0,0.0,1.5,132.64999999999998,22.86,1098.0,2.5,0
0.0,0.0,-17.0,11.5,0.0,3.0,266.1,36.11,849.5,2.5,0
0.0,0.0,-8.0,15.5,0.5,1.5,133.57999999999998,33.78,335.5,1.5,0
0.0,0.0,-12.5,26.5,0.0,1.0,433.84000000000003,59.040000000000006,289.0,1.0,0
0.0,0.0,-16.0,8.0,0.0,2.0,402.95500000000004,25.23,757.5,1.0,0
0.0,0.0,-14.5,20.5,0.0,3.5,312.22,55.92,576.0,1.0,0
0.3333333333333333,0.3333333333333333,-8.0,13.5,0.0,4.0,696.51,73.72999999999999,575.0,1.6666666666666667,0
0.0,0.0,-28.0,9.0,0.0,1.0,63.88,33.89,735.0,1.5,0
0.0,0.0,-12.5,6.0,0.0,1.0,397.785,52.769999999999996,1345.0,2.3333333333333335,0
0.0,0.0,-21.666666666666668,11.333333333333334,0.0,4.333333333333333,299.42999999999995,72.19,1098.6666666666667,1.3333333333333333,0
0.0,0.0,-10.5,11.0,0.0,4.0,362.1,50.7,318.5,1.0,1
0.0,0.0,-13.5,10.5,0.0,1.0,97.62,30.63,692.5,2.0,0
0.0,0.0,5.5,26.5,1.0,1.0,333.03999999999996,55.04,484.5,2.0,0
0.0,0.0,-13.5,11.0,0.0,2.0,248.72,43.74,1215.5,5.0,0
0.0,0.0,-14.0,11.5,0.0,1.0,316.34000000000003,60.47,903.75,2.75,0
0.0,0.0,-10.0,8.5,0.0,4.0,134.85,26.05,975.5,1.0,0
0.0,0.0,-22.5,7.5,0.0,4.0,294.81,31.34,609.0,2.0,0
0.0,0.0,-7.5,9.0,0.0,1.0,118.0,28.2,2526.0,1.0,0
0.0,0.0,-7.5,8.5,0.0,1.0,186.56,30.66,394.5,1.0,0
0.0,0.0,-19.0,13.5,0.0,7.0,305.65999999999997,57.2,250.0,2.5,0
0.0,0.0,-18.5,10.0,0.0,10.0,522.205,43.19,798.5,1.0,0
0.0,0.0,-22.5,13.5,0.0,5.0,242.06,35.17,325.5,4.5,0
0.0,0.0,-18.5,7.5,0.0,1.0,139.73000000000002,30.83,1026.5,1.0,0
0.0,0.0,-10.5,11.0,0.0,1.0,200.04,50.79,583.5,2.5,1
0.0,0.0,-6.5,16.5,0.0,1.0,215.39999999999998,35.5,1154.0,1.0,0
0.0,0.0,-19.0,5.0,0.0,2.0,149.56,30.16,637.5,1.0,0
0.0,0.0,-9.5,10.0,0.0,3.0,199.12,34.22,988.5,3.0,0
0.0,0.0,-20.0,8.0,0.0,5.0,247.88,46.18,581.3333333333334,1.6666666666666667,0
0.0,0.0,-6.5,28.0,0.5,1.5,216.69,61.78999999999999,471.0,4.0,0
0.0,0.0,-7.5,4.5,0.0,1.0,38.78,14.78,1059.0,6.0,0
0.0,0.0,-7.5,5.0,0.0,2.5,158.7,15.48,1096.5,1.0,0
0.0,0.0,-12.0,15.0,0.0,1.0,473.55,77.88,793.0,1.0,0
0.0,0.0,-13.5,23.0,0.0,8.5,277.45,62.29,1664.0,1.0,0
0.0,0.0,-13.5,18.0,0.0,4.5,159.5,34.6,990.0,2.5,0
0.0,0.0,-3.0,22.0,0.5,4.0,425.94,45.96,502.0,4.0,0
0.0,0.0,-16.0,16.0,0.0,1.0,387.17,47.97,362.5,1.0,0
0.0,0.0,-8.5,20.5,0.0,5.5,282.85,39.85,154.0,2.5,0
0.0,0.0,-29.0,12.5,0.0,1.75,123.61000000000001,33.62,539.0,1.0,0
0.0,0.0,-9.5,13.5,0.0,5.0,335.52,46.620000000000005,238.5,1.5,0
0.0,0.0,-7.0,20.0,0.0,1.0,277.97,34.71,1477.0,2.0,0
0.0,0.0,-8.5,10.0,0.0,7.5,252.16000000000003,27.259999999999998,1766.0,1.0,0
0.0,0.0,-23.666666666666668,8.666666666666666,0.0,8.0,340.6,50.72,592.0,1.0,0
0.0,0.0,-18.0,11.0,0.0,1.0,175.55,45.58,547.3333333333334,1.6666666666666667,0
0.0,0.0,-2.0,3.0,0.0,1.0,164.56,21.58,1194.5,4.5,0
0.0,0.0,-18.0,9.333333333333334,0.0,4.333333333333333,192.28,69.14,678.0,3.0,0
0.0,0.0,-11.0,28.5,0.0,4.5,289.18,44.28,817.0,2.0,0
0.0,0.0,-12.0,16.5,0.0,1.5,271.22,66.74,820.0,3.5,0
0.0,0.0,-17.666666666666668,6.0,0.0,5.333333333333333,421.32000000000005,44.42,427.6666666666667,2.0,0
0.0,0.0,-6.0,14.5,0.0,5.5,136.65,36.85,1065.5,1.0,0
0.0,0.0,-15.0,5.5,0.0,6.5,178.79,47.58,206.5,1.5,0
0.0,0.0,-8.0,10.0,0.0,4.333333333333333,150.09,40.21,629.6666666666666,1.0,0
0.0,0.0,-24.5,6.5,0.0,2.0,124.02,32.22,473.0,1.0,0
0.0,0.0,-10.0,8.5,0.0,5.5,406.62500000000006,46.709999999999994,763.5,1.5,0
0.0,0.0,-7.5,21.5,0.0,4.5,115.77000000000001,33.78,564.5,1.5,0
0.0,0.0,-19.5,9.0,0.0,1.0,106.1,32.1,322.0,4.0,0
0.0,0.0,-23.0,9.0,0.0,6.5,455.61,63.42,663.5,1.0,0
0.0,0.0,-14.5,18.5,0.0,1.0,491.96500000000003,77.88,340.0,1.5,0
0.0,0.0,-14.5,11.5,0.0,2.5,208.64000000000001,38.66,718.5,3.5,0
0.0,0.0,-12.0,7.5,0.0,11.0,369.21000000000004,66.56,413.5,1.5,0
0.0,0.0,-11.0,4.5,0.0,1.5,126.45,40.46,397.0,1.0,0
0.0,0.0,-19.5,7.5,0.0,3.5,206.32999999999998,42.43,287.5,3.0,0
0.0,0.0,-10.0,6.0,0.0,6.0,291.54999999999995,17.79,771.5,1.5,0
0.0,0.0,-16.5,15.0,0.0,5.0,465.07,60.879999999999995,1715.0,1.5,1
0.0,0.0,-16.0,7.0,0.0,1.0,195.0,30.200000000000003,623.5,2.5,0
0.0,0.0,-6.5,9.5,0.0,1.0,93.34,28.35,722.0,1.5,0
0.0,0.0,-13.666666666666666,5.333333333333333,0.0,1.0,201.72,54.03,783.0,1.6666666666666667,0
0.0,0.0,6.666666666666667,39.333333333333336,1.0,3.0,376.19,68.31,309.6666666666667,1.6666666666666667,1
0.0,0.0,-18.666666666666668,12.333333333333334,0.0,1.0,769.6,103.5,306.3333333333333,1.0,1
0.0,0.0,-15.0,17.0,0.0,3.0,186.39999999999998,34.08,240.5,2.0,1
0.0,0.0,-8.0,6.5,0.0,1.0,252.3,42.42,458.5,1.0,0
0.0,0.0,-21.5,15.0,0.0,6.5,187.17000000000002,34.39,1049.5,2.0,0
0.0,0.0,-10.0,15.5,0.0,4.5,278.19,39.21,689.5,1.0,0
0.0,0.0,-7.5,16.0,0.5,1.0,251.65,55.05,498.0,1.0,0
0.0,0.0,-5.5,16.0,0.5,3.5,452.86,52.989999999999995,559.0,1.5,0
0.0,0.0,-5.5,6.5,0.0,1.0,124.88000000000001,27.18,164.0,1.0,0
0.0,0.0,-27.0,12.5,0.0,8.0,689.02,77.88,582.0,1.0,0
0.0,0.0,-7.5,10.5,0.0,7.5,159.55,38.66,651.5,3.5,0
0.0,0.0,-13.333333333333334,10.666666666666666,0.0,1.0,183.0,47.84,1043.0,1.3333333333333333,0
0.0,0.0,-10.5,6.0,0.0,2.0,97.36,26.229999999999997,197.5,3.0,0
0.0,0.0,-10.0,4.5,0.0,1.0,122.05000000000001,22.16,428.5,2.5,1
0.0,0.0,-15.0,11.333333333333334,0.0,3.0,193.33,45.5,952.3333333333334,1.6666666666666667,0
0.0,0.0,-11.5,9.5,0.0,1.5,150.91,31.11,473.0,3.0,0
0.0,0.0,-15.5,10.0,0.0,1.0,341.46,31.560000000000002,409.5,6.5,0
0.0,0.0,-15.0,25.0,0.0,2.5,62.019999999999996,21.92,197.5,1.5,0
0.0,0.0,-14.5,7.0,0.0,1.0,274.65,34.67,646.5,1.0,0
0.0,0.0,-14.5,8.0,0.0,1.0,314.49,77.88,830.0,1.0,0
0.0,0.0,-9.0,12.0,0.0,4.5,324.43,25.04,1234.5,2.5,0
0.0,0.0,-4.5,10.0,0.0,3.0,278.53999999999996,25.64,1807.0,1.5,0
0.0,0.0,-16.0,11.0,0.0,1.0,178.48000000000002,35.5,874.0,1.0,0
0.0,0.0,-24.5,15.0,0.0,6.0,222.63,42.43,343.5,1.0,0
0.0,0.0,-4.0,21.333333333333332,0.3333333333333333,8.666666666666666,439.39,94.87,590.0,2.3333333333333335,0
0.0,0.0,8.5,34.5,0.5,1.0,88.18,43.68,1064.5,1.0,0
0.0,0.0,-3.5,19.0,0.5,8.5,446.32,77.22,1092.5,1.5,0
0.0,0.0,-9.333333333333334,17.333333333333332,0.0,2.0,311.67,47.790000000000006,418.3333333333333,1.0,0
0.3333333333333333,0.3333333333333333,-16.5,6.0,0.0,1.0,315.77,50.980000000000004,1150.6666666666667,1.3333333333333333,0
0.0,0.0,-19.0,4.666666666666667,0.0,8.0,345.32,47.33,586.0,1.0,0
0.0,0.0,-17.0,5.0,0.0,8.5,446.28,36.28,162.0,5.0,0
0.0,0.0,-21.0,6.0,0.0,4.5,289.75,39.760000000000005,639.0,5.5,0
0.0,0.0,-22.0,12.0,0.0,5.0,131.89,32.9,259.0,2.5,0
0.0,0.0,0.5,26.0,0.5,3.5,542.7950000000001,57.769999999999996,997.5,1.0,0
0.0,0.0,-18.0,11.0,0.0,2.5,413.01,34.11,702.5,1.5,0
0.0,0.0,-35.5,9.5,0.0,8.0,334.81,75.86,724.0,1.25,0
0.0,0.0,-22.666666666666668,10.0,0.0,1.0,317.7,78.1,539.0,2.6666666666666665,0
0.0,0.0,-6.5,18.5,0.5,1.0,246.99,39.2,2438.0,3.0,0
0.0,0.0,-14.0,4.333333333333333,0.0,2.6666666666666665,269.97,40.97,918.3333333333334,3.8333333333333335,0
0.0,0.0,-10.0,18.5,0.0,1.0,466.80500000000006,56.010000000000005,378.75,3.25,0
0.0,0.0,-12.0,9.0,0.0,9.0,552.0450000000001,57.989999999999995,827.0,1.5,0
0.0,0.0,0.5,25.5,0.5,1.0,134.1,34.12,306.0,6.5,0
0.0,0.0,-15.0,12.0,0.0,2.0,875.5450000000001,47.61,545.6666666666666,3.0,1
0.0,0.0,-15.0,13.0,0.0,1.5,134.06,52.57,681.0,2.0,0
0.0,0.0,-5.5,14.5,0.5,1.5,246.95999999999998,42.16,1706.0,3.0,0
0.0,0.0,-14.5,8.5,0.0,1.0,128.73,35.230000000000004,629.5,1.0,0
0.0,0.0,-9.0,16.0,0.0,3.0,255.51,55.81,179.5,2.0,0
0.0,0.0,1.5,37.5,0.5,10.0,493.52500000000003,73.50999999999999,1202.0,2.0,0
0.0,0.0,-15.0,5.5,0.0,4.5,502.25,77.19,1700.0,1.0,0
0.0,0.0,-19.5,9.0,0.0,4.25,113.88,26.08,1189.5,1.5,0
0.0,0.0,-10.333333333333334,9.666666666666666,0.0,1.0,131.9,43.6,807.3333333333334,3.3333333333333335,0
0.0,0.0,-9.0,8.0,0.0,3.5,98.28,22.48,622.0,1.0,0
0.0,0.0,-20.5,10.5,0.0,7.0,183.91,29.91,401.0,2.5,0
0.0,0.0,-10.5,11.0,0.0,1.5,312.41,37.41,956.5,1.0,0
0.0,0.0,-14.333333333333334,5.333333333333333,0.0,5.0,350.41999999999996,60.12,639.6666666666666,1.3333333333333333,0
0.0,0.0,-4.5,5.5,0.0,1.0,104.4,16.1,324.5,1.0,0
0.0,0.0,-17.5,18.5,0.0,3.0,501.33500000000004,72.32,249.75,4.25,0
0.0,0.0,-14.5,8.0,0.0,2.5,152.11,27.310000000000002,793.0,2.5,0
0.0,0.0,-11.333333333333334,5.333333333333333,0.0,5.0,378.31,53.61,936.6666666666666,4.333333333333333,0
0.0,0.0,-11.5,6.0,0.0,4.0,266.15999999999997,24.82,1305.5,1.0,0
0.0,0.0,-15.5,2.5,0.0,1.5,272.23,24.33,1839.5,3.5,0
0.0,0.0,-11.666666666666666,7.0,0.0,2.6666666666666665,191.32999999999998,41.83,879.8333333333334,2.5,0
0.0,0.0,-18.0,10.0,0.0,1.0,165.98000000000002,36.18,826.0,4.0,0
0.0,0.0,-9.5,12.5,0.0,1.0,218.94,39.05,131.0,2.5,0
0.0,0.0,-21.0,12.5,0.0,1.0,194.09,39.2,706.0,1.5,0
0.0,0.0,-9.0,14.5,0.0,1.5,108.42,28.619999999999997,1135.0,2.0,0
0.0,0.0,-17.5,9.5,0.0,5.5,361.09000000000003,41.29,1313.0,1.0,0
0.0,0.0,-16.5,10.5,0.0,1.0,72.1,30.2,431.5,1.5,0
0.0,0.0,8.5,35.5,0.5,6.0,574.36,77.88,1083.5,1.0,1
0.0,0.0,-9.0,9.0,0.0,5.0,252.34,23.44,484.3333333333333,2.0,0
0.0,0.0,-16.5,14.5,0.0,2.0,407.22,33.32,592.5,1.5,0
0.0,0.0,-11.0,4.5,0.0,1.0,515.12,21.88,1246.0,1.0,0
0.0,0.0,-24.0,6.0,0.0,1.0,329.26,77.88,1893.0,1.0,0
0.0,0.0,-14.5,13.5,0.0,1.0,400.18,51.38,477.5,1.0,0
0.0,0.0,-8.0,5.0,0.0,1.0,155.63,17.630000000000003,236.0,1.5,0
0.0,0.0,-10.0,18.0,0.0,1.0,147.13,35.64,354.5,1.5,0
0.0,0.0,-15.5,5.0,0.0,1.0,233.49,65.91,285.0,2.5,0
0.0,0.0,-13.0,7.0,0.0,1.0,145.48000000000002,28.69,341.5,1.5,0
0.0,0.0,-13.333333333333334,24.0,0.0,1.0,373.74,39.74,557.3333333333334,2.0,0
0.0,0.0,-4.0,17.0,0.0,1.0,199.3,39.5,353.0,2.0,0
0.0,0.0,-18.0,9.0,0.0,5.0,198.82,39.02,1375.5,2.0,1
0.0,0.0,15.5,40.0,1.0,8.0,838.76,80.78,352.0,1.0,1
0.0,0.0,-6.5,5.0,0.0,1.0,66.56,17.76,606.0,2.0,0
0.0,0.0,-10.5,18.0,0.0,2.5,162.64,29.439999999999998,1715.5,2.0,0
0.0,0.0,-8.0,12.0,0.0,1.0,65.54,15.56,466.0,14.5,0
0.0,0.0,-9.5,5.0,0.0,3.5,112.31,31.33,2104.5,3.0,0
0.0,0.0,-10.0,10.5,0.0,1.0,223.3,37.5,1855.0,1.0,0
0.0,0.0,-21.0,13.5,0.0,2.0,250.01,30.909999999999997,407.5,1.0,0
0.0,0.0,-7.0,4.5,0.0,3.5,199.67999999999998,34.16,581.5,2.0,0
0.0,0.0,-8.0,9.5,0.0,1.0,104.30000000000001,34.4,216.5,1.0,0
0.0,0.0,-10.0,3.5,0.0,1.1666666666666665,130.21,21.31,1926.0,5.5,0
0.0,0.0,-10.5,6.0,0.0,2.5,83.72,18.740000000000002,512.5,2.5,0
0.0,0.0,-19.0,22.5,0.0,1.0,92.02,32.22,186.0,2.0,0
0.0,0.0,-21.0,7.5,0.0,1.5,163.44,30.89,1120.5,1.0,0
0.0,0.0,-19.0,17.0,0.0,1.0,141.86,36.96,298.5,1.5,0
0.0,0.0,-17.0,8.333333333333334,0.0,6.0,393.08,51.19,783.3333333333334,3.3333333333333335,0
0.0,0.0,-23.5,8.0,0.0,2.5,218.68,57.14,444.5,1.0,0
0.0,0.0,-4.5,19.5,0.0,1.0,110.78999999999999,32.900000000000006,330.5,1.5,0
0.0,0.0,-14.5,4.5,0.0,1.0,69.54,15.56,573.0,1.0,0
0.0,0.0,-9.0,20.5,0.0,5.5,141.34,28.11,150.0,3.5,0
0.0,0.0,-7.5,14.0,0.0,1.5,187.63,34.730000000000004,679.0,2.0,0
0.0,0.0,-7.0,24.0,0.0,6.5,152.20999999999998,35.32,539.5,1.0,0
0.0,0.0,2.0,23.0,0.5,3.0,344.61,64.63,1193.0,1.0,0
0.0,0.0,-4.0,22.5,0.5,1.0,295.2,30.71,919.5,2.0,0
0.0,0.0,-19.0,4.833333333333333,0.0,1.0,694.7,79.2,368.1666666666667,1.0,0
0.0,0.0,-13.0,4.5,0.0,4.0,237.82999999999998,33.84,642.0,1.5,0
0.0,0.0,-11.0,5.5,0.0,1.5,140.55,20.75,304.5,1.0,0
0.0,0.0,-3.5,14.5,0.0,1.0,152.53,26.35,932.0,1.5,0
0.0,0.0,-8.5,4.0,0.0,1.5,83.03999999999999,23.34,954.0,3.0,0
0.0,0.0,-24.333333333333332,6.0,0.0,1.0,320.17,60.56999999999999,1072.6666666666667,1.0,0
0.0,0.0,-20.0,11.0,0.0,6.5,435.00500000000005,55.089999999999996,570.0,2.0,0
0.0,0.0,-13.0,9.5,0.0,2.0,200.87,26.42,224.5,2.5,0
0.0,0.0,-16.0,11.5,0.0,3.5,233.6,34.8,671.0,1.5,0
0.0,0.0,-13.333333333333334,9.333333333333334,0.0,1.0,282.98,77.17999999999999,195.0,1.0,0
0.0,0.0,-6.666666666666667,18.333333333333332,0.0,7.333333333333333,298.88,49.0,473.0,1.0,1
0.0,0.0,-12.0,5.5,0.0,1.0,141.56,16.57,767.0,1.5,0
0.0,0.0,-11.0,11.0,0.0,3.0,312.18,59.91,1316.0,2.0,0
0.0,0.0,-13.0,6.0,0.0,5.0,470.02,23.12,591.0,1.0,0
0.0,0.0,-6.5,4.0,0.0,1.0,190.96999999999997,17.17,832.5,1.0,1
0.0,0.0,-9.0,5.0,0.0,10.0,349.99,39.89,363.0,1.0,0
0.0,0.0,-16.0,16.5,0.0,1.0,139.52,34.63,971.0,2.5,0
0.0,0.0,-6.5,6.5,0.0,1.0,96.91,22.21,295.0,1.0,0
0.0,0.0,-8.5,9.5,0.0,1.0,69.12,17.12,401.5,1.0,0
0.0,0.0,4.5,32.0,0.5,5.5,193.68,59.69,575.5,1.5,0
0.0,0.0,-17.5,8.5,0.0,2.0,261.8,55.099999999999994,1199.6666666666667,4.833333333333334,0
0.0,0.0,-21.0,14.5,0.0,10.0,283.34,76.54,534.5,2.0,0
0.0,0.0,-17.0,9.0,0.0,1.0,110.1,51.73,224.0,1.5,0
0.0,0.0,-13.666666666666666,7.666666666666667,0.0,1.0,258.49,96.25999999999999,1450.6666666666667,1.0,0
0.0,0.0,-15.666666666666666,16.333333333333332,0.0,8.0,600.62,101.03999999999999,290.0,1.0,0
0.0,0.0,-18.0,2.5,0.0,2.5,196.16,33.26,1027.0,5.0,0
0.0,0.0,-11.666666666666666,11.0,0.0,6.0,192.94,53.06,212.66666666666666,1.3333333333333333,0
0.0,0.0,-20.5,9.5,0.0,4.5,116.14,47.660000000000004,394.0,1.5,0
0.0,0.0,-4.0,16.0,0.0,1.0,615.33,77.88,348.0,2.0,0
0.0,0.0,-18.333333333333332,12.666666666666666,0.0,1.0,511.29,73.62,529.7777777777777,1.6666666666666667,0
0.0,0.0,-30.5,9.5,0.0,1.0,321.98,68.12,422.0,2.5,0
0.0,0.0,-15.25,13.0,0.0,5.0,426.12,98.67999999999999,515.75,2.25,0
0.0,0.0,-16.0,17.0,0.0,1.0,183.60999999999999,39.04,248.5,1.0,0
0.0,0.0,-9.0,6.5,0.0,10.0,223.22,43.42,1732.0,10.0,1
0.0,0.0,-9.333333333333334,13.0,0.0,1.0,386.96000000000004,73.97999999999999,770.6666666666666,1.6666666666666667,0
0.0,0.0,-27.0,10.5,0.0,5.0,149.34,35.36,1269.5,2.0,0
0.0,0.0,-14.5,4.5,0.0,4.5,196.43,29.53,1488.5,7.5,0
0.0,0.0,-10.0,13.333333333333334,0.0,1.0,829.9300000000001,110.1,1450.3333333333333,2.6666666666666665,1
0.0,0.0,-15.0,9.5,0.0,5.5,436.65500000000003,62.64,499.0,1.5,0
0.0,0.0,-10.5,11.0,0.0,1.25,332.65,52.769999999999996,513.5,2.5,0
0.0,0.0,-15.0,5.0,0.0,3.0,71.44,17.44,1304.0,1.0,0
0.0,0.0,-2.0,14.5,0.5,4.0,222.3,23.4,330.5,2.5,0
0.0,0.0,16.5,35.5,0.5,6.0,913.6500000000001,113.63999999999999,542.0,1.0,1
0.0,0.0,-21.5,10.75,0.0,7.0,653.1750000000001,86.77,502.75,3.25,0
0.0,0.0,-11.0,5.5,0.0,1.0,357.04,37.34,188.5,1.0,0
0.0,0.0,-18.666666666666668,6.0,0.0,1.0,133.69,40.89,402.0,1.6666666666666667,1
0.0,0.0,-12.5,8.0,0.0,3.5,176.64,22.74,1249.5,1.5,0
0.0,0.0,-11.0,3.5,0.0,1.0,144.47,34.58,1928.0,5.0,0
0.0,0.0,-2.0,25.0,0.5,1.0,248.13,34.129999999999995,1058.0,1.0,1
0.0,0.0,-10.5,8.0,0.0,7.0,273.39,50.599999999999994,277.75,1.25,0
0.0,0.0,-14.0,7.5,0.0,3.5,76.46000000000001,30.66,712.5,3.5,0
0.0,0.0,-31.25,15.75,0.0,5.5,518.5,118.8,739.75,2.5,0
0.0,0.0,-29.5,8.0,0.0,1.0,445.87,57.97,651.5,1.0,0
0.0,0.0,-18.5,10.5,0.0,3.5,177.83,29.93,757.5,1.5,0
0.0,0.0,-23.0,6.5,0.0,3.0,185.94,37.239999999999995,293.0,2.0,0
0.0,0.0,-6.0,18.5,0.0,4.0,403.53999999999996,48.74,427.0,1.5,0
0.0,0.0,-10.0,18.0,0.0,2.0,210.56,30.76,952.0,2.0,0
0.0,0.0,-13.5,14.0,0.0,1.5,247.83999999999997,57.86,1257.0,1.0,0
0.0,0.0,-18.5,15.0,0.0,1.0,498.21999999999997,72.8,484.0,1.0,0
0.0,0.0,-14.5,7.0,0.0,1.0,203.27999999999997,54.5,440.75,1.0,0
0.0,0.0,-18.5,5.0,0.0,1.0,143.85,20.86,558.5,4.0,0
0.0,0.0,-12.666666666666666,10.0,0.0,1.0,277.4,77.81,171.33333333333334,2.3333333333333335,0
0.0,0.0,-8.5,2.5,0.0,5.5,117.69999999999999,22.81,678.5,1.5,0
0.0,0.0,-10.5,5.0,0.0,3.5,121.64000000000001,16.66,376.5,2.0,0
0.0,0.0,-38.0,8.0,0.0,1.0,175.8,36.0,408.5,1.0,0
0.0,0.0,-13.5,6.5,0.0,1.0,139.22,51.22,446.0,1.0,0
0.0,0.0,-11.5,4.0,0.0,1.0,82.1,23.63,1440.0,3.0,0
0.0,0.0,-8.5,9.5,0.0,5.0,207.97,25.87,448.0,1.0,0
0.0,0.0,-6.5,21.5,0.0,3.0,215.68,30.79,572.5,1.0,0
0.0,0.0,-14.0,10.0,0.0,1.0,180.66,32.68,356.5,2.5,0
0.0,0.0,-3.0,7.0,0.5,5.0,236.31,15.669999999999998,919.0,1.0,0
0.0,0.0,-11.5,6.5,0.0,7.5,262.62,23.62,668.5,3.0,0
0.0,0.0,-20.5,7.0,0.0,4.5,114.91999999999999,31.92,877.0,3.0,0
0.0,0.0,-11.333333333333334,10.666666666666666,0.0,1.0,520.385,88.28999999999999,1338.2916666666667,1.0,0
0.0,0.0,-13.0,12.5,0.0,1.0,365.48,54.73,876.875,1.75,1
0.0,0.0,-8.0,13.0,0.0,1.0,66.96000000000001,18.16,880.5,2.5,0
0.0,0.0,-27.5,7.0,0.0,2.5,128.73,23.93,1522.5,1.0,0
0.0,0.0,-16.0,3.0,0.0,5.5,118.92,23.82,512.0,5.0,0
0.0,0.0,-4.666666666666667,19.333333333333332,0.0,3.0,248.98999999999998,49.510000000000005,414.6666666666667,1.0,0
0.0,0.0,-7.333333333333333,6.666666666666667,0.0,1.0,178.38,30.58,926.3333333333334,5.333333333333333,0
0.0,0.0,5.0,26.333333333333332,0.3333333333333333,3.0,560.55,50.85,608.6666666666666,3.3333333333333335,0
0.0,0.0,-21.5,9.0,0.0,1.0,165.68,25.88,328.0,1.0,0
0.0,0.0,-11.0,12.0,0.0,9.0,301.94,41.14,246.0,1.0,1
0.0,0.0,-10.0,20.5,0.0,6.0,362.78,37.88,729.5,1.0,0
0.0,0.0,-9.0,6.0,0.0,10.0,232.69,38.099999999999994,547.25,1.5,0
0.0,0.0,3.5,29.5,1.0,4.0,222.2,34.2,339.0,1.0,1
0.0,0.0,-4.0,4.5,0.0,5.5,365.32,26.42,293.5,1.5,0
0.0,0.0,-14.5,6.5,0.0,1.0,178.46,62.46,811.5,2.5,0
0.0,0.0,-7.0,3.5,0.0,6.0,281.04,31.16,520.5,2.0,0
0.0,0.0,-18.0,14.5,0.0,8.0,697.9100000000001,48.74,919.5,2.0,0
0.0,0.0,-25.0,9.5,0.0,1.0,697.9100000000001,66.16,428.0,1.5,0
0.0,0.0,-15.666666666666666,11.0,0.0,1.0,130.36,48.68,259.3333333333333,2.0,0
0.0,0.0,-18.5,6.5,0.0,3.0,257.24,28.35,1754.5,4.0,0
0.0,0.0,0.3333333333333333,25.333333333333332,0.3333333333333333,1.0,787.48,90.55,438.3333333333333,1.0,1
0.0,0.0,-10.0,12.5,0.0,5.0,273.25,30.35,1809.5,1.0,0
0.0,0.0,-39.5,8.0,0.0,1.0,213.7,77.88,359.08333333333337,2.916666666666667,1
0.0,0.0,-12.0,11.5,0.0,2.0,132.99,26.119999999999997,618.5,2.0,0
0.0,0.0,-8.5,19.0,0.0,2.0,219.39000000000001,55.9,873.0,2.0,0
0.0,0.0,-12.5,8.0,0.0,9.0,1006.46,131.04,372.25,1.0,0
0.0,0.0,-11.5,19.5,0.0,3.5,144.43,54.45,857.0,2.5,1
0.0,0.0,-20.0,6.5,0.0,1.0,395.99,57.599999999999994,412.25,2.0,0
0.0,0.0,-12.0,10.5,0.0,7.5,321.19,42.09,451.75,1.0,0
0.0,0.0,-14.0,11.333333333333334,0.0,7.0,538.33,112.3,625.6666666666666,3.3333333333333335,0
0.0,0.0,-16.0,8.5,0.0,1.5,320.61,61.120000000000005,500.0,2.0,0
0.0,0.0,-14.0,15.5,0.0,4.0,96.43,36.46,677.5,3.5,0
0.0,0.0,-11.5,10.0,0.0,1.0,165.76,34.96,560.5,1.5,0
0.0,0.0,-6.0,19.0,0.5,1.0,56.94,26.95,274.0,1.0,0
0.0,0.0,-11.5,9.5,0.0,8.625,667.12,97.64,585.0,3.5,0
0.0,0.0,-5.5,24.5,0.5,5.5,294.02,45.120000000000005,1511.5,1.0,0
0.0,0.0,0.3333333333333333,25.333333333333332,0.6666666666666666,4.0,888.8100000000001,108.84,869.0,1.0,1
0.0,0.0,-14.0,13.5,0.0,1.0,296.76,36.760000000000005,761.0,3.5,0
0.0,0.0,-17.0,7.0,0.0,2.5,62.42,29.04,685.0,1.5,0
0.0,0.0,-34.0,9.0,0.0,1.0,127.32000000000001,32.519999999999996,327.0,4.5,0
0.0,0.0,-11.666666666666666,10.0,0.0,10.0,530.95,76.38,292.3333333333333,2.1666666666666665,1
0.0,0.0,-11.0,2.0,0.0,1.0,407.02,45.019999999999996,511.5,1.0,0
0.0,0.0,-1.0,28.0,0.5,5.5,504.82,63.0,811.0,3.5,0
0.0,0.0,-12.0,7.5,0.0,3.5,392.12500000000006,57.209999999999994,872.0,3.5,0
0.0,0.0,-14.5,7.0,0.0,1.0,155.18,34.19,349.5,1.0,0
0.0,0.0,-14.0,4.5,0.0,4.5,311.13,31.33,324.5,3.0,0
0.0,0.0,-14.5,10.5,0.0,4.5,387.53999999999996,55.79,797.5,1.5,0
0.0,0.0,-8.5,14.5,0.0,7.5,278.01,55.15,812.0,1.0,0
0.0,0.0,-11.5,10.5,0.0,1.0,158.95,28.950000000000003,258.0,2.0,0
0.0,0.0,-23.0,21.0,0.0,7.25,349.28,31.16,443.0,1.0,0
0.0,0.0,-4.333333333333333,22.0,0.3333333333333333,5.333333333333333,166.5,51.91,488.6666666666667,1.6666666666666667,1
0.0,0.0,-9.0,5.5,0.0,1.5,62.61,17.72,712.5,2.0,0
0.0,0.0,-6.0,4.5,0.0,1.0,172.57,27.57,684.5,4.0,0
0.0,0.0,-7.5,2.0,0.0,1.0,281.58,51.980000000000004,361.5,1.5,0
0.0,0.0,-13.0,13.0,0.0,1.0,138.16000000000003,32.269999999999996,1009.0,1.0,1
0.0,0.0,-27.5,11.0,0.0,2.5,175.31,30.509999999999998,463.0,3.5,0
0.0,0.0,-18.0,19.5,0.0,1.0,966.4100000000001,112.4,951.0,1.5,0
0.0,0.0,-13.0,6.0,0.0,1.0,93.04,38.64,669.0,1.0,0
0.0,0.0,-2.3333333333333335,22.0,0.3333333333333333,1.6666666666666667,164.0,58.4,1029.8333333333333,1.6666666666666667,0
0.0,0.0,-28.5,12.0,0.0,5.0,377.15000000000003,67.25999999999999,798.5,3.5,0
0.0,0.0,-11.0,15.0,0.0,8.0,736.0,111.08,717.0,3.3333333333333335,1
0.0,0.0,-1.0,23.5,0.5,1.5,301.65,51.849999999999994,1329.5,1.5,0
0.0,0.0,-1.0,16.0,0.5,8.0,385.57,52.959999999999994,363.5,1.0,0
0.0,0.0,-9.0,12.5,0.0,3.0,81.18,30.38,332.0,1.5,0
0.0,0.0,-11.0,23.5,0.0,7.0,157.28,39.379999999999995,368.0,2.5,0
0.0,0.0,-4.5,14.0,0.5,1.0,125.30000000000001,34.400000000000006,222.0,2.0,0
0.0,0.0,-10.5,7.5,0.0,1.0,351.15999999999997,34.26,577.0,1.0,0
0.0,0.0,-13.5,9.0,0.0,2.0,126.37,27.369999999999997,432.5,3.5,0
0.0,0.0,-11.0,12.0,0.0,1.0,381.53,54.04,1363.5,1.0,0
0.0,0.0,-12.0,11.5,0.0,1.25,123.35,32.9,304.5,1.5,0
0.0,0.0,-17.5,9.5,0.0,4.0,257.09000000000003,32.09,551.0,2.0,0
0.0,0.0,-16.0,12.0,0.0,3.25,1104.42,111.52,1966.5,1.5,0
0.0,0.0,-5.0,16.0,0.0,4.0,91.25,35.55,119.25,1.0,0
0.0,0.0,-11.0,11.5,0.0,3.5,266.76,43.370000000000005,1927.0,5.5,0
0.0,0.0,-17.0,11.5,0.0,1.0,56.46,36.46,335.0,1.0,0
0.0,0.0,-10.5,4.0,0.0,1.0,39.18,16.69,839.0,1.0,0
0.0,0.0,-13.0,2.6666666666666665,0.0,1.6666666666666667,246.51,23.509999999999998,601.0,4.666666666666667,0
0.0,0.0,-12.5,6.5,0.0,6.5,332.34000000000003,37.45,1044.0,3.5,0
0.3333333333333333,0.3333333333333333,-14.0,14.0,0.0,8.0,531.16,90.03999999999999,542.6666666666666,1.3333333333333333,0
0.0,0.0,-10.0,12.5,0.0,1.0,146.68,49.08,524.0,2.0,0
0.0,0.0,-18.5,9.5,0.0,10.0,635.5150000000001,65.6,402.8,1.0,0
0.0,0.0,-10.0,15.333333333333334,0.0,3.3333333333333335,515.37,65.67,911.0,1.0,0
0.0,0.0,-6.0,10.666666666666666,0.0,1.0,472.5450000000001,55.529999999999994,849.0,1.3333333333333333,0
0.0,0.0,-7.5,15.5,0.0,1.0,226.12,42.12,716.5,1.5,0
0.0,0.0,-21.5,12.0,0.0,2.0,329.48,40.17,629.0,1.0,0
0.0,0.0,-4.0,6.5,0.0,1.0,386.485,46.57,469.5,1.5,0
0.0,0.0,-15.5,14.5,0.0,5.0,349.35,77.88,1596.0833333333335,2.0,0
0.0,0.0,-13.5,20.75,0.0,1.25,646.99,120.21,501.95833333333337,4.375,0
0.0,0.0,-13.5,15.5,0.0,3.0,165.01999999999998,29.23,788.0,4.0,0
0.0,0.0,-9.0,3.0,0.0,2.0,46.56,15.66,544.0,1.0,0
0.0,0.0,-35.0,10.0,0.0,2.5,140.74,37.79,386.0,1.5,0
0.0,0.0,0.0,28.0,0.5,1.0,224.98,45.0,578.0,3.0,0
0.0,0.0,-21.0,13.0,0.0,4.0,195.10000000000002,44.3,699.0,1.5,0
0.0,0.0,-2.0,4.0,0.0,1.0,123.72,54.37,233.0,1.0,0
0.0,0.0,-19.5,6.5,0.0,5.5,430.285,53.72,821.5,1.5,0
0.0,0.0,-9.0,7.5,0.0,1.0,221.28,31.480000000000004,448.0,2.0,0
0.0,0.0,-13.0,4.0,0.0,4.0,197.98000000000002,32.08,483.0,1.5,0
0.0,0.0,-13.5,13.5,0.0,1.5,222.35,49.45,990.5,1.5,0
0.0,0.0,-16.0,6.0,0.0,1.0,298.28,28.28,858.0,1.0,0
0.0,0.0,0.5,21.0,0.5,1.5,261.45000000000005,31.65,250.0,1.0,0
0.0,0.0,-11.0,6.0,0.0,9.5,281.5,31.799999999999997,803.0,1.5,0
0.0,0.0,-11.0,8.666666666666666,0.0,3.0,335.15,58.16,706.6666666666666,1.0,0
0.0,0.0,-18.5,8.0,0.0,1.0,235.59,66.69,451.75,4.75,0
0.0,0.0,-11.5,11.0,0.0,2.0,675.76,93.36,767.25,3.0,1
0.0,0.0,-12.5,23.5,0.0,3.0,332.76,45.96,572.5,2.0,0
0.0,0.0,-14.0,10.0,0.0,4.0,197.47,42.5,519.6666666666666,1.6666666666666667,0
0.0,0.0,-13.5,19.5,0.0,8.0,411.50500000000005,56.86,313.5,1.5,0
0.0,0.0,-12.0,6.5,0.0,1.0,111.08999999999999,24.200000000000003,854.0,1.0,0
0.0,0.3333333333333333,-11.0,10.5,0.0,7.666666666666667,358.89,55.730000000000004,286.3333333333333,1.3333333333333333,0
0.0,0.0,-15.5,8.5,0.0,2.5,232.23000000000002,32.44,541.5,1.0,0
0.0,0.0,-5.0,21.5,0.5,2.0,169.06,25.259999999999998,928.0,1.0,0
0.0,0.0,-16.5,13.5,0.0,3.0,100.44,31.55,240.5,3.0,0
0.0,0.0,-10.0,12.0,0.0,1.0,109.13,33.33,432.5,2.0,0
0.0,0.0,-10.0,14.5,0.0,1.0,482.6,77.88,56.0,1.0,0
0.0,0.0,-19.0,12.0,0.0,7.0,213.03000000000003,93.06,309.0,1.0,0
0.0,0.0,-13.0,13.5,0.0,3.0,237.82,61.22,854.0,1.0,0
0.0,0.0,-9.5,4.5,0.0,1.0,102.31,18.54,1472.5,1.5,0
0.0,0.0,-16.5,5.5,0.0,4.5,307.77,43.07,748.0,1.5,0
0.0,0.0,-9.0,10.0,0.0,8.0,731.36,53.46,1550.0,3.0,0
0.0,0.0,0.0,12.0,0.0,1.0,127.72,23.72,575.0,1.0,0
0.0,0.0,-8.666666666666666,15.0,0.0,4.0,562.5,93.0,257.0,2.0,0
0.0,0.0,-7.0,17.0,0.5,7.0,397.29,62.94,384.0,1.0,0
0.0,0.0,-15.5,9.5,0.0,7.0,190.3,50.41,605.75,3.5,0
0.0,0.0,-6.5,12.5,0.0,1.0,216.57,58.67,813.0,4.0,0
0.0,0.0,-14.0,12.5,0.0,2.5,290.32,72.32,721.5,1.0,0
0.0,0.0,-16.0,9.5,0.0,1.0,445.285,60.269999999999996,503.25,1.75,0
0.0,0.0,-6.5,13.5,0.0,1.0,136.72000000000003,36.68,652.5,2.0,0
0.0,0.0,-11.5,6.5,0.0,1.0,141.73,22.630000000000003,708.0,1.0,0
0.0,0.0,-15.0,10.5,0.0,1.5,358.72,67.28999999999999,1161.0,2.0,0
0.0,0.0,-14.0,14.0,0.0,1.0,223.27999999999997,83.5,379.0,1.0,0
0.0,0.0,15.0,40.0,1.0,1.0,181.4,72.52,1440.0,3.0,1
0.0,0.0,-13.25,12.25,0.0,1.0,477.34,72.54,387.25,1.5,0
0.0,0.0,-12.666666666666666,10.0,0.0,2.0,559.24,113.42999999999999,100.72222222222223,1.0,0
0.0,0.0,-13.333333333333334,19.666666666666668,0.0,3.0,428.48,80.97999999999999,1398.6666666666667,3.6666666666666665,0
0.0,0.0,-14.5,7.0,0.0,1.0,257.09000000000003,48.28,944.0,1.0,0
0.0,0.0,-26.0,9.0,0.0,3.5,76.72,21.92,332.5,1.0,0
0.0,0.0,-12.0,10.0,0.0,1.0,124.8,45.31,250.25,3.5,0
0.0,0.0,-20.5,13.5,0.0,6.5,135.19,55.3,383.5,2.0,0
0.0,0.0,-19.5,19.5,0.0,1.0,84.49000000000001,41.6,485.0,1.5,1
0.0,0.0,-13.5,13.0,0.0,1.5,250.81,69.81,1242.0,4.5,1
0.0,0.0,-6.5,35.0,0.5,6.0,687.325,77.88,691.0,1.0,0
0.0,0.0,-13.5,3.0,0.0,8.0,233.1,23.299999999999997,1053.5,3.0,0
0.0,0.0,9.5,31.0,0.5,1.0,416.87,57.53,742.0,1.5,1
0.0,0.0,-19.5,4.0,0.0,1.0,242.19,53.72,408.5357142857143,1.5357142857142856,0
0.0,0.0,-19.5,22.0,0.0,2.0,227.78,57.98,404.0,4.0,0
0.0,0.0,-13.0,6.0,0.0,4.5,150.14,24.740000000000002,561.0,1.0,0
0.0,0.0,-7.0,7.0,0.0,6.0,688.98,65.28,608.5,1.0,0
0.0,0.0,-14.0,6.5,0.0,2.0,172.18,25.189999999999998,719.0,1.0,0
0.0,0.0,-18.0,6.5,0.0,4.0,84.93,26.95,344.0,4.0,0
0.0,0.0,-6.5,5.5,0.0,1.0,49.54,15.74,523.0,1.0,0
0.0,0.0,-13.0,20.0,0.0,1.0,156.59,35.7,598.5,3.5,0
0.0,0.0,-12.0,11.5,0.0,1.0,406.65500000000003,40.66,571.5,2.0,0
0.0,0.0,-15.0,16.0,0.0,1.0,127.62,31.63,577.5,3.0,0
0.0,0.0,-6.666666666666667,23.0,0.0,7.333333333333333,227.78,68.94,1070.6666666666667,1.0,0
0.0,0.0,-16.5,8.0,0.0,1.0,278.72,69.12,292.5,3.75,0
0.0,0.0,-15.0,2.5,0.0,1.0,275.08,45.480000000000004,131.0,1.0,0
0.0,0.0,-13.5,10.5,0.0,1.0,154.71,27.82,877.0,1.0,0
0.0,0.0,-10.833333333333334,15.5,0.0,1.0,929.14,130.68,484.5,1.0,1
0.0,0.0,-18.0,8.0,0.0,3.0,410.9,72.78,474.5,1.0,0
0.0,0.0,-10.333333333333334,4.0,0.0,1.6666666666666667,528.075,76.97,1646.0,2.3333333333333335,0
0.0,0.0,-11.0,12.5,0.0,5.0,250.93,31.13,828.5,5.5,0
0.0,0.0,-19.5,6.0,0.0,3.0,183.70999999999998,33.91,971.5,1.0,0
0.0,0.0,-16.25,11.0,0.0,4.5,614.205,88.21000000000001,1116.75,5.25,0
0.0,0.0,-9.0,14.0,0.0,2.0,360.73,60.93000000000001,744.5,1.25,0
0.0,0.0,-12.666666666666666,5.666666666666667,0.0,1.0,179.1,28.2,700.6666666666666,3.0,0
0.0,0.0,-15.5,9.5,0.0,3.0,140.23000000000002,30.34,294.5,2.5,0
0.0,0.0,-10.0,15.0,0.0,1.0,125.78999999999999,37.44,2039.0,5.666666666666667,0
0.0,0.0,-7.0,4.0,0.0,2.0,100.08,15.59,858.0,3.5,0
0.0,0.0,-12.0,12.5,0.0,1.0,187.70999999999998,46.33,529.5,1.5,0
0.0,0.0,-10.0,16.0,0.5,8.0,440.77500000000003,47.269999999999996,321.5,1.0,0
0.0,0.0,-15.5,6.5,0.0,1.0,697.9100000000001,31.86,911.0,3.0,0
0.0,0.3333333333333333,-5.5,8.5,0.0,4.0,464.07,49.18,1270.3333333333333,1.3333333333333333,0
0.0,0.0,-12.5,1.5,0.0,5.0,373.35,22.72,784.0,3.0,0
0.0,0.0,-12.0,9.5,0.0,6.0,463.28999999999996,77.88,1107.5,1.0,0
0.0,0.0,-22.0,18.5,0.0,2.0,542.8,69.19999999999999,322.0,1.0,0
0.0,0.0,-14.5,2.5,0.0,1.0,249.60000000000002,48.18,796.5,3.5,0
0.0,0.0,-9.142857142857142,14.0,0.0,2.857142857142857,382.42,102.25,444.2857142857143,4.0,0
0.0,0.0,-17.5,6.5,0.0,8.0,597.54,37.74,335.0,3.0,0
0.0,0.0,-9.0,33.0,0.5,1.5,469.12,59.92999999999999,965.0,1.0,1
0.0,0.0,-12.0,8.0,0.0,1.5,81.37,25.38,772.5,1.0,0
0.0,0.0,-20.5,20.0,0.0,1.0,204.11,58.099999999999994,1257.0,1.0,0
0.0,0.0,-15.0,12.5,0.0,1.0,154.88,33.03,587.5,1.0,0
0.0,0.0,0.0,22.5,0.0,2.0,271.0,41.2,434.0,1.0,0
0.0,0.0,-15.5,12.5,0.0,6.5,433.15500000000003,71.16,627.0,3.0,0
0.0,0.0,-5.5,9.5,0.0,7.0,430.00500000000005,52.989999999999995,262.0,1.0,0
0.0,0.0,-11.5,1.5,0.0,1.0,338.93,16.14,455.0,2.5,0
0.0,0.0,-11.0,14.0,0.0,1.0,155.37,35.57,1660.0,1.0,0
0.0,0.0,-12.5,5.5,0.0,1.0,147.60000000000002,25.78,518.0,3.5,0
0.0,0.0,-11.5,13.5,0.0,1.5,87.2,32.22,255.5,3.0,0
0.0,0.0,-19.5,10.0,0.0,1.0,99.01,23.61,865.5,1.5,0
0.0,0.0,-17.0,19.0,0.0,2.0,363.82,57.37,615.0,3.5,1
0.0,0.0,-5.5,20.5,0.0,4.5,387.49,32.68,501.0,4.0,1
0.0,0.0,-10.166666666666666,2.8333333333333335,0.0,5.333333333333333,350.4,55.55,552.5,1.5,0
0.0,0.0,-17.0,9.5,0.0,8.0,315.67,46.16,950.5,3.0,0
0.0,0.0,-19.0,7.0,0.0,1.0,69.51,29.619999999999997,704.0,1.5,0
0.0,0.0,-9.5,11.5,0.0,2.5,107.74000000000001,23.740000000000002,183.0,2.5,0
0.0,0.0,-15.5,6.5,0.0,1.0,101.1,29.2,229.0,5.0,0
0.0,0.0,-7.5,3.5,0.0,4.5,105.56,15.56,448.5,6.5,0
0.0,0.0,-13.5,5.0,0.0,1.0,156.95,27.15,311.5,2.0,0
0.0,0.0,-5.5,11.5,0.0,2.0,188.37,29.97,951.0,3.5,0
0.0,0.0,-5.0,3.0,0.0,1.0,235.45,17.85,590.0,1.0,0
0.0,0.0,-15.0,12.0,0.0,1.0,206.8,32.410000000000004,477.5,1.0,0
0.0,0.0,-15.0,12.25,0.0,4.75,580.29,68.49000000000001,513.5,2.0,0
0.0,0.0,-12.0,9.5,0.0,3.0,248.51999999999998,30.520000000000003,452.5,2.0,0
0.0,0.0,-20.0,2.0,0.0,5.5,119.93,38.03,171.0,2.0,0
0.0,0.0,-9.5,6.5,0.0,4.0,189.41,22.43,1136.0,3.5,0
0.0,0.0,-15.0,4.5,0.0,3.5,124.71,26.71,510.0,5.5,0
0.0,0.0,-10.5,18.5,0.0,1.0,137.12,29.32,209.0,1.0,0
0.0,0.0,9.5,41.0,0.5,6.5,223.64000000000001,36.84,326.0,1.0,0
0.0,0.0,1.0,21.5,0.5,1.0,242.46,56.54,421.5,1.5,1
0.0,0.0,-12.0,10.0,0.0,1.0,507.06,67.66,1265.0,1.0,0
0.0,0.25,-19.0,13.666666666666666,0.0,10.0,737.475,112.24,708.0,2.0,0
0.0,0.0,-4.333333333333333,15.0,0.0,8.0,536.3199999999999,101.8,1616.3333333333333,1.0,0
0.0,0.0,11.0,32.333333333333336,1.0,1.0,456.45000000000005,81.44999999999999,483.6666666666667,2.0,1
0.0,0.0,-16.666666666666668,4.0,0.0,2.0,765.74,55.74,699.3333333333334,1.6666666666666667,0
0.0,0.0,-9.5,11.5,0.0,7.0,295.04,37.04,540.0,4.0,0
0.0,0.0,-14.0,6.0,0.0,1.0,119.36,25.38,517.0,2.0,0
0.0,0.0,-7.0,11.0,0.0,1.0,215.67000000000002,28.78,385.5,2.0,0
0.0,0.0,0.0,5.0,0.0,1.0,177.52,23.759999999999998,748.0,2.3333333333333335,0
0.0,0.0,-2.5,25.0,0.5,9.0,449.16999999999996,49.370000000000005,298.0,1.0,0
0.0,0.0,-9.0,4.5,0.0,2.0,207.60999999999999,26.740000000000002,432.5,5.5,0
0.0,0.0,-2.5,11.0,0.0,10.5,252.68,25.22,1762.0,3.0,0
0.3333333333333333,0.3333333333333333,-11.5,6.0,0.0,4.0,582.0250000000001,68.11,430.4444444444444,1.0,1
0.0,0.0,-10.5,5.0,0.0,2.0,178.62,18.62,341.5,1.0,0
0.0,0.0,-22.0,14.0,0.0,2.0,146.13,32.15,1267.5,2.0,0
0.0,0.0,-16.0,5.0,0.0,4.5,233.39999999999998,25.66,481.5,1.5,0
0.0,0.0,-14.0,12.0,0.0,6.0,262.92,53.22,543.0,2.0,0
0.0,0.0,-7.5,5.0,0.0,1.0,69.33,16.93,404.0,3.0,0
0.0,0.0,-2.6666666666666665,15.333333333333334,0.0,5.333333333333333,166.89000000000001,31.64,750.0,2.3333333333333335,1
0.0,0.0,-10.0,13.5,0.0,5.5,401.27,40.27,1224.0,1.0,0
0.0,0.0,-18.25,10.25,0.0,4.0,341.78,61.910000000000004,642.0,2.25,0
0.0,0.0,3.0,26.0,0.6666666666666666,2.0,238.02,48.599999999999994,45.0,1.0,1
0.0,0.0,-13.5,4.0,0.0,3.0,137.53,39.65,665.0,3.0,0
0.0,0.0,-16.5,2.0,0.0,4.0,269.49,30.6,898.0,3.0,0
0.0,0.0,-13.5,8.0,0.0,1.75,295.33,27.33,896.0,1.0,0
0.0,0.0,-17.0,10.5,0.0,1.0,523.58,110.17999999999999,481.5,2.5,0
0.0,0.0,-17.0,4.0,0.0,7.333333333333333,238.32999999999998,38.540000000000006,1507.6666666666667,1.6666666666666667,0
0.0,0.0,-12.0,10.0,0.0,1.0,210.55,80.55,953.0,3.0,0
0.0,0.0,-16.0,8.5,0.0,2.0,373.09000000000003,43.29,1313.0,1.0,0
0.0,0.0,-5.0,6.5,0.0,1.0,81.61,16.81,378.0,2.5,0
0.0,0.0,-10.0,12.5,0.0,1.5,488.72,63.0,629.5,2.5,0
0.0,0.0,-0.5,18.5,0.5,1.5,202.81,35.61,1367.5,1.0,1
0.0,0.0,-12.0,5.0,0.0,1.5,205.98000000000002,21.19,445.5,1.5,0
0.0,0.0,-27.0,13.666666666666666,0.0,3.0,192.59,52.89,653.6666666666666,2.3333333333333335,0
0.0,0.0,-14.5,10.0,0.0,1.0,367.12,47.32,392.0,1.0,1
0.0,0.0,-23.0,18.0,0.0,1.0,581.7950000000001,71.78,203.0,3.0,0
0.0,0.0,-14.0,4.0,0.0,1.0,586.2950000000001,55.64,1406.0,1.0,0
0.0,0.0,-10.0,9.5,0.0,1.0,161.28,30.97,894.0,1.0,0
0.0,0.0,-9.0,17.0,0.0,3.0,194.06,54.08,1305.0,1.0,0
0.0,0.0,-11.0,4.5,0.0,1.0,144.46,21.57,318.0,1.5,0
0.0,0.0,-14.5,10.0,0.0,1.0,143.94,29.14,617.5,4.0,0
0.0,0.0,-3.0,22.5,0.5,1.0,213.33999999999997,45.44,1279.0,2.0,1
0.0,0.0,-14.333333333333334,7.0,0.0,1.0,190.07999999999998,62.18,310.0,1.3333333333333333,0
0.0,0.0,-14.0,8.0,0.0,7.0,384.31,32.51,706.0,1.5,0
0.0,0.0,-19.0,11.0,0.0,1.0,191.55,32.1,294.0,3.0,0
0.0,0.0,-16.5,15.0,0.0,1.0,485.6650000000001,55.75,720.5,3.0,0
0.0,0.0,-8.0,16.5,0.0,1.0,236.67000000000002,41.769999999999996,548.0,3.5,0
0.0,0.0,-4.0,19.0,0.0,6.5,393.96500000000003,48.14,1026.5,2.0,0
0.0,0.0,3.5,31.0,0.5,2.5,288.51,43.71,339.0,1.0,0
0.0,0.0,-16.0,7.5,0.0,5.5,451.72,48.84,464.25,3.0,0
0.0,0.0,-15.5,18.0,0.0,1.0,140.34,31.35,525.5,4.0,0
0.0,0.0,-14.5,3.5,0.0,1.0,136.42,16.53,1180.0,1.5,0
0.0,0.0,-10.5,21.5,0.0,1.0,357.76,55.97,1628.0,2.0,0
0.0,0.0,-20.5,4.0,0.0,1.0,249.06,29.06,351.0,1.0,0
0.0,0.0,-10.0,14.5,0.0,7.0,190.47,32.14,773.0,1.0,0
0.0,0.0,-19.0,18.0,0.3333333333333333,3.0,359.94,87.04,336.6666666666667,5.666666666666667,0
0.0,0.0,-18.0,10.0,0.0,4.0,246.99,38.01,524.0,3.0,0
0.0,0.0,-5.0,14.0,0.0,3.75,351.49,52.51,1145.0,1.5,0
0.0,0.0,-13.0,8.0,0.0,5.0,161.01,26.020000000000003,174.5,1.0,0
0.0,0.0,-12.5,6.5,0.0,3.0,89.96000000000001,31.060000000000002,528.5,1.0,0
0.0,0.0,-13.5,7.0,0.0,1.0,159.76,46.94,556.0,8.0,0
0.0,0.0,-8.0,9.5,0.0,3.0,102.3,35.55,399.0,1.5,0
0.0,0.0,-10.5,9.5,0.0,6.5,271.83000000000004,20.830000000000002,495.0,4.5,1
0.0,0.0,-11.5,8.5,0.0,3.0,76.47,27.58,612.0,1.5,0
0.0,0.0,-18.0,10.5,0.0,9.0,326.42,37.43,717.5,5.0,0
0.0,0.0,-10.0,18.0,0.0,6.5,328.48,33.48,1333.5,1.5,0
0.0,0.0,-19.666666666666668,9.0,0.0,4.0,366.6,76.89999999999999,467.3333333333333,1.0,0
0.0,0.0,-25.0,5.0,0.0,8.0,358.44,38.44,739.5,4.5,0
0.0,0.0,-14.0,5.0,0.0,6.5,423.43500000000006,36.07,936.0,4.0,0
0.0,0.0,-11.666666666666666,15.0,0.0,1.0,248.57,37.87,285.3333333333333,1.0,0
0.0,0.0,-12.5,12.0,0.0,2.0,697.9100000000001,77.88,1023.0,1.0,0
0.0,0.0,-15.5,10.0,0.0,5.5,331.99,43.09,908.0,2.0,0
0.0,0.0,4.5,24.5,0.5,6.0,327.49,44.69,615.5,4.0,1
0.0,0.0,-12.5,10.0,0.0,3.0,142.98,21.009999999999998,889.0,2.0,0
0.0,0.0,-8.0,4.0,0.0,4.5,257.58,29.6,395.0,1.5,0
0.0,0.0,-14.666666666666666,11.0,0.0,8.0,294.83,57.09,1176.6666666666667,4.666666666666667,0
0.0,0.0,-17.0,13.5,0.0,1.0,99.32,21.92,196.0,1.0,0
0.0,0.0,-10.5,3.5,0.0,1.0,42.76,14.78,939.5,1.0,0
0.0,0.0,-4.5,12.0,0.5,1.0,260.49,28.589999999999996,741.5,1.5,0
0.0,0.0,-8.0,10.0,0.0,5.0,320.87,48.449999999999996,350.0,1.0,0
0.0,0.0,-11.666666666666666,12.0,0.0,10.0,704.735,90.74,162.66666666666666,1.0,0
0.0,0.0,-16.0,5.5,0.0,4.0,252.36,26.880000000000003,887.5,2.5,0
0.0,0.0,-12.0,10.0,0.0,4.0,484.54,54.739999999999995,1049.0,1.0,0
0.0,0.0,-14.5,6.5,0.0,1.0,209.62,51.629999999999995,777.0,1.0,0
0.0,0.0,-19.0,6.75,0.0,1.0,456.01,80.61,284.0,1.75,0
0.0,0.0,-21.0,7.5,0.0,3.0,200.98,42.48,526.5,2.5,0
0.0,0.0,-11.0,10.0,0.0,1.0,237.44,53.48,637.0,1.0,1
0.0,0.0,-16.5,9.5,0.0,1.0,68.94,30.34,613.5,1.5,0
0.0,0.0,-23.0,10.0,0.0,1.0,1364.63,101.0,559.0,1.0,0
0.0,0.0,-8.5,3.5,0.0,1.0,64.76,14.78,777.0,6.0,0
0.0,0.0,-29.0,10.0,0.0,2.0,168.4,34.42,361.0,3.0,0
0.0,0.0,-7.5,6.5,0.0,1.0,356.85,48.85,141.0,2.5,0
0.0,0.0,2.0,22.5,0.5,1.0,169.76,25.96,508.0,1.5,0
0.0,0.0,-12.0,6.0,0.0,1.0,69.15,16.26,598.5,3.5,0
0.0,0.0,-6.5,12.0,0.0,3.0,192.01999999999998,32.120000000000005,1147.5,1.0,1
0.0,0.0,-7.0,11.0,0.0,1.0,426.5,41.599999999999994,603.0,1.0,0
0.0,0.0,-22.5,10.5,0.0,1.0,372.52,32.72,1828.0,3.0,0
0.0,0.0,16.666666666666668,36.0,1.0,3.0,597.79,59.339999999999996,622.3333333333334,1.0,1
0.0,0.0,-9.0,18.0,0.0,1.0,170.68,24.78,553.5,2.5,0
0.0,0.0,0.5,18.5,0.5,1.0,697.9100000000001,77.88,503.0,1.0,1
0.0,0.0,-18.0,12.0,0.0,1.0,697.9100000000001,77.88,363.0,1.0,0
0.0,0.0,-13.5,11.5,0.0,5.0,470.25,41.35,1345.5,1.5,0
0.0,0.0,-18.0,16.0,0.0,9.5,262.66999999999996,37.260000000000005,859.0,1.0,0
0.0,0.0,-4.5,20.5,0.5,1.0,339.22,58.08,660.5,2.5,0
0.0,0.0,-15.0,16.0,0.0,5.0,417.17,57.5,847.5,1.5,0
0.0,0.0,-10.5,11.5,0.0,1.0,141.29,33.91,573.0,1.0,1
0.0,0.0,-10.666666666666666,8.0,0.0,7.333333333333333,220.85999999999999,45.89,1013.0,3.3333333333333335,0
0.0,0.0,-14.5,17.0,0.0,10.0,484.29999999999995,55.3,272.5,1.0,1
0.0,0.0,-11.5,13.0,0.0,2.0,209.70999999999998,29.910000000000004,1460.0,1.0,0
0.0,0.0,-19.5,10.5,0.0,2.5,168.22,41.42,381.5,1.5,0
0.0,0.0,-9.333333333333334,13.666666666666666,0.0,4.666666666666667,178.56,43.58,495.3333333333333,2.0,0
0.0,0.0,-12.0,2.5,0.0,7.0,185.07,23.18,502.0,4.0,0
0.0,0.0,-10.666666666666666,9.666666666666666,0.0,1.0,168.29,56.3,415.6666666666667,2.3333333333333335,0
0.0,0.0,-16.5,6.0,0.0,5.0,460.27,52.269999999999996,533.5,4.5,0
0.0,0.0,-16.0,8.0,0.0,2.0,134.75,25.759999999999998,724.5,3.0,0
0.0,0.0,-11.0,20.0,0.0,5.0,124.7,31.71,520.0,2.5,0
0.0,0.0,-17.5,9.5,0.0,1.5,95.58000000000001,24.64,473.0,4.0,0
0.0,0.0,-14.5,8.5,0.0,3.0,328.78,28.98,238.0,1.0,1
0.0,0.0,-15.0,8.0,0.0,2.5,175.26999999999998,51.379999999999995,933.5,4.0,0
0.0,0.0,5.5,48.0,0.5,6.0,219.57999999999998,55.69,581.5,1.0,0
0.0,0.0,-20.5,6.0,0.0,3.5,419.985,30.799999999999997,651.0,2.0,0
0.0,0.0,-27.0,10.5,0.0,4.5,697.9100000000001,77.88,762.0,3.0,0
0.0,0.0,-10.0,14.0,0.0,1.0,399.6,52.120000000000005,159.5,7.0,0
0.0,0.0,-14.5,5.5,0.0,3.0,136.51,23.62,795.5,2.0,0
0.0,0.0,-8.5,17.75,0.25,3.875,663.02,88.55,196.5,6.75,0
0.0,0.0,-4.0,19.5,0.5,1.0,739.44,73.84,2473.0,3.5,1
0.0,0.0,-5.0,13.0,0.0,7.0,301.28,36.3,1294.5,1.5,0
0.0,0.0,-14.5,7.0,0.0,2.5,448.38500000000005,36.22,1142.0,4.5,0
0.0,0.0,-14.0,9.0,0.0,1.0,93.78,45.3,1226.0,1.0,0
0.0,0.0,-28.5,5.0,0.0,1.0,444.68,53.08,553.0,1.0,0
0.0,0.0,-49.5,11.5,0.0,6.0,259.6,57.14,1216.0,2.5,0
0.0,0.0,-21.0,9.0,0.0,1.0,556.965,65.38,977.75,3.0,0
0.0,0.0,-13.0,12.0,0.0,3.5,255.84,36.04,171.0,1.0,0
0.0,0.0,-14.0,4.5,0.0,1.0,209.35,20.36,394.0,2.0,0
0.0,0.0,-12.666666666666666,12.333333333333334,0.0,7.666666666666667,730.9200000000001,93.99,867.6666666666666,1.0,1
0.0,0.0,-9.5,9.0,0.0,6.5,380.70500000000004,40.75,374.75,2.0,0
0.0,0.0,-9.0,17.0,0.0,1.0,112.19,33.39,863.5,2.5,0
0.0,0.0,2.3333333333333335,26.333333333333332,0.6666666666666666,8.0,507.65999999999997,49.959999999999994,393.0,1.0,1
0.0,0.0,-23.5,13.0,0.0,1.0,74.94,24.96,2738.0,2.0,0
0.0,0.0,-11.0,12.0,0.0,3.5,230.84,35.86,1572.0,1.0,0
0.0,0.0,-23.5,9.0,0.0,10.0,247.20999999999998,42.41,383.0,1.0,0
0.0,0.0,-16.0,11.5,0.0,2.5,228.38,55.980000000000004,842.5,1.5,0
0.0,0.0,-15.0,10.666666666666666,0.0,5.333333333333333,364.86,49.86,718.3333333333334,3.3333333333333335,0
0.0,0.0,-18.0,10.0,0.0,4.0,169.16,31.16,419.5,3.5,0
0.0,0.0,-14.5,10.5,0.0,1.0,118.26,43.56,409.0,4.25,0
0.0,0.0,-0.5,28.0,0.5,1.0,568.705,68.78999999999999,1105.0,2.0,0
0.0,0.0,-8.0,20.0,0.0,4.0,237.16000000000003,58.26,381.0,1.0,0
0.0,0.0,-14.0,9.0,0.0,3.0,264.28,30.380000000000003,467.5,1.0,0
0.0,0.0,-6.0,5.5,0.0,1.0,57.48,15.68,77.5,2.5,0
0.0,0.0,-25.0,8.0,0.0,6.5,383.45,48.349999999999994,289.5,1.3333333333333335,0
0.0,0.0,-14.0,13.0,0.0,1.0,304.33,34.53,691.0,3.0,0
0.0,0.0,-10.0,17.0,0.0,1.5,125.08,39.230000000000004,373.0,3.0,0
0.0,0.0,-12.5,19.5,0.0,4.0,94.6,29.619999999999997,634.0,2.0,0
0.0,0.0,-7.0,3.5,0.0,4.0,332.87,54.07,791.0,4.0,0
0.0,0.0,-18.0,8.0,0.0,2.0,537.5550000000001,69.53999999999999,647.5,3.0,0
0.0,0.0,-18.666666666666668,22.0,0.0,1.0,88.85,48.150000000000006,108.33333333333333,1.0,0
0.0,0.0,-11.0,7.0,0.0,3.0,158.98,27.08,1416.0,2.0,0
0.0,0.0,-8.0,5.5,0.0,2.0,166.24,26.740000000000002,303.5,1.5,0
0.0,0.0,-28.666666666666668,7.333333333333333,0.0,1.0,256.86,60.43,351.3333333333333,1.3333333333333333,0
0.0,0.0,-9.0,13.5,0.0,5.5,356.46,38.56,927.5,4.0,0
0.0,0.0,-5.5,13.5,0.0,6.0,138.28,38.39,447.0,4.0,1
0.0,0.0,-12.0,16.5,0.0,4.0,152.64,32.84,304.5,1.0,0
0.0,0.0,-16.666666666666668,15.333333333333334,0.0,4.666666666666667,515.55,95.13999999999999,599.0,1.0,0
0.0,0.0,-7.0,5.0,0.0,2.5,643.105,28.37,511.25,2.0,0
0.0,0.0,-3.0,19.0,0.5,8.0,195.36,47.4,102.5,1.0,0
0.0,0.0,-14.5,17.5,0.0,5.5,254.95999999999998,36.06,504.5,1.5,0
0.0,0.0,-12.5,12.0,0.0,6.0,1395.8200000000002,144.78,1500.0,4.0,0
0.0,0.0,-8.0,23.0,0.0,1.0,237.77,58.589999999999996,366.0,2.0,1
0.0,0.0,-11.0,8.0,0.0,2.0,171.34,31.44,428.0,2.5,0
0.0,0.0,-14.0,5.5,0.0,8.0,538.215,33.519999999999996,1515.5,1.5,0
0.0,0.0,-15.5,10.0,0.0,2.0,77.18,28.2,683.5,2.5,0
0.0,0.0,-10.5,4.5,0.0,1.5,152.08,27.28,816.0,3.0,0
0.0,0.0,-1.5,16.5,0.5,1.0,156.76999999999998,22.880000000000003,657.5,3.5,0
0.0,0.0,-2.3333333333333335,21.333333333333332,0.0,6.0,201.11,52.92,533.6666666666666,1.6666666666666667,0
0.0,0.0,-17.0,13.5,0.0,1.0,367.46000000000004,108.08,385.0,1.5,1
0.0,0.0,-18.0,9.5,0.0,1.0,151.36,25.560000000000002,338.5,1.0,0
0.0,0.0,6.5,28.5,0.5,7.0,178.57,23.68,895.5,1.5,0
0.0,0.0,-18.0,11.5,0.0,1.0,483.25,43.269999999999996,1022.5,1.5,0
0.0,0.0,-17.5,13.5,0.0,1.0,262.5,49.699999999999996,821.5,1.0,0
0.0,0.0,-11.5,15.0,0.0,6.0,469.12500000000006,60.12,960.0,1.0,0
0.0,0.0,-11.5,13.0,0.0,1.5,165.35,32.45,884.0,1.0,0
0.0,0.0,-11.333333333333334,9.0,0.0,2.3333333333333335,553.15,50.16,819.6666666666666,3.0,0
0.0,0.0,-21.5,11.5,0.0,5.5,182.95,48.06,384.0,1.0,0
0.0,0.0,-5.5,7.5,0.0,1.0,199.11,24.9,1211.0,1.5,0
0.0,0.0,2.0,30.0,0.5,8.5,176.79,40.019999999999996,237.5,2.0,0
0.0,0.0,-13.0,12.5,0.0,1.0,697.9100000000001,77.88,208.5,1.0,0
0.0,0.0,-12.0,12.5,0.0,2.0,197.65,32.85,515.0,4.5,0
0.0,0.0,-28.5,5.5,0.0,1.0,260.18,62.3,1931.5,4.0,0
0.0,0.0,-14.5,8.0,0.0,4.0,286.57,34.58,2462.5,1.5,0
0.0,0.0,-12.0,18.5,0.0,4.5,132.41,28.61,1387.0,2.5,0
0.0,0.0,-10.5,2.5,0.0,1.5,147.5,19.51,517.0,2.0,0
0.0,0.0,-7.5,31.0,0.5,8.0,697.9100000000001,39.39,396.0,4.0,1
0.0,0.0,-15.714285714285714,16.428571428571427,0.14285714285714285,1.0,1122.72,189.12,277.61904761904765,1.9047619047619049,0
0.0,0.0,19.8,48.2,0.8,1.0,1011.23,142.29,862.2,1.0,1
0.0,0.0,-10.5,3.0,0.0,1.5,82.11,17.12,1105.5,4.0,0
0.0,0.0,-16.5,8.0,0.0,2.0,88.28,23.39,1495.5,2.5,0
0.0,0.0,11.0,40.0,0.5,3.5,155.15,42.45,437.5,1.0,1
0.0,0.0,-25.0,9.5,0.0,3.5,199.18,34.29,539.0,5.5,0
0.0,0.0,-16.5,13.0,0.0,2.0,142.8,25.9,425.5,4.5,0
0.0,0.0,-2.5,20.0,0.5,9.0,485.23,53.949999999999996,270.5,1.0,0
0.0,0.0,-9.5,12.5,0.0,5.0,108.2,30.2,1006.5,3.0,0
0.0,0.0,-12.0,7.0,0.0,1.0,159.95,23.950000000000003,353.0,1.0,0
0.0,0.0,-10.0,3.5,0.0,2.5,223.10999999999999,23.22,1008.5,5.0,0
0.0,0.0,-7.0,13.0,0.0,1.0,1046.8650000000002,60.17,199.66666666666666,4.0,0
0.0,0.0,-10.5,10.0,0.0,1.5,231.8,26.1,1110.0,1.5,0
0.0,0.0,-17.5,11.5,0.0,5.5,388.20500000000004,50.79,390.0,1.5,0
0.0,0.0,2.0,28.5,0.5,7.5,433.5450000000001,36.88,1093.0,4.0,0
0.0,0.0,-12.0,13.0,0.0,6.5,199.9,31.1,629.5,7.0,0
0.4,0.4,-12.0,13.0,0.0,5.4,1019.96,145.62,567.6,1.0,0
0.0,0.0,-8.5,9.0,0.0,1.0,145.09,18.1,1134.0,2.0,0
0.0,0.0,-10.5,5.5,0.0,7.5,425.97,35.97,978.0,3.0,0
0.0,0.0,-12.5,14.0,0.0,1.0,185.64,45.84,988.5,1.5,0
0.0,0.0,-17.0,14.0,0.0,1.0,367.93,58.42999999999999,891.0,5.0,0
0.0,0.0,-12.5,17.0,0.0,2.5,107.31,39.51,633.5,2.0,0
0.0,0.0,-12.0,34.0,0.5,1.0,187.64,62.84,567.0,1.0,1
0.0,0.0,-28.0,15.0,0.0,6.5,207.51,33.120000000000005,1029.5,2.5,0
0.0,0.0,-9.0,11.0,0.0,1.0,91.27000000000001,42.3,519.25,1.0,0
0.0,0.0,-6.0,9.0,0.0,2.5,249.16,30.259999999999998,307.5,1.5,0
0.0,0.0,-14.5,7.5,0.0,4.5,543.87,44.87,937.0,1.0,0
0.0,0.0,-6.0,12.6,0.0,2.6,348.68,59.18,322.6,2.2,0
0.0,0.0,-13.5,6.5,0.0,1.0,169.65,54.68000000000001,191.0,1.75,0
0.0,0.0,-18.0,7.5,0.0,5.0,437.105,60.52,742.5,2.0,0
0.0,0.0,-3.5,14.0,0.5,1.0,519.385,33.83,300.0,1.0,1
0.0,0.0,-12.0,11.5,0.0,1.0,162.28,38.379999999999995,350.0,1.5,0
0.0,0.0,-13.5,6.5,0.0,2.75,432.56,48.39,995.0,2.0,0
0.0,0.0,-13.0,6.5,0.0,5.0,431.05,66.5,431.5,1.0,0
0.0,0.0,-10.5,6.0,0.0,1.0,167.32999999999998,22.99,1858.0,4.5,0
0.0,0.0,-15.5,11.0,0.0,6.5,308.91999999999996,46.02,690.5,1.0,0
0.0,0.0,-11.0,16.0,0.0,5.5,172.85,33.96,416.5,1.5,0
0.0,0.0,-8.0,18.0,0.0,8.0,200.29000000000002,72.39,550.0,2.5,0
0.0,0.0,-8.5,3.0,0.0,10.0,492.58500000000004,48.08,1034.25,1.5,0
0.0,0.0,25.5,45.0,0.5,6.5,376.70500000000004,33.94,267.5,1.0,0
0.0,0.0,-9.0,9.0,0.0,9.0,285.87,58.17,439.6666666666667,1.0,0
0.0,0.0,-10.333333333333334,9.666666666666666,0.0,3.0,646.7650000000001,68.25999999999999,1107.6666666666667,2.3333333333333335,0
0.0,0.0,-12.0,5.5,0.0,1.0,221.8,25.91,651.5,1.5,0
0.0,0.0,-12.5,3.5,0.0,8.0,588.475,52.230000000000004,267.25,1.0,0
0.0,0.0,-12.5,6.0,0.0,1.5,103.3,23.5,411.5,1.0,0
0.0,0.0,-13.333333333333334,8.0,0.0,1.0,757.73,94.1,2751.0,3.6666666666666665,0
0.0,0.0,-15.0,8.0,0.0,6.5,171.15,35.25,246.5,1.0,0
0.0,0.0,-13.0,11.0,0.0,1.0,108.72,32.22,341.0,2.0,0
0.0,0.0,-9.5,17.5,0.0,1.0,65.54,35.56,176.0,2.0,0
0.0,0.0,-11.0,5.5,0.0,1.5,224.57,35.17,454.0,2.0,0
0.0,0.0,-9.5,7.5,0.0,1.0,179.36,41.86,443.5,1.0,0
0.0,0.0,-18.0,8.5,0.0,5.0,199.7,30.700000000000003,1837.0,1.0,0
0.0,0.0,-11.666666666666666,15.0,0.0,1.0,158.60000000000002,68.63,571.3333333333334,3.6666666666666665,0
0.0,0.0,-13.0,8.0,0.0,3.5,112.00999999999999,21.21,320.5,2.5,0
0.0,0.0,-10.5,11.5,0.0,1.5,197.49,27.69,564.0,1.0,0
0.0,0.0,-10.5,18.0,0.0,4.0,158.87,32.41,2267.5,3.0,0
0.0,0.0,-8.5,13.5,0.0,4.5,220.29,53.39,200.5,1.0,0
0.0,0.0,-16.5,11.0,0.0,6.0,446.615,34.71,448.5,3.5,0
0.0,0.0,-6.0,5.0,0.0,1.0,113.72,23.72,564.0,1.0,1
0.0,0.0,-10.0,6.0,0.0,1.0,157.76999999999998,30.07,278.0,2.0,0
0.0,0.0,-15.0,11.5,0.0,4.5,224.07,39.18,456.5,2.0,0
0.0,0.0,-3.3333333333333335,10.333333333333334,0.0,3.3333333333333335,256.49,58.81999999999999,585.3333333333334,1.6666666666666667,0
0.0,0.0,-14.5,7.5,0.0,1.0,204.09,34.2,588.0,3.5,0
0.0,0.0,-20.5,6.5,0.0,1.5,276.82,49.9,261.6666666666667,7.833333333333334,0
0.0,0.0,-4.0,21.0,0.5,2.0,326.16999999999996,45.17,938.0,2.5,0
0.0,0.0,-0.5,22.5,0.5,5.0,106.43,32.16,646.5,2.0,1
0.0,0.0,-13.5,7.0,0.0,5.5,415.21500000000003,69.68,456.75,1.25,1
0.0,0.0,-12.5,8.5,0.0,1.0,227.85,25.95,698.0,3.5,0
0.0,0.0,-3.5,9.5,0.5,1.0,39.34,16.54,354.0,1.0,1
0.0,0.0,-21.0,7.5,0.0,2.0,72.19999999999999,28.22,380.0,1.0,0
0.0,0.0,-10.5,4.0,0.0,1.5,340.26,37.260000000000005,791.5,8.5,0
0.0,0.0,-5.5,14.0,0.0,7.0,240.07999999999998,35.28,358.0,4.5,0
0.0,0.0,-33.5,20.0,0.0,3.0,379.71000000000004,73.09,770.5,2.5,1
0.0,0.0,-20.0,4.5,0.0,2.0,179.31,20.98,651.0,1.0,0
0.0,0.0,-22.0,6.0,0.0,3.5,76.93,26.95,218.0,3.0,0
0.0,0.0,-19.5,14.5,0.0,3.5,547.955,21.73,429.5,1.0,0
0.0,0.0,-19.0,15.0,0.0,1.0,264.14,94.74,282.5,4.0,0
0.0,0.0,-12.666666666666666,10.0,0.0,2.0,937.2500000000001,73.78999999999999,570.6666666666666,1.6666666666666667,0
0.0,0.0,-10.5,6.0,0.0,7.0,389.71500000000003,53.72,311.16666666666663,1.0,0
0.0,0.0,-15.5,27.0,0.0,1.0,333.51,31.61,1951.5,1.0,0
0.0,0.0,-15.5,8.0,0.0,2.0,303.4,77.88,766.0,1.0,0
0.0,0.0,-14.0,4.5,0.0,3.0,169.02,34.019999999999996,302.0,2.166666666666667,0
0.0,0.0,-11.5,14.0,0.0,2.0,62.67,30.2,409.0,1.0,0
0.0,0.0,15.666666666666666,41.666666666666664,1.0,1.0,579.78,63.879999999999995,258.3333333333333,4.333333333333333,1
0.0,0.0,-9.0,3.5,0.0,1.5,53.6,20.75,490.0,2.0,0
0.0,0.0,-21.5,19.5,0.0,1.0,466.33500000000004,58.67,1279.0,1.0,0
0.0,0.0,-4.5,14.5,0.0,8.0,190.88,30.880000000000003,479.0,5.0,0
0.0,0.0,-18.0,17.0,0.0,1.0,342.61,62.81,571.5,1.5,0
0.0,0.0,-7.0,24.0,0.5,2.5,364.24,61.709999999999994,2157.5,1.5,0
0.0,0.0,-12.0,19.333333333333332,0.0,9.333333333333334,408.31,77.24,491.0,1.6666666666666667,0
0.0,0.0,-5.5,16.0,0.0,7.5,697.9100000000001,77.88,1458.0,2.25,0
0.0,0.0,-14.5,6.0,0.0,1.0,170.47,20.58,791.0,4.0,0
0.0,0.0,-17.8,6.8,0.0,6.2,473.82000000000005,83.94,1600.4,2.0,0
0.0,0.0,-12.0,16.0,0.0,1.0,141.07,47.37,442.0,2.0,1
0.0,0.0,-9.5,21.0,0.0,10.0,418.93,57.29,580.5,2.0,1
0.0,0.0,5.5,24.0,0.5,1.0,176.3,26.41,437.0,1.5,1
0.0,0.0,-9.0,11.5,0.0,4.0,166.84,31.94,225.5,1.0,0
0.0,0.0,-6.5,17.0,0.0,1.0,180.92,35.52,278.5,1.5,0
0.0,0.0,-8.0,14.0,0.0,4.5,404.08500000000004,54.17,414.0,3.0,0
0.0,0.0,-12.0,17.0,0.3333333333333333,2.6666666666666665,736.0400000000001,73.98,1262.6666666666667,1.0,0
0.0,0.0,-5.2,9.8,0.0,1.0,223.12,46.7,317.0,1.4,0
0.0,0.0,-14.5,2.5,0.0,1.5,96.38,19.88,341.0,2.0,0
0.0,0.0,-13.0,17.0,0.0,3.5,442.77000000000004,77.05,382.0,3.0,0
0.0,0.0,-22.5,18.5,0.0,3.0,190.93,56.13,339.5,1.0,0
0.0,0.0,-17.0,10.0,0.0,3.5,210.54000000000002,29.24,436.0,1.0,0
0.0,0.0,-17.0,18.0,0.0,5.5,226.23999999999998,56.86,790.0,1.5,0
0.0,0.0,-17.0,4.5,0.0,1.0,105.22,25.77,499.5,5.0,0
0.0,0.0,-13.666666666666666,14.333333333333334,0.0,2.8888888888888893,352.35,61.55,531.3333333333334,1.0,0
0.0,0.0,-2.0,4.0,0.0,3.5,219.93,40.03,717.5,1.0,0
0.0,0.0,-22.0,13.5,0.0,10.0,652.645,77.88,1240.5,1.0,1
0.0,0.0,-13.666666666666666,4.333333333333333,0.0,1.6666666666666667,636.9100000000001,85.69,468.5555555555556,1.0,0
0.0,0.0,-10.5,9.0,0.0,1.0,301.35,26.45,3821.5,1.0,0
0.0,0.0,-9.5,10.5,0.0,5.5,199.87,29.89,923.5,1.5,0
0.0,0.0,-14.0,11.0,0.0,7.0,552.625,51.78,1258.5,1.5,0
0.0,0.0,-14.0,1.5,0.0,1.5,288.56,31.060000000000002,957.5,1.0,1
0.0,0.0,-17.0,11.0,0.0,1.0,164.34,31.450000000000003,738.5,2.5,0
0.0,0.0,-12.0,9.666666666666666,0.0,8.0,289.1,37.11,345.3333333333333,1.0,0
0.0,0.0,-17.0,6.0,0.0,4.5,277.99,54.17,1368.0,1.0,0
0.0,0.0,-24.0,8.0,0.0,5.5,228.22,46.32,1469.5,5.0,0
0.0,0.0,-24.5,3.5,0.0,1.0,71.24000000000001,18.54,117.5,1.0,0
0.0,0.0,-16.0,8.5,0.0,4.0,168.12,33.89,1600.0,2.0,0
0.0,0.0,-11.0,3.5,0.0,2.0,491.34000000000003,17.439999999999998,531.0,2.5,0
0.0,0.0,-14.333333333333334,7.333333333333333,0.0,1.3333333333333333,280.64,60.64,512.0,3.6666666666666665,0
0.0,0.0,-23.5,5.0,0.0,4.0,182.23000000000002,40.43,365.5,4.0,1
0.0,0.0,-17.5,24.0,0.0,1.5,343.57000000000005,77.88,1393.5,1.0,0
0.0,0.0,-10.0,3.0,0.0,1.5,170.34,23.34,242.5,5.25,0
0.0,0.0,-9.0,5.0,0.0,2.5,271.34000000000003,22.439999999999998,874.0,2.5,0
0.0,0.0,-17.5,9.5,0.0,5.0,187.42000000000002,38.94,590.75,1.75,0
0.0,0.0,-11.0,11.0,0.0,4.5,130.28,35.78,690.0,2.0,0
0.0,0.0,-2.0,18.0,0.0,1.0,374.7,114.7,575.0,1.0,0
0.0,0.0,-17.5,6.5,0.0,5.0,188.62,74.62,296.5,4.5,0
0.0,0.0,-22.0,11.0,0.0,1.0,38.24,17.44,1786.0,1.0,0
0.0,0.0,-3.0,23.0,0.5,10.0,476.27,77.88,676.0,1.5,0
0.0,0.0,-19.333333333333332,4.666666666666667,0.0,8.333333333333334,310.31,51.510000000000005,627.6666666666666,1.777777777777778,0
0.0,0.0,-16.0,6.666666666666667,0.0,2.3333333333333335,87.75,33.660000000000004,468.0,1.6666666666666667,0
0.0,0.0,-10.0,6.0,0.0,15.0,697.9100000000001,50.1,3632.0,4.0,0
0.0,0.0,-15.0,12.5,0.0,1.0,279.8,28.009999999999998,343.0,1.0,0
0.0,0.0,-17.0,2.5,0.0,3.0,126.81,16.83,602.5,1.5,0
0.0,0.0,-8.0,15.0,0.0,3.0,262.34000000000003,60.46,405.5,2.0,0
0.0,0.0,-17.0,12.5,0.0,1.0,110.63,32.73,633.5,2.0,0
0.0,0.0,-19.0,3.5,0.0,4.5,358.49,32.9,856.5,3.5,0
0.0,0.0,-12.5,10.0,0.0,2.0,378.96,42.14,1331.0,1.5,0
0.0,0.0,-15.666666666666666,10.0,0.0,5.666666666666667,185.41,45.44,519.6666666666666,1.6666666666666667,0
0.0,0.0,-17.0,7.5,0.0,1.25,219.93,41.629999999999995,299.0,1.0,0
0.0,0.0,-8.5,10.5,0.0,1.0,191.01,31.119999999999997,561.5,2.5,0
0.0,0.0,-6.5,19.0,0.0,3.0,159.22,29.42,1435.5,1.0,0
0.0,0.0,-10.5,14.5,0.0,6.5,226.6,26.71,300.0,2.0,0
0.0,0.0,-13.0,6.0,0.0,4.5,197.73,27.84,756.5,1.5,0
0.0,0.0,-12.666666666666666,15.666666666666666,0.0,3.0,259.51,51.72,453.6666666666667,1.0,0
0.0,0.0,-19.5,11.5,0.0,10.0,504.5,69.41,604.0,1.0,0
0.0,0.0,-12.5,5.0,0.0,1.5,124.02,19.12,508.0,5.5,0
0.0,0.0,-9.5,6.0,0.0,2.0,233.91000000000003,38.71,794.75,1.0,0
0.0,0.0,-15.0,6.5,0.0,6.5,319.89,57.45,2436.5,1.5,0
0.0,0.0,-10.5,6.5,0.0,1.0,154.49,34.6,615.0,2.0,0
0.0,0.0,-20.0,7.0,0.0,1.0,158.51,45.81,544.0,1.5,0
0.0,0.0,-17.0,14.0,0.0,5.0,372.62,77.88,1556.5,1.0,0
0.0,0.0,-12.5,18.0,0.0,7.5,313.52,139.72,1047.5,3.5,0
0.0,0.0,-15.5,11.5,0.0,1.0,276.73,34.019999999999996,855.0,1.5,1
0.0,0.0,-12.0,19.5,0.0,1.0,260.68,45.68,590.0,1.0,0
0.0,0.0,-15.333333333333334,7.666666666666667,0.0,3.0,888.0900000000001,105.06,234.45454545454547,1.2424242424242424,1
0.0,0.0,-3.5,10.0,0.0,1.0,354.73,24.83,2348.5,4.0,0
0.0,0.0,-8.666666666666666,18.666666666666668,0.0,6.666666666666667,212.14,42.44,314.6666666666667,1.0,1
0.0,0.0,-13.5,14.0,0.0,1.5,155.93,50.79,1161.0,1.0,0
0.0,0.0,-7.0,21.0,0.5,1.0,176.62,40.07,753.0,1.0,0
0.0,0.0,-12.5,5.0,0.0,4.0,184.94,28.05,798.0,1.5,0
0.0,0.0,-18.5,15.0,0.0,10.0,697.9100000000001,71.22999999999999,2672.0,1.5,0
0.0,0.0,-11.5,13.5,0.0,4.0,425.035,55.12,2873.5,3.0,0
0.0,0.0,-2.0,18.5,0.5,3.0,145.42000000000002,30.52,1233.0,1.0,0
0.0,0.0,-14.666666666666666,5.666666666666667,0.0,6.666666666666667,408.7,34.55,691.6666666666666,2.3333333333333335,0
0.0,0.0,8.5,39.0,0.5,4.5,133.72,29.22,481.0,3.0,1
0.0,0.0,-11.5,4.0,0.0,1.0,174.44,24.46,2164.0,5.0,0
0.0,0.0,-22.0,7.0,0.0,3.0,477.48,60.480000000000004,507.0,2.0,0
0.0,0.0,-27.5,9.0,0.0,10.0,697.9100000000001,27.950000000000003,297.0,1.0,0
0.0,0.0,-13.5,9.5,0.0,2.75,291.1,51.87,990.0,4.0,0
0.0,0.0,-10.5,9.0,0.0,5.5,235.07,36.15,477.75,2.5,0
0.0,0.0,-10.5,8.0,0.0,1.5,83.21000000000001,20.26,85.0,4.0,0
0.0,0.0,-16.5,7.5,0.0,3.5,287.46,28.560000000000002,714.5,1.5,0
0.0,0.0,-9.0,3.5,0.0,1.0,60.510000000000005,19.51,199.5,2.5,0
0.0,0.0,-16.0,12.0,0.0,5.0,575.94,82.59,466.3333333333333,3.0,0
0.0,0.0,-13.666666666666666,2.6666666666666665,0.0,1.0,263.8,38.9,542.3333333333334,6.0,0
0.0,0.0,-22.5,7.5,0.0,3.5,169.73,57.17999999999999,498.0,1.0,0
0.0,0.0,-15.0,8.0,0.0,1.5,100.09,31.2,594.0,2.5,0
0.0,0.0,-14.5,4.5,0.0,1.0,156.38,26.63,488.0,1.5,0
0.0,0.0,-6.0,9.5,0.0,1.0,628.28,76.28,1297.5,1.0,0
0.0,0.0,-11.5,5.5,0.0,4.5,99.67000000000002,15.68,493.0,3.5,0
0.0,0.0,-17.5,13.0,0.0,5.0,287.8,38.0,269.5,1.0,0
0.0,0.0,-11.5,24.0,0.0,1.0,132.72,70.52,224.5,1.5,0
0.0,0.0,-21.0,7.0,0.0,3.0,125.14,30.34,372.0,3.5,0
0.0,0.0,-20.5,12.0,0.0,1.0,361.67,56.94,1752.25,1.5,0
0.0,0.0,-21.5,9.5,0.0,7.0,411.51500000000004,54.5,348.0,3.0,0
0.0,0.0,-17.0,6.333333333333333,0.0,8.666666666666666,327.39,66.91,482.0,1.0,0
0.0,0.0,-11.0,11.0,0.0,5.0,375.64,56.25,1429.0,3.0,0
0.0,0.0,-19.0,15.833333333333334,0.0,10.5,1094.63,201.89,579.8333333333334,2.3333333333333335,0
0.0,0.0,-10.5,9.5,0.0,1.0,104.78,25.98,484.5,1.0,0
0.0,0.0,-16.5,6.0,0.0,5.5,411.105,41.28,867.5,3.0,0
0.0,0.0,-12.0,14.0,0.0,1.0,142.66,33.76,588.5,2.5,0
0.0,0.0,-13.5,5.5,0.0,1.0,120.51,24.52,229.5,1.0,0
0.0,0.0,-20.5,8.0,0.0,1.0,321.9,29.1,804.0,1.5,0
0.0,0.0,-10.5,4.5,0.0,2.0,187.84,45.94,758.0,3.5,0
0.0,0.0,-10.5,27.0,0.0,4.75,410.235,72.22999999999999,397.5,1.0,1
0.0,0.0,-7.0,5.0,0.0,10.0,215.05,59.25,203.0,1.0,0
0.0,0.0,-11.0,14.5,0.0,3.0,197.95,35.15,251.0,3.0,0
0.0,0.0,-11.5,5.5,0.0,5.5,204.04999999999998,44.25,298.0,3.0,0
0.0,0.0,2.5,27.0,1.0,1.0,156.22,31.42,136.5,1.0,1
0.0,0.0,-8.5,5.0,0.0,4.5,193.96,54.5,754.5,1.5,0
0.0,0.0,-5.0,14.5,0.0,1.0,40.18,28.2,128.0,1.0,1
0.0,0.0,-17.0,8.5,0.0,1.0,380.80500000000006,29.07,487.0,1.0,0
0.0,0.0,-14.0,9.0,0.0,5.0,111.97,29.07,968.0,1.0,0
0.0,0.0,-19.0,4.5,0.0,1.0,442.77500000000003,48.82,724.3333333333334,1.5,0
0.0,0.0,-8.5,8.5,0.0,1.5,470.2,30.299999999999997,727.0,2.5,0
0.0,0.0,-14.0,8.0,0.0,7.0,424.49,72.91,530.0,2.0,0
0.0,0.0,-17.5,7.5,0.0,5.0,193.17,32.269999999999996,772.5,1.5,0
0.0,0.16666666666666666,-5.2,8.8,0.0,2.0,660.9399999999999,61.54,486.5,3.5,0
0.0,0.0,-15.5,16.0,0.0,3.0,129.14,54.14,397.5,2.5,0
0.0,0.0,-14.666666666666666,4.666666666666667,0.0,4.333333333333333,138.38,31.48,1157.0,2.0,0
0.0,0.0,-9.5,2.0,0.0,1.5,266.82,26.82,686.0,2.0,0
0.0,0.0,-15.0,6.5,0.0,1.0,144.45999999999998,25.560000000000002,517.0,2.5,0
0.0,0.0,-19.0,9.5,0.0,4.0,326.36,40.66,875.5,2.0,0
0.0,0.0,-17.5,5.0,0.0,10.0,297.68,23.88,477.0,2.0,0
0.0,0.0,-16.0,10.5,0.0,10.0,1183.12,147.92000000000002,772.5,1.0,0
0.0,0.0,-8.0,16.0,0.5,3.0,241.56,50.86,323.0,2.5,1
0.0,0.0,-14.5,7.5,0.0,3.0,241.3,41.3,281.0,1.0,0
0.0,0.0,-11.0,26.333333333333332,0.0,1.6666666666666667,512.28,92.46000000000001,953.0,1.0,0
0.0,0.0,-9.25,5.5,0.25,1.0,180.18,31.22,779.0,2.0,0
0.0,0.0,-9.333333333333334,6.0,0.0,1.0,161.21,31.240000000000002,519.6666666666666,1.6666666666666667,0
0.0,0.0,-25.5,29.5,0.0,1.0,697.9100000000001,77.88,559.5,1.5,1
0.0,0.0,-17.666666666666668,9.666666666666666,0.0,1.0,168.0,56.4,398.6666666666667,1.6666666666666667,1
0.0,0.0,-13.5,6.5,0.0,2.0,144.45999999999998,25.560000000000002,48.5,3.0,0
0.0,0.0,-9.333333333333334,6.333333333333333,0.0,1.0,82.75999999999999,32.97,630.0,1.0,0
0.0,0.0,-19.0,22.0,0.0,2.6,772.45,139.59,346.6,1.4,0
0.0,0.0,-14.5,9.0,0.0,2.5,295.16,46.17,1684.0,4.5,0
0.0,0.0,-15.5,8.5,0.0,1.0,280.33,30.53,614.5,2.0,0
0.0,0.0,6.5,28.0,1.0,7.0,644.5899999999999,77.88,454.5,2.0,1
0.0,0.0,-22.5,11.0,0.0,3.5,663.88,43.9,2582.0,3.0,0
0.0,0.0,-6.5,16.0,0.0,8.0,437.78,71.21,545.125,1.75,0
0.0,0.0,-7.0,4.666666666666667,0.0,1.0,88.27,25.29,3127.6666666666665,1.0,0
0.0,0.0,-20.0,12.0,0.0,3.5,108.22,33.33,861.5,2.0,0
0.0,0.0,-3.5,8.5,0.0,1.0,103.24,17.44,772.0,1.0,0
0.0,0.0,-11.666666666666666,14.333333333333334,0.0,1.3333333333333333,588.71,95.69,765.6666666666666,1.6666666666666667,0
0.0,0.0,-9.0,7.5,0.0,3.0,131.20000000000002,17.22,533.5,2.0,1
0.0,0.0,-16.0,22.5,0.0,7.0,147.56,29.869999999999997,605.5,3.0,0
0.0,0.0,7.0,34.5,0.5,6.0,421.47,77.88,1893.0,1.0,0
0.0,0.0,-10.0,5.666666666666667,0.0,1.3333333333333333,141.42000000000002,29.82,466.3333333333333,1.0,0
0.0,0.0,-5.333333333333333,17.333333333333332,0.3333333333333333,1.0,729.74,50.04,2064.3333333333335,4.333333333333333,0
0.0,0.0,-31.0,10.0,0.0,1.0,127.64999999999999,51.17999999999999,2262.0,1.0,0
0.0,0.0,-10.5,33.5,0.0,4.0,612.0550000000001,77.88,906.0,2.0,0
0.0,0.0,-2.0,20.5,0.5,1.0,307.43,31.43,2204.5,1.0,0
0.0,0.0,-20.0,11.0,0.0,1.0,117.85999999999999,32.86,1044.5,1.5,0
0.0,0.0,-32.5,23.5,0.0,2.0,98.66,18.68,573.5,1.0,0
0.0,0.0,-22.0,9.5,0.0,4.0,318.41999999999996,39.52,235.0,2.0,0
0.0,0.0,-15.5,5.5,0.0,1.0,92.22,25.32,621.5,2.5,0
0.0,0.0,2.0,26.0,0.5,1.0,157.95,32.980000000000004,453.75,2.25,0
0.0,0.0,-16.5,10.0,0.0,2.0,206.62,41.82,763.5,3.0,0
0.0,0.0,-16.0,6.0,0.0,6.0,342.51,58.51,842.0,1.0,0
0.0,0.0,-22.0,10.0,0.0,3.0,215.05,25.59,278.0,1.0,0
0.0,0.0,-5.0,12.0,0.3333333333333333,7.0,593.315,66.02,635.1666666666666,2.6666666666666665,0
0.0,0.0,-21.333333333333332,7.0,0.0,1.1666666666666667,148.56,43.56,281.0,3.0,1
0.0,0.0,-12.5,3.5,0.0,1.0,137.97,22.169999999999998,876.0,3.5,0
0.0,0.0,-8.5,11.0,0.0,1.0,697.9100000000001,76.78,579.0,1.0,1
0.0,0.0,-10.666666666666666,14.666666666666666,0.0,1.0,636.8,85.8,2142.6666666666665,2.0,1
0.0,0.0,-11.333333333333334,4.333333333333333,0.0,5.666666666666667,1046.8650000000002,37.650000000000006,312.0,1.0,0
0.0,0.0,-14.0,15.5,0.0,5.5,221.61,48.410000000000004,392.5,2.0,0
0.0,0.0,-20.5,7.0,0.0,1.5,108.09,30.2,364.0,2.5,0
0.0,0.0,-18.0,16.0,0.0,8.0,935.5000000000001,84.28999999999999,233.0,1.0,0
0.0,0.0,-2.0,21.5,0.5,2.5,291.66999999999996,45.97,452.0,1.0,0
0.0,0.0,-18.5,9.0,0.0,2.0,160.3,32.41,241.0,3.5,0
0.0,0.0,-15.0,14.666666666666666,0.0,1.0,340.37,51.35,270.6666666666667,1.0,0
0.0,0.0,-19.0,8.333333333333334,0.0,7.666666666666667,709.645,69.72999999999999,617.0,1.6666666666666667,0
0.0,0.0,-11.5,4.25,0.0,1.75,393.87,44.269999999999996,190.25,1.0,0
0.0,0.0,4.0,24.5,0.75,10.0,635.84,72.07,477.0,1.0,0
0.0,0.0,-18.0,16.0,0.0,1.0,697.9100000000001,67.6,619.0,1.0,0
0.0,0.0,-5.0,4.0,0.0,1.0,198.9,15.8,1649.0,1.0,0
0.0,0.0,-12.5,17.0,0.0,5.0,549.5050000000001,51.56,2288.0,1.0,0
0.0,0.0,-23.5,15.0,0.0,4.5,364.16,49.17,634.0,1.0,0
0.0,0.0,-13.5,14.5,0.0,1.0,261.15,31.25,293.5,1.5,0
0.0,0.0,-9.0,12.5,0.0,9.0,438.92,55.3,109.0,2.0,0
0.0,0.0,4.333333333333333,24.0,0.3333333333333333,8.0,368.14,78.28,394.3333333333333,1.0,0
0.0,0.0,-15.0,7.0,0.0,1.0,340.53999999999996,45.55,675.5,2.5,0
0.0,0.0,-10.5,16.5,0.0,4.5,191.61,31.630000000000003,530.5,3.0,0
0.0,0.0,-6.5,14.5,0.0,4.0,169.98000000000002,40.980000000000004,639.5,2.0,0
0.0,0.0,-6.5,4.5,0.0,1.0,256.3,23.4,472.5,5.0,0
0.0,0.0,-12.5,11.0,0.0,1.0,248.18,54.04,659.0,1.0,0
0.0,0.0,-10.0,10.5,0.0,1.0,554.985,45.27,390.25,1.0,0
0.0,0.0,-25.5,6.5,0.0,1.0,116.83,42.04,178.75,1.75,0
0.0,0.0,-29.0,8.0,0.0,3.5,109.15,31.21,138.0,2.0,0
0.0,0.0,-7.5,17.5,0.0,1.0,195.74,35.94,489.5,2.5,0
0.0,0.0,0.0,11.0,0.5,2.0,359.4,30.9,725.5,1.0,0
0.0,0.0,-10.4,15.6,0.0,1.0,1273.01,133.19,606.6,1.2,1
0.0,0.0,-3.5,14.0,0.0,2.0,207.56,30.659999999999997,312.5,2.5,0
0.0,0.0,22.5,52.0,1.0,4.0,236.29000000000002,46.49,308.5,1.5,1
0.0,0.0,-7.0,11.5,0.0,2.5,195.25,34.449999999999996,744.0,2.0,0
0.0,0.0,-5.0,6.666666666666667,0.0,2.0,132.03,37.050000000000004,542.0,1.6666666666666667,0
0.0,0.0,-9.5,4.0,0.0,1.0,79.53,22.56,365.0,6.0,0
0.0,0.0,-15.5,10.0,0.0,1.0,93.35,36.46,437.5,3.0,0
0.0,0.0,6.0,25.5,0.5,2.0,362.89,54.05,443.5,1.0,1
0.0,0.0,-21.5,7.0,0.0,1.0,119.83,30.83,420.5,3.5,0
0.0,0.0,-14.666666666666666,15.0,0.0,4.666666666666667,198.7,107.24,851.6666666666666,1.0,0
0.0,0.0,18.5,38.5,1.0,4.0,143.47,29.490000000000002,533.5,2.0,1
0.0,0.0,-17.5,10.0,0.0,1.0,242.5,38.6,920.0,1.0,0
0.0,0.0,-13.5,13.5,0.0,1.0,73.94999999999999,36.46,1440.0,3.0,0
0.0,0.0,-9.666666666666666,14.666666666666666,0.0,1.0,168.91,45.93,1421.3333333333333,1.0,0
0.0,0.0,-12.0,16.0,0.0,6.0,364.06,86.28,341.0,1.0,0
0.0,0.0,-10.5,3.5,0.0,1.0,57.449999999999996,16.65,812.5,1.0,0
0.0,0.0,-16.5,15.5,0.0,7.0,470.975,66.36,711.0,3.0,0
0.0,0.0,-10.0,20.0,0.0,3.0,188.7,53.04,514.0,4.0,0
0.0,0.0,-16.5,15.5,0.0,4.5,177.91,35.01,563.0,2.5,0
0.0,0.0,-14.0,7.5,0.0,1.0,166.25,23.0,344.0,4.5,0
0.0,0.0,-8.0,5.0,0.0,3.0,114.76,14.78,530.0,2.0,0
0.0,0.0,-10.5,11.5,0.0,1.0,156.07,26.27,563.5,1.0,0
0.0,0.0,-17.5,7.0,0.0,1.0,361.02,41.22,1313.0,1.0,0
0.0,0.0,-11.0,10.0,0.0,5.5,191.47,52.309999999999995,1478.0,1.0,0
0.0,0.0,-27.333333333333332,15.333333333333334,0.0,2.6666666666666665,363.68999999999994,69.89,1182.6666666666667,3.0,0
0.0,0.0,-15.0,7.0,0.0,1.0,243.93,34.94,457.5,3.5,0
0.0,0.0,-10.5,5.0,0.0,8.0,209.97000000000003,28.07,560.75,2.0,0
0.0,0.0,-10.5,24.5,0.0,3.0,213.69,40.8,477.5,1.0,0
0.0,0.0,-11.0,13.5,0.0,1.0,227.25,77.88,786.25,1.0,0
0.0,0.0,-13.0,5.0,0.0,10.0,313.79,60.4,485.0,1.0,0
0.0,0.0,-11.5,15.5,0.0,10.0,315.44,61.46,1200.0,1.0,0
0.0,0.0,-3.0,9.5,0.0,2.5,388.37,35.879999999999995,530.5,1.0,0
0.0,0.0,-12.0,13.0,0.0,11.333333333333334,353.96,60.97,164.0,1.0,0
0.0,0.0,-19.5,3.0,0.0,2.5,72.01,17.12,732.0,2.5,0
0.0,0.0,-6.5,11.5,0.0,1.5,188.13,41.13,1203.0,2.0,0
0.0,0.0,-13.5,7.5,0.0,4.5,333.93,43.93,497.5,1.5,0
0.0,0.0,-26.8,6.4,0.0,1.0,369.4,102.20000000000002,350.8666666666667,3.5333333333333328,0
0.0,0.0,-9.0,10.0,0.0,1.0,142.89000000000001,27.41,322.0,3.75,0
0.0,0.0,-9.5,24.5,0.0,1.0,102.1,42.3,1081.0,2.0,0
0.0,0.0,-22.333333333333332,12.0,0.0,7.333333333333333,384.64,94.66,413.0,1.0,0
0.0,0.0,-4.5,11.5,0.5,1.0,98.82,16.22,52.5,1.0,0
0.0,0.0,-4.0,24.0,0.5,2.0,73.01,33.02,389.0,3.0,0
0.0,0.0,-6.5,21.0,0.0,2.0,225.01,40.03,1257.0,1.0,0
0.0,0.0,-14.5,11.5,0.0,7.5,449.15999999999997,47.96,270.5,3.0,0
0.0,0.0,-6.5,14.0,0.0,1.5,209.89,44.01,1148.5,2.5,0
0.0,0.0,-13.0,8.333333333333334,0.0,4.666666666666667,173.83,44.86,547.3333333333334,1.3333333333333333,0
0.0,0.0,-12.5,17.0,0.0,10.0,375.87,70.74,877.0,6.0,0
0.0,0.0,-20.333333333333332,2.0,0.0,4.333333333333333,230.63,26.66,519.6666666666666,2.3333333333333335,0
0.0,0.0,-9.0,15.0,0.0,5.0,418.51,51.720000000000006,323.0,1.0,0
0.0,0.0,-10.5,17.0,0.5,1.0,134.74,47.25,384.5,2.0,0
0.0,0.0,-28.0,8.0,0.0,1.0,149.12,36.620000000000005,391.5,1.5,0
0.0,0.0,-13.0,12.5,0.0,1.0,115.74000000000001,32.76,533.5,1.5,0
0.0,0.0,-21.0,8.0,0.0,2.0,607.39,40.39,596.5,1.0,0
0.0,0.0,-12.5,3.0,0.0,4.0,159.01999999999998,22.22,875.5,2.0,0
0.0,0.0,-18.5,5.0,0.0,4.5,173.66000000000003,33.66,740.0,1.0,0
0.0,0.0,-16.5,8.5,0.0,3.5,376.03,62.959999999999994,1869.0,3.0,0
0.0,0.0,-16.666666666666668,12.333333333333334,0.0,2.3333333333333335,451.83,72.44,928.8333333333334,1.0,0
0.0,0.0,-22.0,15.0,0.0,8.0,474.53999999999996,49.55,516.0,1.0,0
0.0,0.0,18.0,44.5,0.5,1.0,113.83,38.849999999999994,94.0,4.0,0
0.0,0.0,-13.0,4.5,0.0,1.0,171.56,23.659999999999997,442.75,2.5,0
0.0,0.0,-6.0,17.0,0.5,3.0,408.44,39.54,920.5,1.5,0
0.0,0.0,-13.5,9.0,0.0,1.0,152.48000000000002,25.59,895.0,3.5,0
0.0,0.0,-15.5,9.0,0.0,8.0,318.56,26.560000000000002,915.0,1.0,0
0.0,0.0,-14.0,8.0,0.0,6.0,137.98,42.68,356.5,1.5,0
0.0,0.0,-7.5,15.0,0.0,3.5,152.14,30.84,1083.0,2.5,0
0.0,0.0,-7.5,19.0,0.0,1.5,697.9100000000001,44.21,452.0,1.0,0
0.0,0.0,-11.0,6.0,0.0,3.0,84.64999999999999,16.11,694.5,2.0,0
0.0,0.0,-20.5,2.5,0.0,6.0,257.52,26.619999999999997,317.5,3.0,0
0.0,0.0,-16.0,7.5,0.0,2.5,416.36,34.36,1761.5,2.0,0
0.0,0.0,-10.5,33.0,0.0,8.0,697.9100000000001,77.88,1009.5681818181818,1.0,0
0.0,0.0,-3.5,17.0,0.0,3.5,99.7,23.7,362.0,2.0,0
0.0,0.0,-6.0,11.5,0.0,2.0,284.56,31.78,343.5,1.5,0
0.0,0.0,-20.5,7.5,0.0,1.0,227.82,61.87,344.0,2.5,1
0.0,0.0,-17.5,5.0,0.0,9.0,418.68,77.88,645.75,3.5,0
0.0,0.0,-10.0,9.5,0.0,2.0,141.63,22.83,238.5,1.0,0
0.0,0.0,-14.5,10.5,0.0,2.0,112.88,31.89,754.0,3.5,1
0.0,0.0,-12.5,5.5,0.0,3.5,123.75,22.35,1052.0,1.5,0
0.0,0.0,-8.5,10.5,0.5,2.5,75.92,24.93,817.5,1.0,0
0.0,0.0,-12.5,15.5,0.0,10.0,271.53999999999996,35.739999999999995,820.0,2.0,0
0.0,0.0,-16.0,9.5,0.0,3.5,238.77999999999997,41.43,430.5,1.5,0
0.0,0.0,-17.0,21.0,0.0,5.0,285.18,77.32,1027.5,3.0,0
0.0,0.0,-10.0,3.0,0.0,1.0,228.18,18.18,338.0,1.0,0
0.0,0.0,-5.0,24.0,0.5,1.0,613.905,65.89,716.0,2.0,0
0.0,0.0,-13.0,11.0,0.0,1.0,487.67999999999995,55.11,507.0833333333333,1.0,1
0.0,0.0,-13.0,2.0,0.0,4.0,167.38,27.58,452.0,2.0,0
0.0,0.0,-17.5,12.0,0.0,1.0,495.57000000000005,75.43,1579.0,1.5,0
0.0,0.0,-0.5,22.0,0.5,7.5,540.5350000000001,50.379999999999995,298.0,1.0,0
0.0,0.0,2.25,22.25,0.25,4.75,556.94,69.05,1556.0,2.25,0
0.0,0.0,-7.5,14.5,0.5,3.0,117.06,27.27,474.5,1.0,0
0.0,0.0,-9.5,6.0,0.0,4.5,125.64,15.66,533.5,2.0,0
0.0,0.0,-16.0,9.5,0.0,1.0,102.13,33.33,974.5,1.5,0
0.0,0.0,4.666666666666667,37.0,1.0,3.0,307.18,50.56,279.6666666666667,1.6666666666666667,1
0.0,0.0,-15.5,9.0,0.0,2.5,276.96000000000004,40.22,198.0,1.5,0
0.0,0.0,-17.0,6.5,0.0,8.0,435.14,35.34,233.0,1.0,0
0.0,0.0,-18.5,6.5,0.0,4.5,419.985,34.19,2286.0,3.5,0
0.0,0.0,-16.5,10.5,0.0,10.0,265.58000000000004,35.78,528.0,5.0,0
0.0,0.0,-31.5,8.0,0.0,1.0,405.81500000000005,49.9,339.0,1.0,0
0.0,0.0,-24.5,7.5,0.0,10.0,308.6,54.900000000000006,818.0,1.0,0
0.0,0.0,-14.0,5.333333333333333,0.0,6.666666666666667,218.48000000000002,41.879999999999995,973.6666666666666,2.3333333333333335,0
0.0,0.0,-14.0,8.0,0.0,1.0,224.49,65.81,251.5,1.5,0
0.0,0.0,-9.0,14.0,0.0,1.0,409.70000000000005,60.339999999999996,849.625,1.875,0
0.0,0.0,-6.666666666666667,2.0,0.0,3.0,290.78,26.9,740.0,3.6666666666666665,0
0.0,0.0,-11.5,11.5,0.0,2.0,103.62,22.82,1376.5,1.0,1
0.0,0.0,-11.5,11.0,0.0,1.0,40.7,16.5,430.0,1.0,0
0.0,0.0,-23.0,8.0,0.0,1.0,288.82000000000005,62.19,761.8333333333333,2.666666666666667,0
0.0,0.0,-10.5,10.0,0.0,3.5,141.17000000000002,29.369999999999997,189.5,1.5,0
0.0,0.0,-16.5,6.0,0.0,7.5,208.85999999999999,34.16,199.25,1.5,0
0.0,0.0,-17.5,6.0,0.0,1.0,276.72,46.92,816.0,4.0,0
0.0,0.0,-5.5,5.0,0.0,5.5,232.71999999999997,25.83,972.0,3.0,0
0.0,0.0,-15.0,9.0,0.0,7.5,210.43,30.77,613.0,1.5,0
0.0,0.0,-10.5,2.0,0.0,4.5,386.725,21.63,283.5,1.5,0
0.0,0.0,-12.5,12.0,0.0,1.0,227.54000000000002,44.14,528.5,2.0,0
0.0,0.0,-7.0,14.0,0.0,5.0,454.6,28.700000000000003,439.0,1.0,0
0.0,0.0,-11.0,1.0,0.0,1.0,213.88,29.56,449.6666666666667,2.3333333333333335,0
0.0,0.0,-18.333333333333332,4.0,0.0,4.333333333333333,240.08,36.11,519.6666666666666,2.3333333333333335,0
0.0,0.0,-4.0,30.5,0.5,2.5,432.68999999999994,34.79,407.0,1.0,1
0.0,0.0,-10.666666666666666,7.0,0.0,4.666666666666667,162.97,25.0,547.3333333333334,1.6666666666666667,0
0.0,0.0,-13.0,6.5,0.0,1.0,281.15,42.45,474.0,3.5,0
0.0,0.0,-11.0,12.0,0.0,1.0,190.75,23.86,1349.0,1.5,0
0.0,0.0,-15.5,4.5,0.0,3.0,142.79000000000002,27.81,439.5,1.0,0
0.0,0.0,-17.5,10.0,0.0,3.0,166.96,37.06,1161.5,4.5,0
0.0,0.0,-25.5,10.5,0.0,1.0,258.39,38.39,2127.0,1.0,1
0.0,0.0,-9.5,13.5,0.0,1.5,294.71999999999997,33.82,524.5,2.0,0
0.0,0.0,-20.0,18.5,0.0,6.0,221.93,56.129999999999995,462.0,3.0,0
0.0,0.0,-16.5,13.0,0.0,2.0,188.41,30.240000000000002,553.0,1.5,0
0.0,0.0,-12.5,7.0,0.0,7.5,468.43500000000006,48.519999999999996,619.25,1.3,0
0.0,0.0,-17.0,8.0,0.0,8.0,253.79999999999998,32.56,558.5,2.0,1
0.0,0.0,0.5,29.5,0.5,8.0,175.96,36.11,206.0,1.5,0
0.0,0.0,-17.5,15.0,0.0,1.0,317.06,37.17,626.5,1.5,1
0.0,0.0,-13.5,7.5,0.0,1.0,66.97,27.07,315.0,2.0,0
0.0,0.0,-7.5,19.0,0.0,1.0,213.74,46.849999999999994,746.5,1.5,0
0.0,0.0,-12.5,20.5,0.0,1.5,178.82,33.92,1399.0,1.0,1
0.0,0.0,-11.0,4.5,0.0,1.0,316.5,52.620000000000005,558.5,1.0,0
0.0,0.0,-5.5,17.5,0.0,4.0,228.0,48.54,142.0,4.5,1
0.0,0.0,-16.5,5.5,0.0,1.0,231.23000000000002,41.34,575.5,1.25,0
0.0,0.0,-18.5,3.5,0.0,9.0,302.03,34.03,306.5,3.0,0
0.0,0.0,-5.0,15.5,0.0,5.5,398.46500000000003,53.459999999999994,837.75,2.0,0
0.0,0.0,-12.0,14.833333333333334,0.0,2.0,540.69,102.60000000000001,517.5,2.0,0
0.0,0.0,-22.666666666666668,11.666666666666666,0.0,1.0,175.54000000000002,61.129999999999995,430.6666666666667,1.6666666666666667,0
0.0,0.0,-9.0,22.5,0.5,6.0,128.41,34.510000000000005,1110.0,2.0,0
0.0,0.0,-27.5,13.75,0.0,1.0,225.79000000000002,70.1,455.5,1.0,0
0.0,0.0,-12.0,6.5,0.0,1.5,390.64500000000004,28.65,1362.0,2.5,0
0.0,0.0,-18.5,18.0,0.0,1.0,357.96,70.81,307.5,1.0,0
0.0,0.0,-8.0,20.0,0.0,2.5,237.44,54.04,1229.5,1.0,0
0.0,0.0,3.0,21.0,0.5,1.0,351.07000000000005,64.69,874.3333333333334,2.8333333333333335,1
0.0,0.0,-6.5,18.0,0.5,1.0,145.01,56.11,150.0,4.0,0
0.0,0.0,-18.0,10.0,0.0,1.0,198.79000000000002,36.09,299.5,2.5,0
0.0,0.0,-13.0,10.0,0.0,1.0,355.96000000000004,32.96,311.0,1.0,0
0.0,0.0,-11.0,6.0,0.0,3.0,280.34,64.64,444.5,1.0,0
0.0,0.0,-17.0,4.5,0.0,7.5,294.40999999999997,53.349999999999994,517.8333333333334,4.166666666666666,0
0.0,0.0,-12.5,14.0,0.0,1.5,105.41,36.46,187.0,2.0,0
0.0,0.0,-11.5,5.5,0.0,1.75,433.58000000000004,56.36,630.5,1.0,0
0.0,0.0,-15.0,12.5,0.0,1.0,495.25,53.33,259.0,1.0,0
0.0,0.0,-9.5,18.5,0.0,1.0,261.17,48.17,3006.0,2.0,0
0.0,0.0,-16.0,8.0,0.0,3.0,192.22,26.42,476.0,2.0,1
0.0,0.0,-11.0,12.0,0.0,3.5,204.32,28.52,783.0,2.5,0
0.0,0.0,-9.333333333333334,8.666666666666666,0.0,3.0,230.07999999999998,45.480000000000004,489.6666666666667,1.6666666666666667,0
0.0,0.0,-2.5,30.0,0.5,3.0,215.28,41.239999999999995,477.5,1.0,1
0.0,0.0,-10.5,13.0,0.0,2.0,339.61,56.739999999999995,393.625,1.75,0
0.0,0.0,-16.0,7.0,0.0,1.0,176.26,46.42,1389.5,1.0,0
0.0,0.0,1.5,12.0,0.5,1.0,191.52,31.72,1490.5,2.5,0
0.0,0.0,-14.75,13.0,0.0,5.0,1098.265,146.51999999999998,933.5,3.0,0
0.0,0.0,-29.0,13.0,0.0,1.0,180.04000000000002,39.55,498.5,4.0,0
0.0,0.0,-7.0,12.0,0.0,2.0,151.36,39.16,509.0,2.0,0
0.0,0.0,-10.0,18.0,0.0,3.5,94.41,41.260000000000005,416.0,1.0,0
0.0,0.0,-9.0,13.5,0.0,4.0,124.53,41.53,406.5,2.0,0
0.0,0.0,-10.0,8.0,0.0,1.5,160.43,21.63,1047.5,1.0,0
0.0,0.0,-12.5,5.0,0.0,4.5,221.58,36.99,780.25,1.75,0
0.0,0.0,-20.0,26.5,0.0,1.0,201.76,72.86,383.0,3.0,0
0.0,0.0,-17.5,9.0,0.0,3.0,576.335,66.42,268.0,1.0,0
0.0,0.0,-17.0,8.0,0.0,5.5,337.85,35.05,1877.5,1.5,0
0.0,0.0,-8.0,15.333333333333334,0.0,1.0,258.43,45.730000000000004,925.0,1.0,0
0.0,0.0,-10.0,13.5,0.0,1.0,157.35,31.46,1083.0,5.0,0
0.0,0.0,-21.0,3.0,0.0,1.0,37.34,15.74,967.0,4.0,0
0.0,0.0,-14.0,10.0,0.0,8.0,464.41999999999996,65.82,369.3333333333333,2.3333333333333335,1
0.0,0.0,-13.333333333333334,9.666666666666666,0.0,2.3333333333333335,390.47,59.59,358.3333333333333,2.3333333333333335,0
0.0,0.0,-9.666666666666666,16.0,0.0,4.0,130.56,45.58,597.0,3.0,0
0.3333333333333333,0.3333333333333333,-8.0,17.5,0.0,4.833333333333333,451.76,86.17999999999999,1183.3333333333333,2.0,0
0.0,0.0,-21.0,15.333333333333334,0.0,2.3333333333333335,91.0,45.3,119.0,1.0,0
0.0,0.0,-15.5,6.5,0.0,3.0,244.58,39.15,302.25,1.0,0
0.0,0.0,-17.5,16.5,0.0,11.0,668.5350000000001,60.519999999999996,675.5,3.0,0
0.0,0.0,-10.0,19.5,0.0,2.0,107.38,33.58,509.0,6.0,0
0.0,0.0,-15.0,10.0,0.0,1.0,335.97,38.07,791.5,2.0,0
0.0,0.0,-12.0,17.0,0.0,6.5,384.0450000000001,54.04,501.0,1.0,0
0.0,0.0,-13.5,19.0,0.0,9.0,200.62,49.72,772.0,1.0,0
0.0,0.0,-19.0,3.0,0.0,1.0,274.2,39.13,884.0,2.5,0
0.0,0.0,-12.0,7.5,0.0,4.5,193.94,24.14,558.5,1.0,1
0.0,0.0,-16.5,6.5,0.0,4.0,261.1,41.2,226.0,3.0,0
0.0,0.0,-14.0,15.0,0.0,3.0,211.24,32.45,278.0,1.0,0
0.0,0.0,-7.75,20.0,0.25,4.0,359.0,71.0,769.0,1.0,0
0.0,0.0,-5.5,4.0,0.0,1.0,236.31,15.669999999999998,919.0,1.0,0
0.0,0.0,-16.5,7.0,0.0,5.5,448.30999999999995,58.41,311.5,1.5,0
0.0,0.0,-21.5,11.0,0.0,2.0,93.45,33.47,658.5,4.5,0
0.0,0.0,-1.0,5.0,0.0,5.0,227.5,48.11,499.0,2.5,0
0.0,0.0,-15.0,5.0,0.0,1.0,120.94,17.14,1245.0,5.0,0
0.0,0.0,-12.5,14.5,0.0,4.0,315.40999999999997,44.11,398.0,1.0,1
0.0,0.0,-11.0,3.0,0.0,4.0,94.25,24.45,428.5,3.5,0
0.0,0.0,-9.5,19.5,0.0,1.0,580.0,74.02000000000001,216.5,1.0,0
0.0,0.0,-10.666666666666666,12.0,0.0,10.0,811.4950000000001,91.47999999999999,257.6666666666667,4.0,0
0.0,0.0,-29.5,24.5,0.0,3.0,168.05,49.9,1746.0,1.0,1
0.0,0.0,-21.5,5.0,0.0,1.0,39.24,17.44,1710.0,1.0,0
0.0,0.0,-27.5,11.5,0.0,1.0,38.24,17.44,1649.0,1.0,0
0.0,0.0,-18.5,8.5,0.0,1.5,370.19000000000005,44.39,2163.0,1.0,0
0.0,0.0,-20.5,4.5,0.0,1.0,115.36,15.56,411.5,5.0,0
0.0,0.0,8.5,45.0,0.5,5.0,177.85,52.959999999999994,545.0,4.5,1
0.0,0.0,-12.5,11.0,0.0,1.0,99.75,26.95,2231.0,3.0,0
0.0,0.0,-33.0,6.666666666666667,0.0,5.0,223.63,69.93,507.3333333333333,2.0,0
0.0,0.0,-16.5,7.5,0.0,10.0,510.51500000000004,30.57,363.0,1.0,0
0.0,0.0,-10.0,7.0,0.0,3.0,163.3,23.5,301.0,1.0,1
0.0,0.0,-15.5,11.5,0.0,1.0,225.63,35.83,1106.0,3.0,0
0.0,0.0,-16.5,7.5,0.0,1.5,120.43,24.54,464.0,1.0,0
0.0,0.0,-55.333333333333336,11.666666666666666,0.0,1.0,576.21,80.44,349.3333333333333,3.0,0
0.0,0.0,-12.0,8.666666666666666,0.0,1.6666666666666667,515.1,92.58,339.1666666666667,1.3333333333333333,0
0.0,0.0,-10.5,2.0,0.0,2.5,294.46,17.79,510.5,1.5,0
0.0,0.0,-6.0,15.0,0.5,7.0,406.44500000000005,47.129999999999995,424.0,3.5,0
0.0,0.0,-2.0,7.5,0.5,3.0,257.0,21.009999999999998,2679.0,1.0,0
0.0,0.0,-12.5,10.5,0.0,2.5,482.30500000000006,62.29,256.5,1.0,0
0.0,0.0,-9.5,14.5,0.0,3.0,289.07,48.17,309.0,1.0,0
0.0,0.0,-10.0,17.5,0.5,6.0,222.8,35.81,578.5,2.0,0
0.0,0.0,-18.333333333333332,7.0,0.0,10.0,1046.8650000000002,90.80000000000001,438.6666666666667,1.0,0
0.0,0.0,-17.0,8.0,0.0,1.5,307.7,40.5,1575.0,1.0,0
0.0,0.0,-17.0,6.0,0.0,1.0,191.27,27.37,390.5,1.5,0
0.0,0.0,-8.0,12.0,0.0,4.5,440.55,33.75,1436.0,2.0,0
0.0,0.0,-8.5,5.0,0.0,1.5,66.28,22.99,521.0,1.5,0
0.0,0.0,-29.5,2.5,0.0,6.0,288.6,38.5,271.25,2.25,0
0.0,0.0,-3.5,15.0,0.5,1.0,104.74,22.75,568.5,1.5,0
0.0,0.0,-10.0,14.5,0.0,1.0833333333333335,444.62500000000006,54.709999999999994,1033.0,2.5,0
0.0,0.0,-8.5,17.5,0.0,10.0,477.245,57.28,963.5,4.0,0
0.0,0.0,-8.5,4.5,0.0,5.5,113.49000000000001,19.51,533.5,1.5,0
0.0,0.0,-12.0,9.0,0.0,4.0,267.6,39.7,484.5,3.0,0
0.0,0.0,-14.0,11.0,0.0,1.0,207.22000000000003,22.83,463.5,1.5,0
0.0,0.0,-17.5,25.5,0.0,4.5,176.09,37.19,344.5,2.0,0
0.0,0.0,-14.0,2.0,0.0,1.0,86.36,23.58,487.0,1.0,1
0.0,0.0,-20.0,13.5,0.0,10.0,364.21000000000004,34.31,299.0,1.5,0
0.0,0.0,0.0,31.0,0.5,5.5,156.26,42.36,583.5,1.0,1
0.0,0.0,-19.0,14.0,0.0,1.5,173.62,68.34,624.0,2.0,0
0.0,0.0,-0.6666666666666666,18.333333333333332,0.3333333333333333,1.0,260.27,40.3,262.0,1.0,1
0.0,0.0,-15.0,8.5,0.0,6.5,142.46,28.48,533.5,2.0,0
0.0,0.0,-16.5,1.5,0.0,1.0,314.34000000000003,45.64,538.125,1.125,0
0.0,0.0,-26.0,7.333333333333333,0.0,10.0,414.65999999999997,68.82,273.6666666666667,2.3333333333333335,0
0.0,0.0,-11.5,21.0,0.0,1.5,143.69,61.79,647.5,1.5,0
0.0,0.0,-20.0,11.5,0.0,1.0,66.55,23.75,132.0,1.0,0
0.0,0.0,-16.0,10.0,0.0,2.0,282.06,32.260000000000005,464.0,1.0,0
0.0,0.0,-8.0,5.0,0.0,3.0,160.34,23.34,282.0,4.25,0
0.0,0.0,-22.0,8.5,0.0,1.0,133.53,24.73,425.0,4.0,0
0.0,0.0,-14.5,14.0,0.0,4.0,143.57999999999998,33.78,313.5,1.0,0
0.0,0.0,-12.0,15.5,0.0,10.0,569.7750000000001,59.21,1780.5,2.5,0
0.0,0.0,-16.0,4.5,0.0,10.0,697.9100000000001,58.739999999999995,1171.5,5.0,0
0.0,0.0,-17.0,8.0,0.0,1.5,145.75,33.85,642.0,1.0,0
0.0,0.0,-15.333333333333334,5.333333333333333,0.0,7.666666666666667,273.09999999999997,52.11,1037.3333333333333,2.0,0
0.0,0.0,-12.5,6.5,0.0,1.0,150.57999999999998,29.88,1560.0,1.5,0
0.0,0.0,-26.0,11.0,0.0,5.5,333.17,35.19,743.0,2.0,0
0.0,0.0,-24.0,12.5,0.0,1.0,113.08,34.28,440.5,2.5,0
0.0,0.0,-10.0,23.0,0.5,10.0,562.325,77.88,873.0,3.0,0
0.0,0.0,-7.0,15.0,0.0,3.0,88.72,25.22,253.0,2.5,0
0.0,0.0,-8.5,13.0,0.0,2.5,142.28,28.3,999.0,2.0,0
0.0,0.0,-14.666666666666666,18.666666666666668,0.3333333333333333,1.0,258.03000000000003,78.59,428.0,1.3333333333333333,0
0.0,0.0,-12.5,7.0,0.0,1.0,227.48000000000002,61.519999999999996,533.5,1.5,0
0.0,0.0,-12.5,7.0,0.0,3.0,184.32999999999998,44.35,414.5,2.0,0
0.0,0.0,-14.666666666666666,12.0,0.0,8.0,408.58000000000004,48.79,513.3333333333334,1.6666666666666667,0
0.0,0.0,-22.0,12.0,0.0,4.0,611.34,40.38,222.0,1.0,0
0.0,0.0,-14.5,4.0,0.0,1.0,111.42,17.52,417.0,1.5,0
0.0,0.0,-3.0,15.0,0.5,1.0,157.3,48.400000000000006,289.0,4.5,0
0.0,0.0,-17.666666666666668,11.0,0.0,2.0,185.09,57.31,662.3333333333334,1.0,0
0.0,0.0,-8.5,8.5,0.0,3.0,196.2,28.310000000000002,470.5,1.0,0
0.0,0.0,-8.6,3.8,0.0,2.4,903.925,55.36,634.6,1.8,0
0.0,0.0,-11.0,13.5,0.0,1.0,101.1,40.480000000000004,355.25,2.75,1
0.0,0.0,-7.0,21.5,0.0,10.0,286.14,36.24,564.0,5.5,0
0.0,0.0,-8.5,7.0,0.0,1.5,247.06,26.42,920.0,1.0,0
0.0,0.0,-17.0,11.5,0.0,1.0,68.0,28.2,250.0,5.0,0
0.0,0.0,11.0,43.0,0.6666666666666666,7.333333333333333,396.88,68.97999999999999,412.3333333333333,2.0,1
0.0,0.0,-8.333333333333334,16.666666666666668,0.3333333333333333,2.0,139.6,44.81,396.6666666666667,2.6666666666666665,0
0.0,0.0,-15.0,16.5,0.0,2.0,80.12,29.04,334.5,1.0,0
